ISO-10303-21;
HEADER;
FILE_DESCRIPTION(('FreeCAD Model'),'2;1');
FILE_NAME(
'X:/Application Engineering/4 Documentation/3 Users/1 MaS/3D 
Projekt/R-78AA-1.0SMD_3D_20190805.step','2019-08-05T07:49:32',('Author')
  ,(''),'Open CASCADE STEP processor 7.3','FreeCAD','Unknown');
FILE_SCHEMA(('AUTOMOTIVE_DESIGN { 1 0 10303 214 1 1 1 1 }'));
ENDSEC;
DATA;
#1 = APPLICATION_PROTOCOL_DEFINITION('international standard',
  'automotive_design',2000,#2);
#2 = APPLICATION_CONTEXT(
  'core data for automotive mechanical design processes');
#3 = SHAPE_DEFINITION_REPRESENTATION(#4,#10);
#4 = PRODUCT_DEFINITION_SHAPE('','',#5);
#5 = PRODUCT_DEFINITION('design','',#6,#9);
#6 = PRODUCT_DEFINITION_FORMATION('','',#7);
#7 = PRODUCT('R-78AA-1.0SMD_pin10(CTRL)','R-78AA-1.0SMD_pin10(CTRL)','',
  (#8));
#8 = PRODUCT_CONTEXT('',#2,'mechanical');
#9 = PRODUCT_DEFINITION_CONTEXT('part definition',#2,'design');
#10 = ADVANCED_BREP_SHAPE_REPRESENTATION('',(#11,#15),#1017);
#11 = AXIS2_PLACEMENT_3D('',#12,#13,#14);
#12 = CARTESIAN_POINT('',(0.,0.,0.));
#13 = DIRECTION('',(0.,0.,1.));
#14 = DIRECTION('',(1.,0.,-0.));
#15 = MANIFOLD_SOLID_BREP('',#16);
#16 = CLOSED_SHELL('',(#17,#57,#88,#128,#159,#190,#223,#263,#296,#327,
    #358,#398,#431,#471,#493,#524,#557,#579,#596,#618,#630,#642,#670,
    #703,#733,#745,#783,#812,#830,#868,#880,#908,#925,#937,#954,#971,
    #989,#1001));
#17 = ADVANCED_FACE('',(#18),#52,.F.);
#18 = FACE_BOUND('',#19,.T.);
#19 = EDGE_LOOP('',(#20,#30,#38,#46));
#20 = ORIENTED_EDGE('',*,*,#21,.F.);
#21 = EDGE_CURVE('',#22,#24,#26,.T.);
#22 = VERTEX_POINT('',#23);
#23 = CARTESIAN_POINT('',(-5.33,-0.6,-3.95));
#24 = VERTEX_POINT('',#25);
#25 = CARTESIAN_POINT('',(-5.33,-2.1,-3.95));
#26 = LINE('',#27,#28);
#27 = CARTESIAN_POINT('',(-5.33,0.488259916815,-3.95));
#28 = VECTOR('',#29,1.);
#29 = DIRECTION('',(4.440892098501E-16,-1.,-3.140653458601E-16));
#30 = ORIENTED_EDGE('',*,*,#31,.T.);
#31 = EDGE_CURVE('',#22,#32,#34,.T.);
#32 = VERTEX_POINT('',#33);
#33 = CARTESIAN_POINT('',(-5.33,-0.6,-4.2));
#34 = LINE('',#35,#36);
#35 = CARTESIAN_POINT('',(-5.33,-0.6,-3.95));
#36 = VECTOR('',#37,1.);
#37 = DIRECTION('',(5.098795759653E-17,-1.855456608539E-18,-1.));
#38 = ORIENTED_EDGE('',*,*,#39,.F.);
#39 = EDGE_CURVE('',#40,#32,#42,.T.);
#40 = VERTEX_POINT('',#41);
#41 = CARTESIAN_POINT('',(-5.33,-2.1,-4.2));
#42 = LINE('',#43,#44);
#43 = CARTESIAN_POINT('',(-5.33,0.488259916815,-4.2));
#44 = VECTOR('',#45,1.);
#45 = DIRECTION('',(-4.440892098501E-16,1.,3.140653458601E-16));
#46 = ORIENTED_EDGE('',*,*,#47,.F.);
#47 = EDGE_CURVE('',#24,#40,#48,.T.);
#48 = LINE('',#49,#50);
#49 = CARTESIAN_POINT('',(-5.33,-2.1,-4.075));
#50 = VECTOR('',#51,1.);
#51 = DIRECTION('',(5.098795759653E-17,-1.855456608539E-18,-1.));
#52 = PLANE('',#53);
#53 = AXIS2_PLACEMENT_3D('',#54,#55,#56);
#54 = CARTESIAN_POINT('',(-5.33,-0.6,-3.95));
#55 = DIRECTION('',(1.,4.440892098501E-16,5.098795759653E-17));
#56 = DIRECTION('',(4.440892098501E-16,-1.,-3.140653458601E-16));
#57 = ADVANCED_FACE('',(#58),#83,.F.);
#58 = FACE_BOUND('',#59,.T.);
#59 = EDGE_LOOP('',(#60,#68,#76,#82));
#60 = ORIENTED_EDGE('',*,*,#61,.F.);
#61 = EDGE_CURVE('',#62,#22,#64,.T.);
#62 = VERTEX_POINT('',#63);
#63 = CARTESIAN_POINT('',(-5.73,-0.6,-3.95));
#64 = LINE('',#65,#66);
#65 = CARTESIAN_POINT('',(-5.405,-0.6,-3.95));
#66 = VECTOR('',#67,1.);
#67 = DIRECTION('',(1.,1.665334536938E-16,4.626119063202E-17));
#68 = ORIENTED_EDGE('',*,*,#69,.F.);
#69 = EDGE_CURVE('',#70,#62,#72,.T.);
#70 = VERTEX_POINT('',#71);
#71 = CARTESIAN_POINT('',(-5.73,-0.6,-4.2));
#72 = LINE('',#73,#74);
#73 = CARTESIAN_POINT('',(-5.73,-0.6,-4.075));
#74 = VECTOR('',#75,1.);
#75 = DIRECTION('',(-5.098795759653E-17,1.855456608539E-18,1.));
#76 = ORIENTED_EDGE('',*,*,#77,.F.);
#77 = EDGE_CURVE('',#32,#70,#78,.T.);
#78 = LINE('',#79,#80);
#79 = CARTESIAN_POINT('',(-5.405,-0.6,-4.2));
#80 = VECTOR('',#81,1.);
#81 = DIRECTION('',(-1.,-1.665334536938E-16,-5.571472456105E-17));
#82 = ORIENTED_EDGE('',*,*,#31,.F.);
#83 = PLANE('',#84);
#84 = AXIS2_PLACEMENT_3D('',#85,#86,#87);
#85 = CARTESIAN_POINT('',(-5.73,-0.6,-3.95));
#86 = DIRECTION('',(-1.665334536938E-16,1.,-1.855456608539E-18));
#87 = DIRECTION('',(1.,1.665334536938E-16,4.626119063202E-17));
#88 = ADVANCED_FACE('',(#89),#123,.F.);
#89 = FACE_BOUND('',#90,.T.);
#90 = EDGE_LOOP('',(#91,#101,#109,#117));
#91 = ORIENTED_EDGE('',*,*,#92,.F.);
#92 = EDGE_CURVE('',#93,#95,#97,.T.);
#93 = VERTEX_POINT('',#94);
#94 = CARTESIAN_POINT('',(-4.83,-0.6,-3.95));
#95 = VERTEX_POINT('',#96);
#96 = CARTESIAN_POINT('',(-4.43,-0.6,-3.95));
#97 = LINE('',#98,#99);
#98 = CARTESIAN_POINT('',(-4.955,-0.6,-3.95));
#99 = VECTOR('',#100,1.);
#100 = DIRECTION('',(1.,1.665334536938E-16,4.626119063202E-17));
#101 = ORIENTED_EDGE('',*,*,#102,.T.);
#102 = EDGE_CURVE('',#93,#103,#105,.T.);
#103 = VERTEX_POINT('',#104);
#104 = CARTESIAN_POINT('',(-4.83,-0.6,-4.2));
#105 = LINE('',#106,#107);
#106 = CARTESIAN_POINT('',(-4.83,-0.6,-3.95));
#107 = VECTOR('',#108,1.);
#108 = DIRECTION('',(5.098795759653E-17,-1.855456608539E-18,-1.));
#109 = ORIENTED_EDGE('',*,*,#110,.F.);
#110 = EDGE_CURVE('',#111,#103,#113,.T.);
#111 = VERTEX_POINT('',#112);
#112 = CARTESIAN_POINT('',(-4.43,-0.6,-4.2));
#113 = LINE('',#114,#115);
#114 = CARTESIAN_POINT('',(-4.955,-0.6,-4.2));
#115 = VECTOR('',#116,1.);
#116 = DIRECTION('',(-1.,-1.665334536938E-16,-5.571472456105E-17));
#117 = ORIENTED_EDGE('',*,*,#118,.F.);
#118 = EDGE_CURVE('',#95,#111,#119,.T.);
#119 = LINE('',#120,#121);
#120 = CARTESIAN_POINT('',(-4.43,-0.6,-4.075));
#121 = VECTOR('',#122,1.);
#122 = DIRECTION('',(5.098795759653E-17,-1.855456608539E-18,-1.));
#123 = PLANE('',#124);
#124 = AXIS2_PLACEMENT_3D('',#125,#126,#127);
#125 = CARTESIAN_POINT('',(-4.83,-0.6,-3.95));
#126 = DIRECTION('',(-1.665334536938E-16,1.,-1.855456608539E-18));
#127 = DIRECTION('',(1.,1.665334536938E-16,4.626119063202E-17));
#128 = ADVANCED_FACE('',(#129),#154,.F.);
#129 = FACE_BOUND('',#130,.T.);
#130 = EDGE_LOOP('',(#131,#139,#147,#153));
#131 = ORIENTED_EDGE('',*,*,#132,.F.);
#132 = EDGE_CURVE('',#133,#93,#135,.T.);
#133 = VERTEX_POINT('',#134);
#134 = CARTESIAN_POINT('',(-4.83,-2.1,-3.95));
#135 = LINE('',#136,#137);
#136 = CARTESIAN_POINT('',(-4.83,-0.261740083185,-3.95));
#137 = VECTOR('',#138,1.);
#138 = DIRECTION('',(1.110223024625E-16,1.,3.140653458601E-16));
#139 = ORIENTED_EDGE('',*,*,#140,.F.);
#140 = EDGE_CURVE('',#141,#133,#143,.T.);
#141 = VERTEX_POINT('',#142);
#142 = CARTESIAN_POINT('',(-4.83,-2.1,-4.2));
#143 = LINE('',#144,#145);
#144 = CARTESIAN_POINT('',(-4.83,-2.1,-4.075));
#145 = VECTOR('',#146,1.);
#146 = DIRECTION('',(-5.098795759653E-17,1.855456608539E-18,1.));
#147 = ORIENTED_EDGE('',*,*,#148,.F.);
#148 = EDGE_CURVE('',#103,#141,#149,.T.);
#149 = LINE('',#150,#151);
#150 = CARTESIAN_POINT('',(-4.83,-0.261740083185,-4.2));
#151 = VECTOR('',#152,1.);
#152 = DIRECTION('',(-1.110223024625E-16,-1.,-3.140653458601E-16));
#153 = ORIENTED_EDGE('',*,*,#102,.F.);
#154 = PLANE('',#155);
#155 = AXIS2_PLACEMENT_3D('',#156,#157,#158);
#156 = CARTESIAN_POINT('',(-4.83,-2.1,-3.95));
#157 = DIRECTION('',(-1.,1.110223024625E-16,-5.098795759653E-17));
#158 = DIRECTION('',(1.110223024625E-16,1.,3.140653458601E-16));
#159 = ADVANCED_FACE('',(#160),#185,.T.);
#160 = FACE_BOUND('',#161,.T.);
#161 = EDGE_LOOP('',(#162,#163,#171,#179));
#162 = ORIENTED_EDGE('',*,*,#69,.T.);
#163 = ORIENTED_EDGE('',*,*,#164,.T.);
#164 = EDGE_CURVE('',#62,#165,#167,.T.);
#165 = VERTEX_POINT('',#166);
#166 = CARTESIAN_POINT('',(-5.73,-0.4,-3.95));
#167 = LINE('',#168,#169);
#168 = CARTESIAN_POINT('',(-5.73,4.869572136865,-3.95));
#169 = VECTOR('',#170,1.);
#170 = DIRECTION('',(-1.665334536938E-16,1.,2.982048203172E-16));
#171 = ORIENTED_EDGE('',*,*,#172,.F.);
#172 = EDGE_CURVE('',#173,#165,#175,.T.);
#173 = VERTEX_POINT('',#174);
#174 = CARTESIAN_POINT('',(-5.73,-0.4,-4.2));
#175 = LINE('',#176,#177);
#176 = CARTESIAN_POINT('',(-5.73,-0.4,-4.145));
#177 = VECTOR('',#178,1.);
#178 = DIRECTION('',(-5.098795759653E-17,-2.982048203172E-16,1.));
#179 = ORIENTED_EDGE('',*,*,#180,.F.);
#180 = EDGE_CURVE('',#70,#173,#181,.T.);
#181 = LINE('',#182,#183);
#182 = CARTESIAN_POINT('',(-5.73,-2.1,-4.2));
#183 = VECTOR('',#184,1.);
#184 = DIRECTION('',(-1.665334536938E-16,1.,2.982048203172E-16));
#185 = PLANE('',#186);
#186 = AXIS2_PLACEMENT_3D('',#187,#188,#189);
#187 = CARTESIAN_POINT('',(-5.73,4.869572136865,-4.2));
#188 = DIRECTION('',(-1.,-1.665334536938E-16,-5.098795759653E-17));
#189 = DIRECTION('',(-5.098795759653E-17,1.855456608539E-18,1.));
#190 = ADVANCED_FACE('',(#191),#218,.T.);
#191 = FACE_BOUND('',#192,.T.);
#192 = EDGE_LOOP('',(#193,#194,#195,#201,#202,#203,#211,#217));
#193 = ORIENTED_EDGE('',*,*,#61,.T.);
#194 = ORIENTED_EDGE('',*,*,#21,.T.);
#195 = ORIENTED_EDGE('',*,*,#196,.F.);
#196 = EDGE_CURVE('',#133,#24,#197,.T.);
#197 = LINE('',#198,#199);
#198 = CARTESIAN_POINT('',(-5.73,-2.1,-3.95));
#199 = VECTOR('',#200,1.);
#200 = DIRECTION('',(-1.,-1.665334536938E-16,-5.098795759653E-17));
#201 = ORIENTED_EDGE('',*,*,#132,.T.);
#202 = ORIENTED_EDGE('',*,*,#92,.T.);
#203 = ORIENTED_EDGE('',*,*,#204,.F.);
#204 = EDGE_CURVE('',#205,#95,#207,.T.);
#205 = VERTEX_POINT('',#206);
#206 = CARTESIAN_POINT('',(-4.43,-0.4,-3.95));
#207 = LINE('',#208,#209);
#208 = CARTESIAN_POINT('',(-4.43,-2.1,-3.95));
#209 = VECTOR('',#210,1.);
#210 = DIRECTION('',(1.665334536938E-16,-1.,-2.982048203172E-16));
#211 = ORIENTED_EDGE('',*,*,#212,.F.);
#212 = EDGE_CURVE('',#165,#205,#213,.T.);
#213 = LINE('',#214,#215);
#214 = CARTESIAN_POINT('',(-5.08,-0.4,-3.95));
#215 = VECTOR('',#216,1.);
#216 = DIRECTION('',(1.,1.665334536938E-16,4.626119063202E-17));
#217 = ORIENTED_EDGE('',*,*,#164,.F.);
#218 = PLANE('',#219);
#219 = AXIS2_PLACEMENT_3D('',#220,#221,#222);
#220 = CARTESIAN_POINT('',(-5.08,1.576519833629,-3.95));
#221 = DIRECTION('',(-4.626119063202E-17,-3.140653458601E-16,1.));
#222 = DIRECTION('',(1.,1.665334536938E-16,4.626119063202E-17));
#223 = ADVANCED_FACE('',(#224),#258,.F.);
#224 = FACE_BOUND('',#225,.T.);
#225 = EDGE_LOOP('',(#226,#236,#244,#252));
#226 = ORIENTED_EDGE('',*,*,#227,.F.);
#227 = EDGE_CURVE('',#228,#230,#232,.T.);
#228 = VERTEX_POINT('',#229);
#229 = CARTESIAN_POINT('',(-4.83,-4.24,-6.174999998916));
#230 = VERTEX_POINT('',#231);
#231 = CARTESIAN_POINT('',(-4.83,-4.24,-5.791532469607));
#232 = LINE('',#233,#234);
#233 = CARTESIAN_POINT('',(-4.83,-4.24,-4.336740082643));
#234 = VECTOR('',#235,1.);
#235 = DIRECTION('',(2.14916246782E-16,7.199164016712E-16,1.));
#236 = ORIENTED_EDGE('',*,*,#237,.F.);
#237 = EDGE_CURVE('',#238,#228,#240,.T.);
#238 = VERTEX_POINT('',#239);
#239 = CARTESIAN_POINT('',(-4.83,-3.99,-6.174999998916));
#240 = LINE('',#241,#242);
#241 = CARTESIAN_POINT('',(-4.83,-4.115,-6.175));
#242 = VECTOR('',#243,1.);
#243 = DIRECTION('',(1.665334536938E-16,-1.,1.03583720414E-15));
#244 = ORIENTED_EDGE('',*,*,#245,.F.);
#245 = EDGE_CURVE('',#246,#238,#248,.T.);
#246 = VERTEX_POINT('',#247);
#247 = CARTESIAN_POINT('',(-4.83,-3.99,-5.791532469607));
#248 = LINE('',#249,#250);
#249 = CARTESIAN_POINT('',(-4.83,-3.99,-4.336740082643));
#250 = VECTOR('',#251,1.);
#251 = DIRECTION('',(-2.14916246782E-16,-7.199164016712E-16,-1.));
#252 = ORIENTED_EDGE('',*,*,#253,.T.);
#253 = EDGE_CURVE('',#246,#230,#254,.T.);
#254 = LINE('',#255,#256);
#255 = CARTESIAN_POINT('',(-4.83,-4.078875633811,-5.791532469607));
#256 = VECTOR('',#257,1.);
#257 = DIRECTION('',(1.277117161971E-14,-1.,1.855456608527E-18));
#258 = PLANE('',#259);
#259 = AXIS2_PLACEMENT_3D('',#260,#261,#262);
#260 = CARTESIAN_POINT('',(-4.83,-3.99,-6.174999998916));
#261 = DIRECTION('',(-1.,-1.665334536938E-16,2.14916246782E-16));
#262 = DIRECTION('',(2.14916246782E-16,1.855456608539E-18,1.));
#263 = ADVANCED_FACE('',(#264),#291,.T.);
#264 = FACE_BOUND('',#265,.T.);
#265 = EDGE_LOOP('',(#266,#267,#276,#284));
#266 = ORIENTED_EDGE('',*,*,#253,.F.);
#267 = ORIENTED_EDGE('',*,*,#268,.F.);
#268 = EDGE_CURVE('',#269,#246,#271,.T.);
#269 = VERTEX_POINT('',#270);
#270 = CARTESIAN_POINT('',(-4.83,-3.853073361412,-5.642103264893));
#271 = CIRCLE('',#272,0.15);
#272 = AXIS2_PLACEMENT_3D('',#273,#274,#275);
#273 = CARTESIAN_POINT('',(-4.83,-3.84,-5.791532469607));
#274 = DIRECTION('',(1.,1.277117161971E-14,-1.173121490951E-14));
#275 = DIRECTION('',(1.279965504331E-14,-8.715574274766E-02,
    0.996194698092));
#276 = ORIENTED_EDGE('',*,*,#277,.T.);
#277 = EDGE_CURVE('',#269,#278,#280,.T.);
#278 = VERTEX_POINT('',#279);
#279 = CARTESIAN_POINT('',(-4.83,-3.874862297099,-5.39305459037));
#280 = LINE('',#281,#282);
#281 = CARTESIAN_POINT('',(-4.83,-3.853073361412,-5.642103264893));
#282 = VECTOR('',#283,1.);
#283 = DIRECTION('',(-3.627958617518E-17,-8.715574274766E-02,
    0.996194698092));
#284 = ORIENTED_EDGE('',*,*,#285,.F.);
#285 = EDGE_CURVE('',#230,#278,#286,.T.);
#286 = CIRCLE('',#287,0.4);
#287 = AXIS2_PLACEMENT_3D('',#288,#289,#290);
#288 = CARTESIAN_POINT('',(-4.83,-3.84,-5.791532469607));
#289 = DIRECTION('',(-1.,-1.277117161971E-14,1.173121490951E-14));
#290 = DIRECTION('',(1.279965504331E-14,-8.715574274766E-02,
    0.996194698092));
#291 = PLANE('',#292);
#292 = AXIS2_PLACEMENT_3D('',#293,#294,#295);
#293 = CARTESIAN_POINT('',(-4.83,-4.042751267623,-5.605745162513));
#294 = DIRECTION('',(1.,1.277117161971E-14,-1.173121490951E-14));
#295 = DIRECTION('',(-1.173121490951E-14,-1.855456608541E-18,-1.));
#296 = ADVANCED_FACE('',(#297),#322,.F.);
#297 = FACE_BOUND('',#298,.T.);
#298 = EDGE_LOOP('',(#299,#307,#308,#316));
#299 = ORIENTED_EDGE('',*,*,#300,.F.);
#300 = EDGE_CURVE('',#278,#301,#303,.T.);
#301 = VERTEX_POINT('',#302);
#302 = CARTESIAN_POINT('',(-4.83,-3.081350766039,-5.323631327025));
#303 = LINE('',#304,#305);
#304 = CARTESIAN_POINT('',(-4.83,-2.42672667066,-5.266359139809));
#305 = VECTOR('',#306,1.);
#306 = DIRECTION('',(9.556056743837E-17,0.996194698092,
    8.715574274766E-02));
#307 = ORIENTED_EDGE('',*,*,#277,.F.);
#308 = ORIENTED_EDGE('',*,*,#309,.F.);
#309 = EDGE_CURVE('',#310,#269,#312,.T.);
#310 = VERTEX_POINT('',#311);
#311 = CARTESIAN_POINT('',(-4.83,-3.059561830352,-5.572680001548));
#312 = LINE('',#313,#314);
#313 = CARTESIAN_POINT('',(-4.83,-2.404937734973,-5.515407814332));
#314 = VECTOR('',#315,1.);
#315 = DIRECTION('',(-9.556056743837E-17,-0.996194698092,
    -8.715574274766E-02));
#316 = ORIENTED_EDGE('',*,*,#317,.T.);
#317 = EDGE_CURVE('',#310,#301,#318,.T.);
#318 = LINE('',#319,#320);
#319 = CARTESIAN_POINT('',(-4.83,-3.059561830352,-5.572680001548));
#320 = VECTOR('',#321,1.);
#321 = DIRECTION('',(-3.627958617518E-17,-8.715574274766E-02,
    0.996194698092));
#322 = PLANE('',#323);
#323 = AXIS2_PLACEMENT_3D('',#324,#325,#326);
#324 = CARTESIAN_POINT('',(-4.83,-3.853073361412,-5.642103264893));
#325 = DIRECTION('',(-1.,9.835890490842E-17,-2.78128791642E-17));
#326 = DIRECTION('',(-2.78128791642E-17,1.855456608539E-18,1.));
#327 = ADVANCED_FACE('',(#328),#353,.F.);
#328 = FACE_BOUND('',#329,.T.);
#329 = EDGE_LOOP('',(#330,#338,#339,#347));
#330 = ORIENTED_EDGE('',*,*,#331,.F.);
#331 = EDGE_CURVE('',#301,#332,#334,.T.);
#332 = VERTEX_POINT('',#333);
#333 = CARTESIAN_POINT('',(-4.43,-2.682872886802,-5.288769029926));
#334 = LINE('',#335,#336);
#335 = CARTESIAN_POINT('',(-4.364802019413,-2.617923004215,
    -5.283086651503));
#336 = VECTOR('',#337,1.);
#337 = DIRECTION('',(0.707106781187,0.704416026403,6.162841671622E-02));
#338 = ORIENTED_EDGE('',*,*,#317,.F.);
#339 = ORIENTED_EDGE('',*,*,#340,.F.);
#340 = EDGE_CURVE('',#341,#310,#343,.T.);
#341 = VERTEX_POINT('',#342);
#342 = CARTESIAN_POINT('',(-4.43,-2.661083951115,-5.537817704449));
#343 = LINE('',#344,#345);
#344 = CARTESIAN_POINT('',(-4.364802019413,-2.596134068528,
    -5.532135326026));
#345 = VECTOR('',#346,1.);
#346 = DIRECTION('',(-0.707106781187,-0.704416026403,-6.162841671622E-02
    ));
#347 = ORIENTED_EDGE('',*,*,#348,.F.);
#348 = EDGE_CURVE('',#332,#341,#349,.T.);
#349 = LINE('',#350,#351);
#350 = CARTESIAN_POINT('',(-4.43,-2.671978418958,-5.413293367188));
#351 = VECTOR('',#352,1.);
#352 = DIRECTION('',(3.627958617518E-17,8.715574274766E-02,
    -0.996194698092));
#353 = PLANE('',#354);
#354 = AXIS2_PLACEMENT_3D('',#355,#356,#357);
#355 = CARTESIAN_POINT('',(-4.83,-3.059561830352,-5.572680001548));
#356 = DIRECTION('',(-0.707106781187,0.704416026403,6.162841671622E-02)
  );
#357 = DIRECTION('',(8.682659386425E-02,-2.532538150925E-17,
    0.996223440097));
#358 = ADVANCED_FACE('',(#359),#393,.F.);
#359 = FACE_BOUND('',#360,.T.);
#360 = EDGE_LOOP('',(#361,#371,#379,#387));
#361 = ORIENTED_EDGE('',*,*,#362,.F.);
#362 = EDGE_CURVE('',#363,#365,#367,.T.);
#363 = VERTEX_POINT('',#364);
#364 = CARTESIAN_POINT('',(-5.33,-4.24,-5.791532469607));
#365 = VERTEX_POINT('',#366);
#366 = CARTESIAN_POINT('',(-5.33,-4.24,-6.174999998916));
#367 = LINE('',#368,#369);
#368 = CARTESIAN_POINT('',(-5.33,-4.24,-4.145006317989));
#369 = VECTOR('',#370,1.);
#370 = DIRECTION('',(3.168921619751E-16,-7.199164016712E-16,-1.));
#371 = ORIENTED_EDGE('',*,*,#372,.T.);
#372 = EDGE_CURVE('',#363,#373,#375,.T.);
#373 = VERTEX_POINT('',#374);
#374 = CARTESIAN_POINT('',(-5.33,-3.99,-5.791532469607));
#375 = LINE('',#376,#377);
#376 = CARTESIAN_POINT('',(-5.33,-4.078875633811,-5.791532469607));
#377 = VECTOR('',#378,1.);
#378 = DIRECTION('',(3.104080201422E-15,1.,-1.855456608534E-18));
#379 = ORIENTED_EDGE('',*,*,#380,.F.);
#380 = EDGE_CURVE('',#381,#373,#383,.T.);
#381 = VERTEX_POINT('',#382);
#382 = CARTESIAN_POINT('',(-5.33,-3.99,-6.174999998916));
#383 = LINE('',#384,#385);
#384 = CARTESIAN_POINT('',(-5.33,-3.99,-4.145006317989));
#385 = VECTOR('',#386,1.);
#386 = DIRECTION('',(-3.168921619751E-16,7.199164016712E-16,1.));
#387 = ORIENTED_EDGE('',*,*,#388,.F.);
#388 = EDGE_CURVE('',#365,#381,#389,.T.);
#389 = LINE('',#390,#391);
#390 = CARTESIAN_POINT('',(-5.33,-4.115,-6.175));
#391 = VECTOR('',#392,1.);
#392 = DIRECTION('',(-1.665334536938E-16,1.,-1.03583720414E-15));
#393 = PLANE('',#394);
#394 = AXIS2_PLACEMENT_3D('',#395,#396,#397);
#395 = CARTESIAN_POINT('',(-5.33,-3.99,-5.791532469607));
#396 = DIRECTION('',(1.,1.665334536938E-16,3.168921619751E-16));
#397 = DIRECTION('',(3.168921619751E-16,-1.855456608539E-18,-1.));
#398 = ADVANCED_FACE('',(#399),#426,.T.);
#399 = FACE_BOUND('',#400,.T.);
#400 = EDGE_LOOP('',(#401,#411,#418,#419));
#401 = ORIENTED_EDGE('',*,*,#402,.F.);
#402 = EDGE_CURVE('',#403,#405,#407,.T.);
#403 = VERTEX_POINT('',#404);
#404 = CARTESIAN_POINT('',(-5.33,-3.853073361412,-5.642103264893));
#405 = VERTEX_POINT('',#406);
#406 = CARTESIAN_POINT('',(-5.33,-3.874862297099,-5.39305459037));
#407 = LINE('',#408,#409);
#408 = CARTESIAN_POINT('',(-5.33,-3.853073361412,-5.642103264893));
#409 = VECTOR('',#410,1.);
#410 = DIRECTION('',(-3.627958617518E-17,-8.715574274766E-02,
    0.996194698092));
#411 = ORIENTED_EDGE('',*,*,#412,.F.);
#412 = EDGE_CURVE('',#373,#403,#413,.T.);
#413 = CIRCLE('',#414,0.15);
#414 = AXIS2_PLACEMENT_3D('',#415,#416,#417);
#415 = CARTESIAN_POINT('',(-5.33,-3.84,-5.791532469607));
#416 = DIRECTION('',(-1.,3.104080201422E-15,-2.351413272811E-15));
#417 = DIRECTION('',(-2.613003850901E-15,-8.715574274766E-02,
    0.996194698092));
#418 = ORIENTED_EDGE('',*,*,#372,.F.);
#419 = ORIENTED_EDGE('',*,*,#420,.F.);
#420 = EDGE_CURVE('',#405,#363,#421,.T.);
#421 = CIRCLE('',#422,0.4);
#422 = AXIS2_PLACEMENT_3D('',#423,#424,#425);
#423 = CARTESIAN_POINT('',(-5.33,-3.84,-5.791532469607));
#424 = DIRECTION('',(1.,-3.104080201422E-15,2.351413272811E-15));
#425 = DIRECTION('',(-2.613003850901E-15,-8.715574274766E-02,
    0.996194698092));
#426 = PLANE('',#427);
#427 = AXIS2_PLACEMENT_3D('',#428,#429,#430);
#428 = CARTESIAN_POINT('',(-5.33,-4.042751267623,-5.605745162513));
#429 = DIRECTION('',(-1.,3.104080201422E-15,-2.351413272811E-15));
#430 = DIRECTION('',(-2.351413272811E-15,1.855456608539E-18,1.));
#431 = ADVANCED_FACE('',(#432),#466,.F.);
#432 = FACE_BOUND('',#433,.T.);
#433 = EDGE_LOOP('',(#434,#444,#452,#460));
#434 = ORIENTED_EDGE('',*,*,#435,.F.);
#435 = EDGE_CURVE('',#436,#438,#440,.T.);
#436 = VERTEX_POINT('',#437);
#437 = CARTESIAN_POINT('',(-5.73,-2.682872886802,-5.288769029926));
#438 = VERTEX_POINT('',#439);
#439 = CARTESIAN_POINT('',(-5.33,-3.081350766039,-5.323631327025));
#440 = LINE('',#441,#442);
#441 = CARTESIAN_POINT('',(-5.995197980587,-2.418684064597,
    -5.265655502953));
#442 = VECTOR('',#443,1.);
#443 = DIRECTION('',(0.707106781187,-0.704416026403,-6.162841671622E-02)
  );
#444 = ORIENTED_EDGE('',*,*,#445,.F.);
#445 = EDGE_CURVE('',#446,#436,#448,.T.);
#446 = VERTEX_POINT('',#447);
#447 = CARTESIAN_POINT('',(-5.73,-2.661083951115,-5.537817704449));
#448 = LINE('',#449,#450);
#449 = CARTESIAN_POINT('',(-5.73,-2.671978418958,-5.413293367188));
#450 = VECTOR('',#451,1.);
#451 = DIRECTION('',(-3.627958617518E-17,-8.715574274766E-02,
    0.996194698092));
#452 = ORIENTED_EDGE('',*,*,#453,.F.);
#453 = EDGE_CURVE('',#454,#446,#456,.T.);
#454 = VERTEX_POINT('',#455);
#455 = CARTESIAN_POINT('',(-5.33,-3.059561830352,-5.572680001548));
#456 = LINE('',#457,#458);
#457 = CARTESIAN_POINT('',(-5.995197980587,-2.39689512891,
    -5.514704177476));
#458 = VECTOR('',#459,1.);
#459 = DIRECTION('',(-0.707106781187,0.704416026403,6.162841671622E-02)
  );
#460 = ORIENTED_EDGE('',*,*,#461,.T.);
#461 = EDGE_CURVE('',#454,#438,#462,.T.);
#462 = LINE('',#463,#464);
#463 = CARTESIAN_POINT('',(-5.33,-3.059561830352,-5.572680001548));
#464 = VECTOR('',#465,1.);
#465 = DIRECTION('',(-3.627958617518E-17,-8.715574274766E-02,
    0.996194698092));
#466 = PLANE('',#467);
#467 = AXIS2_PLACEMENT_3D('',#468,#469,#470);
#468 = CARTESIAN_POINT('',(-5.73,-2.661083951115,-5.537817704449));
#469 = DIRECTION('',(0.707106781187,0.704416026403,6.162841671622E-02));
#470 = DIRECTION('',(8.682659386425E-02,5.424444660661E-17,
    -0.996223440097));
#471 = ADVANCED_FACE('',(#472),#488,.F.);
#472 = FACE_BOUND('',#473,.T.);
#473 = EDGE_LOOP('',(#474,#480,#481,#487));
#474 = ORIENTED_EDGE('',*,*,#475,.F.);
#475 = EDGE_CURVE('',#438,#405,#476,.T.);
#476 = LINE('',#477,#478);
#477 = CARTESIAN_POINT('',(-5.33,-2.02997090513,-5.231647508136));
#478 = VECTOR('',#479,1.);
#479 = DIRECTION('',(4.362478413187E-16,-0.996194698092,
    -8.715574274766E-02));
#480 = ORIENTED_EDGE('',*,*,#461,.F.);
#481 = ORIENTED_EDGE('',*,*,#482,.F.);
#482 = EDGE_CURVE('',#403,#454,#483,.T.);
#483 = LINE('',#484,#485);
#484 = CARTESIAN_POINT('',(-5.33,-2.008181969443,-5.480696182659));
#485 = VECTOR('',#486,1.);
#486 = DIRECTION('',(-4.362478413187E-16,0.996194698092,
    8.715574274766E-02));
#487 = ORIENTED_EDGE('',*,*,#402,.T.);
#488 = PLANE('',#489);
#489 = AXIS2_PLACEMENT_3D('',#490,#491,#492);
#490 = CARTESIAN_POINT('',(-5.33,-3.059561830352,-5.572680001548));
#491 = DIRECTION('',(1.,4.31425812296E-16,7.416303602887E-17));
#492 = DIRECTION('',(7.416303602887E-17,-1.855456608539E-18,-1.));
#493 = ADVANCED_FACE('',(#494),#519,.T.);
#494 = FACE_BOUND('',#495,.T.);
#495 = EDGE_LOOP('',(#496,#497,#505,#513));
#496 = ORIENTED_EDGE('',*,*,#445,.T.);
#497 = ORIENTED_EDGE('',*,*,#498,.F.);
#498 = EDGE_CURVE('',#499,#436,#501,.T.);
#499 = VERTEX_POINT('',#500);
#500 = CARTESIAN_POINT('',(-5.73,-0.386926638588,-5.087899761143));
#501 = LINE('',#502,#503);
#502 = CARTESIAN_POINT('',(-5.73,2.68393852147,-4.819233872421));
#503 = VECTOR('',#504,1.);
#504 = DIRECTION('',(1.703436369402E-16,-0.996194698092,
    -8.715574274766E-02));
#505 = ORIENTED_EDGE('',*,*,#506,.T.);
#506 = EDGE_CURVE('',#499,#507,#509,.T.);
#507 = VERTEX_POINT('',#508);
#508 = CARTESIAN_POINT('',(-5.73,-0.365137702901,-5.336948435666));
#509 = LINE('',#510,#511);
#510 = CARTESIAN_POINT('',(-5.73,-0.382133072737,-5.142690469538));
#511 = VECTOR('',#512,1.);
#512 = DIRECTION('',(3.627958617518E-17,8.715574274766E-02,
    -0.996194698092));
#513 = ORIENTED_EDGE('',*,*,#514,.T.);
#514 = EDGE_CURVE('',#507,#446,#515,.T.);
#515 = LINE('',#516,#517);
#516 = CARTESIAN_POINT('',(-5.73,-4.237323353557,-5.675720783166));
#517 = VECTOR('',#518,1.);
#518 = DIRECTION('',(1.703436369402E-16,-0.996194698092,
    -8.715574274766E-02));
#519 = PLANE('',#520);
#520 = AXIS2_PLACEMENT_3D('',#521,#522,#523);
#521 = CARTESIAN_POINT('',(-5.73,-4.259112289244,-5.426672108643));
#522 = DIRECTION('',(-1.,-1.665334536938E-16,-5.098795759653E-17));
#523 = DIRECTION('',(3.627958617518E-17,8.715574274766E-02,
    -0.996194698092));
#524 = ADVANCED_FACE('',(#525),#552,.F.);
#525 = FACE_BOUND('',#526,.T.);
#526 = EDGE_LOOP('',(#527,#528,#529,#537,#543,#544,#545,#546));
#527 = ORIENTED_EDGE('',*,*,#300,.T.);
#528 = ORIENTED_EDGE('',*,*,#331,.T.);
#529 = ORIENTED_EDGE('',*,*,#530,.F.);
#530 = EDGE_CURVE('',#531,#332,#533,.T.);
#531 = VERTEX_POINT('',#532);
#532 = CARTESIAN_POINT('',(-4.43,-0.386926638588,-5.087899761143));
#533 = LINE('',#534,#535);
#534 = CARTESIAN_POINT('',(-4.43,2.68393852147,-4.819233872421));
#535 = VECTOR('',#536,1.);
#536 = DIRECTION('',(1.703436369402E-16,-0.996194698092,
    -8.715574274766E-02));
#537 = ORIENTED_EDGE('',*,*,#538,.T.);
#538 = EDGE_CURVE('',#531,#499,#539,.T.);
#539 = LINE('',#540,#541);
#540 = CARTESIAN_POINT('',(-5.08,-0.386926638588,-5.087899761143));
#541 = VECTOR('',#542,1.);
#542 = DIRECTION('',(-1.,-1.669454185794E-16,-4.627917740737E-17));
#543 = ORIENTED_EDGE('',*,*,#498,.T.);
#544 = ORIENTED_EDGE('',*,*,#435,.T.);
#545 = ORIENTED_EDGE('',*,*,#475,.T.);
#546 = ORIENTED_EDGE('',*,*,#547,.F.);
#547 = EDGE_CURVE('',#278,#405,#548,.T.);
#548 = LINE('',#549,#550);
#549 = CARTESIAN_POINT('',(-5.08,-3.874862297099,-5.39305459037));
#550 = VECTOR('',#551,1.);
#551 = DIRECTION('',(-1.,-1.669454185794E-16,-4.627917740737E-17));
#552 = PLANE('',#553);
#553 = AXIS2_PLACEMENT_3D('',#554,#555,#556);
#554 = CARTESIAN_POINT('',(-5.08,-0.978591044221,-5.139663689247));
#555 = DIRECTION('',(3.155281921066E-17,8.715574274766E-02,
    -0.996194698092));
#556 = DIRECTION('',(1.,1.669454185794E-16,4.627917740737E-17));
#557 = ADVANCED_FACE('',(#558),#574,.F.);
#558 = FACE_BOUND('',#559,.F.);
#559 = EDGE_LOOP('',(#560,#566,#567,#573));
#560 = ORIENTED_EDGE('',*,*,#561,.F.);
#561 = EDGE_CURVE('',#403,#269,#562,.T.);
#562 = LINE('',#563,#564);
#563 = CARTESIAN_POINT('',(-5.08,-3.853073361412,-5.642103264893));
#564 = VECTOR('',#565,1.);
#565 = DIRECTION('',(1.,1.661214888082E-16,5.56967377857E-17));
#566 = ORIENTED_EDGE('',*,*,#412,.F.);
#567 = ORIENTED_EDGE('',*,*,#568,.T.);
#568 = EDGE_CURVE('',#373,#246,#569,.T.);
#569 = LINE('',#570,#571);
#570 = CARTESIAN_POINT('',(-5.08,-3.99,-5.791532469607));
#571 = VECTOR('',#572,1.);
#572 = DIRECTION('',(1.,1.618066867293E-16,5.098795759653E-17));
#573 = ORIENTED_EDGE('',*,*,#268,.F.);
#574 = CYLINDRICAL_SURFACE('',#575,0.15);
#575 = AXIS2_PLACEMENT_3D('',#576,#577,#578);
#576 = CARTESIAN_POINT('',(-5.08,-3.84,-5.791532469607));
#577 = DIRECTION('',(1.,1.665334536938E-16,5.098795759653E-17));
#578 = DIRECTION('',(-3.627958617518E-17,-8.715574274766E-02,
    0.996194698092));
#579 = ADVANCED_FACE('',(#580),#591,.T.);
#580 = FACE_BOUND('',#581,.T.);
#581 = EDGE_LOOP('',(#582,#583,#589,#590));
#582 = ORIENTED_EDGE('',*,*,#245,.T.);
#583 = ORIENTED_EDGE('',*,*,#584,.F.);
#584 = EDGE_CURVE('',#381,#238,#585,.T.);
#585 = LINE('',#586,#587);
#586 = CARTESIAN_POINT('',(-5.73,-3.99,-6.175));
#587 = VECTOR('',#588,1.);
#588 = DIRECTION('',(1.,1.665334536938E-16,5.098795759653E-17));
#589 = ORIENTED_EDGE('',*,*,#380,.T.);
#590 = ORIENTED_EDGE('',*,*,#568,.T.);
#591 = PLANE('',#592);
#592 = AXIS2_PLACEMENT_3D('',#593,#594,#595);
#593 = CARTESIAN_POINT('',(-5.08,-3.99,-2.498480166371));
#594 = DIRECTION('',(-1.618066867293E-16,1.,-7.199164016712E-16));
#595 = DIRECTION('',(1.,1.618066867293E-16,5.098795759653E-17));
#596 = ADVANCED_FACE('',(#597),#613,.F.);
#597 = FACE_BOUND('',#598,.T.);
#598 = EDGE_LOOP('',(#599,#600,#606,#607));
#599 = ORIENTED_EDGE('',*,*,#227,.T.);
#600 = ORIENTED_EDGE('',*,*,#601,.T.);
#601 = EDGE_CURVE('',#230,#363,#602,.T.);
#602 = LINE('',#603,#604);
#603 = CARTESIAN_POINT('',(-5.08,-4.24,-5.791532469607));
#604 = VECTOR('',#605,1.);
#605 = DIRECTION('',(-1.,-1.712602206583E-16,-5.098795759653E-17));
#606 = ORIENTED_EDGE('',*,*,#362,.T.);
#607 = ORIENTED_EDGE('',*,*,#608,.T.);
#608 = EDGE_CURVE('',#365,#228,#609,.T.);
#609 = LINE('',#610,#611);
#610 = CARTESIAN_POINT('',(-5.73,-4.24,-6.175));
#611 = VECTOR('',#612,1.);
#612 = DIRECTION('',(1.,1.665334536938E-16,5.098795759653E-17));
#613 = PLANE('',#614);
#614 = AXIS2_PLACEMENT_3D('',#615,#616,#617);
#615 = CARTESIAN_POINT('',(-5.08,-4.24,-2.498480166371));
#616 = DIRECTION('',(-1.712602206583E-16,1.,-7.199164016712E-16));
#617 = DIRECTION('',(1.,1.712602206583E-16,5.098795759653E-17));
#618 = ADVANCED_FACE('',(#619),#625,.T.);
#619 = FACE_BOUND('',#620,.T.);
#620 = EDGE_LOOP('',(#621,#622,#623,#624));
#621 = ORIENTED_EDGE('',*,*,#237,.T.);
#622 = ORIENTED_EDGE('',*,*,#608,.F.);
#623 = ORIENTED_EDGE('',*,*,#388,.T.);
#624 = ORIENTED_EDGE('',*,*,#584,.T.);
#625 = PLANE('',#626);
#626 = AXIS2_PLACEMENT_3D('',#627,#628,#629);
#627 = CARTESIAN_POINT('',(-5.73,-4.24,-6.175));
#628 = DIRECTION('',(5.098795759653E-17,-1.03583720414E-15,-1.));
#629 = DIRECTION('',(-1.665334536938E-16,1.,-1.03583720414E-15));
#630 = ADVANCED_FACE('',(#631),#637,.T.);
#631 = FACE_BOUND('',#632,.T.);
#632 = EDGE_LOOP('',(#633,#634,#635,#636));
#633 = ORIENTED_EDGE('',*,*,#285,.T.);
#634 = ORIENTED_EDGE('',*,*,#547,.T.);
#635 = ORIENTED_EDGE('',*,*,#420,.T.);
#636 = ORIENTED_EDGE('',*,*,#601,.F.);
#637 = CYLINDRICAL_SURFACE('',#638,0.4);
#638 = AXIS2_PLACEMENT_3D('',#639,#640,#641);
#639 = CARTESIAN_POINT('',(-5.08,-3.84,-5.791532469607));
#640 = DIRECTION('',(1.,1.665334536938E-16,5.098795759653E-17));
#641 = DIRECTION('',(-3.627958617518E-17,-8.715574274766E-02,
    0.996194698092));
#642 = ADVANCED_FACE('',(#643),#665,.T.);
#643 = FACE_BOUND('',#644,.T.);
#644 = EDGE_LOOP('',(#645,#646,#647,#648,#649,#650,#658,#664));
#645 = ORIENTED_EDGE('',*,*,#309,.T.);
#646 = ORIENTED_EDGE('',*,*,#561,.F.);
#647 = ORIENTED_EDGE('',*,*,#482,.T.);
#648 = ORIENTED_EDGE('',*,*,#453,.T.);
#649 = ORIENTED_EDGE('',*,*,#514,.F.);
#650 = ORIENTED_EDGE('',*,*,#651,.T.);
#651 = EDGE_CURVE('',#507,#652,#654,.T.);
#652 = VERTEX_POINT('',#653);
#653 = CARTESIAN_POINT('',(-4.43,-0.365137702901,-5.336948435666));
#654 = LINE('',#655,#656);
#655 = CARTESIAN_POINT('',(-5.08,-0.365137702901,-5.336948435666));
#656 = VECTOR('',#657,1.);
#657 = DIRECTION('',(1.,1.661214888082E-16,5.56967377857E-17));
#658 = ORIENTED_EDGE('',*,*,#659,.F.);
#659 = EDGE_CURVE('',#341,#652,#660,.T.);
#660 = LINE('',#661,#662);
#661 = CARTESIAN_POINT('',(-4.43,2.705727457156,-5.068282546944));
#662 = VECTOR('',#663,1.);
#663 = DIRECTION('',(-1.703436369402E-16,0.996194698092,
    8.715574274766E-02));
#664 = ORIENTED_EDGE('',*,*,#340,.T.);
#665 = PLANE('',#666);
#666 = AXIS2_PLACEMENT_3D('',#667,#668,#669);
#667 = CARTESIAN_POINT('',(-5.08,-0.956802108534,-5.38871236377));
#668 = DIRECTION('',(4.100635313969E-17,8.715574274766E-02,
    -0.996194698092));
#669 = DIRECTION('',(1.,1.661214888082E-16,5.56967377857E-17));
#670 = ADVANCED_FACE('',(#671),#698,.F.);
#671 = FACE_BOUND('',#672,.F.);
#672 = EDGE_LOOP('',(#673,#682,#690,#697));
#673 = ORIENTED_EDGE('',*,*,#674,.F.);
#674 = EDGE_CURVE('',#675,#499,#677,.T.);
#675 = VERTEX_POINT('',#676);
#676 = CARTESIAN_POINT('',(-5.73,-0.25,-4.938470556429));
#677 = CIRCLE('',#678,0.15);
#678 = AXIS2_PLACEMENT_3D('',#679,#680,#681);
#679 = CARTESIAN_POINT('',(-5.73,-0.4,-4.938470556429));
#680 = DIRECTION('',(-1.,-1.665334536938E-16,-5.098795759653E-17));
#681 = DIRECTION('',(-1.665334536938E-16,1.,-9.270413104628E-16));
#682 = ORIENTED_EDGE('',*,*,#683,.F.);
#683 = EDGE_CURVE('',#684,#675,#686,.T.);
#684 = VERTEX_POINT('',#685);
#685 = CARTESIAN_POINT('',(-4.43,-0.25,-4.938470556429));
#686 = LINE('',#687,#688);
#687 = CARTESIAN_POINT('',(-5.08,-0.25,-4.938470556429));
#688 = VECTOR('',#689,1.);
#689 = DIRECTION('',(-1.,-1.712602206583E-16,-5.098795759653E-17));
#690 = ORIENTED_EDGE('',*,*,#691,.T.);
#691 = EDGE_CURVE('',#684,#531,#692,.T.);
#692 = CIRCLE('',#693,0.15);
#693 = AXIS2_PLACEMENT_3D('',#694,#695,#696);
#694 = CARTESIAN_POINT('',(-4.43,-0.4,-4.938470556429));
#695 = DIRECTION('',(-1.,-1.665334536938E-16,-5.098795759653E-17));
#696 = DIRECTION('',(-1.665334536938E-16,1.,-9.270413104628E-16));
#697 = ORIENTED_EDGE('',*,*,#538,.T.);
#698 = CYLINDRICAL_SURFACE('',#699,0.15);
#699 = AXIS2_PLACEMENT_3D('',#700,#701,#702);
#700 = CARTESIAN_POINT('',(-5.08,-0.4,-4.938470556429));
#701 = DIRECTION('',(-1.,-1.665334536938E-16,-5.098795759653E-17));
#702 = DIRECTION('',(-1.665334536938E-16,1.,-3.066966545005E-16));
#703 = ADVANCED_FACE('',(#704),#728,.T.);
#704 = FACE_BOUND('',#705,.T.);
#705 = EDGE_LOOP('',(#706,#712,#721,#727));
#706 = ORIENTED_EDGE('',*,*,#707,.F.);
#707 = EDGE_CURVE('',#652,#531,#708,.T.);
#708 = LINE('',#709,#710);
#709 = CARTESIAN_POINT('',(-4.43,-0.382133072737,-5.142690469538));
#710 = VECTOR('',#711,1.);
#711 = DIRECTION('',(-3.627958617518E-17,-8.715574274766E-02,
    0.996194698092));
#712 = ORIENTED_EDGE('',*,*,#713,.T.);
#713 = EDGE_CURVE('',#652,#714,#716,.T.);
#714 = VERTEX_POINT('',#715);
#715 = CARTESIAN_POINT('',(-4.43,8.031349342128E-16,-4.938470556429));
#716 = CIRCLE('',#717,0.4);
#717 = AXIS2_PLACEMENT_3D('',#718,#719,#720);
#718 = CARTESIAN_POINT('',(-4.43,-0.4,-4.938470556429));
#719 = DIRECTION('',(1.,1.665334536938E-16,5.098795759653E-17));
#720 = DIRECTION('',(3.627958617518E-17,8.715574274766E-02,
    -0.996194698092));
#721 = ORIENTED_EDGE('',*,*,#722,.T.);
#722 = EDGE_CURVE('',#714,#684,#723,.T.);
#723 = LINE('',#724,#725);
#724 = CARTESIAN_POINT('',(-4.43,-0.195,-4.938470556429));
#725 = VECTOR('',#726,1.);
#726 = DIRECTION('',(1.665334536938E-16,-1.,3.066966545005E-16));
#727 = ORIENTED_EDGE('',*,*,#691,.T.);
#728 = PLANE('',#729);
#729 = AXIS2_PLACEMENT_3D('',#730,#731,#732);
#730 = CARTESIAN_POINT('',(-4.43,-0.365137702901,-5.336948435666));
#731 = DIRECTION('',(1.,1.665334536938E-16,5.098795759653E-17));
#732 = DIRECTION('',(5.098795759653E-17,-1.855456608539E-18,-1.));
#733 = ADVANCED_FACE('',(#734),#740,.T.);
#734 = FACE_BOUND('',#735,.T.);
#735 = EDGE_LOOP('',(#736,#737,#738,#739));
#736 = ORIENTED_EDGE('',*,*,#348,.T.);
#737 = ORIENTED_EDGE('',*,*,#659,.T.);
#738 = ORIENTED_EDGE('',*,*,#707,.T.);
#739 = ORIENTED_EDGE('',*,*,#530,.T.);
#740 = PLANE('',#741);
#741 = AXIS2_PLACEMENT_3D('',#742,#743,#744);
#742 = CARTESIAN_POINT('',(-4.43,0.990407534714,-4.967398635092));
#743 = DIRECTION('',(1.,1.665334536938E-16,5.098795759653E-17));
#744 = DIRECTION('',(-3.627958617518E-17,-8.715574274766E-02,
    0.996194698092));
#745 = ADVANCED_FACE('',(#746),#778,.T.);
#746 = FACE_BOUND('',#747,.T.);
#747 = EDGE_LOOP('',(#748,#756,#764,#772));
#748 = ORIENTED_EDGE('',*,*,#749,.F.);
#749 = EDGE_CURVE('',#750,#714,#752,.T.);
#750 = VERTEX_POINT('',#751);
#751 = CARTESIAN_POINT('',(-5.73,7.504902177391E-16,-4.938470556429));
#752 = LINE('',#753,#754);
#753 = CARTESIAN_POINT('',(-5.08,5.79551739793E-16,-4.938470556429));
#754 = VECTOR('',#755,1.);
#755 = DIRECTION('',(1.,1.618066867293E-16,5.098795759653E-17));
#756 = ORIENTED_EDGE('',*,*,#757,.F.);
#757 = EDGE_CURVE('',#758,#750,#760,.T.);
#758 = VERTEX_POINT('',#759);
#759 = CARTESIAN_POINT('',(-5.73,9.30972168668E-16,-4.35));
#760 = LINE('',#761,#762);
#761 = CARTESIAN_POINT('',(-5.73,-5.599309019923E-16,-9.211165091899));
#762 = VECTOR('',#763,1.);
#763 = DIRECTION('',(5.098795759653E-17,-3.066966545005E-16,-1.));
#764 = ORIENTED_EDGE('',*,*,#765,.T.);
#765 = EDGE_CURVE('',#758,#766,#768,.T.);
#766 = VERTEX_POINT('',#767);
#767 = CARTESIAN_POINT('',(-4.43,9.836168851416E-16,-4.35));
#768 = LINE('',#769,#770);
#769 = CARTESIAN_POINT('',(-5.08,7.54464363869E-16,-4.35));
#770 = VECTOR('',#771,1.);
#771 = DIRECTION('',(1.,1.618066867293E-16,5.098795759653E-17));
#772 = ORIENTED_EDGE('',*,*,#773,.F.);
#773 = EDGE_CURVE('',#714,#766,#774,.T.);
#774 = LINE('',#775,#776);
#775 = CARTESIAN_POINT('',(-4.43,1.630258272158E-15,-2.241592955033));
#776 = VECTOR('',#777,1.);
#777 = DIRECTION('',(-5.098795759653E-17,3.066966545005E-16,1.));
#778 = PLANE('',#779);
#779 = AXIS2_PLACEMENT_3D('',#780,#781,#782);
#780 = CARTESIAN_POINT('',(-5.08,2.973972507432E-16,-5.918112788663));
#781 = DIRECTION('',(-1.618066867293E-16,1.,-2.908361289577E-16));
#782 = DIRECTION('',(1.,1.618066867293E-16,5.098795759653E-17));
#783 = ADVANCED_FACE('',(#784),#807,.T.);
#784 = FACE_BOUND('',#785,.T.);
#785 = EDGE_LOOP('',(#786,#792,#800,#806));
#786 = ORIENTED_EDGE('',*,*,#787,.F.);
#787 = EDGE_CURVE('',#675,#750,#788,.T.);
#788 = LINE('',#789,#790);
#789 = CARTESIAN_POINT('',(-5.73,-0.195,-4.938470556429));
#790 = VECTOR('',#791,1.);
#791 = DIRECTION('',(-1.665334536938E-16,1.,-3.066966545005E-16));
#792 = ORIENTED_EDGE('',*,*,#793,.F.);
#793 = EDGE_CURVE('',#794,#675,#796,.T.);
#794 = VERTEX_POINT('',#795);
#795 = CARTESIAN_POINT('',(-5.73,-0.25,-4.35));
#796 = LINE('',#797,#798);
#797 = CARTESIAN_POINT('',(-5.73,-0.25,-2.241592955033));
#798 = VECTOR('',#799,1.);
#799 = DIRECTION('',(5.098795759653E-17,-3.066966545005E-16,-1.));
#800 = ORIENTED_EDGE('',*,*,#801,.T.);
#801 = EDGE_CURVE('',#794,#758,#802,.T.);
#802 = LINE('',#803,#804);
#803 = CARTESIAN_POINT('',(-5.73,-0.195,-4.35));
#804 = VECTOR('',#805,1.);
#805 = DIRECTION('',(-1.665334536938E-16,1.,-3.066966545005E-16));
#806 = ORIENTED_EDGE('',*,*,#757,.T.);
#807 = PLANE('',#808);
#808 = AXIS2_PLACEMENT_3D('',#809,#810,#811);
#809 = CARTESIAN_POINT('',(-5.73,-0.25,-9.211165091899));
#810 = DIRECTION('',(-1.,-1.665334536938E-16,-5.098795759653E-17));
#811 = DIRECTION('',(-1.665334536938E-16,1.,-6.235803503986E-16));
#812 = ADVANCED_FACE('',(#813),#825,.T.);
#813 = FACE_BOUND('',#814,.T.);
#814 = EDGE_LOOP('',(#815,#816,#817,#818));
#815 = ORIENTED_EDGE('',*,*,#506,.F.);
#816 = ORIENTED_EDGE('',*,*,#674,.F.);
#817 = ORIENTED_EDGE('',*,*,#787,.T.);
#818 = ORIENTED_EDGE('',*,*,#819,.T.);
#819 = EDGE_CURVE('',#750,#507,#820,.T.);
#820 = CIRCLE('',#821,0.4);
#821 = AXIS2_PLACEMENT_3D('',#822,#823,#824);
#822 = CARTESIAN_POINT('',(-5.73,-0.4,-4.938470556429));
#823 = DIRECTION('',(-1.,-1.665334536938E-16,-5.098795759653E-17));
#824 = DIRECTION('',(-1.665334536938E-16,1.,-1.042689542195E-15));
#825 = PLANE('',#826);
#826 = AXIS2_PLACEMENT_3D('',#827,#828,#829);
#827 = CARTESIAN_POINT('',(-5.73,-0.386926638588,-5.087899761143));
#828 = DIRECTION('',(-1.,-1.665334536938E-16,-5.098795759653E-17));
#829 = DIRECTION('',(-5.098795759653E-17,1.855456608539E-18,1.));
#830 = ADVANCED_FACE('',(#831),#863,.F.);
#831 = FACE_BOUND('',#832,.F.);
#832 = EDGE_LOOP('',(#833,#840,#848,#857));
#833 = ORIENTED_EDGE('',*,*,#834,.F.);
#834 = EDGE_CURVE('',#173,#794,#835,.T.);
#835 = CIRCLE('',#836,0.15);
#836 = AXIS2_PLACEMENT_3D('',#837,#838,#839);
#837 = CARTESIAN_POINT('',(-5.73,-0.4,-4.35));
#838 = DIRECTION('',(-1.,-1.665334536938E-16,-5.098795759653E-17));
#839 = DIRECTION('',(-5.098795759653E-17,1.855456608539E-18,1.));
#840 = ORIENTED_EDGE('',*,*,#841,.F.);
#841 = EDGE_CURVE('',#842,#173,#844,.T.);
#842 = VERTEX_POINT('',#843);
#843 = CARTESIAN_POINT('',(-4.43,-0.4,-4.2));
#844 = LINE('',#845,#846);
#845 = CARTESIAN_POINT('',(-5.08,-0.4,-4.2));
#846 = VECTOR('',#847,1.);
#847 = DIRECTION('',(-1.,-1.665334536938E-16,-5.571472456105E-17));
#848 = ORIENTED_EDGE('',*,*,#849,.T.);
#849 = EDGE_CURVE('',#842,#850,#852,.T.);
#850 = VERTEX_POINT('',#851);
#851 = CARTESIAN_POINT('',(-4.43,-0.25,-4.35));
#852 = CIRCLE('',#853,0.15);
#853 = AXIS2_PLACEMENT_3D('',#854,#855,#856);
#854 = CARTESIAN_POINT('',(-4.43,-0.4,-4.35));
#855 = DIRECTION('',(-1.,-1.665334536938E-16,-5.098795759653E-17));
#856 = DIRECTION('',(-5.098795759653E-17,1.855456608539E-18,1.));
#857 = ORIENTED_EDGE('',*,*,#858,.T.);
#858 = EDGE_CURVE('',#850,#794,#859,.T.);
#859 = LINE('',#860,#861);
#860 = CARTESIAN_POINT('',(-5.08,-0.25,-4.35));
#861 = VECTOR('',#862,1.);
#862 = DIRECTION('',(-1.,-1.712602206583E-16,-5.098795759653E-17));
#863 = CYLINDRICAL_SURFACE('',#864,0.15);
#864 = AXIS2_PLACEMENT_3D('',#865,#866,#867);
#865 = CARTESIAN_POINT('',(-5.08,-0.4,-4.35));
#866 = DIRECTION('',(-1.,-1.665334536938E-16,-5.098795759653E-17));
#867 = DIRECTION('',(-5.098795759653E-17,-2.982048203172E-16,1.));
#868 = ADVANCED_FACE('',(#869),#875,.T.);
#869 = FACE_BOUND('',#870,.T.);
#870 = EDGE_LOOP('',(#871,#872,#873,#874));
#871 = ORIENTED_EDGE('',*,*,#651,.F.);
#872 = ORIENTED_EDGE('',*,*,#819,.F.);
#873 = ORIENTED_EDGE('',*,*,#749,.T.);
#874 = ORIENTED_EDGE('',*,*,#713,.F.);
#875 = CYLINDRICAL_SURFACE('',#876,0.4);
#876 = AXIS2_PLACEMENT_3D('',#877,#878,#879);
#877 = CARTESIAN_POINT('',(-5.08,-0.4,-4.938470556429));
#878 = DIRECTION('',(-1.,-1.665334536938E-16,-5.098795759653E-17));
#879 = DIRECTION('',(-1.665334536938E-16,1.,-3.066966545005E-16));
#880 = ADVANCED_FACE('',(#881),#903,.T.);
#881 = FACE_BOUND('',#882,.T.);
#882 = EDGE_LOOP('',(#883,#889,#896,#902));
#883 = ORIENTED_EDGE('',*,*,#884,.F.);
#884 = EDGE_CURVE('',#766,#850,#885,.T.);
#885 = LINE('',#886,#887);
#886 = CARTESIAN_POINT('',(-4.43,-0.195,-4.35));
#887 = VECTOR('',#888,1.);
#888 = DIRECTION('',(1.665334536938E-16,-1.,3.066966545005E-16));
#889 = ORIENTED_EDGE('',*,*,#890,.T.);
#890 = EDGE_CURVE('',#766,#205,#891,.T.);
#891 = CIRCLE('',#892,0.4);
#892 = AXIS2_PLACEMENT_3D('',#893,#894,#895);
#893 = CARTESIAN_POINT('',(-4.43,-0.4,-4.35));
#894 = DIRECTION('',(1.,1.665334536938E-16,5.098795759653E-17));
#895 = DIRECTION('',(-1.665334536938E-16,1.,-5.222724994016E-16));
#896 = ORIENTED_EDGE('',*,*,#897,.T.);
#897 = EDGE_CURVE('',#205,#842,#898,.T.);
#898 = LINE('',#899,#900);
#899 = CARTESIAN_POINT('',(-4.43,-0.4,-4.145));
#900 = VECTOR('',#901,1.);
#901 = DIRECTION('',(5.098795759653E-17,2.982048203172E-16,-1.));
#902 = ORIENTED_EDGE('',*,*,#849,.T.);
#903 = PLANE('',#904);
#904 = AXIS2_PLACEMENT_3D('',#905,#906,#907);
#905 = CARTESIAN_POINT('',(-4.43,1.032595272887E-15,-4.35));
#906 = DIRECTION('',(1.,1.665334536938E-16,5.098795759653E-17));
#907 = DIRECTION('',(5.098795759653E-17,-1.855456608539E-18,-1.));
#908 = ADVANCED_FACE('',(#909),#920,.T.);
#909 = FACE_BOUND('',#910,.T.);
#910 = EDGE_LOOP('',(#911,#912,#913,#914));
#911 = ORIENTED_EDGE('',*,*,#722,.F.);
#912 = ORIENTED_EDGE('',*,*,#773,.T.);
#913 = ORIENTED_EDGE('',*,*,#884,.T.);
#914 = ORIENTED_EDGE('',*,*,#915,.T.);
#915 = EDGE_CURVE('',#850,#684,#916,.T.);
#916 = LINE('',#917,#918);
#917 = CARTESIAN_POINT('',(-4.43,-0.25,-2.241592955033));
#918 = VECTOR('',#919,1.);
#919 = DIRECTION('',(5.098795759653E-17,-3.066966545005E-16,-1.));
#920 = PLANE('',#921);
#921 = AXIS2_PLACEMENT_3D('',#922,#923,#924);
#922 = CARTESIAN_POINT('',(-4.43,-0.25,-3.941592955033));
#923 = DIRECTION('',(1.,1.665334536938E-16,5.098795759653E-17));
#924 = DIRECTION('',(1.665334536938E-16,-1.,6.067535326817E-16));
#925 = ADVANCED_FACE('',(#926),#932,.F.);
#926 = FACE_BOUND('',#927,.T.);
#927 = EDGE_LOOP('',(#928,#929,#930,#931));
#928 = ORIENTED_EDGE('',*,*,#683,.F.);
#929 = ORIENTED_EDGE('',*,*,#915,.F.);
#930 = ORIENTED_EDGE('',*,*,#858,.T.);
#931 = ORIENTED_EDGE('',*,*,#793,.T.);
#932 = PLANE('',#933);
#933 = AXIS2_PLACEMENT_3D('',#934,#935,#936);
#934 = CARTESIAN_POINT('',(-5.08,-0.25,-5.918112788663));
#935 = DIRECTION('',(-1.712602206583E-16,1.,-2.908361289577E-16));
#936 = DIRECTION('',(1.,1.712602206583E-16,5.098795759653E-17));
#937 = ADVANCED_FACE('',(#938),#949,.T.);
#938 = FACE_BOUND('',#939,.T.);
#939 = EDGE_LOOP('',(#940,#941,#947,#948));
#940 = ORIENTED_EDGE('',*,*,#118,.T.);
#941 = ORIENTED_EDGE('',*,*,#942,.T.);
#942 = EDGE_CURVE('',#111,#842,#943,.T.);
#943 = LINE('',#944,#945);
#944 = CARTESIAN_POINT('',(-4.43,-2.1,-4.2));
#945 = VECTOR('',#946,1.);
#946 = DIRECTION('',(-1.665334536938E-16,1.,2.982048203172E-16));
#947 = ORIENTED_EDGE('',*,*,#897,.F.);
#948 = ORIENTED_EDGE('',*,*,#204,.T.);
#949 = PLANE('',#950);
#950 = AXIS2_PLACEMENT_3D('',#951,#952,#953);
#951 = CARTESIAN_POINT('',(-4.43,-0.4,-4.2));
#952 = DIRECTION('',(1.,1.665334536938E-16,5.098795759653E-17));
#953 = DIRECTION('',(5.098795759653E-17,-1.855456608539E-18,-1.));
#954 = ADVANCED_FACE('',(#955),#966,.T.);
#955 = FACE_BOUND('',#956,.T.);
#956 = EDGE_LOOP('',(#957,#958,#964,#965));
#957 = ORIENTED_EDGE('',*,*,#47,.T.);
#958 = ORIENTED_EDGE('',*,*,#959,.T.);
#959 = EDGE_CURVE('',#40,#141,#960,.T.);
#960 = LINE('',#961,#962);
#961 = CARTESIAN_POINT('',(-5.73,-2.1,-4.2));
#962 = VECTOR('',#963,1.);
#963 = DIRECTION('',(1.,1.665334536938E-16,5.098795759653E-17));
#964 = ORIENTED_EDGE('',*,*,#140,.T.);
#965 = ORIENTED_EDGE('',*,*,#196,.T.);
#966 = PLANE('',#967);
#967 = AXIS2_PLACEMENT_3D('',#968,#969,#970);
#968 = CARTESIAN_POINT('',(-4.43,-2.1,-4.2));
#969 = DIRECTION('',(1.665334536938E-16,-1.,1.855456608539E-18));
#970 = DIRECTION('',(5.098795759653E-17,-1.855456608539E-18,-1.));
#971 = ADVANCED_FACE('',(#972),#984,.T.);
#972 = FACE_BOUND('',#973,.T.);
#973 = EDGE_LOOP('',(#974,#975,#976,#977));
#974 = ORIENTED_EDGE('',*,*,#801,.F.);
#975 = ORIENTED_EDGE('',*,*,#834,.F.);
#976 = ORIENTED_EDGE('',*,*,#172,.T.);
#977 = ORIENTED_EDGE('',*,*,#978,.T.);
#978 = EDGE_CURVE('',#165,#758,#979,.T.);
#979 = CIRCLE('',#980,0.4);
#980 = AXIS2_PLACEMENT_3D('',#981,#982,#983);
#981 = CARTESIAN_POINT('',(-5.73,-0.4,-4.35));
#982 = DIRECTION('',(-1.,-1.665334536938E-16,-5.098795759653E-17));
#983 = DIRECTION('',(-5.098795759653E-17,1.753278042062E-16,1.));
#984 = PLANE('',#985);
#985 = AXIS2_PLACEMENT_3D('',#986,#987,#988);
#986 = CARTESIAN_POINT('',(-5.73,-0.25,-4.35));
#987 = DIRECTION('',(-1.,-1.665334536938E-16,-5.098795759653E-17));
#988 = DIRECTION('',(-5.098795759653E-17,1.855456608539E-18,1.));
#989 = ADVANCED_FACE('',(#990),#996,.T.);
#990 = FACE_BOUND('',#991,.T.);
#991 = EDGE_LOOP('',(#992,#993,#994,#995));
#992 = ORIENTED_EDGE('',*,*,#765,.F.);
#993 = ORIENTED_EDGE('',*,*,#978,.F.);
#994 = ORIENTED_EDGE('',*,*,#212,.T.);
#995 = ORIENTED_EDGE('',*,*,#890,.F.);
#996 = CYLINDRICAL_SURFACE('',#997,0.4);
#997 = AXIS2_PLACEMENT_3D('',#998,#999,#1000);
#998 = CARTESIAN_POINT('',(-5.08,-0.4,-4.35));
#999 = DIRECTION('',(-1.,-1.665334536938E-16,-5.098795759653E-17));
#1000 = DIRECTION('',(-5.098795759653E-17,-2.982048203172E-16,1.));
#1001 = ADVANCED_FACE('',(#1002),#1012,.F.);
#1002 = FACE_BOUND('',#1003,.T.);
#1003 = EDGE_LOOP('',(#1004,#1005,#1006,#1007,#1008,#1009,#1010,#1011));
#1004 = ORIENTED_EDGE('',*,*,#77,.T.);
#1005 = ORIENTED_EDGE('',*,*,#180,.T.);
#1006 = ORIENTED_EDGE('',*,*,#841,.F.);
#1007 = ORIENTED_EDGE('',*,*,#942,.F.);
#1008 = ORIENTED_EDGE('',*,*,#110,.T.);
#1009 = ORIENTED_EDGE('',*,*,#148,.T.);
#1010 = ORIENTED_EDGE('',*,*,#959,.F.);
#1011 = ORIENTED_EDGE('',*,*,#39,.T.);
#1012 = PLANE('',#1013);
#1013 = AXIS2_PLACEMENT_3D('',#1014,#1015,#1016);
#1014 = CARTESIAN_POINT('',(-5.08,1.576519833629,-4.2));
#1015 = DIRECTION('',(-5.571472456105E-17,-3.140653458601E-16,1.));
#1016 = DIRECTION('',(1.,1.665334536938E-16,5.571472456105E-17));
#1017 = ( GEOMETRIC_REPRESENTATION_CONTEXT(3) 
GLOBAL_UNCERTAINTY_ASSIGNED_CONTEXT((#1021)) 
GLOBAL_UNIT_ASSIGNED_CONTEXT((#1018,#1019,#1020)) REPRESENTATION_CONTEXT
('Context #1','3D Context with UNIT and UNCERTAINTY') );
#1018 = ( LENGTH_UNIT() NAMED_UNIT(*) SI_UNIT(.MILLI.,.METRE.) );
#1019 = ( NAMED_UNIT(*) PLANE_ANGLE_UNIT() SI_UNIT($,.RADIAN.) );
#1020 = ( NAMED_UNIT(*) SI_UNIT($,.STERADIAN.) SOLID_ANGLE_UNIT() );
#1021 = UNCERTAINTY_MEASURE_WITH_UNIT(LENGTH_MEASURE(1.E-07),#1018,
  'distance_accuracy_value','confusion accuracy');
#1022 = PRODUCT_RELATED_PRODUCT_CATEGORY('part',$,(#7));
#1023 = SHAPE_DEFINITION_REPRESENTATION(#1024,#1030);
#1024 = PRODUCT_DEFINITION_SHAPE('','',#1025);
#1025 = PRODUCT_DEFINITION('design','',#1026,#1029);
#1026 = PRODUCT_DEFINITION_FORMATION('','',#1027);
#1027 = PRODUCT('R-78AA-1.0SMD_pin9(GND)','R-78AA-1.0SMD_pin9(GND)','',(
    #1028));
#1028 = PRODUCT_CONTEXT('',#2,'mechanical');
#1029 = PRODUCT_DEFINITION_CONTEXT('part definition',#2,'design');
#1030 = ADVANCED_BREP_SHAPE_REPRESENTATION('',(#11,#1031),#2033);
#1031 = MANIFOLD_SOLID_BREP('',#1032);
#1032 = CLOSED_SHELL('',(#1033,#1073,#1104,#1144,#1175,#1206,#1239,#1279
    ,#1312,#1343,#1374,#1414,#1447,#1487,#1509,#1540,#1573,#1595,#1612,
    #1634,#1646,#1658,#1686,#1719,#1749,#1761,#1799,#1828,#1846,#1884,
    #1896,#1924,#1941,#1953,#1970,#1987,#2005,#2017));
#1033 = ADVANCED_FACE('',(#1034),#1068,.F.);
#1034 = FACE_BOUND('',#1035,.T.);
#1035 = EDGE_LOOP('',(#1036,#1046,#1054,#1062));
#1036 = ORIENTED_EDGE('',*,*,#1037,.F.);
#1037 = EDGE_CURVE('',#1038,#1040,#1042,.T.);
#1038 = VERTEX_POINT('',#1039);
#1039 = CARTESIAN_POINT('',(-2.79,-0.6,-3.95));
#1040 = VERTEX_POINT('',#1041);
#1041 = CARTESIAN_POINT('',(-2.79,-2.1,-3.95));
#1042 = LINE('',#1043,#1044);
#1043 = CARTESIAN_POINT('',(-2.79,0.488259916815,-3.95));
#1044 = VECTOR('',#1045,1.);
#1045 = DIRECTION('',(4.440892098501E-16,-1.,-3.140653458601E-16));
#1046 = ORIENTED_EDGE('',*,*,#1047,.T.);
#1047 = EDGE_CURVE('',#1038,#1048,#1050,.T.);
#1048 = VERTEX_POINT('',#1049);
#1049 = CARTESIAN_POINT('',(-2.79,-0.6,-4.2));
#1050 = LINE('',#1051,#1052);
#1051 = CARTESIAN_POINT('',(-2.79,-0.6,-3.95));
#1052 = VECTOR('',#1053,1.);
#1053 = DIRECTION('',(5.098795759653E-17,-1.855456608539E-18,-1.));
#1054 = ORIENTED_EDGE('',*,*,#1055,.F.);
#1055 = EDGE_CURVE('',#1056,#1048,#1058,.T.);
#1056 = VERTEX_POINT('',#1057);
#1057 = CARTESIAN_POINT('',(-2.79,-2.1,-4.2));
#1058 = LINE('',#1059,#1060);
#1059 = CARTESIAN_POINT('',(-2.79,0.488259916815,-4.2));
#1060 = VECTOR('',#1061,1.);
#1061 = DIRECTION('',(-4.440892098501E-16,1.,3.140653458601E-16));
#1062 = ORIENTED_EDGE('',*,*,#1063,.F.);
#1063 = EDGE_CURVE('',#1040,#1056,#1064,.T.);
#1064 = LINE('',#1065,#1066);
#1065 = CARTESIAN_POINT('',(-2.79,-2.1,-4.075));
#1066 = VECTOR('',#1067,1.);
#1067 = DIRECTION('',(5.098795759653E-17,-1.855456608539E-18,-1.));
#1068 = PLANE('',#1069);
#1069 = AXIS2_PLACEMENT_3D('',#1070,#1071,#1072);
#1070 = CARTESIAN_POINT('',(-2.79,-0.6,-3.95));
#1071 = DIRECTION('',(1.,4.440892098501E-16,5.098795759653E-17));
#1072 = DIRECTION('',(4.440892098501E-16,-1.,-3.140653458601E-16));
#1073 = ADVANCED_FACE('',(#1074),#1099,.F.);
#1074 = FACE_BOUND('',#1075,.T.);
#1075 = EDGE_LOOP('',(#1076,#1084,#1092,#1098));
#1076 = ORIENTED_EDGE('',*,*,#1077,.F.);
#1077 = EDGE_CURVE('',#1078,#1038,#1080,.T.);
#1078 = VERTEX_POINT('',#1079);
#1079 = CARTESIAN_POINT('',(-3.19,-0.6,-3.95));
#1080 = LINE('',#1081,#1082);
#1081 = CARTESIAN_POINT('',(-2.865,-0.6,-3.95));
#1082 = VECTOR('',#1083,1.);
#1083 = DIRECTION('',(1.,1.665334536938E-16,4.626119063202E-17));
#1084 = ORIENTED_EDGE('',*,*,#1085,.F.);
#1085 = EDGE_CURVE('',#1086,#1078,#1088,.T.);
#1086 = VERTEX_POINT('',#1087);
#1087 = CARTESIAN_POINT('',(-3.19,-0.6,-4.2));
#1088 = LINE('',#1089,#1090);
#1089 = CARTESIAN_POINT('',(-3.19,-0.6,-4.075));
#1090 = VECTOR('',#1091,1.);
#1091 = DIRECTION('',(-5.098795759653E-17,1.855456608539E-18,1.));
#1092 = ORIENTED_EDGE('',*,*,#1093,.F.);
#1093 = EDGE_CURVE('',#1048,#1086,#1094,.T.);
#1094 = LINE('',#1095,#1096);
#1095 = CARTESIAN_POINT('',(-2.865,-0.6,-4.2));
#1096 = VECTOR('',#1097,1.);
#1097 = DIRECTION('',(-1.,-1.665334536938E-16,-5.571472456105E-17));
#1098 = ORIENTED_EDGE('',*,*,#1047,.F.);
#1099 = PLANE('',#1100);
#1100 = AXIS2_PLACEMENT_3D('',#1101,#1102,#1103);
#1101 = CARTESIAN_POINT('',(-3.19,-0.6,-3.95));
#1102 = DIRECTION('',(-1.665334536938E-16,1.,-1.855456608539E-18));
#1103 = DIRECTION('',(1.,1.665334536938E-16,4.626119063202E-17));
#1104 = ADVANCED_FACE('',(#1105),#1139,.F.);
#1105 = FACE_BOUND('',#1106,.T.);
#1106 = EDGE_LOOP('',(#1107,#1117,#1125,#1133));
#1107 = ORIENTED_EDGE('',*,*,#1108,.F.);
#1108 = EDGE_CURVE('',#1109,#1111,#1113,.T.);
#1109 = VERTEX_POINT('',#1110);
#1110 = CARTESIAN_POINT('',(-2.29,-0.6,-3.95));
#1111 = VERTEX_POINT('',#1112);
#1112 = CARTESIAN_POINT('',(-1.89,-0.6,-3.95));
#1113 = LINE('',#1114,#1115);
#1114 = CARTESIAN_POINT('',(-2.415,-0.6,-3.95));
#1115 = VECTOR('',#1116,1.);
#1116 = DIRECTION('',(1.,1.665334536938E-16,4.626119063202E-17));
#1117 = ORIENTED_EDGE('',*,*,#1118,.T.);
#1118 = EDGE_CURVE('',#1109,#1119,#1121,.T.);
#1119 = VERTEX_POINT('',#1120);
#1120 = CARTESIAN_POINT('',(-2.29,-0.6,-4.2));
#1121 = LINE('',#1122,#1123);
#1122 = CARTESIAN_POINT('',(-2.29,-0.6,-3.95));
#1123 = VECTOR('',#1124,1.);
#1124 = DIRECTION('',(5.098795759653E-17,-1.855456608539E-18,-1.));
#1125 = ORIENTED_EDGE('',*,*,#1126,.F.);
#1126 = EDGE_CURVE('',#1127,#1119,#1129,.T.);
#1127 = VERTEX_POINT('',#1128);
#1128 = CARTESIAN_POINT('',(-1.89,-0.6,-4.2));
#1129 = LINE('',#1130,#1131);
#1130 = CARTESIAN_POINT('',(-2.415,-0.6,-4.2));
#1131 = VECTOR('',#1132,1.);
#1132 = DIRECTION('',(-1.,-1.665334536938E-16,-5.571472456105E-17));
#1133 = ORIENTED_EDGE('',*,*,#1134,.F.);
#1134 = EDGE_CURVE('',#1111,#1127,#1135,.T.);
#1135 = LINE('',#1136,#1137);
#1136 = CARTESIAN_POINT('',(-1.89,-0.6,-4.075));
#1137 = VECTOR('',#1138,1.);
#1138 = DIRECTION('',(5.098795759653E-17,-1.855456608539E-18,-1.));
#1139 = PLANE('',#1140);
#1140 = AXIS2_PLACEMENT_3D('',#1141,#1142,#1143);
#1141 = CARTESIAN_POINT('',(-2.29,-0.6,-3.95));
#1142 = DIRECTION('',(-1.665334536938E-16,1.,-1.855456608539E-18));
#1143 = DIRECTION('',(1.,1.665334536938E-16,4.626119063202E-17));
#1144 = ADVANCED_FACE('',(#1145),#1170,.F.);
#1145 = FACE_BOUND('',#1146,.T.);
#1146 = EDGE_LOOP('',(#1147,#1155,#1163,#1169));
#1147 = ORIENTED_EDGE('',*,*,#1148,.F.);
#1148 = EDGE_CURVE('',#1149,#1109,#1151,.T.);
#1149 = VERTEX_POINT('',#1150);
#1150 = CARTESIAN_POINT('',(-2.29,-2.1,-3.95));
#1151 = LINE('',#1152,#1153);
#1152 = CARTESIAN_POINT('',(-2.29,-0.261740083185,-3.95));
#1153 = VECTOR('',#1154,1.);
#1154 = DIRECTION('',(1.110223024625E-16,1.,3.140653458601E-16));
#1155 = ORIENTED_EDGE('',*,*,#1156,.F.);
#1156 = EDGE_CURVE('',#1157,#1149,#1159,.T.);
#1157 = VERTEX_POINT('',#1158);
#1158 = CARTESIAN_POINT('',(-2.29,-2.1,-4.2));
#1159 = LINE('',#1160,#1161);
#1160 = CARTESIAN_POINT('',(-2.29,-2.1,-4.075));
#1161 = VECTOR('',#1162,1.);
#1162 = DIRECTION('',(-5.098795759653E-17,1.855456608539E-18,1.));
#1163 = ORIENTED_EDGE('',*,*,#1164,.F.);
#1164 = EDGE_CURVE('',#1119,#1157,#1165,.T.);
#1165 = LINE('',#1166,#1167);
#1166 = CARTESIAN_POINT('',(-2.29,-0.261740083185,-4.2));
#1167 = VECTOR('',#1168,1.);
#1168 = DIRECTION('',(-1.110223024625E-16,-1.,-3.140653458601E-16));
#1169 = ORIENTED_EDGE('',*,*,#1118,.F.);
#1170 = PLANE('',#1171);
#1171 = AXIS2_PLACEMENT_3D('',#1172,#1173,#1174);
#1172 = CARTESIAN_POINT('',(-2.29,-2.1,-3.95));
#1173 = DIRECTION('',(-1.,1.110223024625E-16,-5.098795759653E-17));
#1174 = DIRECTION('',(1.110223024625E-16,1.,3.140653458601E-16));
#1175 = ADVANCED_FACE('',(#1176),#1201,.T.);
#1176 = FACE_BOUND('',#1177,.T.);
#1177 = EDGE_LOOP('',(#1178,#1179,#1187,#1195));
#1178 = ORIENTED_EDGE('',*,*,#1085,.T.);
#1179 = ORIENTED_EDGE('',*,*,#1180,.T.);
#1180 = EDGE_CURVE('',#1078,#1181,#1183,.T.);
#1181 = VERTEX_POINT('',#1182);
#1182 = CARTESIAN_POINT('',(-3.19,-0.4,-3.95));
#1183 = LINE('',#1184,#1185);
#1184 = CARTESIAN_POINT('',(-3.19,4.869572136865,-3.95));
#1185 = VECTOR('',#1186,1.);
#1186 = DIRECTION('',(-1.665334536938E-16,1.,2.982048203172E-16));
#1187 = ORIENTED_EDGE('',*,*,#1188,.F.);
#1188 = EDGE_CURVE('',#1189,#1181,#1191,.T.);
#1189 = VERTEX_POINT('',#1190);
#1190 = CARTESIAN_POINT('',(-3.19,-0.4,-4.2));
#1191 = LINE('',#1192,#1193);
#1192 = CARTESIAN_POINT('',(-3.19,-0.4,-4.145));
#1193 = VECTOR('',#1194,1.);
#1194 = DIRECTION('',(-5.098795759653E-17,-2.982048203172E-16,1.));
#1195 = ORIENTED_EDGE('',*,*,#1196,.F.);
#1196 = EDGE_CURVE('',#1086,#1189,#1197,.T.);
#1197 = LINE('',#1198,#1199);
#1198 = CARTESIAN_POINT('',(-3.19,-2.1,-4.2));
#1199 = VECTOR('',#1200,1.);
#1200 = DIRECTION('',(-1.665334536938E-16,1.,2.982048203172E-16));
#1201 = PLANE('',#1202);
#1202 = AXIS2_PLACEMENT_3D('',#1203,#1204,#1205);
#1203 = CARTESIAN_POINT('',(-3.19,4.869572136865,-4.2));
#1204 = DIRECTION('',(-1.,-1.665334536938E-16,-5.098795759653E-17));
#1205 = DIRECTION('',(-5.098795759653E-17,1.855456608539E-18,1.));
#1206 = ADVANCED_FACE('',(#1207),#1234,.T.);
#1207 = FACE_BOUND('',#1208,.T.);
#1208 = EDGE_LOOP('',(#1209,#1210,#1211,#1217,#1218,#1219,#1227,#1233));
#1209 = ORIENTED_EDGE('',*,*,#1077,.T.);
#1210 = ORIENTED_EDGE('',*,*,#1037,.T.);
#1211 = ORIENTED_EDGE('',*,*,#1212,.F.);
#1212 = EDGE_CURVE('',#1149,#1040,#1213,.T.);
#1213 = LINE('',#1214,#1215);
#1214 = CARTESIAN_POINT('',(-3.19,-2.1,-3.95));
#1215 = VECTOR('',#1216,1.);
#1216 = DIRECTION('',(-1.,-1.665334536938E-16,-5.098795759653E-17));
#1217 = ORIENTED_EDGE('',*,*,#1148,.T.);
#1218 = ORIENTED_EDGE('',*,*,#1108,.T.);
#1219 = ORIENTED_EDGE('',*,*,#1220,.F.);
#1220 = EDGE_CURVE('',#1221,#1111,#1223,.T.);
#1221 = VERTEX_POINT('',#1222);
#1222 = CARTESIAN_POINT('',(-1.89,-0.4,-3.95));
#1223 = LINE('',#1224,#1225);
#1224 = CARTESIAN_POINT('',(-1.89,-2.1,-3.95));
#1225 = VECTOR('',#1226,1.);
#1226 = DIRECTION('',(1.665334536938E-16,-1.,-2.982048203172E-16));
#1227 = ORIENTED_EDGE('',*,*,#1228,.F.);
#1228 = EDGE_CURVE('',#1181,#1221,#1229,.T.);
#1229 = LINE('',#1230,#1231);
#1230 = CARTESIAN_POINT('',(-2.54,-0.4,-3.95));
#1231 = VECTOR('',#1232,1.);
#1232 = DIRECTION('',(1.,1.665334536938E-16,4.626119063202E-17));
#1233 = ORIENTED_EDGE('',*,*,#1180,.F.);
#1234 = PLANE('',#1235);
#1235 = AXIS2_PLACEMENT_3D('',#1236,#1237,#1238);
#1236 = CARTESIAN_POINT('',(-2.54,1.576519833629,-3.95));
#1237 = DIRECTION('',(-4.626119063202E-17,-3.140653458601E-16,1.));
#1238 = DIRECTION('',(1.,1.665334536938E-16,4.626119063202E-17));
#1239 = ADVANCED_FACE('',(#1240),#1274,.F.);
#1240 = FACE_BOUND('',#1241,.T.);
#1241 = EDGE_LOOP('',(#1242,#1252,#1260,#1268));
#1242 = ORIENTED_EDGE('',*,*,#1243,.F.);
#1243 = EDGE_CURVE('',#1244,#1246,#1248,.T.);
#1244 = VERTEX_POINT('',#1245);
#1245 = CARTESIAN_POINT('',(-2.29,-4.24,-6.174999998916));
#1246 = VERTEX_POINT('',#1247);
#1247 = CARTESIAN_POINT('',(-2.29,-4.24,-5.791532469607));
#1248 = LINE('',#1249,#1250);
#1249 = CARTESIAN_POINT('',(-2.29,-4.24,-4.336740082643));
#1250 = VECTOR('',#1251,1.);
#1251 = DIRECTION('',(2.14916246782E-16,7.199164016712E-16,1.));
#1252 = ORIENTED_EDGE('',*,*,#1253,.F.);
#1253 = EDGE_CURVE('',#1254,#1244,#1256,.T.);
#1254 = VERTEX_POINT('',#1255);
#1255 = CARTESIAN_POINT('',(-2.29,-3.99,-6.174999998916));
#1256 = LINE('',#1257,#1258);
#1257 = CARTESIAN_POINT('',(-2.29,-4.115,-6.175));
#1258 = VECTOR('',#1259,1.);
#1259 = DIRECTION('',(1.665334536938E-16,-1.,1.03583720414E-15));
#1260 = ORIENTED_EDGE('',*,*,#1261,.F.);
#1261 = EDGE_CURVE('',#1262,#1254,#1264,.T.);
#1262 = VERTEX_POINT('',#1263);
#1263 = CARTESIAN_POINT('',(-2.29,-3.99,-5.791532469607));
#1264 = LINE('',#1265,#1266);
#1265 = CARTESIAN_POINT('',(-2.29,-3.99,-4.336740082643));
#1266 = VECTOR('',#1267,1.);
#1267 = DIRECTION('',(-2.14916246782E-16,-7.199164016712E-16,-1.));
#1268 = ORIENTED_EDGE('',*,*,#1269,.T.);
#1269 = EDGE_CURVE('',#1262,#1246,#1270,.T.);
#1270 = LINE('',#1271,#1272);
#1271 = CARTESIAN_POINT('',(-2.29,-4.078875633811,-5.791532469607));
#1272 = VECTOR('',#1273,1.);
#1273 = DIRECTION('',(1.277117161971E-14,-1.,1.855456608527E-18));
#1274 = PLANE('',#1275);
#1275 = AXIS2_PLACEMENT_3D('',#1276,#1277,#1278);
#1276 = CARTESIAN_POINT('',(-2.29,-3.99,-6.174999998916));
#1277 = DIRECTION('',(-1.,-1.665334536938E-16,2.14916246782E-16));
#1278 = DIRECTION('',(2.14916246782E-16,1.855456608539E-18,1.));
#1279 = ADVANCED_FACE('',(#1280),#1307,.T.);
#1280 = FACE_BOUND('',#1281,.T.);
#1281 = EDGE_LOOP('',(#1282,#1283,#1292,#1300));
#1282 = ORIENTED_EDGE('',*,*,#1269,.F.);
#1283 = ORIENTED_EDGE('',*,*,#1284,.F.);
#1284 = EDGE_CURVE('',#1285,#1262,#1287,.T.);
#1285 = VERTEX_POINT('',#1286);
#1286 = CARTESIAN_POINT('',(-2.29,-3.853073361412,-5.642103264893));
#1287 = CIRCLE('',#1288,0.15);
#1288 = AXIS2_PLACEMENT_3D('',#1289,#1290,#1291);
#1289 = CARTESIAN_POINT('',(-2.29,-3.84,-5.791532469607));
#1290 = DIRECTION('',(1.,1.277117161971E-14,-1.173121490951E-14));
#1291 = DIRECTION('',(1.279965504331E-14,-8.715574274766E-02,
    0.996194698092));
#1292 = ORIENTED_EDGE('',*,*,#1293,.T.);
#1293 = EDGE_CURVE('',#1285,#1294,#1296,.T.);
#1294 = VERTEX_POINT('',#1295);
#1295 = CARTESIAN_POINT('',(-2.29,-3.874862297099,-5.39305459037));
#1296 = LINE('',#1297,#1298);
#1297 = CARTESIAN_POINT('',(-2.29,-3.853073361412,-5.642103264893));
#1298 = VECTOR('',#1299,1.);
#1299 = DIRECTION('',(-3.627958617518E-17,-8.715574274766E-02,
    0.996194698092));
#1300 = ORIENTED_EDGE('',*,*,#1301,.F.);
#1301 = EDGE_CURVE('',#1246,#1294,#1302,.T.);
#1302 = CIRCLE('',#1303,0.4);
#1303 = AXIS2_PLACEMENT_3D('',#1304,#1305,#1306);
#1304 = CARTESIAN_POINT('',(-2.29,-3.84,-5.791532469607));
#1305 = DIRECTION('',(-1.,-1.277117161971E-14,1.173121490951E-14));
#1306 = DIRECTION('',(1.279965504331E-14,-8.715574274766E-02,
    0.996194698092));
#1307 = PLANE('',#1308);
#1308 = AXIS2_PLACEMENT_3D('',#1309,#1310,#1311);
#1309 = CARTESIAN_POINT('',(-2.29,-4.042751267623,-5.605745162513));
#1310 = DIRECTION('',(1.,1.277117161971E-14,-1.173121490951E-14));
#1311 = DIRECTION('',(-1.173121490951E-14,-1.855456608541E-18,-1.));
#1312 = ADVANCED_FACE('',(#1313),#1338,.F.);
#1313 = FACE_BOUND('',#1314,.T.);
#1314 = EDGE_LOOP('',(#1315,#1323,#1324,#1332));
#1315 = ORIENTED_EDGE('',*,*,#1316,.F.);
#1316 = EDGE_CURVE('',#1294,#1317,#1319,.T.);
#1317 = VERTEX_POINT('',#1318);
#1318 = CARTESIAN_POINT('',(-2.29,-3.081350766039,-5.323631327025));
#1319 = LINE('',#1320,#1321);
#1320 = CARTESIAN_POINT('',(-2.29,-2.42672667066,-5.266359139809));
#1321 = VECTOR('',#1322,1.);
#1322 = DIRECTION('',(9.556056743837E-17,0.996194698092,
    8.715574274766E-02));
#1323 = ORIENTED_EDGE('',*,*,#1293,.F.);
#1324 = ORIENTED_EDGE('',*,*,#1325,.F.);
#1325 = EDGE_CURVE('',#1326,#1285,#1328,.T.);
#1326 = VERTEX_POINT('',#1327);
#1327 = CARTESIAN_POINT('',(-2.29,-3.059561830352,-5.572680001548));
#1328 = LINE('',#1329,#1330);
#1329 = CARTESIAN_POINT('',(-2.29,-2.404937734973,-5.515407814332));
#1330 = VECTOR('',#1331,1.);
#1331 = DIRECTION('',(-9.556056743837E-17,-0.996194698092,
    -8.715574274766E-02));
#1332 = ORIENTED_EDGE('',*,*,#1333,.T.);
#1333 = EDGE_CURVE('',#1326,#1317,#1334,.T.);
#1334 = LINE('',#1335,#1336);
#1335 = CARTESIAN_POINT('',(-2.29,-3.059561830352,-5.572680001548));
#1336 = VECTOR('',#1337,1.);
#1337 = DIRECTION('',(-3.627958617518E-17,-8.715574274766E-02,
    0.996194698092));
#1338 = PLANE('',#1339);
#1339 = AXIS2_PLACEMENT_3D('',#1340,#1341,#1342);
#1340 = CARTESIAN_POINT('',(-2.29,-3.853073361412,-5.642103264893));
#1341 = DIRECTION('',(-1.,9.835890490842E-17,-2.78128791642E-17));
#1342 = DIRECTION('',(-2.78128791642E-17,1.855456608539E-18,1.));
#1343 = ADVANCED_FACE('',(#1344),#1369,.F.);
#1344 = FACE_BOUND('',#1345,.T.);
#1345 = EDGE_LOOP('',(#1346,#1354,#1355,#1363));
#1346 = ORIENTED_EDGE('',*,*,#1347,.F.);
#1347 = EDGE_CURVE('',#1317,#1348,#1350,.T.);
#1348 = VERTEX_POINT('',#1349);
#1349 = CARTESIAN_POINT('',(-1.89,-2.682872886802,-5.288769029926));
#1350 = LINE('',#1351,#1352);
#1351 = CARTESIAN_POINT('',(-1.824802019413,-2.617923004215,
    -5.283086651503));
#1352 = VECTOR('',#1353,1.);
#1353 = DIRECTION('',(0.707106781187,0.704416026403,6.162841671622E-02)
  );
#1354 = ORIENTED_EDGE('',*,*,#1333,.F.);
#1355 = ORIENTED_EDGE('',*,*,#1356,.F.);
#1356 = EDGE_CURVE('',#1357,#1326,#1359,.T.);
#1357 = VERTEX_POINT('',#1358);
#1358 = CARTESIAN_POINT('',(-1.89,-2.661083951115,-5.537817704449));
#1359 = LINE('',#1360,#1361);
#1360 = CARTESIAN_POINT('',(-1.824802019413,-2.596134068528,
    -5.532135326026));
#1361 = VECTOR('',#1362,1.);
#1362 = DIRECTION('',(-0.707106781187,-0.704416026403,
    -6.162841671622E-02));
#1363 = ORIENTED_EDGE('',*,*,#1364,.F.);
#1364 = EDGE_CURVE('',#1348,#1357,#1365,.T.);
#1365 = LINE('',#1366,#1367);
#1366 = CARTESIAN_POINT('',(-1.89,-2.671978418958,-5.413293367188));
#1367 = VECTOR('',#1368,1.);
#1368 = DIRECTION('',(3.627958617518E-17,8.715574274766E-02,
    -0.996194698092));
#1369 = PLANE('',#1370);
#1370 = AXIS2_PLACEMENT_3D('',#1371,#1372,#1373);
#1371 = CARTESIAN_POINT('',(-2.29,-3.059561830352,-5.572680001548));
#1372 = DIRECTION('',(-0.707106781187,0.704416026403,6.162841671622E-02)
  );
#1373 = DIRECTION('',(8.682659386425E-02,-2.532538150925E-17,
    0.996223440097));
#1374 = ADVANCED_FACE('',(#1375),#1409,.F.);
#1375 = FACE_BOUND('',#1376,.T.);
#1376 = EDGE_LOOP('',(#1377,#1387,#1395,#1403));
#1377 = ORIENTED_EDGE('',*,*,#1378,.F.);
#1378 = EDGE_CURVE('',#1379,#1381,#1383,.T.);
#1379 = VERTEX_POINT('',#1380);
#1380 = CARTESIAN_POINT('',(-2.79,-4.24,-5.791532469607));
#1381 = VERTEX_POINT('',#1382);
#1382 = CARTESIAN_POINT('',(-2.79,-4.24,-6.174999998916));
#1383 = LINE('',#1384,#1385);
#1384 = CARTESIAN_POINT('',(-2.79,-4.24,-4.145006317989));
#1385 = VECTOR('',#1386,1.);
#1386 = DIRECTION('',(3.168921619751E-16,-7.199164016712E-16,-1.));
#1387 = ORIENTED_EDGE('',*,*,#1388,.T.);
#1388 = EDGE_CURVE('',#1379,#1389,#1391,.T.);
#1389 = VERTEX_POINT('',#1390);
#1390 = CARTESIAN_POINT('',(-2.79,-3.99,-5.791532469607));
#1391 = LINE('',#1392,#1393);
#1392 = CARTESIAN_POINT('',(-2.79,-4.078875633811,-5.791532469607));
#1393 = VECTOR('',#1394,1.);
#1394 = DIRECTION('',(3.104080201422E-15,1.,-1.855456608534E-18));
#1395 = ORIENTED_EDGE('',*,*,#1396,.F.);
#1396 = EDGE_CURVE('',#1397,#1389,#1399,.T.);
#1397 = VERTEX_POINT('',#1398);
#1398 = CARTESIAN_POINT('',(-2.79,-3.99,-6.174999998916));
#1399 = LINE('',#1400,#1401);
#1400 = CARTESIAN_POINT('',(-2.79,-3.99,-4.145006317989));
#1401 = VECTOR('',#1402,1.);
#1402 = DIRECTION('',(-3.168921619751E-16,7.199164016712E-16,1.));
#1403 = ORIENTED_EDGE('',*,*,#1404,.F.);
#1404 = EDGE_CURVE('',#1381,#1397,#1405,.T.);
#1405 = LINE('',#1406,#1407);
#1406 = CARTESIAN_POINT('',(-2.79,-4.115,-6.175));
#1407 = VECTOR('',#1408,1.);
#1408 = DIRECTION('',(-1.665334536938E-16,1.,-1.03583720414E-15));
#1409 = PLANE('',#1410);
#1410 = AXIS2_PLACEMENT_3D('',#1411,#1412,#1413);
#1411 = CARTESIAN_POINT('',(-2.79,-3.99,-5.791532469607));
#1412 = DIRECTION('',(1.,1.665334536938E-16,3.168921619751E-16));
#1413 = DIRECTION('',(3.168921619751E-16,-1.855456608539E-18,-1.));
#1414 = ADVANCED_FACE('',(#1415),#1442,.T.);
#1415 = FACE_BOUND('',#1416,.T.);
#1416 = EDGE_LOOP('',(#1417,#1427,#1434,#1435));
#1417 = ORIENTED_EDGE('',*,*,#1418,.F.);
#1418 = EDGE_CURVE('',#1419,#1421,#1423,.T.);
#1419 = VERTEX_POINT('',#1420);
#1420 = CARTESIAN_POINT('',(-2.79,-3.853073361412,-5.642103264893));
#1421 = VERTEX_POINT('',#1422);
#1422 = CARTESIAN_POINT('',(-2.79,-3.874862297099,-5.39305459037));
#1423 = LINE('',#1424,#1425);
#1424 = CARTESIAN_POINT('',(-2.79,-3.853073361412,-5.642103264893));
#1425 = VECTOR('',#1426,1.);
#1426 = DIRECTION('',(-3.627958617518E-17,-8.715574274766E-02,
    0.996194698092));
#1427 = ORIENTED_EDGE('',*,*,#1428,.F.);
#1428 = EDGE_CURVE('',#1389,#1419,#1429,.T.);
#1429 = CIRCLE('',#1430,0.15);
#1430 = AXIS2_PLACEMENT_3D('',#1431,#1432,#1433);
#1431 = CARTESIAN_POINT('',(-2.79,-3.84,-5.791532469607));
#1432 = DIRECTION('',(-1.,3.104080201422E-15,-2.351413272811E-15));
#1433 = DIRECTION('',(-2.613003850901E-15,-8.715574274766E-02,
    0.996194698092));
#1434 = ORIENTED_EDGE('',*,*,#1388,.F.);
#1435 = ORIENTED_EDGE('',*,*,#1436,.F.);
#1436 = EDGE_CURVE('',#1421,#1379,#1437,.T.);
#1437 = CIRCLE('',#1438,0.4);
#1438 = AXIS2_PLACEMENT_3D('',#1439,#1440,#1441);
#1439 = CARTESIAN_POINT('',(-2.79,-3.84,-5.791532469607));
#1440 = DIRECTION('',(1.,-3.104080201422E-15,2.351413272811E-15));
#1441 = DIRECTION('',(-2.613003850901E-15,-8.715574274766E-02,
    0.996194698092));
#1442 = PLANE('',#1443);
#1443 = AXIS2_PLACEMENT_3D('',#1444,#1445,#1446);
#1444 = CARTESIAN_POINT('',(-2.79,-4.042751267623,-5.605745162513));
#1445 = DIRECTION('',(-1.,3.104080201422E-15,-2.351413272811E-15));
#1446 = DIRECTION('',(-2.351413272811E-15,1.855456608539E-18,1.));
#1447 = ADVANCED_FACE('',(#1448),#1482,.F.);
#1448 = FACE_BOUND('',#1449,.T.);
#1449 = EDGE_LOOP('',(#1450,#1460,#1468,#1476));
#1450 = ORIENTED_EDGE('',*,*,#1451,.F.);
#1451 = EDGE_CURVE('',#1452,#1454,#1456,.T.);
#1452 = VERTEX_POINT('',#1453);
#1453 = CARTESIAN_POINT('',(-3.19,-2.682872886802,-5.288769029926));
#1454 = VERTEX_POINT('',#1455);
#1455 = CARTESIAN_POINT('',(-2.79,-3.081350766039,-5.323631327025));
#1456 = LINE('',#1457,#1458);
#1457 = CARTESIAN_POINT('',(-3.455197980587,-2.418684064597,
    -5.265655502953));
#1458 = VECTOR('',#1459,1.);
#1459 = DIRECTION('',(0.707106781187,-0.704416026403,-6.162841671622E-02
    ));
#1460 = ORIENTED_EDGE('',*,*,#1461,.F.);
#1461 = EDGE_CURVE('',#1462,#1452,#1464,.T.);
#1462 = VERTEX_POINT('',#1463);
#1463 = CARTESIAN_POINT('',(-3.19,-2.661083951115,-5.537817704449));
#1464 = LINE('',#1465,#1466);
#1465 = CARTESIAN_POINT('',(-3.19,-2.671978418958,-5.413293367188));
#1466 = VECTOR('',#1467,1.);
#1467 = DIRECTION('',(-3.627958617518E-17,-8.715574274766E-02,
    0.996194698092));
#1468 = ORIENTED_EDGE('',*,*,#1469,.F.);
#1469 = EDGE_CURVE('',#1470,#1462,#1472,.T.);
#1470 = VERTEX_POINT('',#1471);
#1471 = CARTESIAN_POINT('',(-2.79,-3.059561830352,-5.572680001548));
#1472 = LINE('',#1473,#1474);
#1473 = CARTESIAN_POINT('',(-3.455197980587,-2.39689512891,
    -5.514704177476));
#1474 = VECTOR('',#1475,1.);
#1475 = DIRECTION('',(-0.707106781187,0.704416026403,6.162841671622E-02)
  );
#1476 = ORIENTED_EDGE('',*,*,#1477,.T.);
#1477 = EDGE_CURVE('',#1470,#1454,#1478,.T.);
#1478 = LINE('',#1479,#1480);
#1479 = CARTESIAN_POINT('',(-2.79,-3.059561830352,-5.572680001548));
#1480 = VECTOR('',#1481,1.);
#1481 = DIRECTION('',(-3.627958617518E-17,-8.715574274766E-02,
    0.996194698092));
#1482 = PLANE('',#1483);
#1483 = AXIS2_PLACEMENT_3D('',#1484,#1485,#1486);
#1484 = CARTESIAN_POINT('',(-3.19,-2.661083951115,-5.537817704449));
#1485 = DIRECTION('',(0.707106781187,0.704416026403,6.162841671622E-02)
  );
#1486 = DIRECTION('',(8.682659386425E-02,5.424444660661E-17,
    -0.996223440097));
#1487 = ADVANCED_FACE('',(#1488),#1504,.F.);
#1488 = FACE_BOUND('',#1489,.T.);
#1489 = EDGE_LOOP('',(#1490,#1496,#1497,#1503));
#1490 = ORIENTED_EDGE('',*,*,#1491,.F.);
#1491 = EDGE_CURVE('',#1454,#1421,#1492,.T.);
#1492 = LINE('',#1493,#1494);
#1493 = CARTESIAN_POINT('',(-2.79,-2.02997090513,-5.231647508136));
#1494 = VECTOR('',#1495,1.);
#1495 = DIRECTION('',(4.362478413187E-16,-0.996194698092,
    -8.715574274766E-02));
#1496 = ORIENTED_EDGE('',*,*,#1477,.F.);
#1497 = ORIENTED_EDGE('',*,*,#1498,.F.);
#1498 = EDGE_CURVE('',#1419,#1470,#1499,.T.);
#1499 = LINE('',#1500,#1501);
#1500 = CARTESIAN_POINT('',(-2.79,-2.008181969443,-5.480696182659));
#1501 = VECTOR('',#1502,1.);
#1502 = DIRECTION('',(-4.362478413187E-16,0.996194698092,
    8.715574274766E-02));
#1503 = ORIENTED_EDGE('',*,*,#1418,.T.);
#1504 = PLANE('',#1505);
#1505 = AXIS2_PLACEMENT_3D('',#1506,#1507,#1508);
#1506 = CARTESIAN_POINT('',(-2.79,-3.059561830352,-5.572680001548));
#1507 = DIRECTION('',(1.,4.31425812296E-16,7.416303602887E-17));
#1508 = DIRECTION('',(7.416303602887E-17,-1.855456608539E-18,-1.));
#1509 = ADVANCED_FACE('',(#1510),#1535,.T.);
#1510 = FACE_BOUND('',#1511,.T.);
#1511 = EDGE_LOOP('',(#1512,#1513,#1521,#1529));
#1512 = ORIENTED_EDGE('',*,*,#1461,.T.);
#1513 = ORIENTED_EDGE('',*,*,#1514,.F.);
#1514 = EDGE_CURVE('',#1515,#1452,#1517,.T.);
#1515 = VERTEX_POINT('',#1516);
#1516 = CARTESIAN_POINT('',(-3.19,-0.386926638588,-5.087899761143));
#1517 = LINE('',#1518,#1519);
#1518 = CARTESIAN_POINT('',(-3.19,2.68393852147,-4.819233872421));
#1519 = VECTOR('',#1520,1.);
#1520 = DIRECTION('',(1.703436369402E-16,-0.996194698092,
    -8.715574274766E-02));
#1521 = ORIENTED_EDGE('',*,*,#1522,.T.);
#1522 = EDGE_CURVE('',#1515,#1523,#1525,.T.);
#1523 = VERTEX_POINT('',#1524);
#1524 = CARTESIAN_POINT('',(-3.19,-0.365137702901,-5.336948435666));
#1525 = LINE('',#1526,#1527);
#1526 = CARTESIAN_POINT('',(-3.19,-0.382133072737,-5.142690469538));
#1527 = VECTOR('',#1528,1.);
#1528 = DIRECTION('',(3.627958617518E-17,8.715574274766E-02,
    -0.996194698092));
#1529 = ORIENTED_EDGE('',*,*,#1530,.T.);
#1530 = EDGE_CURVE('',#1523,#1462,#1531,.T.);
#1531 = LINE('',#1532,#1533);
#1532 = CARTESIAN_POINT('',(-3.19,-4.237323353557,-5.675720783166));
#1533 = VECTOR('',#1534,1.);
#1534 = DIRECTION('',(1.703436369402E-16,-0.996194698092,
    -8.715574274766E-02));
#1535 = PLANE('',#1536);
#1536 = AXIS2_PLACEMENT_3D('',#1537,#1538,#1539);
#1537 = CARTESIAN_POINT('',(-3.19,-4.259112289244,-5.426672108643));
#1538 = DIRECTION('',(-1.,-1.665334536938E-16,-5.098795759653E-17));
#1539 = DIRECTION('',(3.627958617518E-17,8.715574274766E-02,
    -0.996194698092));
#1540 = ADVANCED_FACE('',(#1541),#1568,.F.);
#1541 = FACE_BOUND('',#1542,.T.);
#1542 = EDGE_LOOP('',(#1543,#1544,#1545,#1553,#1559,#1560,#1561,#1562));
#1543 = ORIENTED_EDGE('',*,*,#1316,.T.);
#1544 = ORIENTED_EDGE('',*,*,#1347,.T.);
#1545 = ORIENTED_EDGE('',*,*,#1546,.F.);
#1546 = EDGE_CURVE('',#1547,#1348,#1549,.T.);
#1547 = VERTEX_POINT('',#1548);
#1548 = CARTESIAN_POINT('',(-1.89,-0.386926638588,-5.087899761143));
#1549 = LINE('',#1550,#1551);
#1550 = CARTESIAN_POINT('',(-1.89,2.68393852147,-4.819233872421));
#1551 = VECTOR('',#1552,1.);
#1552 = DIRECTION('',(1.703436369402E-16,-0.996194698092,
    -8.715574274766E-02));
#1553 = ORIENTED_EDGE('',*,*,#1554,.T.);
#1554 = EDGE_CURVE('',#1547,#1515,#1555,.T.);
#1555 = LINE('',#1556,#1557);
#1556 = CARTESIAN_POINT('',(-2.54,-0.386926638588,-5.087899761143));
#1557 = VECTOR('',#1558,1.);
#1558 = DIRECTION('',(-1.,-1.669454185794E-16,-4.627917740737E-17));
#1559 = ORIENTED_EDGE('',*,*,#1514,.T.);
#1560 = ORIENTED_EDGE('',*,*,#1451,.T.);
#1561 = ORIENTED_EDGE('',*,*,#1491,.T.);
#1562 = ORIENTED_EDGE('',*,*,#1563,.F.);
#1563 = EDGE_CURVE('',#1294,#1421,#1564,.T.);
#1564 = LINE('',#1565,#1566);
#1565 = CARTESIAN_POINT('',(-2.54,-3.874862297099,-5.39305459037));
#1566 = VECTOR('',#1567,1.);
#1567 = DIRECTION('',(-1.,-1.669454185794E-16,-4.627917740737E-17));
#1568 = PLANE('',#1569);
#1569 = AXIS2_PLACEMENT_3D('',#1570,#1571,#1572);
#1570 = CARTESIAN_POINT('',(-2.54,-0.978591044221,-5.139663689247));
#1571 = DIRECTION('',(3.155281921066E-17,8.715574274766E-02,
    -0.996194698092));
#1572 = DIRECTION('',(1.,1.669454185794E-16,4.627917740737E-17));
#1573 = ADVANCED_FACE('',(#1574),#1590,.F.);
#1574 = FACE_BOUND('',#1575,.F.);
#1575 = EDGE_LOOP('',(#1576,#1582,#1583,#1589));
#1576 = ORIENTED_EDGE('',*,*,#1577,.F.);
#1577 = EDGE_CURVE('',#1419,#1285,#1578,.T.);
#1578 = LINE('',#1579,#1580);
#1579 = CARTESIAN_POINT('',(-2.54,-3.853073361412,-5.642103264893));
#1580 = VECTOR('',#1581,1.);
#1581 = DIRECTION('',(1.,1.661214888082E-16,5.56967377857E-17));
#1582 = ORIENTED_EDGE('',*,*,#1428,.F.);
#1583 = ORIENTED_EDGE('',*,*,#1584,.T.);
#1584 = EDGE_CURVE('',#1389,#1262,#1585,.T.);
#1585 = LINE('',#1586,#1587);
#1586 = CARTESIAN_POINT('',(-2.54,-3.99,-5.791532469607));
#1587 = VECTOR('',#1588,1.);
#1588 = DIRECTION('',(1.,1.618066867293E-16,5.098795759653E-17));
#1589 = ORIENTED_EDGE('',*,*,#1284,.F.);
#1590 = CYLINDRICAL_SURFACE('',#1591,0.15);
#1591 = AXIS2_PLACEMENT_3D('',#1592,#1593,#1594);
#1592 = CARTESIAN_POINT('',(-2.54,-3.84,-5.791532469607));
#1593 = DIRECTION('',(1.,1.665334536938E-16,5.098795759653E-17));
#1594 = DIRECTION('',(-3.627958617518E-17,-8.715574274766E-02,
    0.996194698092));
#1595 = ADVANCED_FACE('',(#1596),#1607,.T.);
#1596 = FACE_BOUND('',#1597,.T.);
#1597 = EDGE_LOOP('',(#1598,#1599,#1605,#1606));
#1598 = ORIENTED_EDGE('',*,*,#1261,.T.);
#1599 = ORIENTED_EDGE('',*,*,#1600,.F.);
#1600 = EDGE_CURVE('',#1397,#1254,#1601,.T.);
#1601 = LINE('',#1602,#1603);
#1602 = CARTESIAN_POINT('',(-3.19,-3.99,-6.175));
#1603 = VECTOR('',#1604,1.);
#1604 = DIRECTION('',(1.,1.665334536938E-16,5.098795759653E-17));
#1605 = ORIENTED_EDGE('',*,*,#1396,.T.);
#1606 = ORIENTED_EDGE('',*,*,#1584,.T.);
#1607 = PLANE('',#1608);
#1608 = AXIS2_PLACEMENT_3D('',#1609,#1610,#1611);
#1609 = CARTESIAN_POINT('',(-2.54,-3.99,-2.498480166371));
#1610 = DIRECTION('',(-1.618066867293E-16,1.,-7.199164016712E-16));
#1611 = DIRECTION('',(1.,1.618066867293E-16,5.098795759653E-17));
#1612 = ADVANCED_FACE('',(#1613),#1629,.F.);
#1613 = FACE_BOUND('',#1614,.T.);
#1614 = EDGE_LOOP('',(#1615,#1616,#1622,#1623));
#1615 = ORIENTED_EDGE('',*,*,#1243,.T.);
#1616 = ORIENTED_EDGE('',*,*,#1617,.T.);
#1617 = EDGE_CURVE('',#1246,#1379,#1618,.T.);
#1618 = LINE('',#1619,#1620);
#1619 = CARTESIAN_POINT('',(-2.54,-4.24,-5.791532469607));
#1620 = VECTOR('',#1621,1.);
#1621 = DIRECTION('',(-1.,-1.712602206583E-16,-5.098795759653E-17));
#1622 = ORIENTED_EDGE('',*,*,#1378,.T.);
#1623 = ORIENTED_EDGE('',*,*,#1624,.T.);
#1624 = EDGE_CURVE('',#1381,#1244,#1625,.T.);
#1625 = LINE('',#1626,#1627);
#1626 = CARTESIAN_POINT('',(-3.19,-4.24,-6.175));
#1627 = VECTOR('',#1628,1.);
#1628 = DIRECTION('',(1.,1.665334536938E-16,5.098795759653E-17));
#1629 = PLANE('',#1630);
#1630 = AXIS2_PLACEMENT_3D('',#1631,#1632,#1633);
#1631 = CARTESIAN_POINT('',(-2.54,-4.24,-2.498480166371));
#1632 = DIRECTION('',(-1.712602206583E-16,1.,-7.199164016712E-16));
#1633 = DIRECTION('',(1.,1.712602206583E-16,5.098795759653E-17));
#1634 = ADVANCED_FACE('',(#1635),#1641,.T.);
#1635 = FACE_BOUND('',#1636,.T.);
#1636 = EDGE_LOOP('',(#1637,#1638,#1639,#1640));
#1637 = ORIENTED_EDGE('',*,*,#1253,.T.);
#1638 = ORIENTED_EDGE('',*,*,#1624,.F.);
#1639 = ORIENTED_EDGE('',*,*,#1404,.T.);
#1640 = ORIENTED_EDGE('',*,*,#1600,.T.);
#1641 = PLANE('',#1642);
#1642 = AXIS2_PLACEMENT_3D('',#1643,#1644,#1645);
#1643 = CARTESIAN_POINT('',(-3.19,-4.24,-6.175));
#1644 = DIRECTION('',(5.098795759653E-17,-1.03583720414E-15,-1.));
#1645 = DIRECTION('',(-1.665334536938E-16,1.,-1.03583720414E-15));
#1646 = ADVANCED_FACE('',(#1647),#1653,.T.);
#1647 = FACE_BOUND('',#1648,.T.);
#1648 = EDGE_LOOP('',(#1649,#1650,#1651,#1652));
#1649 = ORIENTED_EDGE('',*,*,#1301,.T.);
#1650 = ORIENTED_EDGE('',*,*,#1563,.T.);
#1651 = ORIENTED_EDGE('',*,*,#1436,.T.);
#1652 = ORIENTED_EDGE('',*,*,#1617,.F.);
#1653 = CYLINDRICAL_SURFACE('',#1654,0.4);
#1654 = AXIS2_PLACEMENT_3D('',#1655,#1656,#1657);
#1655 = CARTESIAN_POINT('',(-2.54,-3.84,-5.791532469607));
#1656 = DIRECTION('',(1.,1.665334536938E-16,5.098795759653E-17));
#1657 = DIRECTION('',(-3.627958617518E-17,-8.715574274766E-02,
    0.996194698092));
#1658 = ADVANCED_FACE('',(#1659),#1681,.T.);
#1659 = FACE_BOUND('',#1660,.T.);
#1660 = EDGE_LOOP('',(#1661,#1662,#1663,#1664,#1665,#1666,#1674,#1680));
#1661 = ORIENTED_EDGE('',*,*,#1325,.T.);
#1662 = ORIENTED_EDGE('',*,*,#1577,.F.);
#1663 = ORIENTED_EDGE('',*,*,#1498,.T.);
#1664 = ORIENTED_EDGE('',*,*,#1469,.T.);
#1665 = ORIENTED_EDGE('',*,*,#1530,.F.);
#1666 = ORIENTED_EDGE('',*,*,#1667,.T.);
#1667 = EDGE_CURVE('',#1523,#1668,#1670,.T.);
#1668 = VERTEX_POINT('',#1669);
#1669 = CARTESIAN_POINT('',(-1.89,-0.365137702901,-5.336948435666));
#1670 = LINE('',#1671,#1672);
#1671 = CARTESIAN_POINT('',(-2.54,-0.365137702901,-5.336948435666));
#1672 = VECTOR('',#1673,1.);
#1673 = DIRECTION('',(1.,1.661214888082E-16,5.56967377857E-17));
#1674 = ORIENTED_EDGE('',*,*,#1675,.F.);
#1675 = EDGE_CURVE('',#1357,#1668,#1676,.T.);
#1676 = LINE('',#1677,#1678);
#1677 = CARTESIAN_POINT('',(-1.89,2.705727457156,-5.068282546944));
#1678 = VECTOR('',#1679,1.);
#1679 = DIRECTION('',(-1.703436369402E-16,0.996194698092,
    8.715574274766E-02));
#1680 = ORIENTED_EDGE('',*,*,#1356,.T.);
#1681 = PLANE('',#1682);
#1682 = AXIS2_PLACEMENT_3D('',#1683,#1684,#1685);
#1683 = CARTESIAN_POINT('',(-2.54,-0.956802108534,-5.38871236377));
#1684 = DIRECTION('',(4.100635313969E-17,8.715574274766E-02,
    -0.996194698092));
#1685 = DIRECTION('',(1.,1.661214888082E-16,5.56967377857E-17));
#1686 = ADVANCED_FACE('',(#1687),#1714,.F.);
#1687 = FACE_BOUND('',#1688,.F.);
#1688 = EDGE_LOOP('',(#1689,#1698,#1706,#1713));
#1689 = ORIENTED_EDGE('',*,*,#1690,.F.);
#1690 = EDGE_CURVE('',#1691,#1515,#1693,.T.);
#1691 = VERTEX_POINT('',#1692);
#1692 = CARTESIAN_POINT('',(-3.19,-0.25,-4.938470556429));
#1693 = CIRCLE('',#1694,0.15);
#1694 = AXIS2_PLACEMENT_3D('',#1695,#1696,#1697);
#1695 = CARTESIAN_POINT('',(-3.19,-0.4,-4.938470556429));
#1696 = DIRECTION('',(-1.,-1.665334536938E-16,-5.098795759653E-17));
#1697 = DIRECTION('',(-1.665334536938E-16,1.,-9.270413104628E-16));
#1698 = ORIENTED_EDGE('',*,*,#1699,.F.);
#1699 = EDGE_CURVE('',#1700,#1691,#1702,.T.);
#1700 = VERTEX_POINT('',#1701);
#1701 = CARTESIAN_POINT('',(-1.89,-0.25,-4.938470556429));
#1702 = LINE('',#1703,#1704);
#1703 = CARTESIAN_POINT('',(-2.54,-0.25,-4.938470556429));
#1704 = VECTOR('',#1705,1.);
#1705 = DIRECTION('',(-1.,-1.712602206583E-16,-5.098795759653E-17));
#1706 = ORIENTED_EDGE('',*,*,#1707,.T.);
#1707 = EDGE_CURVE('',#1700,#1547,#1708,.T.);
#1708 = CIRCLE('',#1709,0.15);
#1709 = AXIS2_PLACEMENT_3D('',#1710,#1711,#1712);
#1710 = CARTESIAN_POINT('',(-1.89,-0.4,-4.938470556429));
#1711 = DIRECTION('',(-1.,-1.665334536938E-16,-5.098795759653E-17));
#1712 = DIRECTION('',(-1.665334536938E-16,1.,-9.270413104628E-16));
#1713 = ORIENTED_EDGE('',*,*,#1554,.T.);
#1714 = CYLINDRICAL_SURFACE('',#1715,0.15);
#1715 = AXIS2_PLACEMENT_3D('',#1716,#1717,#1718);
#1716 = CARTESIAN_POINT('',(-2.54,-0.4,-4.938470556429));
#1717 = DIRECTION('',(-1.,-1.665334536938E-16,-5.098795759653E-17));
#1718 = DIRECTION('',(-1.665334536938E-16,1.,-3.066966545005E-16));
#1719 = ADVANCED_FACE('',(#1720),#1744,.T.);
#1720 = FACE_BOUND('',#1721,.T.);
#1721 = EDGE_LOOP('',(#1722,#1728,#1737,#1743));
#1722 = ORIENTED_EDGE('',*,*,#1723,.F.);
#1723 = EDGE_CURVE('',#1668,#1547,#1724,.T.);
#1724 = LINE('',#1725,#1726);
#1725 = CARTESIAN_POINT('',(-1.89,-0.382133072737,-5.142690469538));
#1726 = VECTOR('',#1727,1.);
#1727 = DIRECTION('',(-3.627958617518E-17,-8.715574274766E-02,
    0.996194698092));
#1728 = ORIENTED_EDGE('',*,*,#1729,.T.);
#1729 = EDGE_CURVE('',#1668,#1730,#1732,.T.);
#1730 = VERTEX_POINT('',#1731);
#1731 = CARTESIAN_POINT('',(-1.89,8.031349342128E-16,-4.938470556429));
#1732 = CIRCLE('',#1733,0.4);
#1733 = AXIS2_PLACEMENT_3D('',#1734,#1735,#1736);
#1734 = CARTESIAN_POINT('',(-1.89,-0.4,-4.938470556429));
#1735 = DIRECTION('',(1.,1.665334536938E-16,5.098795759653E-17));
#1736 = DIRECTION('',(3.627958617518E-17,8.715574274766E-02,
    -0.996194698092));
#1737 = ORIENTED_EDGE('',*,*,#1738,.T.);
#1738 = EDGE_CURVE('',#1730,#1700,#1739,.T.);
#1739 = LINE('',#1740,#1741);
#1740 = CARTESIAN_POINT('',(-1.89,-0.195,-4.938470556429));
#1741 = VECTOR('',#1742,1.);
#1742 = DIRECTION('',(1.665334536938E-16,-1.,3.066966545005E-16));
#1743 = ORIENTED_EDGE('',*,*,#1707,.T.);
#1744 = PLANE('',#1745);
#1745 = AXIS2_PLACEMENT_3D('',#1746,#1747,#1748);
#1746 = CARTESIAN_POINT('',(-1.89,-0.365137702901,-5.336948435666));
#1747 = DIRECTION('',(1.,1.665334536938E-16,5.098795759653E-17));
#1748 = DIRECTION('',(5.098795759653E-17,-1.855456608539E-18,-1.));
#1749 = ADVANCED_FACE('',(#1750),#1756,.T.);
#1750 = FACE_BOUND('',#1751,.T.);
#1751 = EDGE_LOOP('',(#1752,#1753,#1754,#1755));
#1752 = ORIENTED_EDGE('',*,*,#1364,.T.);
#1753 = ORIENTED_EDGE('',*,*,#1675,.T.);
#1754 = ORIENTED_EDGE('',*,*,#1723,.T.);
#1755 = ORIENTED_EDGE('',*,*,#1546,.T.);
#1756 = PLANE('',#1757);
#1757 = AXIS2_PLACEMENT_3D('',#1758,#1759,#1760);
#1758 = CARTESIAN_POINT('',(-1.89,0.990407534714,-4.967398635092));
#1759 = DIRECTION('',(1.,1.665334536938E-16,5.098795759653E-17));
#1760 = DIRECTION('',(-3.627958617518E-17,-8.715574274766E-02,
    0.996194698092));
#1761 = ADVANCED_FACE('',(#1762),#1794,.T.);
#1762 = FACE_BOUND('',#1763,.T.);
#1763 = EDGE_LOOP('',(#1764,#1772,#1780,#1788));
#1764 = ORIENTED_EDGE('',*,*,#1765,.F.);
#1765 = EDGE_CURVE('',#1766,#1730,#1768,.T.);
#1766 = VERTEX_POINT('',#1767);
#1767 = CARTESIAN_POINT('',(-3.19,7.504902177391E-16,-4.938470556429));
#1768 = LINE('',#1769,#1770);
#1769 = CARTESIAN_POINT('',(-2.54,5.79551739793E-16,-4.938470556429));
#1770 = VECTOR('',#1771,1.);
#1771 = DIRECTION('',(1.,1.618066867293E-16,5.098795759653E-17));
#1772 = ORIENTED_EDGE('',*,*,#1773,.F.);
#1773 = EDGE_CURVE('',#1774,#1766,#1776,.T.);
#1774 = VERTEX_POINT('',#1775);
#1775 = CARTESIAN_POINT('',(-3.19,9.30972168668E-16,-4.35));
#1776 = LINE('',#1777,#1778);
#1777 = CARTESIAN_POINT('',(-3.19,-5.599309019923E-16,-9.211165091899));
#1778 = VECTOR('',#1779,1.);
#1779 = DIRECTION('',(5.098795759653E-17,-3.066966545005E-16,-1.));
#1780 = ORIENTED_EDGE('',*,*,#1781,.T.);
#1781 = EDGE_CURVE('',#1774,#1782,#1784,.T.);
#1782 = VERTEX_POINT('',#1783);
#1783 = CARTESIAN_POINT('',(-1.89,9.836168851416E-16,-4.35));
#1784 = LINE('',#1785,#1786);
#1785 = CARTESIAN_POINT('',(-2.54,7.54464363869E-16,-4.35));
#1786 = VECTOR('',#1787,1.);
#1787 = DIRECTION('',(1.,1.618066867293E-16,5.098795759653E-17));
#1788 = ORIENTED_EDGE('',*,*,#1789,.F.);
#1789 = EDGE_CURVE('',#1730,#1782,#1790,.T.);
#1790 = LINE('',#1791,#1792);
#1791 = CARTESIAN_POINT('',(-1.89,1.630258272158E-15,-2.241592955033));
#1792 = VECTOR('',#1793,1.);
#1793 = DIRECTION('',(-5.098795759653E-17,3.066966545005E-16,1.));
#1794 = PLANE('',#1795);
#1795 = AXIS2_PLACEMENT_3D('',#1796,#1797,#1798);
#1796 = CARTESIAN_POINT('',(-2.54,2.973972507432E-16,-5.918112788663));
#1797 = DIRECTION('',(-1.618066867293E-16,1.,-2.908361289577E-16));
#1798 = DIRECTION('',(1.,1.618066867293E-16,5.098795759653E-17));
#1799 = ADVANCED_FACE('',(#1800),#1823,.T.);
#1800 = FACE_BOUND('',#1801,.T.);
#1801 = EDGE_LOOP('',(#1802,#1808,#1816,#1822));
#1802 = ORIENTED_EDGE('',*,*,#1803,.F.);
#1803 = EDGE_CURVE('',#1691,#1766,#1804,.T.);
#1804 = LINE('',#1805,#1806);
#1805 = CARTESIAN_POINT('',(-3.19,-0.195,-4.938470556429));
#1806 = VECTOR('',#1807,1.);
#1807 = DIRECTION('',(-1.665334536938E-16,1.,-3.066966545005E-16));
#1808 = ORIENTED_EDGE('',*,*,#1809,.F.);
#1809 = EDGE_CURVE('',#1810,#1691,#1812,.T.);
#1810 = VERTEX_POINT('',#1811);
#1811 = CARTESIAN_POINT('',(-3.19,-0.25,-4.35));
#1812 = LINE('',#1813,#1814);
#1813 = CARTESIAN_POINT('',(-3.19,-0.25,-2.241592955033));
#1814 = VECTOR('',#1815,1.);
#1815 = DIRECTION('',(5.098795759653E-17,-3.066966545005E-16,-1.));
#1816 = ORIENTED_EDGE('',*,*,#1817,.T.);
#1817 = EDGE_CURVE('',#1810,#1774,#1818,.T.);
#1818 = LINE('',#1819,#1820);
#1819 = CARTESIAN_POINT('',(-3.19,-0.195,-4.35));
#1820 = VECTOR('',#1821,1.);
#1821 = DIRECTION('',(-1.665334536938E-16,1.,-3.066966545005E-16));
#1822 = ORIENTED_EDGE('',*,*,#1773,.T.);
#1823 = PLANE('',#1824);
#1824 = AXIS2_PLACEMENT_3D('',#1825,#1826,#1827);
#1825 = CARTESIAN_POINT('',(-3.19,-0.25,-9.211165091899));
#1826 = DIRECTION('',(-1.,-1.665334536938E-16,-5.098795759653E-17));
#1827 = DIRECTION('',(-1.665334536938E-16,1.,-6.235803503986E-16));
#1828 = ADVANCED_FACE('',(#1829),#1841,.T.);
#1829 = FACE_BOUND('',#1830,.T.);
#1830 = EDGE_LOOP('',(#1831,#1832,#1833,#1834));
#1831 = ORIENTED_EDGE('',*,*,#1522,.F.);
#1832 = ORIENTED_EDGE('',*,*,#1690,.F.);
#1833 = ORIENTED_EDGE('',*,*,#1803,.T.);
#1834 = ORIENTED_EDGE('',*,*,#1835,.T.);
#1835 = EDGE_CURVE('',#1766,#1523,#1836,.T.);
#1836 = CIRCLE('',#1837,0.4);
#1837 = AXIS2_PLACEMENT_3D('',#1838,#1839,#1840);
#1838 = CARTESIAN_POINT('',(-3.19,-0.4,-4.938470556429));
#1839 = DIRECTION('',(-1.,-1.665334536938E-16,-5.098795759653E-17));
#1840 = DIRECTION('',(-1.665334536938E-16,1.,-1.042689542195E-15));
#1841 = PLANE('',#1842);
#1842 = AXIS2_PLACEMENT_3D('',#1843,#1844,#1845);
#1843 = CARTESIAN_POINT('',(-3.19,-0.386926638588,-5.087899761143));
#1844 = DIRECTION('',(-1.,-1.665334536938E-16,-5.098795759653E-17));
#1845 = DIRECTION('',(-5.098795759653E-17,1.855456608539E-18,1.));
#1846 = ADVANCED_FACE('',(#1847),#1879,.F.);
#1847 = FACE_BOUND('',#1848,.F.);
#1848 = EDGE_LOOP('',(#1849,#1856,#1864,#1873));
#1849 = ORIENTED_EDGE('',*,*,#1850,.F.);
#1850 = EDGE_CURVE('',#1189,#1810,#1851,.T.);
#1851 = CIRCLE('',#1852,0.15);
#1852 = AXIS2_PLACEMENT_3D('',#1853,#1854,#1855);
#1853 = CARTESIAN_POINT('',(-3.19,-0.4,-4.35));
#1854 = DIRECTION('',(-1.,-1.665334536938E-16,-5.098795759653E-17));
#1855 = DIRECTION('',(-5.098795759653E-17,1.855456608539E-18,1.));
#1856 = ORIENTED_EDGE('',*,*,#1857,.F.);
#1857 = EDGE_CURVE('',#1858,#1189,#1860,.T.);
#1858 = VERTEX_POINT('',#1859);
#1859 = CARTESIAN_POINT('',(-1.89,-0.4,-4.2));
#1860 = LINE('',#1861,#1862);
#1861 = CARTESIAN_POINT('',(-2.54,-0.4,-4.2));
#1862 = VECTOR('',#1863,1.);
#1863 = DIRECTION('',(-1.,-1.665334536938E-16,-5.571472456105E-17));
#1864 = ORIENTED_EDGE('',*,*,#1865,.T.);
#1865 = EDGE_CURVE('',#1858,#1866,#1868,.T.);
#1866 = VERTEX_POINT('',#1867);
#1867 = CARTESIAN_POINT('',(-1.89,-0.25,-4.35));
#1868 = CIRCLE('',#1869,0.15);
#1869 = AXIS2_PLACEMENT_3D('',#1870,#1871,#1872);
#1870 = CARTESIAN_POINT('',(-1.89,-0.4,-4.35));
#1871 = DIRECTION('',(-1.,-1.665334536938E-16,-5.098795759653E-17));
#1872 = DIRECTION('',(-5.098795759653E-17,1.855456608539E-18,1.));
#1873 = ORIENTED_EDGE('',*,*,#1874,.T.);
#1874 = EDGE_CURVE('',#1866,#1810,#1875,.T.);
#1875 = LINE('',#1876,#1877);
#1876 = CARTESIAN_POINT('',(-2.54,-0.25,-4.35));
#1877 = VECTOR('',#1878,1.);
#1878 = DIRECTION('',(-1.,-1.712602206583E-16,-5.098795759653E-17));
#1879 = CYLINDRICAL_SURFACE('',#1880,0.15);
#1880 = AXIS2_PLACEMENT_3D('',#1881,#1882,#1883);
#1881 = CARTESIAN_POINT('',(-2.54,-0.4,-4.35));
#1882 = DIRECTION('',(-1.,-1.665334536938E-16,-5.098795759653E-17));
#1883 = DIRECTION('',(-5.098795759653E-17,-2.982048203172E-16,1.));
#1884 = ADVANCED_FACE('',(#1885),#1891,.T.);
#1885 = FACE_BOUND('',#1886,.T.);
#1886 = EDGE_LOOP('',(#1887,#1888,#1889,#1890));
#1887 = ORIENTED_EDGE('',*,*,#1667,.F.);
#1888 = ORIENTED_EDGE('',*,*,#1835,.F.);
#1889 = ORIENTED_EDGE('',*,*,#1765,.T.);
#1890 = ORIENTED_EDGE('',*,*,#1729,.F.);
#1891 = CYLINDRICAL_SURFACE('',#1892,0.4);
#1892 = AXIS2_PLACEMENT_3D('',#1893,#1894,#1895);
#1893 = CARTESIAN_POINT('',(-2.54,-0.4,-4.938470556429));
#1894 = DIRECTION('',(-1.,-1.665334536938E-16,-5.098795759653E-17));
#1895 = DIRECTION('',(-1.665334536938E-16,1.,-3.066966545005E-16));
#1896 = ADVANCED_FACE('',(#1897),#1919,.T.);
#1897 = FACE_BOUND('',#1898,.T.);
#1898 = EDGE_LOOP('',(#1899,#1905,#1912,#1918));
#1899 = ORIENTED_EDGE('',*,*,#1900,.F.);
#1900 = EDGE_CURVE('',#1782,#1866,#1901,.T.);
#1901 = LINE('',#1902,#1903);
#1902 = CARTESIAN_POINT('',(-1.89,-0.195,-4.35));
#1903 = VECTOR('',#1904,1.);
#1904 = DIRECTION('',(1.665334536938E-16,-1.,3.066966545005E-16));
#1905 = ORIENTED_EDGE('',*,*,#1906,.T.);
#1906 = EDGE_CURVE('',#1782,#1221,#1907,.T.);
#1907 = CIRCLE('',#1908,0.4);
#1908 = AXIS2_PLACEMENT_3D('',#1909,#1910,#1911);
#1909 = CARTESIAN_POINT('',(-1.89,-0.4,-4.35));
#1910 = DIRECTION('',(1.,1.665334536938E-16,5.098795759653E-17));
#1911 = DIRECTION('',(-1.665334536938E-16,1.,-5.222724994016E-16));
#1912 = ORIENTED_EDGE('',*,*,#1913,.T.);
#1913 = EDGE_CURVE('',#1221,#1858,#1914,.T.);
#1914 = LINE('',#1915,#1916);
#1915 = CARTESIAN_POINT('',(-1.89,-0.4,-4.145));
#1916 = VECTOR('',#1917,1.);
#1917 = DIRECTION('',(5.098795759653E-17,2.982048203172E-16,-1.));
#1918 = ORIENTED_EDGE('',*,*,#1865,.T.);
#1919 = PLANE('',#1920);
#1920 = AXIS2_PLACEMENT_3D('',#1921,#1922,#1923);
#1921 = CARTESIAN_POINT('',(-1.89,1.032595272887E-15,-4.35));
#1922 = DIRECTION('',(1.,1.665334536938E-16,5.098795759653E-17));
#1923 = DIRECTION('',(5.098795759653E-17,-1.855456608539E-18,-1.));
#1924 = ADVANCED_FACE('',(#1925),#1936,.T.);
#1925 = FACE_BOUND('',#1926,.T.);
#1926 = EDGE_LOOP('',(#1927,#1928,#1929,#1930));
#1927 = ORIENTED_EDGE('',*,*,#1738,.F.);
#1928 = ORIENTED_EDGE('',*,*,#1789,.T.);
#1929 = ORIENTED_EDGE('',*,*,#1900,.T.);
#1930 = ORIENTED_EDGE('',*,*,#1931,.T.);
#1931 = EDGE_CURVE('',#1866,#1700,#1932,.T.);
#1932 = LINE('',#1933,#1934);
#1933 = CARTESIAN_POINT('',(-1.89,-0.25,-2.241592955033));
#1934 = VECTOR('',#1935,1.);
#1935 = DIRECTION('',(5.098795759653E-17,-3.066966545005E-16,-1.));
#1936 = PLANE('',#1937);
#1937 = AXIS2_PLACEMENT_3D('',#1938,#1939,#1940);
#1938 = CARTESIAN_POINT('',(-1.89,-0.25,-3.941592955033));
#1939 = DIRECTION('',(1.,1.665334536938E-16,5.098795759653E-17));
#1940 = DIRECTION('',(1.665334536938E-16,-1.,6.067535326817E-16));
#1941 = ADVANCED_FACE('',(#1942),#1948,.F.);
#1942 = FACE_BOUND('',#1943,.T.);
#1943 = EDGE_LOOP('',(#1944,#1945,#1946,#1947));
#1944 = ORIENTED_EDGE('',*,*,#1699,.F.);
#1945 = ORIENTED_EDGE('',*,*,#1931,.F.);
#1946 = ORIENTED_EDGE('',*,*,#1874,.T.);
#1947 = ORIENTED_EDGE('',*,*,#1809,.T.);
#1948 = PLANE('',#1949);
#1949 = AXIS2_PLACEMENT_3D('',#1950,#1951,#1952);
#1950 = CARTESIAN_POINT('',(-2.54,-0.25,-5.918112788663));
#1951 = DIRECTION('',(-1.712602206583E-16,1.,-2.908361289577E-16));
#1952 = DIRECTION('',(1.,1.712602206583E-16,5.098795759653E-17));
#1953 = ADVANCED_FACE('',(#1954),#1965,.T.);
#1954 = FACE_BOUND('',#1955,.T.);
#1955 = EDGE_LOOP('',(#1956,#1957,#1963,#1964));
#1956 = ORIENTED_EDGE('',*,*,#1134,.T.);
#1957 = ORIENTED_EDGE('',*,*,#1958,.T.);
#1958 = EDGE_CURVE('',#1127,#1858,#1959,.T.);
#1959 = LINE('',#1960,#1961);
#1960 = CARTESIAN_POINT('',(-1.89,-2.1,-4.2));
#1961 = VECTOR('',#1962,1.);
#1962 = DIRECTION('',(-1.665334536938E-16,1.,2.982048203172E-16));
#1963 = ORIENTED_EDGE('',*,*,#1913,.F.);
#1964 = ORIENTED_EDGE('',*,*,#1220,.T.);
#1965 = PLANE('',#1966);
#1966 = AXIS2_PLACEMENT_3D('',#1967,#1968,#1969);
#1967 = CARTESIAN_POINT('',(-1.89,-0.4,-4.2));
#1968 = DIRECTION('',(1.,1.665334536938E-16,5.098795759653E-17));
#1969 = DIRECTION('',(5.098795759653E-17,-1.855456608539E-18,-1.));
#1970 = ADVANCED_FACE('',(#1971),#1982,.T.);
#1971 = FACE_BOUND('',#1972,.T.);
#1972 = EDGE_LOOP('',(#1973,#1974,#1980,#1981));
#1973 = ORIENTED_EDGE('',*,*,#1063,.T.);
#1974 = ORIENTED_EDGE('',*,*,#1975,.T.);
#1975 = EDGE_CURVE('',#1056,#1157,#1976,.T.);
#1976 = LINE('',#1977,#1978);
#1977 = CARTESIAN_POINT('',(-3.19,-2.1,-4.2));
#1978 = VECTOR('',#1979,1.);
#1979 = DIRECTION('',(1.,1.665334536938E-16,5.098795759653E-17));
#1980 = ORIENTED_EDGE('',*,*,#1156,.T.);
#1981 = ORIENTED_EDGE('',*,*,#1212,.T.);
#1982 = PLANE('',#1983);
#1983 = AXIS2_PLACEMENT_3D('',#1984,#1985,#1986);
#1984 = CARTESIAN_POINT('',(-1.89,-2.1,-4.2));
#1985 = DIRECTION('',(1.665334536938E-16,-1.,1.855456608539E-18));
#1986 = DIRECTION('',(5.098795759653E-17,-1.855456608539E-18,-1.));
#1987 = ADVANCED_FACE('',(#1988),#2000,.T.);
#1988 = FACE_BOUND('',#1989,.T.);
#1989 = EDGE_LOOP('',(#1990,#1991,#1992,#1993));
#1990 = ORIENTED_EDGE('',*,*,#1817,.F.);
#1991 = ORIENTED_EDGE('',*,*,#1850,.F.);
#1992 = ORIENTED_EDGE('',*,*,#1188,.T.);
#1993 = ORIENTED_EDGE('',*,*,#1994,.T.);
#1994 = EDGE_CURVE('',#1181,#1774,#1995,.T.);
#1995 = CIRCLE('',#1996,0.4);
#1996 = AXIS2_PLACEMENT_3D('',#1997,#1998,#1999);
#1997 = CARTESIAN_POINT('',(-3.19,-0.4,-4.35));
#1998 = DIRECTION('',(-1.,-1.665334536938E-16,-5.098795759653E-17));
#1999 = DIRECTION('',(-5.098795759653E-17,1.753278042062E-16,1.));
#2000 = PLANE('',#2001);
#2001 = AXIS2_PLACEMENT_3D('',#2002,#2003,#2004);
#2002 = CARTESIAN_POINT('',(-3.19,-0.25,-4.35));
#2003 = DIRECTION('',(-1.,-1.665334536938E-16,-5.098795759653E-17));
#2004 = DIRECTION('',(-5.098795759653E-17,1.855456608539E-18,1.));
#2005 = ADVANCED_FACE('',(#2006),#2012,.T.);
#2006 = FACE_BOUND('',#2007,.T.);
#2007 = EDGE_LOOP('',(#2008,#2009,#2010,#2011));
#2008 = ORIENTED_EDGE('',*,*,#1781,.F.);
#2009 = ORIENTED_EDGE('',*,*,#1994,.F.);
#2010 = ORIENTED_EDGE('',*,*,#1228,.T.);
#2011 = ORIENTED_EDGE('',*,*,#1906,.F.);
#2012 = CYLINDRICAL_SURFACE('',#2013,0.4);
#2013 = AXIS2_PLACEMENT_3D('',#2014,#2015,#2016);
#2014 = CARTESIAN_POINT('',(-2.54,-0.4,-4.35));
#2015 = DIRECTION('',(-1.,-1.665334536938E-16,-5.098795759653E-17));
#2016 = DIRECTION('',(-5.098795759653E-17,-2.982048203172E-16,1.));
#2017 = ADVANCED_FACE('',(#2018),#2028,.F.);
#2018 = FACE_BOUND('',#2019,.T.);
#2019 = EDGE_LOOP('',(#2020,#2021,#2022,#2023,#2024,#2025,#2026,#2027));
#2020 = ORIENTED_EDGE('',*,*,#1093,.T.);
#2021 = ORIENTED_EDGE('',*,*,#1196,.T.);
#2022 = ORIENTED_EDGE('',*,*,#1857,.F.);
#2023 = ORIENTED_EDGE('',*,*,#1958,.F.);
#2024 = ORIENTED_EDGE('',*,*,#1126,.T.);
#2025 = ORIENTED_EDGE('',*,*,#1164,.T.);
#2026 = ORIENTED_EDGE('',*,*,#1975,.F.);
#2027 = ORIENTED_EDGE('',*,*,#1055,.T.);
#2028 = PLANE('',#2029);
#2029 = AXIS2_PLACEMENT_3D('',#2030,#2031,#2032);
#2030 = CARTESIAN_POINT('',(-2.54,1.576519833629,-4.2));
#2031 = DIRECTION('',(-5.571472456105E-17,-3.140653458601E-16,1.));
#2032 = DIRECTION('',(1.,1.665334536938E-16,5.571472456105E-17));
#2033 = ( GEOMETRIC_REPRESENTATION_CONTEXT(3) 
GLOBAL_UNCERTAINTY_ASSIGNED_CONTEXT((#2037)) 
GLOBAL_UNIT_ASSIGNED_CONTEXT((#2034,#2035,#2036)) REPRESENTATION_CONTEXT
('Context #1','3D Context with UNIT and UNCERTAINTY') );
#2034 = ( LENGTH_UNIT() NAMED_UNIT(*) SI_UNIT(.MILLI.,.METRE.) );
#2035 = ( NAMED_UNIT(*) PLANE_ANGLE_UNIT() SI_UNIT($,.RADIAN.) );
#2036 = ( NAMED_UNIT(*) SI_UNIT($,.STERADIAN.) SOLID_ANGLE_UNIT() );
#2037 = UNCERTAINTY_MEASURE_WITH_UNIT(LENGTH_MEASURE(1.E-07),#2034,
  'distance_accuracy_value','confusion accuracy');
#2038 = PRODUCT_RELATED_PRODUCT_CATEGORY('part',$,(#1027));
#2039 = SHAPE_DEFINITION_REPRESENTATION(#2040,#2046);
#2040 = PRODUCT_DEFINITION_SHAPE('','',#2041);
#2041 = PRODUCT_DEFINITION('design','',#2042,#2045);
#2042 = PRODUCT_DEFINITION_FORMATION('','',#2043);
#2043 = PRODUCT('R-78AA-1.0SMD_pin8(GND)','R-78AA-1.0SMD_pin8(GND)','',(
    #2044));
#2044 = PRODUCT_CONTEXT('',#2,'mechanical');
#2045 = PRODUCT_DEFINITION_CONTEXT('part definition',#2,'design');
#2046 = ADVANCED_BREP_SHAPE_REPRESENTATION('',(#11,#2047),#3049);
#2047 = MANIFOLD_SOLID_BREP('',#2048);
#2048 = CLOSED_SHELL('',(#2049,#2089,#2120,#2160,#2191,#2222,#2255,#2295
    ,#2328,#2359,#2390,#2430,#2463,#2503,#2525,#2556,#2589,#2611,#2628,
    #2650,#2662,#2674,#2702,#2735,#2765,#2777,#2815,#2844,#2862,#2900,
    #2912,#2940,#2957,#2969,#2986,#3003,#3021,#3033));
#2049 = ADVANCED_FACE('',(#2050),#2084,.F.);
#2050 = FACE_BOUND('',#2051,.T.);
#2051 = EDGE_LOOP('',(#2052,#2062,#2070,#2078));
#2052 = ORIENTED_EDGE('',*,*,#2053,.F.);
#2053 = EDGE_CURVE('',#2054,#2056,#2058,.T.);
#2054 = VERTEX_POINT('',#2055);
#2055 = CARTESIAN_POINT('',(-0.25,-0.6,-3.95));
#2056 = VERTEX_POINT('',#2057);
#2057 = CARTESIAN_POINT('',(-0.25,-2.1,-3.95));
#2058 = LINE('',#2059,#2060);
#2059 = CARTESIAN_POINT('',(-0.25,0.488259916815,-3.95));
#2060 = VECTOR('',#2061,1.);
#2061 = DIRECTION('',(4.440892098501E-16,-1.,-3.140653458601E-16));
#2062 = ORIENTED_EDGE('',*,*,#2063,.T.);
#2063 = EDGE_CURVE('',#2054,#2064,#2066,.T.);
#2064 = VERTEX_POINT('',#2065);
#2065 = CARTESIAN_POINT('',(-0.25,-0.6,-4.2));
#2066 = LINE('',#2067,#2068);
#2067 = CARTESIAN_POINT('',(-0.25,-0.6,-3.95));
#2068 = VECTOR('',#2069,1.);
#2069 = DIRECTION('',(5.098795759653E-17,-1.855456608539E-18,-1.));
#2070 = ORIENTED_EDGE('',*,*,#2071,.F.);
#2071 = EDGE_CURVE('',#2072,#2064,#2074,.T.);
#2072 = VERTEX_POINT('',#2073);
#2073 = CARTESIAN_POINT('',(-0.25,-2.1,-4.2));
#2074 = LINE('',#2075,#2076);
#2075 = CARTESIAN_POINT('',(-0.25,0.488259916815,-4.2));
#2076 = VECTOR('',#2077,1.);
#2077 = DIRECTION('',(-4.440892098501E-16,1.,3.140653458601E-16));
#2078 = ORIENTED_EDGE('',*,*,#2079,.F.);
#2079 = EDGE_CURVE('',#2056,#2072,#2080,.T.);
#2080 = LINE('',#2081,#2082);
#2081 = CARTESIAN_POINT('',(-0.25,-2.1,-4.075));
#2082 = VECTOR('',#2083,1.);
#2083 = DIRECTION('',(5.098795759653E-17,-1.855456608539E-18,-1.));
#2084 = PLANE('',#2085);
#2085 = AXIS2_PLACEMENT_3D('',#2086,#2087,#2088);
#2086 = CARTESIAN_POINT('',(-0.25,-0.6,-3.95));
#2087 = DIRECTION('',(1.,4.440892098501E-16,5.098795759653E-17));
#2088 = DIRECTION('',(4.440892098501E-16,-1.,-3.140653458601E-16));
#2089 = ADVANCED_FACE('',(#2090),#2115,.F.);
#2090 = FACE_BOUND('',#2091,.T.);
#2091 = EDGE_LOOP('',(#2092,#2100,#2108,#2114));
#2092 = ORIENTED_EDGE('',*,*,#2093,.F.);
#2093 = EDGE_CURVE('',#2094,#2054,#2096,.T.);
#2094 = VERTEX_POINT('',#2095);
#2095 = CARTESIAN_POINT('',(-0.65,-0.6,-3.95));
#2096 = LINE('',#2097,#2098);
#2097 = CARTESIAN_POINT('',(-0.325,-0.6,-3.95));
#2098 = VECTOR('',#2099,1.);
#2099 = DIRECTION('',(1.,1.665334536938E-16,4.626119063202E-17));
#2100 = ORIENTED_EDGE('',*,*,#2101,.F.);
#2101 = EDGE_CURVE('',#2102,#2094,#2104,.T.);
#2102 = VERTEX_POINT('',#2103);
#2103 = CARTESIAN_POINT('',(-0.65,-0.6,-4.2));
#2104 = LINE('',#2105,#2106);
#2105 = CARTESIAN_POINT('',(-0.65,-0.6,-4.075));
#2106 = VECTOR('',#2107,1.);
#2107 = DIRECTION('',(-5.098795759653E-17,1.855456608539E-18,1.));
#2108 = ORIENTED_EDGE('',*,*,#2109,.F.);
#2109 = EDGE_CURVE('',#2064,#2102,#2110,.T.);
#2110 = LINE('',#2111,#2112);
#2111 = CARTESIAN_POINT('',(-0.325,-0.6,-4.2));
#2112 = VECTOR('',#2113,1.);
#2113 = DIRECTION('',(-1.,-1.665334536938E-16,-5.571472456105E-17));
#2114 = ORIENTED_EDGE('',*,*,#2063,.F.);
#2115 = PLANE('',#2116);
#2116 = AXIS2_PLACEMENT_3D('',#2117,#2118,#2119);
#2117 = CARTESIAN_POINT('',(-0.65,-0.6,-3.95));
#2118 = DIRECTION('',(-1.665334536938E-16,1.,-1.855456608539E-18));
#2119 = DIRECTION('',(1.,1.665334536938E-16,4.626119063202E-17));
#2120 = ADVANCED_FACE('',(#2121),#2155,.F.);
#2121 = FACE_BOUND('',#2122,.T.);
#2122 = EDGE_LOOP('',(#2123,#2133,#2141,#2149));
#2123 = ORIENTED_EDGE('',*,*,#2124,.F.);
#2124 = EDGE_CURVE('',#2125,#2127,#2129,.T.);
#2125 = VERTEX_POINT('',#2126);
#2126 = CARTESIAN_POINT('',(0.25,-0.6,-3.95));
#2127 = VERTEX_POINT('',#2128);
#2128 = CARTESIAN_POINT('',(0.65,-0.6,-3.95));
#2129 = LINE('',#2130,#2131);
#2130 = CARTESIAN_POINT('',(0.125,-0.6,-3.95));
#2131 = VECTOR('',#2132,1.);
#2132 = DIRECTION('',(1.,1.665334536938E-16,4.626119063202E-17));
#2133 = ORIENTED_EDGE('',*,*,#2134,.T.);
#2134 = EDGE_CURVE('',#2125,#2135,#2137,.T.);
#2135 = VERTEX_POINT('',#2136);
#2136 = CARTESIAN_POINT('',(0.25,-0.6,-4.2));
#2137 = LINE('',#2138,#2139);
#2138 = CARTESIAN_POINT('',(0.25,-0.6,-3.95));
#2139 = VECTOR('',#2140,1.);
#2140 = DIRECTION('',(5.098795759653E-17,-1.855456608539E-18,-1.));
#2141 = ORIENTED_EDGE('',*,*,#2142,.F.);
#2142 = EDGE_CURVE('',#2143,#2135,#2145,.T.);
#2143 = VERTEX_POINT('',#2144);
#2144 = CARTESIAN_POINT('',(0.65,-0.6,-4.2));
#2145 = LINE('',#2146,#2147);
#2146 = CARTESIAN_POINT('',(0.125,-0.6,-4.2));
#2147 = VECTOR('',#2148,1.);
#2148 = DIRECTION('',(-1.,-1.665334536938E-16,-5.571472456105E-17));
#2149 = ORIENTED_EDGE('',*,*,#2150,.F.);
#2150 = EDGE_CURVE('',#2127,#2143,#2151,.T.);
#2151 = LINE('',#2152,#2153);
#2152 = CARTESIAN_POINT('',(0.65,-0.6,-4.075));
#2153 = VECTOR('',#2154,1.);
#2154 = DIRECTION('',(5.098795759653E-17,-1.855456608539E-18,-1.));
#2155 = PLANE('',#2156);
#2156 = AXIS2_PLACEMENT_3D('',#2157,#2158,#2159);
#2157 = CARTESIAN_POINT('',(0.25,-0.6,-3.95));
#2158 = DIRECTION('',(-1.665334536938E-16,1.,-1.855456608539E-18));
#2159 = DIRECTION('',(1.,1.665334536938E-16,4.626119063202E-17));
#2160 = ADVANCED_FACE('',(#2161),#2186,.F.);
#2161 = FACE_BOUND('',#2162,.T.);
#2162 = EDGE_LOOP('',(#2163,#2171,#2179,#2185));
#2163 = ORIENTED_EDGE('',*,*,#2164,.F.);
#2164 = EDGE_CURVE('',#2165,#2125,#2167,.T.);
#2165 = VERTEX_POINT('',#2166);
#2166 = CARTESIAN_POINT('',(0.25,-2.1,-3.95));
#2167 = LINE('',#2168,#2169);
#2168 = CARTESIAN_POINT('',(0.25,-0.261740083185,-3.95));
#2169 = VECTOR('',#2170,1.);
#2170 = DIRECTION('',(1.110223024625E-16,1.,3.140653458601E-16));
#2171 = ORIENTED_EDGE('',*,*,#2172,.F.);
#2172 = EDGE_CURVE('',#2173,#2165,#2175,.T.);
#2173 = VERTEX_POINT('',#2174);
#2174 = CARTESIAN_POINT('',(0.25,-2.1,-4.2));
#2175 = LINE('',#2176,#2177);
#2176 = CARTESIAN_POINT('',(0.25,-2.1,-4.075));
#2177 = VECTOR('',#2178,1.);
#2178 = DIRECTION('',(-5.098795759653E-17,1.855456608539E-18,1.));
#2179 = ORIENTED_EDGE('',*,*,#2180,.F.);
#2180 = EDGE_CURVE('',#2135,#2173,#2181,.T.);
#2181 = LINE('',#2182,#2183);
#2182 = CARTESIAN_POINT('',(0.25,-0.261740083185,-4.2));
#2183 = VECTOR('',#2184,1.);
#2184 = DIRECTION('',(-1.110223024625E-16,-1.,-3.140653458601E-16));
#2185 = ORIENTED_EDGE('',*,*,#2134,.F.);
#2186 = PLANE('',#2187);
#2187 = AXIS2_PLACEMENT_3D('',#2188,#2189,#2190);
#2188 = CARTESIAN_POINT('',(0.25,-2.1,-3.95));
#2189 = DIRECTION('',(-1.,1.110223024625E-16,-5.098795759653E-17));
#2190 = DIRECTION('',(1.110223024625E-16,1.,3.140653458601E-16));
#2191 = ADVANCED_FACE('',(#2192),#2217,.T.);
#2192 = FACE_BOUND('',#2193,.T.);
#2193 = EDGE_LOOP('',(#2194,#2195,#2203,#2211));
#2194 = ORIENTED_EDGE('',*,*,#2101,.T.);
#2195 = ORIENTED_EDGE('',*,*,#2196,.T.);
#2196 = EDGE_CURVE('',#2094,#2197,#2199,.T.);
#2197 = VERTEX_POINT('',#2198);
#2198 = CARTESIAN_POINT('',(-0.65,-0.4,-3.95));
#2199 = LINE('',#2200,#2201);
#2200 = CARTESIAN_POINT('',(-0.65,4.869572136865,-3.95));
#2201 = VECTOR('',#2202,1.);
#2202 = DIRECTION('',(-1.665334536938E-16,1.,2.982048203172E-16));
#2203 = ORIENTED_EDGE('',*,*,#2204,.F.);
#2204 = EDGE_CURVE('',#2205,#2197,#2207,.T.);
#2205 = VERTEX_POINT('',#2206);
#2206 = CARTESIAN_POINT('',(-0.65,-0.4,-4.2));
#2207 = LINE('',#2208,#2209);
#2208 = CARTESIAN_POINT('',(-0.65,-0.4,-4.145));
#2209 = VECTOR('',#2210,1.);
#2210 = DIRECTION('',(-5.098795759653E-17,-2.982048203172E-16,1.));
#2211 = ORIENTED_EDGE('',*,*,#2212,.F.);
#2212 = EDGE_CURVE('',#2102,#2205,#2213,.T.);
#2213 = LINE('',#2214,#2215);
#2214 = CARTESIAN_POINT('',(-0.65,-2.1,-4.2));
#2215 = VECTOR('',#2216,1.);
#2216 = DIRECTION('',(-1.665334536938E-16,1.,2.982048203172E-16));
#2217 = PLANE('',#2218);
#2218 = AXIS2_PLACEMENT_3D('',#2219,#2220,#2221);
#2219 = CARTESIAN_POINT('',(-0.65,4.869572136865,-4.2));
#2220 = DIRECTION('',(-1.,-1.665334536938E-16,-5.098795759653E-17));
#2221 = DIRECTION('',(-5.098795759653E-17,1.855456608539E-18,1.));
#2222 = ADVANCED_FACE('',(#2223),#2250,.T.);
#2223 = FACE_BOUND('',#2224,.T.);
#2224 = EDGE_LOOP('',(#2225,#2226,#2227,#2233,#2234,#2235,#2243,#2249));
#2225 = ORIENTED_EDGE('',*,*,#2093,.T.);
#2226 = ORIENTED_EDGE('',*,*,#2053,.T.);
#2227 = ORIENTED_EDGE('',*,*,#2228,.F.);
#2228 = EDGE_CURVE('',#2165,#2056,#2229,.T.);
#2229 = LINE('',#2230,#2231);
#2230 = CARTESIAN_POINT('',(-0.65,-2.1,-3.95));
#2231 = VECTOR('',#2232,1.);
#2232 = DIRECTION('',(-1.,-1.665334536938E-16,-5.098795759653E-17));
#2233 = ORIENTED_EDGE('',*,*,#2164,.T.);
#2234 = ORIENTED_EDGE('',*,*,#2124,.T.);
#2235 = ORIENTED_EDGE('',*,*,#2236,.F.);
#2236 = EDGE_CURVE('',#2237,#2127,#2239,.T.);
#2237 = VERTEX_POINT('',#2238);
#2238 = CARTESIAN_POINT('',(0.65,-0.4,-3.95));
#2239 = LINE('',#2240,#2241);
#2240 = CARTESIAN_POINT('',(0.65,-2.1,-3.95));
#2241 = VECTOR('',#2242,1.);
#2242 = DIRECTION('',(1.665334536938E-16,-1.,-2.982048203172E-16));
#2243 = ORIENTED_EDGE('',*,*,#2244,.F.);
#2244 = EDGE_CURVE('',#2197,#2237,#2245,.T.);
#2245 = LINE('',#2246,#2247);
#2246 = CARTESIAN_POINT('',(6.260744647508E-17,-0.4,-3.95));
#2247 = VECTOR('',#2248,1.);
#2248 = DIRECTION('',(1.,1.665334536938E-16,4.626119063202E-17));
#2249 = ORIENTED_EDGE('',*,*,#2196,.F.);
#2250 = PLANE('',#2251);
#2251 = AXIS2_PLACEMENT_3D('',#2252,#2253,#2254);
#2252 = CARTESIAN_POINT('',(-2.712169100909E-16,1.576519833629,-3.95));
#2253 = DIRECTION('',(-4.626119063202E-17,-3.140653458601E-16,1.));
#2254 = DIRECTION('',(1.,1.665334536938E-16,4.626119063202E-17));
#2255 = ADVANCED_FACE('',(#2256),#2290,.F.);
#2256 = FACE_BOUND('',#2257,.T.);
#2257 = EDGE_LOOP('',(#2258,#2268,#2276,#2284));
#2258 = ORIENTED_EDGE('',*,*,#2259,.F.);
#2259 = EDGE_CURVE('',#2260,#2262,#2264,.T.);
#2260 = VERTEX_POINT('',#2261);
#2261 = CARTESIAN_POINT('',(0.25,-4.24,-6.174999998916));
#2262 = VERTEX_POINT('',#2263);
#2263 = CARTESIAN_POINT('',(0.25,-4.24,-5.791532469607));
#2264 = LINE('',#2265,#2266);
#2265 = CARTESIAN_POINT('',(0.25,-4.24,-4.336740082643));
#2266 = VECTOR('',#2267,1.);
#2267 = DIRECTION('',(2.14916246782E-16,7.199164016712E-16,1.));
#2268 = ORIENTED_EDGE('',*,*,#2269,.F.);
#2269 = EDGE_CURVE('',#2270,#2260,#2272,.T.);
#2270 = VERTEX_POINT('',#2271);
#2271 = CARTESIAN_POINT('',(0.25,-3.99,-6.174999998916));
#2272 = LINE('',#2273,#2274);
#2273 = CARTESIAN_POINT('',(0.25,-4.115,-6.175));
#2274 = VECTOR('',#2275,1.);
#2275 = DIRECTION('',(1.665334536938E-16,-1.,1.03583720414E-15));
#2276 = ORIENTED_EDGE('',*,*,#2277,.F.);
#2277 = EDGE_CURVE('',#2278,#2270,#2280,.T.);
#2278 = VERTEX_POINT('',#2279);
#2279 = CARTESIAN_POINT('',(0.25,-3.99,-5.791532469607));
#2280 = LINE('',#2281,#2282);
#2281 = CARTESIAN_POINT('',(0.25,-3.99,-4.336740082643));
#2282 = VECTOR('',#2283,1.);
#2283 = DIRECTION('',(-2.14916246782E-16,-7.199164016712E-16,-1.));
#2284 = ORIENTED_EDGE('',*,*,#2285,.T.);
#2285 = EDGE_CURVE('',#2278,#2262,#2286,.T.);
#2286 = LINE('',#2287,#2288);
#2287 = CARTESIAN_POINT('',(0.25,-4.078875633811,-5.791532469607));
#2288 = VECTOR('',#2289,1.);
#2289 = DIRECTION('',(1.277117161971E-14,-1.,1.855456608527E-18));
#2290 = PLANE('',#2291);
#2291 = AXIS2_PLACEMENT_3D('',#2292,#2293,#2294);
#2292 = CARTESIAN_POINT('',(0.25,-3.99,-6.174999998916));
#2293 = DIRECTION('',(-1.,-1.665334536938E-16,2.14916246782E-16));
#2294 = DIRECTION('',(2.14916246782E-16,1.855456608539E-18,1.));
#2295 = ADVANCED_FACE('',(#2296),#2323,.T.);
#2296 = FACE_BOUND('',#2297,.T.);
#2297 = EDGE_LOOP('',(#2298,#2299,#2308,#2316));
#2298 = ORIENTED_EDGE('',*,*,#2285,.F.);
#2299 = ORIENTED_EDGE('',*,*,#2300,.F.);
#2300 = EDGE_CURVE('',#2301,#2278,#2303,.T.);
#2301 = VERTEX_POINT('',#2302);
#2302 = CARTESIAN_POINT('',(0.25,-3.853073361412,-5.642103264893));
#2303 = CIRCLE('',#2304,0.15);
#2304 = AXIS2_PLACEMENT_3D('',#2305,#2306,#2307);
#2305 = CARTESIAN_POINT('',(0.25,-3.84,-5.791532469607));
#2306 = DIRECTION('',(1.,1.277117161971E-14,-1.173121490951E-14));
#2307 = DIRECTION('',(1.279965504331E-14,-8.715574274766E-02,
    0.996194698092));
#2308 = ORIENTED_EDGE('',*,*,#2309,.T.);
#2309 = EDGE_CURVE('',#2301,#2310,#2312,.T.);
#2310 = VERTEX_POINT('',#2311);
#2311 = CARTESIAN_POINT('',(0.25,-3.874862297099,-5.39305459037));
#2312 = LINE('',#2313,#2314);
#2313 = CARTESIAN_POINT('',(0.25,-3.853073361412,-5.642103264893));
#2314 = VECTOR('',#2315,1.);
#2315 = DIRECTION('',(-3.627958617518E-17,-8.715574274766E-02,
    0.996194698092));
#2316 = ORIENTED_EDGE('',*,*,#2317,.F.);
#2317 = EDGE_CURVE('',#2262,#2310,#2318,.T.);
#2318 = CIRCLE('',#2319,0.4);
#2319 = AXIS2_PLACEMENT_3D('',#2320,#2321,#2322);
#2320 = CARTESIAN_POINT('',(0.25,-3.84,-5.791532469607));
#2321 = DIRECTION('',(-1.,-1.277117161971E-14,1.173121490951E-14));
#2322 = DIRECTION('',(1.279965504331E-14,-8.715574274766E-02,
    0.996194698092));
#2323 = PLANE('',#2324);
#2324 = AXIS2_PLACEMENT_3D('',#2325,#2326,#2327);
#2325 = CARTESIAN_POINT('',(0.25,-4.042751267623,-5.605745162513));
#2326 = DIRECTION('',(1.,1.277117161971E-14,-1.173121490951E-14));
#2327 = DIRECTION('',(-1.173121490951E-14,-1.855456608541E-18,-1.));
#2328 = ADVANCED_FACE('',(#2329),#2354,.F.);
#2329 = FACE_BOUND('',#2330,.T.);
#2330 = EDGE_LOOP('',(#2331,#2339,#2340,#2348));
#2331 = ORIENTED_EDGE('',*,*,#2332,.F.);
#2332 = EDGE_CURVE('',#2310,#2333,#2335,.T.);
#2333 = VERTEX_POINT('',#2334);
#2334 = CARTESIAN_POINT('',(0.25,-3.081350766039,-5.323631327025));
#2335 = LINE('',#2336,#2337);
#2336 = CARTESIAN_POINT('',(0.25,-2.42672667066,-5.266359139809));
#2337 = VECTOR('',#2338,1.);
#2338 = DIRECTION('',(9.556056743837E-17,0.996194698092,
    8.715574274766E-02));
#2339 = ORIENTED_EDGE('',*,*,#2309,.F.);
#2340 = ORIENTED_EDGE('',*,*,#2341,.F.);
#2341 = EDGE_CURVE('',#2342,#2301,#2344,.T.);
#2342 = VERTEX_POINT('',#2343);
#2343 = CARTESIAN_POINT('',(0.25,-3.059561830352,-5.572680001548));
#2344 = LINE('',#2345,#2346);
#2345 = CARTESIAN_POINT('',(0.25,-2.404937734973,-5.515407814332));
#2346 = VECTOR('',#2347,1.);
#2347 = DIRECTION('',(-9.556056743837E-17,-0.996194698092,
    -8.715574274766E-02));
#2348 = ORIENTED_EDGE('',*,*,#2349,.T.);
#2349 = EDGE_CURVE('',#2342,#2333,#2350,.T.);
#2350 = LINE('',#2351,#2352);
#2351 = CARTESIAN_POINT('',(0.25,-3.059561830352,-5.572680001548));
#2352 = VECTOR('',#2353,1.);
#2353 = DIRECTION('',(-3.627958617518E-17,-8.715574274766E-02,
    0.996194698092));
#2354 = PLANE('',#2355);
#2355 = AXIS2_PLACEMENT_3D('',#2356,#2357,#2358);
#2356 = CARTESIAN_POINT('',(0.25,-3.853073361412,-5.642103264893));
#2357 = DIRECTION('',(-1.,9.835890490842E-17,-2.78128791642E-17));
#2358 = DIRECTION('',(-2.78128791642E-17,1.855456608539E-18,1.));
#2359 = ADVANCED_FACE('',(#2360),#2385,.F.);
#2360 = FACE_BOUND('',#2361,.T.);
#2361 = EDGE_LOOP('',(#2362,#2370,#2371,#2379));
#2362 = ORIENTED_EDGE('',*,*,#2363,.F.);
#2363 = EDGE_CURVE('',#2333,#2364,#2366,.T.);
#2364 = VERTEX_POINT('',#2365);
#2365 = CARTESIAN_POINT('',(0.65,-2.682872886802,-5.288769029926));
#2366 = LINE('',#2367,#2368);
#2367 = CARTESIAN_POINT('',(0.715197980587,-2.617923004215,
    -5.283086651503));
#2368 = VECTOR('',#2369,1.);
#2369 = DIRECTION('',(0.707106781187,0.704416026403,6.162841671622E-02)
  );
#2370 = ORIENTED_EDGE('',*,*,#2349,.F.);
#2371 = ORIENTED_EDGE('',*,*,#2372,.F.);
#2372 = EDGE_CURVE('',#2373,#2342,#2375,.T.);
#2373 = VERTEX_POINT('',#2374);
#2374 = CARTESIAN_POINT('',(0.65,-2.661083951115,-5.537817704449));
#2375 = LINE('',#2376,#2377);
#2376 = CARTESIAN_POINT('',(0.715197980587,-2.596134068528,
    -5.532135326026));
#2377 = VECTOR('',#2378,1.);
#2378 = DIRECTION('',(-0.707106781187,-0.704416026403,
    -6.162841671622E-02));
#2379 = ORIENTED_EDGE('',*,*,#2380,.F.);
#2380 = EDGE_CURVE('',#2364,#2373,#2381,.T.);
#2381 = LINE('',#2382,#2383);
#2382 = CARTESIAN_POINT('',(0.65,-2.671978418958,-5.413293367188));
#2383 = VECTOR('',#2384,1.);
#2384 = DIRECTION('',(3.627958617518E-17,8.715574274766E-02,
    -0.996194698092));
#2385 = PLANE('',#2386);
#2386 = AXIS2_PLACEMENT_3D('',#2387,#2388,#2389);
#2387 = CARTESIAN_POINT('',(0.25,-3.059561830352,-5.572680001548));
#2388 = DIRECTION('',(-0.707106781187,0.704416026403,6.162841671622E-02)
  );
#2389 = DIRECTION('',(8.682659386425E-02,-2.532538150925E-17,
    0.996223440097));
#2390 = ADVANCED_FACE('',(#2391),#2425,.F.);
#2391 = FACE_BOUND('',#2392,.T.);
#2392 = EDGE_LOOP('',(#2393,#2403,#2411,#2419));
#2393 = ORIENTED_EDGE('',*,*,#2394,.F.);
#2394 = EDGE_CURVE('',#2395,#2397,#2399,.T.);
#2395 = VERTEX_POINT('',#2396);
#2396 = CARTESIAN_POINT('',(-0.25,-4.24,-5.791532469607));
#2397 = VERTEX_POINT('',#2398);
#2398 = CARTESIAN_POINT('',(-0.25,-4.24,-6.174999998916));
#2399 = LINE('',#2400,#2401);
#2400 = CARTESIAN_POINT('',(-0.25,-4.24,-4.145006317989));
#2401 = VECTOR('',#2402,1.);
#2402 = DIRECTION('',(3.168921619751E-16,-7.199164016712E-16,-1.));
#2403 = ORIENTED_EDGE('',*,*,#2404,.T.);
#2404 = EDGE_CURVE('',#2395,#2405,#2407,.T.);
#2405 = VERTEX_POINT('',#2406);
#2406 = CARTESIAN_POINT('',(-0.25,-3.99,-5.791532469607));
#2407 = LINE('',#2408,#2409);
#2408 = CARTESIAN_POINT('',(-0.25,-4.078875633811,-5.791532469607));
#2409 = VECTOR('',#2410,1.);
#2410 = DIRECTION('',(3.104080201422E-15,1.,-1.855456608534E-18));
#2411 = ORIENTED_EDGE('',*,*,#2412,.F.);
#2412 = EDGE_CURVE('',#2413,#2405,#2415,.T.);
#2413 = VERTEX_POINT('',#2414);
#2414 = CARTESIAN_POINT('',(-0.25,-3.99,-6.174999998916));
#2415 = LINE('',#2416,#2417);
#2416 = CARTESIAN_POINT('',(-0.25,-3.99,-4.145006317989));
#2417 = VECTOR('',#2418,1.);
#2418 = DIRECTION('',(-3.168921619751E-16,7.199164016712E-16,1.));
#2419 = ORIENTED_EDGE('',*,*,#2420,.F.);
#2420 = EDGE_CURVE('',#2397,#2413,#2421,.T.);
#2421 = LINE('',#2422,#2423);
#2422 = CARTESIAN_POINT('',(-0.25,-4.115,-6.175));
#2423 = VECTOR('',#2424,1.);
#2424 = DIRECTION('',(-1.665334536938E-16,1.,-1.03583720414E-15));
#2425 = PLANE('',#2426);
#2426 = AXIS2_PLACEMENT_3D('',#2427,#2428,#2429);
#2427 = CARTESIAN_POINT('',(-0.25,-3.99,-5.791532469607));
#2428 = DIRECTION('',(1.,1.665334536938E-16,3.168921619751E-16));
#2429 = DIRECTION('',(3.168921619751E-16,-1.855456608539E-18,-1.));
#2430 = ADVANCED_FACE('',(#2431),#2458,.T.);
#2431 = FACE_BOUND('',#2432,.T.);
#2432 = EDGE_LOOP('',(#2433,#2443,#2450,#2451));
#2433 = ORIENTED_EDGE('',*,*,#2434,.F.);
#2434 = EDGE_CURVE('',#2435,#2437,#2439,.T.);
#2435 = VERTEX_POINT('',#2436);
#2436 = CARTESIAN_POINT('',(-0.25,-3.853073361412,-5.642103264893));
#2437 = VERTEX_POINT('',#2438);
#2438 = CARTESIAN_POINT('',(-0.25,-3.874862297099,-5.39305459037));
#2439 = LINE('',#2440,#2441);
#2440 = CARTESIAN_POINT('',(-0.25,-3.853073361412,-5.642103264893));
#2441 = VECTOR('',#2442,1.);
#2442 = DIRECTION('',(-3.627958617518E-17,-8.715574274766E-02,
    0.996194698092));
#2443 = ORIENTED_EDGE('',*,*,#2444,.F.);
#2444 = EDGE_CURVE('',#2405,#2435,#2445,.T.);
#2445 = CIRCLE('',#2446,0.15);
#2446 = AXIS2_PLACEMENT_3D('',#2447,#2448,#2449);
#2447 = CARTESIAN_POINT('',(-0.25,-3.84,-5.791532469607));
#2448 = DIRECTION('',(-1.,3.104080201422E-15,-2.351413272811E-15));
#2449 = DIRECTION('',(-2.613003850901E-15,-8.715574274766E-02,
    0.996194698092));
#2450 = ORIENTED_EDGE('',*,*,#2404,.F.);
#2451 = ORIENTED_EDGE('',*,*,#2452,.F.);
#2452 = EDGE_CURVE('',#2437,#2395,#2453,.T.);
#2453 = CIRCLE('',#2454,0.4);
#2454 = AXIS2_PLACEMENT_3D('',#2455,#2456,#2457);
#2455 = CARTESIAN_POINT('',(-0.25,-3.84,-5.791532469607));
#2456 = DIRECTION('',(1.,-3.104080201422E-15,2.351413272811E-15));
#2457 = DIRECTION('',(-2.613003850901E-15,-8.715574274766E-02,
    0.996194698092));
#2458 = PLANE('',#2459);
#2459 = AXIS2_PLACEMENT_3D('',#2460,#2461,#2462);
#2460 = CARTESIAN_POINT('',(-0.25,-4.042751267623,-5.605745162513));
#2461 = DIRECTION('',(-1.,3.104080201422E-15,-2.351413272811E-15));
#2462 = DIRECTION('',(-2.351413272811E-15,1.855456608539E-18,1.));
#2463 = ADVANCED_FACE('',(#2464),#2498,.F.);
#2464 = FACE_BOUND('',#2465,.T.);
#2465 = EDGE_LOOP('',(#2466,#2476,#2484,#2492));
#2466 = ORIENTED_EDGE('',*,*,#2467,.F.);
#2467 = EDGE_CURVE('',#2468,#2470,#2472,.T.);
#2468 = VERTEX_POINT('',#2469);
#2469 = CARTESIAN_POINT('',(-0.65,-2.682872886802,-5.288769029926));
#2470 = VERTEX_POINT('',#2471);
#2471 = CARTESIAN_POINT('',(-0.25,-3.081350766039,-5.323631327025));
#2472 = LINE('',#2473,#2474);
#2473 = CARTESIAN_POINT('',(-0.915197980587,-2.418684064597,
    -5.265655502953));
#2474 = VECTOR('',#2475,1.);
#2475 = DIRECTION('',(0.707106781187,-0.704416026403,-6.162841671622E-02
    ));
#2476 = ORIENTED_EDGE('',*,*,#2477,.F.);
#2477 = EDGE_CURVE('',#2478,#2468,#2480,.T.);
#2478 = VERTEX_POINT('',#2479);
#2479 = CARTESIAN_POINT('',(-0.65,-2.661083951115,-5.537817704449));
#2480 = LINE('',#2481,#2482);
#2481 = CARTESIAN_POINT('',(-0.65,-2.671978418958,-5.413293367188));
#2482 = VECTOR('',#2483,1.);
#2483 = DIRECTION('',(-3.627958617518E-17,-8.715574274766E-02,
    0.996194698092));
#2484 = ORIENTED_EDGE('',*,*,#2485,.F.);
#2485 = EDGE_CURVE('',#2486,#2478,#2488,.T.);
#2486 = VERTEX_POINT('',#2487);
#2487 = CARTESIAN_POINT('',(-0.25,-3.059561830352,-5.572680001548));
#2488 = LINE('',#2489,#2490);
#2489 = CARTESIAN_POINT('',(-0.915197980587,-2.39689512891,
    -5.514704177476));
#2490 = VECTOR('',#2491,1.);
#2491 = DIRECTION('',(-0.707106781187,0.704416026403,6.162841671622E-02)
  );
#2492 = ORIENTED_EDGE('',*,*,#2493,.T.);
#2493 = EDGE_CURVE('',#2486,#2470,#2494,.T.);
#2494 = LINE('',#2495,#2496);
#2495 = CARTESIAN_POINT('',(-0.25,-3.059561830352,-5.572680001548));
#2496 = VECTOR('',#2497,1.);
#2497 = DIRECTION('',(-3.627958617518E-17,-8.715574274766E-02,
    0.996194698092));
#2498 = PLANE('',#2499);
#2499 = AXIS2_PLACEMENT_3D('',#2500,#2501,#2502);
#2500 = CARTESIAN_POINT('',(-0.65,-2.661083951115,-5.537817704449));
#2501 = DIRECTION('',(0.707106781187,0.704416026403,6.162841671622E-02)
  );
#2502 = DIRECTION('',(8.682659386425E-02,5.424444660661E-17,
    -0.996223440097));
#2503 = ADVANCED_FACE('',(#2504),#2520,.F.);
#2504 = FACE_BOUND('',#2505,.T.);
#2505 = EDGE_LOOP('',(#2506,#2512,#2513,#2519));
#2506 = ORIENTED_EDGE('',*,*,#2507,.F.);
#2507 = EDGE_CURVE('',#2470,#2437,#2508,.T.);
#2508 = LINE('',#2509,#2510);
#2509 = CARTESIAN_POINT('',(-0.25,-2.02997090513,-5.231647508136));
#2510 = VECTOR('',#2511,1.);
#2511 = DIRECTION('',(4.362478413187E-16,-0.996194698092,
    -8.715574274766E-02));
#2512 = ORIENTED_EDGE('',*,*,#2493,.F.);
#2513 = ORIENTED_EDGE('',*,*,#2514,.F.);
#2514 = EDGE_CURVE('',#2435,#2486,#2515,.T.);
#2515 = LINE('',#2516,#2517);
#2516 = CARTESIAN_POINT('',(-0.25,-2.008181969443,-5.480696182659));
#2517 = VECTOR('',#2518,1.);
#2518 = DIRECTION('',(-4.362478413187E-16,0.996194698092,
    8.715574274766E-02));
#2519 = ORIENTED_EDGE('',*,*,#2434,.T.);
#2520 = PLANE('',#2521);
#2521 = AXIS2_PLACEMENT_3D('',#2522,#2523,#2524);
#2522 = CARTESIAN_POINT('',(-0.25,-3.059561830352,-5.572680001548));
#2523 = DIRECTION('',(1.,4.31425812296E-16,7.416303602887E-17));
#2524 = DIRECTION('',(7.416303602887E-17,-1.855456608539E-18,-1.));
#2525 = ADVANCED_FACE('',(#2526),#2551,.T.);
#2526 = FACE_BOUND('',#2527,.T.);
#2527 = EDGE_LOOP('',(#2528,#2529,#2537,#2545));
#2528 = ORIENTED_EDGE('',*,*,#2477,.T.);
#2529 = ORIENTED_EDGE('',*,*,#2530,.F.);
#2530 = EDGE_CURVE('',#2531,#2468,#2533,.T.);
#2531 = VERTEX_POINT('',#2532);
#2532 = CARTESIAN_POINT('',(-0.65,-0.386926638588,-5.087899761143));
#2533 = LINE('',#2534,#2535);
#2534 = CARTESIAN_POINT('',(-0.65,2.68393852147,-4.819233872421));
#2535 = VECTOR('',#2536,1.);
#2536 = DIRECTION('',(1.703436369402E-16,-0.996194698092,
    -8.715574274766E-02));
#2537 = ORIENTED_EDGE('',*,*,#2538,.T.);
#2538 = EDGE_CURVE('',#2531,#2539,#2541,.T.);
#2539 = VERTEX_POINT('',#2540);
#2540 = CARTESIAN_POINT('',(-0.65,-0.365137702901,-5.336948435666));
#2541 = LINE('',#2542,#2543);
#2542 = CARTESIAN_POINT('',(-0.65,-0.382133072737,-5.142690469538));
#2543 = VECTOR('',#2544,1.);
#2544 = DIRECTION('',(3.627958617518E-17,8.715574274766E-02,
    -0.996194698092));
#2545 = ORIENTED_EDGE('',*,*,#2546,.T.);
#2546 = EDGE_CURVE('',#2539,#2478,#2547,.T.);
#2547 = LINE('',#2548,#2549);
#2548 = CARTESIAN_POINT('',(-0.65,-4.237323353557,-5.675720783166));
#2549 = VECTOR('',#2550,1.);
#2550 = DIRECTION('',(1.703436369402E-16,-0.996194698092,
    -8.715574274766E-02));
#2551 = PLANE('',#2552);
#2552 = AXIS2_PLACEMENT_3D('',#2553,#2554,#2555);
#2553 = CARTESIAN_POINT('',(-0.65,-4.259112289244,-5.426672108643));
#2554 = DIRECTION('',(-1.,-1.665334536938E-16,-5.098795759653E-17));
#2555 = DIRECTION('',(3.627958617518E-17,8.715574274766E-02,
    -0.996194698092));
#2556 = ADVANCED_FACE('',(#2557),#2584,.F.);
#2557 = FACE_BOUND('',#2558,.T.);
#2558 = EDGE_LOOP('',(#2559,#2560,#2561,#2569,#2575,#2576,#2577,#2578));
#2559 = ORIENTED_EDGE('',*,*,#2332,.T.);
#2560 = ORIENTED_EDGE('',*,*,#2363,.T.);
#2561 = ORIENTED_EDGE('',*,*,#2562,.F.);
#2562 = EDGE_CURVE('',#2563,#2364,#2565,.T.);
#2563 = VERTEX_POINT('',#2564);
#2564 = CARTESIAN_POINT('',(0.65,-0.386926638588,-5.087899761143));
#2565 = LINE('',#2566,#2567);
#2566 = CARTESIAN_POINT('',(0.65,2.68393852147,-4.819233872421));
#2567 = VECTOR('',#2568,1.);
#2568 = DIRECTION('',(1.703436369402E-16,-0.996194698092,
    -8.715574274766E-02));
#2569 = ORIENTED_EDGE('',*,*,#2570,.T.);
#2570 = EDGE_CURVE('',#2563,#2531,#2571,.T.);
#2571 = LINE('',#2572,#2573);
#2572 = CARTESIAN_POINT('',(1.270521950934E-16,-0.386926638588,
    -5.087899761143));
#2573 = VECTOR('',#2574,1.);
#2574 = DIRECTION('',(-1.,-1.669454185794E-16,-4.627917740737E-17));
#2575 = ORIENTED_EDGE('',*,*,#2530,.T.);
#2576 = ORIENTED_EDGE('',*,*,#2467,.T.);
#2577 = ORIENTED_EDGE('',*,*,#2507,.T.);
#2578 = ORIENTED_EDGE('',*,*,#2579,.F.);
#2579 = EDGE_CURVE('',#2310,#2437,#2580,.T.);
#2580 = LINE('',#2581,#2582);
#2581 = CARTESIAN_POINT('',(7.235402895644E-16,-3.874862297099,
    -5.39305459037));
#2582 = VECTOR('',#2583,1.);
#2583 = DIRECTION('',(-1.,-1.669454185794E-16,-4.627917740737E-17));
#2584 = PLANE('',#2585);
#2585 = AXIS2_PLACEMENT_3D('',#2586,#2587,#2588);
#2586 = CARTESIAN_POINT('',(2.323002854693E-16,-0.978591044221,
    -5.139663689247));
#2587 = DIRECTION('',(3.155281921066E-17,8.715574274766E-02,
    -0.996194698092));
#2588 = DIRECTION('',(1.,1.669454185794E-16,4.627917740737E-17));
#2589 = ADVANCED_FACE('',(#2590),#2606,.F.);
#2590 = FACE_BOUND('',#2591,.F.);
#2591 = EDGE_LOOP('',(#2592,#2598,#2599,#2605));
#2592 = ORIENTED_EDGE('',*,*,#2593,.F.);
#2593 = EDGE_CURVE('',#2435,#2301,#2594,.T.);
#2594 = LINE('',#2595,#2596);
#2595 = CARTESIAN_POINT('',(7.238656672239E-16,-3.853073361412,
    -5.642103264893));
#2596 = VECTOR('',#2597,1.);
#2597 = DIRECTION('',(1.,1.661214888082E-16,5.56967377857E-17));
#2598 = ORIENTED_EDGE('',*,*,#2444,.F.);
#2599 = ORIENTED_EDGE('',*,*,#2600,.T.);
#2600 = EDGE_CURVE('',#2405,#2278,#2601,.T.);
#2601 = LINE('',#2602,#2603);
#2602 = CARTESIAN_POINT('',(7.542876232042E-16,-3.99,-5.791532469607));
#2603 = VECTOR('',#2604,1.);
#2604 = DIRECTION('',(1.,1.618066867293E-16,5.098795759653E-17));
#2605 = ORIENTED_EDGE('',*,*,#2300,.F.);
#2606 = CYLINDRICAL_SURFACE('',#2607,0.15);
#2607 = AXIS2_PLACEMENT_3D('',#2608,#2609,#2610);
#2608 = CARTESIAN_POINT('',(7.33384441657E-16,-3.84,-5.791532469607));
#2609 = DIRECTION('',(1.,1.665334536938E-16,5.098795759653E-17));
#2610 = DIRECTION('',(-3.627958617518E-17,-8.715574274766E-02,
    0.996194698092));
#2611 = ADVANCED_FACE('',(#2612),#2623,.T.);
#2612 = FACE_BOUND('',#2613,.T.);
#2613 = EDGE_LOOP('',(#2614,#2615,#2621,#2622));
#2614 = ORIENTED_EDGE('',*,*,#2277,.T.);
#2615 = ORIENTED_EDGE('',*,*,#2616,.F.);
#2616 = EDGE_CURVE('',#2413,#2270,#2617,.T.);
#2617 = LINE('',#2618,#2619);
#2618 = CARTESIAN_POINT('',(-0.65,-3.99,-6.175));
#2619 = VECTOR('',#2620,1.);
#2620 = DIRECTION('',(1.,1.665334536938E-16,5.098795759653E-17));
#2621 = ORIENTED_EDGE('',*,*,#2412,.T.);
#2622 = ORIENTED_EDGE('',*,*,#2600,.T.);
#2623 = PLANE('',#2624);
#2624 = AXIS2_PLACEMENT_3D('',#2625,#2626,#2627);
#2625 = CARTESIAN_POINT('',(5.817848311307E-16,-3.99,-2.498480166371));
#2626 = DIRECTION('',(-1.618066867293E-16,1.,-7.199164016712E-16));
#2627 = DIRECTION('',(1.,1.618066867293E-16,5.098795759653E-17));
#2628 = ADVANCED_FACE('',(#2629),#2645,.F.);
#2629 = FACE_BOUND('',#2630,.T.);
#2630 = EDGE_LOOP('',(#2631,#2632,#2638,#2639));
#2631 = ORIENTED_EDGE('',*,*,#2259,.T.);
#2632 = ORIENTED_EDGE('',*,*,#2633,.T.);
#2633 = EDGE_CURVE('',#2262,#2395,#2634,.T.);
#2634 = LINE('',#2635,#2636);
#2635 = CARTESIAN_POINT('',(8.04665505512E-16,-4.24,-5.791532469607));
#2636 = VECTOR('',#2637,1.);
#2637 = DIRECTION('',(-1.,-1.712602206583E-16,-5.098795759653E-17));
#2638 = ORIENTED_EDGE('',*,*,#2394,.T.);
#2639 = ORIENTED_EDGE('',*,*,#2640,.T.);
#2640 = EDGE_CURVE('',#2397,#2260,#2641,.T.);
#2641 = LINE('',#2642,#2643);
#2642 = CARTESIAN_POINT('',(-0.65,-4.24,-6.175));
#2643 = VECTOR('',#2644,1.);
#2644 = DIRECTION('',(1.,1.665334536938E-16,5.098795759653E-17));
#2645 = PLANE('',#2646);
#2646 = AXIS2_PLACEMENT_3D('',#2647,#2648,#2649);
#2647 = CARTESIAN_POINT('',(6.407654293139E-16,-4.24,-2.498480166371));
#2648 = DIRECTION('',(-1.712602206583E-16,1.,-7.199164016712E-16));
#2649 = DIRECTION('',(1.,1.712602206583E-16,5.098795759653E-17));
#2650 = ADVANCED_FACE('',(#2651),#2657,.T.);
#2651 = FACE_BOUND('',#2652,.T.);
#2652 = EDGE_LOOP('',(#2653,#2654,#2655,#2656));
#2653 = ORIENTED_EDGE('',*,*,#2269,.T.);
#2654 = ORIENTED_EDGE('',*,*,#2640,.F.);
#2655 = ORIENTED_EDGE('',*,*,#2420,.T.);
#2656 = ORIENTED_EDGE('',*,*,#2616,.T.);
#2657 = PLANE('',#2658);
#2658 = AXIS2_PLACEMENT_3D('',#2659,#2660,#2661);
#2659 = CARTESIAN_POINT('',(-0.65,-4.24,-6.175));
#2660 = DIRECTION('',(5.098795759653E-17,-1.03583720414E-15,-1.));
#2661 = DIRECTION('',(-1.665334536938E-16,1.,-1.03583720414E-15));
#2662 = ADVANCED_FACE('',(#2663),#2669,.T.);
#2663 = FACE_BOUND('',#2664,.T.);
#2664 = EDGE_LOOP('',(#2665,#2666,#2667,#2668));
#2665 = ORIENTED_EDGE('',*,*,#2317,.T.);
#2666 = ORIENTED_EDGE('',*,*,#2579,.T.);
#2667 = ORIENTED_EDGE('',*,*,#2452,.T.);
#2668 = ORIENTED_EDGE('',*,*,#2633,.F.);
#2669 = CYLINDRICAL_SURFACE('',#2670,0.4);
#2670 = AXIS2_PLACEMENT_3D('',#2671,#2672,#2673);
#2671 = CARTESIAN_POINT('',(7.33384441657E-16,-3.84,-5.791532469607));
#2672 = DIRECTION('',(1.,1.665334536938E-16,5.098795759653E-17));
#2673 = DIRECTION('',(-3.627958617518E-17,-8.715574274766E-02,
    0.996194698092));
#2674 = ADVANCED_FACE('',(#2675),#2697,.T.);
#2675 = FACE_BOUND('',#2676,.T.);
#2676 = EDGE_LOOP('',(#2677,#2678,#2679,#2680,#2681,#2682,#2690,#2696));
#2677 = ORIENTED_EDGE('',*,*,#2341,.T.);
#2678 = ORIENTED_EDGE('',*,*,#2593,.F.);
#2679 = ORIENTED_EDGE('',*,*,#2514,.T.);
#2680 = ORIENTED_EDGE('',*,*,#2485,.T.);
#2681 = ORIENTED_EDGE('',*,*,#2546,.F.);
#2682 = ORIENTED_EDGE('',*,*,#2683,.T.);
#2683 = EDGE_CURVE('',#2539,#2684,#2686,.T.);
#2684 = VERTEX_POINT('',#2685);
#2685 = CARTESIAN_POINT('',(0.65,-0.365137702901,-5.336948435666));
#2686 = LINE('',#2687,#2688);
#2687 = CARTESIAN_POINT('',(1.275193757618E-16,-0.365137702901,
    -5.336948435666));
#2688 = VECTOR('',#2689,1.);
#2689 = DIRECTION('',(1.,1.661214888082E-16,5.56967377857E-17));
#2690 = ORIENTED_EDGE('',*,*,#2691,.F.);
#2691 = EDGE_CURVE('',#2373,#2684,#2692,.T.);
#2692 = LINE('',#2693,#2694);
#2693 = CARTESIAN_POINT('',(0.65,2.705727457156,-5.068282546944));
#2694 = VECTOR('',#2695,1.);
#2695 = DIRECTION('',(-1.703436369402E-16,0.996194698092,
    8.715574274766E-02));
#2696 = ORIENTED_EDGE('',*,*,#2372,.T.);
#2697 = PLANE('',#2698);
#2698 = AXIS2_PLACEMENT_3D('',#2699,#2700,#2701);
#2699 = CARTESIAN_POINT('',(2.240229472533E-16,-0.956802108534,
    -5.38871236377));
#2700 = DIRECTION('',(4.100635313969E-17,8.715574274766E-02,
    -0.996194698092));
#2701 = DIRECTION('',(1.,1.661214888082E-16,5.56967377857E-17));
#2702 = ADVANCED_FACE('',(#2703),#2730,.F.);
#2703 = FACE_BOUND('',#2704,.F.);
#2704 = EDGE_LOOP('',(#2705,#2714,#2722,#2729));
#2705 = ORIENTED_EDGE('',*,*,#2706,.F.);
#2706 = EDGE_CURVE('',#2707,#2531,#2709,.T.);
#2707 = VERTEX_POINT('',#2708);
#2708 = CARTESIAN_POINT('',(-0.65,-0.25,-4.938470556429));
#2709 = CIRCLE('',#2710,0.15);
#2710 = AXIS2_PLACEMENT_3D('',#2711,#2712,#2713);
#2711 = CARTESIAN_POINT('',(-0.65,-0.4,-4.938470556429));
#2712 = DIRECTION('',(-1.,-1.665334536938E-16,-5.098795759653E-17));
#2713 = DIRECTION('',(-1.665334536938E-16,1.,-9.270413104628E-16));
#2714 = ORIENTED_EDGE('',*,*,#2715,.F.);
#2715 = EDGE_CURVE('',#2716,#2707,#2718,.T.);
#2716 = VERTEX_POINT('',#2717);
#2717 = CARTESIAN_POINT('',(0.65,-0.25,-4.938470556429));
#2718 = LINE('',#2719,#2720);
#2719 = CARTESIAN_POINT('',(9.663023911305E-17,-0.25,-4.938470556429));
#2720 = VECTOR('',#2721,1.);
#2721 = DIRECTION('',(-1.,-1.712602206583E-16,-5.098795759653E-17));
#2722 = ORIENTED_EDGE('',*,*,#2723,.T.);
#2723 = EDGE_CURVE('',#2716,#2563,#2724,.T.);
#2724 = CIRCLE('',#2725,0.15);
#2725 = AXIS2_PLACEMENT_3D('',#2726,#2727,#2728);
#2726 = CARTESIAN_POINT('',(0.65,-0.4,-4.938470556429));
#2727 = DIRECTION('',(-1.,-1.665334536938E-16,-5.098795759653E-17));
#2728 = DIRECTION('',(-1.665334536938E-16,1.,-9.270413104628E-16));
#2729 = ORIENTED_EDGE('',*,*,#2570,.T.);
#2730 = CYLINDRICAL_SURFACE('',#2731,0.15);
#2731 = AXIS2_PLACEMENT_3D('',#2732,#2733,#2734);
#2732 = CARTESIAN_POINT('',(1.170134762941E-16,-0.4,-4.938470556429));
#2733 = DIRECTION('',(-1.,-1.665334536938E-16,-5.098795759653E-17));
#2734 = DIRECTION('',(-1.665334536938E-16,1.,-3.066966545005E-16));
#2735 = ADVANCED_FACE('',(#2736),#2760,.T.);
#2736 = FACE_BOUND('',#2737,.T.);
#2737 = EDGE_LOOP('',(#2738,#2744,#2753,#2759));
#2738 = ORIENTED_EDGE('',*,*,#2739,.F.);
#2739 = EDGE_CURVE('',#2684,#2563,#2740,.T.);
#2740 = LINE('',#2741,#2742);
#2741 = CARTESIAN_POINT('',(0.65,-0.382133072737,-5.142690469538));
#2742 = VECTOR('',#2743,1.);
#2743 = DIRECTION('',(-3.627958617518E-17,-8.715574274766E-02,
    0.996194698092));
#2744 = ORIENTED_EDGE('',*,*,#2745,.T.);
#2745 = EDGE_CURVE('',#2684,#2746,#2748,.T.);
#2746 = VERTEX_POINT('',#2747);
#2747 = CARTESIAN_POINT('',(0.65,8.031349342128E-16,-4.938470556429));
#2748 = CIRCLE('',#2749,0.4);
#2749 = AXIS2_PLACEMENT_3D('',#2750,#2751,#2752);
#2750 = CARTESIAN_POINT('',(0.65,-0.4,-4.938470556429));
#2751 = DIRECTION('',(1.,1.665334536938E-16,5.098795759653E-17));
#2752 = DIRECTION('',(3.627958617518E-17,8.715574274766E-02,
    -0.996194698092));
#2753 = ORIENTED_EDGE('',*,*,#2754,.T.);
#2754 = EDGE_CURVE('',#2746,#2716,#2755,.T.);
#2755 = LINE('',#2756,#2757);
#2756 = CARTESIAN_POINT('',(0.65,-0.195,-4.938470556429));
#2757 = VECTOR('',#2758,1.);
#2758 = DIRECTION('',(1.665334536938E-16,-1.,3.066966545005E-16));
#2759 = ORIENTED_EDGE('',*,*,#2723,.T.);
#2760 = PLANE('',#2761);
#2761 = AXIS2_PLACEMENT_3D('',#2762,#2763,#2764);
#2762 = CARTESIAN_POINT('',(0.65,-0.365137702901,-5.336948435666));
#2763 = DIRECTION('',(1.,1.665334536938E-16,5.098795759653E-17));
#2764 = DIRECTION('',(5.098795759653E-17,-1.855456608539E-18,-1.));
#2765 = ADVANCED_FACE('',(#2766),#2772,.T.);
#2766 = FACE_BOUND('',#2767,.T.);
#2767 = EDGE_LOOP('',(#2768,#2769,#2770,#2771));
#2768 = ORIENTED_EDGE('',*,*,#2380,.T.);
#2769 = ORIENTED_EDGE('',*,*,#2691,.T.);
#2770 = ORIENTED_EDGE('',*,*,#2739,.T.);
#2771 = ORIENTED_EDGE('',*,*,#2562,.T.);
#2772 = PLANE('',#2773);
#2773 = AXIS2_PLACEMENT_3D('',#2774,#2775,#2776);
#2774 = CARTESIAN_POINT('',(0.65,0.990407534714,-4.967398635092));
#2775 = DIRECTION('',(1.,1.665334536938E-16,5.098795759653E-17));
#2776 = DIRECTION('',(-3.627958617518E-17,-8.715574274766E-02,
    0.996194698092));
#2777 = ADVANCED_FACE('',(#2778),#2810,.T.);
#2778 = FACE_BOUND('',#2779,.T.);
#2779 = EDGE_LOOP('',(#2780,#2788,#2796,#2804));
#2780 = ORIENTED_EDGE('',*,*,#2781,.F.);
#2781 = EDGE_CURVE('',#2782,#2746,#2784,.T.);
#2782 = VERTEX_POINT('',#2783);
#2783 = CARTESIAN_POINT('',(-0.65,7.504902177391E-16,-4.938470556429));
#2784 = LINE('',#2785,#2786);
#2785 = CARTESIAN_POINT('',(4.639415981419E-17,5.79551739793E-16,
    -4.938470556429));
#2786 = VECTOR('',#2787,1.);
#2787 = DIRECTION('',(1.,1.618066867293E-16,5.098795759653E-17));
#2788 = ORIENTED_EDGE('',*,*,#2789,.F.);
#2789 = EDGE_CURVE('',#2790,#2782,#2792,.T.);
#2790 = VERTEX_POINT('',#2791);
#2791 = CARTESIAN_POINT('',(-0.65,9.30972168668E-16,-4.35));
#2792 = LINE('',#2793,#2794);
#2793 = CARTESIAN_POINT('',(-0.65,-5.599309019923E-16,-9.211165091899));
#2794 = VECTOR('',#2795,1.);
#2795 = DIRECTION('',(5.098795759653E-17,-3.066966545005E-16,-1.));
#2796 = ORIENTED_EDGE('',*,*,#2797,.T.);
#2797 = EDGE_CURVE('',#2790,#2798,#2800,.T.);
#2798 = VERTEX_POINT('',#2799);
#2799 = CARTESIAN_POINT('',(0.65,9.836168851416E-16,-4.35));
#2800 = LINE('',#2801,#2802);
#2801 = CARTESIAN_POINT('',(1.638924803619E-17,7.54464363869E-16,-4.35)
  );
#2802 = VECTOR('',#2803,1.);
#2803 = DIRECTION('',(1.,1.618066867293E-16,5.098795759653E-17));
#2804 = ORIENTED_EDGE('',*,*,#2805,.F.);
#2805 = EDGE_CURVE('',#2746,#2798,#2806,.T.);
#2806 = LINE('',#2807,#2808);
#2807 = CARTESIAN_POINT('',(0.65,1.630258272158E-15,-2.241592955033));
#2808 = VECTOR('',#2809,1.);
#2809 = DIRECTION('',(-5.098795759653E-17,3.066966545005E-16,1.));
#2810 = PLANE('',#2811);
#2811 = AXIS2_PLACEMENT_3D('',#2812,#2813,#2814);
#2812 = CARTESIAN_POINT('',(9.167643403363E-17,2.973972507432E-16,
    -5.918112788663));
#2813 = DIRECTION('',(-1.618066867293E-16,1.,-2.908361289577E-16));
#2814 = DIRECTION('',(1.,1.618066867293E-16,5.098795759653E-17));
#2815 = ADVANCED_FACE('',(#2816),#2839,.T.);
#2816 = FACE_BOUND('',#2817,.T.);
#2817 = EDGE_LOOP('',(#2818,#2824,#2832,#2838));
#2818 = ORIENTED_EDGE('',*,*,#2819,.F.);
#2819 = EDGE_CURVE('',#2707,#2782,#2820,.T.);
#2820 = LINE('',#2821,#2822);
#2821 = CARTESIAN_POINT('',(-0.65,-0.195,-4.938470556429));
#2822 = VECTOR('',#2823,1.);
#2823 = DIRECTION('',(-1.665334536938E-16,1.,-3.066966545005E-16));
#2824 = ORIENTED_EDGE('',*,*,#2825,.F.);
#2825 = EDGE_CURVE('',#2826,#2707,#2828,.T.);
#2826 = VERTEX_POINT('',#2827);
#2827 = CARTESIAN_POINT('',(-0.65,-0.25,-4.35));
#2828 = LINE('',#2829,#2830);
#2829 = CARTESIAN_POINT('',(-0.65,-0.25,-2.241592955033));
#2830 = VECTOR('',#2831,1.);
#2831 = DIRECTION('',(5.098795759653E-17,-3.066966545005E-16,-1.));
#2832 = ORIENTED_EDGE('',*,*,#2833,.T.);
#2833 = EDGE_CURVE('',#2826,#2790,#2834,.T.);
#2834 = LINE('',#2835,#2836);
#2835 = CARTESIAN_POINT('',(-0.65,-0.195,-4.35));
#2836 = VECTOR('',#2837,1.);
#2837 = DIRECTION('',(-1.665334536938E-16,1.,-3.066966545005E-16));
#2838 = ORIENTED_EDGE('',*,*,#2789,.T.);
#2839 = PLANE('',#2840);
#2840 = AXIS2_PLACEMENT_3D('',#2841,#2842,#2843);
#2841 = CARTESIAN_POINT('',(-0.65,-0.25,-9.211165091899));
#2842 = DIRECTION('',(-1.,-1.665334536938E-16,-5.098795759653E-17));
#2843 = DIRECTION('',(-1.665334536938E-16,1.,-6.235803503986E-16));
#2844 = ADVANCED_FACE('',(#2845),#2857,.T.);
#2845 = FACE_BOUND('',#2846,.T.);
#2846 = EDGE_LOOP('',(#2847,#2848,#2849,#2850));
#2847 = ORIENTED_EDGE('',*,*,#2538,.F.);
#2848 = ORIENTED_EDGE('',*,*,#2706,.F.);
#2849 = ORIENTED_EDGE('',*,*,#2819,.T.);
#2850 = ORIENTED_EDGE('',*,*,#2851,.T.);
#2851 = EDGE_CURVE('',#2782,#2539,#2852,.T.);
#2852 = CIRCLE('',#2853,0.4);
#2853 = AXIS2_PLACEMENT_3D('',#2854,#2855,#2856);
#2854 = CARTESIAN_POINT('',(-0.65,-0.4,-4.938470556429));
#2855 = DIRECTION('',(-1.,-1.665334536938E-16,-5.098795759653E-17));
#2856 = DIRECTION('',(-1.665334536938E-16,1.,-1.042689542195E-15));
#2857 = PLANE('',#2858);
#2858 = AXIS2_PLACEMENT_3D('',#2859,#2860,#2861);
#2859 = CARTESIAN_POINT('',(-0.65,-0.386926638588,-5.087899761143));
#2860 = DIRECTION('',(-1.,-1.665334536938E-16,-5.098795759653E-17));
#2861 = DIRECTION('',(-5.098795759653E-17,1.855456608539E-18,1.));
#2862 = ADVANCED_FACE('',(#2863),#2895,.F.);
#2863 = FACE_BOUND('',#2864,.F.);
#2864 = EDGE_LOOP('',(#2865,#2872,#2880,#2889));
#2865 = ORIENTED_EDGE('',*,*,#2866,.F.);
#2866 = EDGE_CURVE('',#2205,#2826,#2867,.T.);
#2867 = CIRCLE('',#2868,0.15);
#2868 = AXIS2_PLACEMENT_3D('',#2869,#2870,#2871);
#2869 = CARTESIAN_POINT('',(-0.65,-0.4,-4.35));
#2870 = DIRECTION('',(-1.,-1.665334536938E-16,-5.098795759653E-17));
#2871 = DIRECTION('',(-5.098795759653E-17,1.855456608539E-18,1.));
#2872 = ORIENTED_EDGE('',*,*,#2873,.F.);
#2873 = EDGE_CURVE('',#2874,#2205,#2876,.T.);
#2874 = VERTEX_POINT('',#2875);
#2875 = CARTESIAN_POINT('',(0.65,-0.4,-4.2));
#2876 = LINE('',#2877,#2878);
#2877 = CARTESIAN_POINT('',(8.395715174963E-17,-0.4,-4.2));
#2878 = VECTOR('',#2879,1.);
#2879 = DIRECTION('',(-1.,-1.665334536938E-16,-5.571472456105E-17));
#2880 = ORIENTED_EDGE('',*,*,#2881,.T.);
#2881 = EDGE_CURVE('',#2874,#2882,#2884,.T.);
#2882 = VERTEX_POINT('',#2883);
#2883 = CARTESIAN_POINT('',(0.65,-0.25,-4.35));
#2884 = CIRCLE('',#2885,0.15);
#2885 = AXIS2_PLACEMENT_3D('',#2886,#2887,#2888);
#2886 = CARTESIAN_POINT('',(0.65,-0.4,-4.35));
#2887 = DIRECTION('',(-1.,-1.665334536938E-16,-5.098795759653E-17));
#2888 = DIRECTION('',(-5.098795759653E-17,1.855456608539E-18,1.));
#2889 = ORIENTED_EDGE('',*,*,#2890,.T.);
#2890 = EDGE_CURVE('',#2882,#2826,#2891,.T.);
#2891 = LINE('',#2892,#2893);
#2892 = CARTESIAN_POINT('',(6.662532733505E-17,-0.25,-4.35));
#2893 = VECTOR('',#2894,1.);
#2894 = DIRECTION('',(-1.,-1.712602206583E-16,-5.098795759653E-17));
#2895 = CYLINDRICAL_SURFACE('',#2896,0.15);
#2896 = AXIS2_PLACEMENT_3D('',#2897,#2898,#2899);
#2897 = CARTESIAN_POINT('',(8.700856451612E-17,-0.4,-4.35));
#2898 = DIRECTION('',(-1.,-1.665334536938E-16,-5.098795759653E-17));
#2899 = DIRECTION('',(-5.098795759653E-17,-2.982048203172E-16,1.));
#2900 = ADVANCED_FACE('',(#2901),#2907,.T.);
#2901 = FACE_BOUND('',#2902,.T.);
#2902 = EDGE_LOOP('',(#2903,#2904,#2905,#2906));
#2903 = ORIENTED_EDGE('',*,*,#2683,.F.);
#2904 = ORIENTED_EDGE('',*,*,#2851,.F.);
#2905 = ORIENTED_EDGE('',*,*,#2781,.T.);
#2906 = ORIENTED_EDGE('',*,*,#2745,.F.);
#2907 = CYLINDRICAL_SURFACE('',#2908,0.4);
#2908 = AXIS2_PLACEMENT_3D('',#2909,#2910,#2911);
#2909 = CARTESIAN_POINT('',(1.170134762941E-16,-0.4,-4.938470556429));
#2910 = DIRECTION('',(-1.,-1.665334536938E-16,-5.098795759653E-17));
#2911 = DIRECTION('',(-1.665334536938E-16,1.,-3.066966545005E-16));
#2912 = ADVANCED_FACE('',(#2913),#2935,.T.);
#2913 = FACE_BOUND('',#2914,.T.);
#2914 = EDGE_LOOP('',(#2915,#2921,#2928,#2934));
#2915 = ORIENTED_EDGE('',*,*,#2916,.F.);
#2916 = EDGE_CURVE('',#2798,#2882,#2917,.T.);
#2917 = LINE('',#2918,#2919);
#2918 = CARTESIAN_POINT('',(0.65,-0.195,-4.35));
#2919 = VECTOR('',#2920,1.);
#2920 = DIRECTION('',(1.665334536938E-16,-1.,3.066966545005E-16));
#2921 = ORIENTED_EDGE('',*,*,#2922,.T.);
#2922 = EDGE_CURVE('',#2798,#2237,#2923,.T.);
#2923 = CIRCLE('',#2924,0.4);
#2924 = AXIS2_PLACEMENT_3D('',#2925,#2926,#2927);
#2925 = CARTESIAN_POINT('',(0.65,-0.4,-4.35));
#2926 = DIRECTION('',(1.,1.665334536938E-16,5.098795759653E-17));
#2927 = DIRECTION('',(-1.665334536938E-16,1.,-5.222724994016E-16));
#2928 = ORIENTED_EDGE('',*,*,#2929,.T.);
#2929 = EDGE_CURVE('',#2237,#2874,#2930,.T.);
#2930 = LINE('',#2931,#2932);
#2931 = CARTESIAN_POINT('',(0.65,-0.4,-4.145));
#2932 = VECTOR('',#2933,1.);
#2933 = DIRECTION('',(5.098795759653E-17,2.982048203172E-16,-1.));
#2934 = ORIENTED_EDGE('',*,*,#2881,.T.);
#2935 = PLANE('',#2936);
#2936 = AXIS2_PLACEMENT_3D('',#2937,#2938,#2939);
#2937 = CARTESIAN_POINT('',(0.65,1.032595272887E-15,-4.35));
#2938 = DIRECTION('',(1.,1.665334536938E-16,5.098795759653E-17));
#2939 = DIRECTION('',(5.098795759653E-17,-1.855456608539E-18,-1.));
#2940 = ADVANCED_FACE('',(#2941),#2952,.T.);
#2941 = FACE_BOUND('',#2942,.T.);
#2942 = EDGE_LOOP('',(#2943,#2944,#2945,#2946));
#2943 = ORIENTED_EDGE('',*,*,#2754,.F.);
#2944 = ORIENTED_EDGE('',*,*,#2805,.T.);
#2945 = ORIENTED_EDGE('',*,*,#2916,.T.);
#2946 = ORIENTED_EDGE('',*,*,#2947,.T.);
#2947 = EDGE_CURVE('',#2882,#2716,#2948,.T.);
#2948 = LINE('',#2949,#2950);
#2949 = CARTESIAN_POINT('',(0.65,-0.25,-2.241592955033));
#2950 = VECTOR('',#2951,1.);
#2951 = DIRECTION('',(5.098795759653E-17,-3.066966545005E-16,-1.));
#2952 = PLANE('',#2953);
#2953 = AXIS2_PLACEMENT_3D('',#2954,#2955,#2956);
#2954 = CARTESIAN_POINT('',(0.65,-0.25,-3.941592955033));
#2955 = DIRECTION('',(1.,1.665334536938E-16,5.098795759653E-17));
#2956 = DIRECTION('',(1.665334536938E-16,-1.,6.067535326817E-16));
#2957 = ADVANCED_FACE('',(#2958),#2964,.F.);
#2958 = FACE_BOUND('',#2959,.T.);
#2959 = EDGE_LOOP('',(#2960,#2961,#2962,#2963));
#2960 = ORIENTED_EDGE('',*,*,#2715,.F.);
#2961 = ORIENTED_EDGE('',*,*,#2947,.F.);
#2962 = ORIENTED_EDGE('',*,*,#2890,.T.);
#2963 = ORIENTED_EDGE('',*,*,#2825,.T.);
#2964 = PLANE('',#2965);
#2965 = AXIS2_PLACEMENT_3D('',#2966,#2967,#2968);
#2966 = CARTESIAN_POINT('',(1.506570322168E-16,-0.25,-5.918112788663));
#2967 = DIRECTION('',(-1.712602206583E-16,1.,-2.908361289577E-16));
#2968 = DIRECTION('',(1.,1.712602206583E-16,5.098795759653E-17));
#2969 = ADVANCED_FACE('',(#2970),#2981,.T.);
#2970 = FACE_BOUND('',#2971,.T.);
#2971 = EDGE_LOOP('',(#2972,#2973,#2979,#2980));
#2972 = ORIENTED_EDGE('',*,*,#2150,.T.);
#2973 = ORIENTED_EDGE('',*,*,#2974,.T.);
#2974 = EDGE_CURVE('',#2143,#2874,#2975,.T.);
#2975 = LINE('',#2976,#2977);
#2976 = CARTESIAN_POINT('',(0.65,-2.1,-4.2));
#2977 = VECTOR('',#2978,1.);
#2978 = DIRECTION('',(-1.665334536938E-16,1.,2.982048203172E-16));
#2979 = ORIENTED_EDGE('',*,*,#2929,.F.);
#2980 = ORIENTED_EDGE('',*,*,#2236,.T.);
#2981 = PLANE('',#2982);
#2982 = AXIS2_PLACEMENT_3D('',#2983,#2984,#2985);
#2983 = CARTESIAN_POINT('',(0.65,-0.4,-4.2));
#2984 = DIRECTION('',(1.,1.665334536938E-16,5.098795759653E-17));
#2985 = DIRECTION('',(5.098795759653E-17,-1.855456608539E-18,-1.));
#2986 = ADVANCED_FACE('',(#2987),#2998,.T.);
#2987 = FACE_BOUND('',#2988,.T.);
#2988 = EDGE_LOOP('',(#2989,#2990,#2996,#2997));
#2989 = ORIENTED_EDGE('',*,*,#2079,.T.);
#2990 = ORIENTED_EDGE('',*,*,#2991,.T.);
#2991 = EDGE_CURVE('',#2072,#2173,#2992,.T.);
#2992 = LINE('',#2993,#2994);
#2993 = CARTESIAN_POINT('',(-0.65,-2.1,-4.2));
#2994 = VECTOR('',#2995,1.);
#2995 = DIRECTION('',(1.,1.665334536938E-16,5.098795759653E-17));
#2996 = ORIENTED_EDGE('',*,*,#2172,.T.);
#2997 = ORIENTED_EDGE('',*,*,#2228,.T.);
#2998 = PLANE('',#2999);
#2999 = AXIS2_PLACEMENT_3D('',#3000,#3001,#3002);
#3000 = CARTESIAN_POINT('',(0.65,-2.1,-4.2));
#3001 = DIRECTION('',(1.665334536938E-16,-1.,1.855456608539E-18));
#3002 = DIRECTION('',(5.098795759653E-17,-1.855456608539E-18,-1.));
#3003 = ADVANCED_FACE('',(#3004),#3016,.T.);
#3004 = FACE_BOUND('',#3005,.T.);
#3005 = EDGE_LOOP('',(#3006,#3007,#3008,#3009));
#3006 = ORIENTED_EDGE('',*,*,#2833,.F.);
#3007 = ORIENTED_EDGE('',*,*,#2866,.F.);
#3008 = ORIENTED_EDGE('',*,*,#2204,.T.);
#3009 = ORIENTED_EDGE('',*,*,#3010,.T.);
#3010 = EDGE_CURVE('',#2197,#2790,#3011,.T.);
#3011 = CIRCLE('',#3012,0.4);
#3012 = AXIS2_PLACEMENT_3D('',#3013,#3014,#3015);
#3013 = CARTESIAN_POINT('',(-0.65,-0.4,-4.35));
#3014 = DIRECTION('',(-1.,-1.665334536938E-16,-5.098795759653E-17));
#3015 = DIRECTION('',(-5.098795759653E-17,1.753278042062E-16,1.));
#3016 = PLANE('',#3017);
#3017 = AXIS2_PLACEMENT_3D('',#3018,#3019,#3020);
#3018 = CARTESIAN_POINT('',(-0.65,-0.25,-4.35));
#3019 = DIRECTION('',(-1.,-1.665334536938E-16,-5.098795759653E-17));
#3020 = DIRECTION('',(-5.098795759653E-17,1.855456608539E-18,1.));
#3021 = ADVANCED_FACE('',(#3022),#3028,.T.);
#3022 = FACE_BOUND('',#3023,.T.);
#3023 = EDGE_LOOP('',(#3024,#3025,#3026,#3027));
#3024 = ORIENTED_EDGE('',*,*,#2797,.F.);
#3025 = ORIENTED_EDGE('',*,*,#3010,.F.);
#3026 = ORIENTED_EDGE('',*,*,#2244,.T.);
#3027 = ORIENTED_EDGE('',*,*,#2922,.F.);
#3028 = CYLINDRICAL_SURFACE('',#3029,0.4);
#3029 = AXIS2_PLACEMENT_3D('',#3030,#3031,#3032);
#3030 = CARTESIAN_POINT('',(8.700856451612E-17,-0.4,-4.35));
#3031 = DIRECTION('',(-1.,-1.665334536938E-16,-5.098795759653E-17));
#3032 = DIRECTION('',(-5.098795759653E-17,-2.982048203172E-16,1.));
#3033 = ADVANCED_FACE('',(#3034),#3044,.F.);
#3034 = FACE_BOUND('',#3035,.T.);
#3035 = EDGE_LOOP('',(#3036,#3037,#3038,#3039,#3040,#3041,#3042,#3043));
#3036 = ORIENTED_EDGE('',*,*,#2109,.T.);
#3037 = ORIENTED_EDGE('',*,*,#2212,.T.);
#3038 = ORIENTED_EDGE('',*,*,#2873,.F.);
#3039 = ORIENTED_EDGE('',*,*,#2974,.F.);
#3040 = ORIENTED_EDGE('',*,*,#2142,.T.);
#3041 = ORIENTED_EDGE('',*,*,#2180,.T.);
#3042 = ORIENTED_EDGE('',*,*,#2991,.F.);
#3043 = ORIENTED_EDGE('',*,*,#2071,.T.);
#3044 = PLANE('',#3045);
#3045 = AXIS2_PLACEMENT_3D('',#3046,#3047,#3048);
#3046 = CARTESIAN_POINT('',(-2.41122685932E-16,1.576519833629,-4.2));
#3047 = DIRECTION('',(-5.571472456105E-17,-3.140653458601E-16,1.));
#3048 = DIRECTION('',(1.,1.665334536938E-16,5.571472456105E-17));
#3049 = ( GEOMETRIC_REPRESENTATION_CONTEXT(3) 
GLOBAL_UNCERTAINTY_ASSIGNED_CONTEXT((#3053)) 
GLOBAL_UNIT_ASSIGNED_CONTEXT((#3050,#3051,#3052)) REPRESENTATION_CONTEXT
('Context #1','3D Context with UNIT and UNCERTAINTY') );
#3050 = ( LENGTH_UNIT() NAMED_UNIT(*) SI_UNIT(.MILLI.,.METRE.) );
#3051 = ( NAMED_UNIT(*) PLANE_ANGLE_UNIT() SI_UNIT($,.RADIAN.) );
#3052 = ( NAMED_UNIT(*) SI_UNIT($,.STERADIAN.) SOLID_ANGLE_UNIT() );
#3053 = UNCERTAINTY_MEASURE_WITH_UNIT(LENGTH_MEASURE(1.E-07),#3050,
  'distance_accuracy_value','confusion accuracy');
#3054 = PRODUCT_RELATED_PRODUCT_CATEGORY('part',$,(#2043));
#3055 = SHAPE_DEFINITION_REPRESENTATION(#3056,#3062);
#3056 = PRODUCT_DEFINITION_SHAPE('','',#3057);
#3057 = PRODUCT_DEFINITION('design','',#3058,#3061);
#3058 = PRODUCT_DEFINITION_FORMATION('','',#3059);
#3059 = PRODUCT('R-78AA-1.0SMD_pin7(GND)','R-78AA-1.0SMD_pin7(GND)','',(
    #3060));
#3060 = PRODUCT_CONTEXT('',#2,'mechanical');
#3061 = PRODUCT_DEFINITION_CONTEXT('part definition',#2,'design');
#3062 = ADVANCED_BREP_SHAPE_REPRESENTATION('',(#11,#3063),#4065);
#3063 = MANIFOLD_SOLID_BREP('',#3064);
#3064 = CLOSED_SHELL('',(#3065,#3105,#3136,#3176,#3207,#3238,#3271,#3311
    ,#3344,#3375,#3406,#3446,#3479,#3519,#3541,#3572,#3605,#3627,#3644,
    #3666,#3678,#3690,#3718,#3751,#3781,#3793,#3831,#3860,#3878,#3916,
    #3928,#3956,#3973,#3985,#4002,#4019,#4037,#4049));
#3065 = ADVANCED_FACE('',(#3066),#3100,.F.);
#3066 = FACE_BOUND('',#3067,.T.);
#3067 = EDGE_LOOP('',(#3068,#3078,#3086,#3094));
#3068 = ORIENTED_EDGE('',*,*,#3069,.F.);
#3069 = EDGE_CURVE('',#3070,#3072,#3074,.T.);
#3070 = VERTEX_POINT('',#3071);
#3071 = CARTESIAN_POINT('',(2.29,-0.6,-3.95));
#3072 = VERTEX_POINT('',#3073);
#3073 = CARTESIAN_POINT('',(2.29,-2.1,-3.95));
#3074 = LINE('',#3075,#3076);
#3075 = CARTESIAN_POINT('',(2.29,0.488259916815,-3.95));
#3076 = VECTOR('',#3077,1.);
#3077 = DIRECTION('',(4.440892098501E-16,-1.,-3.140653458601E-16));
#3078 = ORIENTED_EDGE('',*,*,#3079,.T.);
#3079 = EDGE_CURVE('',#3070,#3080,#3082,.T.);
#3080 = VERTEX_POINT('',#3081);
#3081 = CARTESIAN_POINT('',(2.29,-0.6,-4.2));
#3082 = LINE('',#3083,#3084);
#3083 = CARTESIAN_POINT('',(2.29,-0.6,-3.95));
#3084 = VECTOR('',#3085,1.);
#3085 = DIRECTION('',(5.098795759653E-17,-1.855456608539E-18,-1.));
#3086 = ORIENTED_EDGE('',*,*,#3087,.F.);
#3087 = EDGE_CURVE('',#3088,#3080,#3090,.T.);
#3088 = VERTEX_POINT('',#3089);
#3089 = CARTESIAN_POINT('',(2.29,-2.1,-4.2));
#3090 = LINE('',#3091,#3092);
#3091 = CARTESIAN_POINT('',(2.29,0.488259916815,-4.2));
#3092 = VECTOR('',#3093,1.);
#3093 = DIRECTION('',(-4.440892098501E-16,1.,3.140653458601E-16));
#3094 = ORIENTED_EDGE('',*,*,#3095,.F.);
#3095 = EDGE_CURVE('',#3072,#3088,#3096,.T.);
#3096 = LINE('',#3097,#3098);
#3097 = CARTESIAN_POINT('',(2.29,-2.1,-4.075));
#3098 = VECTOR('',#3099,1.);
#3099 = DIRECTION('',(5.098795759653E-17,-1.855456608539E-18,-1.));
#3100 = PLANE('',#3101);
#3101 = AXIS2_PLACEMENT_3D('',#3102,#3103,#3104);
#3102 = CARTESIAN_POINT('',(2.29,-0.6,-3.95));
#3103 = DIRECTION('',(1.,4.440892098501E-16,5.098795759653E-17));
#3104 = DIRECTION('',(4.440892098501E-16,-1.,-3.140653458601E-16));
#3105 = ADVANCED_FACE('',(#3106),#3131,.F.);
#3106 = FACE_BOUND('',#3107,.T.);
#3107 = EDGE_LOOP('',(#3108,#3116,#3124,#3130));
#3108 = ORIENTED_EDGE('',*,*,#3109,.F.);
#3109 = EDGE_CURVE('',#3110,#3070,#3112,.T.);
#3110 = VERTEX_POINT('',#3111);
#3111 = CARTESIAN_POINT('',(1.89,-0.6,-3.95));
#3112 = LINE('',#3113,#3114);
#3113 = CARTESIAN_POINT('',(2.215,-0.6,-3.95));
#3114 = VECTOR('',#3115,1.);
#3115 = DIRECTION('',(1.,1.665334536938E-16,4.626119063202E-17));
#3116 = ORIENTED_EDGE('',*,*,#3117,.F.);
#3117 = EDGE_CURVE('',#3118,#3110,#3120,.T.);
#3118 = VERTEX_POINT('',#3119);
#3119 = CARTESIAN_POINT('',(1.89,-0.6,-4.2));
#3120 = LINE('',#3121,#3122);
#3121 = CARTESIAN_POINT('',(1.89,-0.6,-4.075));
#3122 = VECTOR('',#3123,1.);
#3123 = DIRECTION('',(-5.098795759653E-17,1.855456608539E-18,1.));
#3124 = ORIENTED_EDGE('',*,*,#3125,.F.);
#3125 = EDGE_CURVE('',#3080,#3118,#3126,.T.);
#3126 = LINE('',#3127,#3128);
#3127 = CARTESIAN_POINT('',(2.215,-0.6,-4.2));
#3128 = VECTOR('',#3129,1.);
#3129 = DIRECTION('',(-1.,-1.665334536938E-16,-5.571472456105E-17));
#3130 = ORIENTED_EDGE('',*,*,#3079,.F.);
#3131 = PLANE('',#3132);
#3132 = AXIS2_PLACEMENT_3D('',#3133,#3134,#3135);
#3133 = CARTESIAN_POINT('',(1.89,-0.6,-3.95));
#3134 = DIRECTION('',(-1.665334536938E-16,1.,-1.855456608539E-18));
#3135 = DIRECTION('',(1.,1.665334536938E-16,4.626119063202E-17));
#3136 = ADVANCED_FACE('',(#3137),#3171,.F.);
#3137 = FACE_BOUND('',#3138,.T.);
#3138 = EDGE_LOOP('',(#3139,#3149,#3157,#3165));
#3139 = ORIENTED_EDGE('',*,*,#3140,.F.);
#3140 = EDGE_CURVE('',#3141,#3143,#3145,.T.);
#3141 = VERTEX_POINT('',#3142);
#3142 = CARTESIAN_POINT('',(2.79,-0.6,-3.95));
#3143 = VERTEX_POINT('',#3144);
#3144 = CARTESIAN_POINT('',(3.19,-0.6,-3.95));
#3145 = LINE('',#3146,#3147);
#3146 = CARTESIAN_POINT('',(2.665,-0.6,-3.95));
#3147 = VECTOR('',#3148,1.);
#3148 = DIRECTION('',(1.,1.665334536938E-16,4.626119063202E-17));
#3149 = ORIENTED_EDGE('',*,*,#3150,.T.);
#3150 = EDGE_CURVE('',#3141,#3151,#3153,.T.);
#3151 = VERTEX_POINT('',#3152);
#3152 = CARTESIAN_POINT('',(2.79,-0.6,-4.2));
#3153 = LINE('',#3154,#3155);
#3154 = CARTESIAN_POINT('',(2.79,-0.6,-3.95));
#3155 = VECTOR('',#3156,1.);
#3156 = DIRECTION('',(5.098795759653E-17,-1.855456608539E-18,-1.));
#3157 = ORIENTED_EDGE('',*,*,#3158,.F.);
#3158 = EDGE_CURVE('',#3159,#3151,#3161,.T.);
#3159 = VERTEX_POINT('',#3160);
#3160 = CARTESIAN_POINT('',(3.19,-0.6,-4.2));
#3161 = LINE('',#3162,#3163);
#3162 = CARTESIAN_POINT('',(2.665,-0.6,-4.2));
#3163 = VECTOR('',#3164,1.);
#3164 = DIRECTION('',(-1.,-1.665334536938E-16,-5.571472456105E-17));
#3165 = ORIENTED_EDGE('',*,*,#3166,.F.);
#3166 = EDGE_CURVE('',#3143,#3159,#3167,.T.);
#3167 = LINE('',#3168,#3169);
#3168 = CARTESIAN_POINT('',(3.19,-0.6,-4.075));
#3169 = VECTOR('',#3170,1.);
#3170 = DIRECTION('',(5.098795759653E-17,-1.855456608539E-18,-1.));
#3171 = PLANE('',#3172);
#3172 = AXIS2_PLACEMENT_3D('',#3173,#3174,#3175);
#3173 = CARTESIAN_POINT('',(2.79,-0.6,-3.95));
#3174 = DIRECTION('',(-1.665334536938E-16,1.,-1.855456608539E-18));
#3175 = DIRECTION('',(1.,1.665334536938E-16,4.626119063202E-17));
#3176 = ADVANCED_FACE('',(#3177),#3202,.F.);
#3177 = FACE_BOUND('',#3178,.T.);
#3178 = EDGE_LOOP('',(#3179,#3187,#3195,#3201));
#3179 = ORIENTED_EDGE('',*,*,#3180,.F.);
#3180 = EDGE_CURVE('',#3181,#3141,#3183,.T.);
#3181 = VERTEX_POINT('',#3182);
#3182 = CARTESIAN_POINT('',(2.79,-2.1,-3.95));
#3183 = LINE('',#3184,#3185);
#3184 = CARTESIAN_POINT('',(2.79,-0.261740083185,-3.95));
#3185 = VECTOR('',#3186,1.);
#3186 = DIRECTION('',(1.110223024625E-16,1.,3.140653458601E-16));
#3187 = ORIENTED_EDGE('',*,*,#3188,.F.);
#3188 = EDGE_CURVE('',#3189,#3181,#3191,.T.);
#3189 = VERTEX_POINT('',#3190);
#3190 = CARTESIAN_POINT('',(2.79,-2.1,-4.2));
#3191 = LINE('',#3192,#3193);
#3192 = CARTESIAN_POINT('',(2.79,-2.1,-4.075));
#3193 = VECTOR('',#3194,1.);
#3194 = DIRECTION('',(-5.098795759653E-17,1.855456608539E-18,1.));
#3195 = ORIENTED_EDGE('',*,*,#3196,.F.);
#3196 = EDGE_CURVE('',#3151,#3189,#3197,.T.);
#3197 = LINE('',#3198,#3199);
#3198 = CARTESIAN_POINT('',(2.79,-0.261740083185,-4.2));
#3199 = VECTOR('',#3200,1.);
#3200 = DIRECTION('',(-1.110223024625E-16,-1.,-3.140653458601E-16));
#3201 = ORIENTED_EDGE('',*,*,#3150,.F.);
#3202 = PLANE('',#3203);
#3203 = AXIS2_PLACEMENT_3D('',#3204,#3205,#3206);
#3204 = CARTESIAN_POINT('',(2.79,-2.1,-3.95));
#3205 = DIRECTION('',(-1.,1.110223024625E-16,-5.098795759653E-17));
#3206 = DIRECTION('',(1.110223024625E-16,1.,3.140653458601E-16));
#3207 = ADVANCED_FACE('',(#3208),#3233,.T.);
#3208 = FACE_BOUND('',#3209,.T.);
#3209 = EDGE_LOOP('',(#3210,#3211,#3219,#3227));
#3210 = ORIENTED_EDGE('',*,*,#3117,.T.);
#3211 = ORIENTED_EDGE('',*,*,#3212,.T.);
#3212 = EDGE_CURVE('',#3110,#3213,#3215,.T.);
#3213 = VERTEX_POINT('',#3214);
#3214 = CARTESIAN_POINT('',(1.89,-0.4,-3.95));
#3215 = LINE('',#3216,#3217);
#3216 = CARTESIAN_POINT('',(1.89,4.869572136865,-3.95));
#3217 = VECTOR('',#3218,1.);
#3218 = DIRECTION('',(-1.665334536938E-16,1.,2.982048203172E-16));
#3219 = ORIENTED_EDGE('',*,*,#3220,.F.);
#3220 = EDGE_CURVE('',#3221,#3213,#3223,.T.);
#3221 = VERTEX_POINT('',#3222);
#3222 = CARTESIAN_POINT('',(1.89,-0.4,-4.2));
#3223 = LINE('',#3224,#3225);
#3224 = CARTESIAN_POINT('',(1.89,-0.4,-4.145));
#3225 = VECTOR('',#3226,1.);
#3226 = DIRECTION('',(-5.098795759653E-17,-2.982048203172E-16,1.));
#3227 = ORIENTED_EDGE('',*,*,#3228,.F.);
#3228 = EDGE_CURVE('',#3118,#3221,#3229,.T.);
#3229 = LINE('',#3230,#3231);
#3230 = CARTESIAN_POINT('',(1.89,-2.1,-4.2));
#3231 = VECTOR('',#3232,1.);
#3232 = DIRECTION('',(-1.665334536938E-16,1.,2.982048203172E-16));
#3233 = PLANE('',#3234);
#3234 = AXIS2_PLACEMENT_3D('',#3235,#3236,#3237);
#3235 = CARTESIAN_POINT('',(1.89,4.869572136865,-4.2));
#3236 = DIRECTION('',(-1.,-1.665334536938E-16,-5.098795759653E-17));
#3237 = DIRECTION('',(-5.098795759653E-17,1.855456608539E-18,1.));
#3238 = ADVANCED_FACE('',(#3239),#3266,.T.);
#3239 = FACE_BOUND('',#3240,.T.);
#3240 = EDGE_LOOP('',(#3241,#3242,#3243,#3249,#3250,#3251,#3259,#3265));
#3241 = ORIENTED_EDGE('',*,*,#3109,.T.);
#3242 = ORIENTED_EDGE('',*,*,#3069,.T.);
#3243 = ORIENTED_EDGE('',*,*,#3244,.F.);
#3244 = EDGE_CURVE('',#3181,#3072,#3245,.T.);
#3245 = LINE('',#3246,#3247);
#3246 = CARTESIAN_POINT('',(1.89,-2.1,-3.95));
#3247 = VECTOR('',#3248,1.);
#3248 = DIRECTION('',(-1.,-1.665334536938E-16,-5.098795759653E-17));
#3249 = ORIENTED_EDGE('',*,*,#3180,.T.);
#3250 = ORIENTED_EDGE('',*,*,#3140,.T.);
#3251 = ORIENTED_EDGE('',*,*,#3252,.F.);
#3252 = EDGE_CURVE('',#3253,#3143,#3255,.T.);
#3253 = VERTEX_POINT('',#3254);
#3254 = CARTESIAN_POINT('',(3.19,-0.4,-3.95));
#3255 = LINE('',#3256,#3257);
#3256 = CARTESIAN_POINT('',(3.19,-2.1,-3.95));
#3257 = VECTOR('',#3258,1.);
#3258 = DIRECTION('',(1.665334536938E-16,-1.,-2.982048203172E-16));
#3259 = ORIENTED_EDGE('',*,*,#3260,.F.);
#3260 = EDGE_CURVE('',#3213,#3253,#3261,.T.);
#3261 = LINE('',#3262,#3263);
#3262 = CARTESIAN_POINT('',(2.54,-0.4,-3.95));
#3263 = VECTOR('',#3264,1.);
#3264 = DIRECTION('',(1.,1.665334536938E-16,4.626119063202E-17));
#3265 = ORIENTED_EDGE('',*,*,#3212,.F.);
#3266 = PLANE('',#3267);
#3267 = AXIS2_PLACEMENT_3D('',#3268,#3269,#3270);
#3268 = CARTESIAN_POINT('',(2.54,1.576519833629,-3.95));
#3269 = DIRECTION('',(-4.626119063202E-17,-3.140653458601E-16,1.));
#3270 = DIRECTION('',(1.,1.665334536938E-16,4.626119063202E-17));
#3271 = ADVANCED_FACE('',(#3272),#3306,.F.);
#3272 = FACE_BOUND('',#3273,.T.);
#3273 = EDGE_LOOP('',(#3274,#3284,#3292,#3300));
#3274 = ORIENTED_EDGE('',*,*,#3275,.F.);
#3275 = EDGE_CURVE('',#3276,#3278,#3280,.T.);
#3276 = VERTEX_POINT('',#3277);
#3277 = CARTESIAN_POINT('',(2.79,-4.24,-6.174999998916));
#3278 = VERTEX_POINT('',#3279);
#3279 = CARTESIAN_POINT('',(2.79,-4.24,-5.791532469607));
#3280 = LINE('',#3281,#3282);
#3281 = CARTESIAN_POINT('',(2.79,-4.24,-4.336740082643));
#3282 = VECTOR('',#3283,1.);
#3283 = DIRECTION('',(2.14916246782E-16,7.199164016712E-16,1.));
#3284 = ORIENTED_EDGE('',*,*,#3285,.F.);
#3285 = EDGE_CURVE('',#3286,#3276,#3288,.T.);
#3286 = VERTEX_POINT('',#3287);
#3287 = CARTESIAN_POINT('',(2.79,-3.99,-6.174999998916));
#3288 = LINE('',#3289,#3290);
#3289 = CARTESIAN_POINT('',(2.79,-4.115,-6.175));
#3290 = VECTOR('',#3291,1.);
#3291 = DIRECTION('',(1.665334536938E-16,-1.,1.03583720414E-15));
#3292 = ORIENTED_EDGE('',*,*,#3293,.F.);
#3293 = EDGE_CURVE('',#3294,#3286,#3296,.T.);
#3294 = VERTEX_POINT('',#3295);
#3295 = CARTESIAN_POINT('',(2.79,-3.99,-5.791532469607));
#3296 = LINE('',#3297,#3298);
#3297 = CARTESIAN_POINT('',(2.79,-3.99,-4.336740082643));
#3298 = VECTOR('',#3299,1.);
#3299 = DIRECTION('',(-2.14916246782E-16,-7.199164016712E-16,-1.));
#3300 = ORIENTED_EDGE('',*,*,#3301,.T.);
#3301 = EDGE_CURVE('',#3294,#3278,#3302,.T.);
#3302 = LINE('',#3303,#3304);
#3303 = CARTESIAN_POINT('',(2.79,-4.078875633811,-5.791532469607));
#3304 = VECTOR('',#3305,1.);
#3305 = DIRECTION('',(1.277117161971E-14,-1.,1.855456608527E-18));
#3306 = PLANE('',#3307);
#3307 = AXIS2_PLACEMENT_3D('',#3308,#3309,#3310);
#3308 = CARTESIAN_POINT('',(2.79,-3.99,-6.174999998916));
#3309 = DIRECTION('',(-1.,-1.665334536938E-16,2.14916246782E-16));
#3310 = DIRECTION('',(2.14916246782E-16,1.855456608539E-18,1.));
#3311 = ADVANCED_FACE('',(#3312),#3339,.T.);
#3312 = FACE_BOUND('',#3313,.T.);
#3313 = EDGE_LOOP('',(#3314,#3315,#3324,#3332));
#3314 = ORIENTED_EDGE('',*,*,#3301,.F.);
#3315 = ORIENTED_EDGE('',*,*,#3316,.F.);
#3316 = EDGE_CURVE('',#3317,#3294,#3319,.T.);
#3317 = VERTEX_POINT('',#3318);
#3318 = CARTESIAN_POINT('',(2.79,-3.853073361412,-5.642103264893));
#3319 = CIRCLE('',#3320,0.15);
#3320 = AXIS2_PLACEMENT_3D('',#3321,#3322,#3323);
#3321 = CARTESIAN_POINT('',(2.79,-3.84,-5.791532469607));
#3322 = DIRECTION('',(1.,1.277117161971E-14,-1.173121490951E-14));
#3323 = DIRECTION('',(1.279965504331E-14,-8.715574274766E-02,
    0.996194698092));
#3324 = ORIENTED_EDGE('',*,*,#3325,.T.);
#3325 = EDGE_CURVE('',#3317,#3326,#3328,.T.);
#3326 = VERTEX_POINT('',#3327);
#3327 = CARTESIAN_POINT('',(2.79,-3.874862297099,-5.39305459037));
#3328 = LINE('',#3329,#3330);
#3329 = CARTESIAN_POINT('',(2.79,-3.853073361412,-5.642103264893));
#3330 = VECTOR('',#3331,1.);
#3331 = DIRECTION('',(-3.627958617518E-17,-8.715574274766E-02,
    0.996194698092));
#3332 = ORIENTED_EDGE('',*,*,#3333,.F.);
#3333 = EDGE_CURVE('',#3278,#3326,#3334,.T.);
#3334 = CIRCLE('',#3335,0.4);
#3335 = AXIS2_PLACEMENT_3D('',#3336,#3337,#3338);
#3336 = CARTESIAN_POINT('',(2.79,-3.84,-5.791532469607));
#3337 = DIRECTION('',(-1.,-1.277117161971E-14,1.173121490951E-14));
#3338 = DIRECTION('',(1.279965504331E-14,-8.715574274766E-02,
    0.996194698092));
#3339 = PLANE('',#3340);
#3340 = AXIS2_PLACEMENT_3D('',#3341,#3342,#3343);
#3341 = CARTESIAN_POINT('',(2.79,-4.042751267623,-5.605745162513));
#3342 = DIRECTION('',(1.,1.277117161971E-14,-1.173121490951E-14));
#3343 = DIRECTION('',(-1.173121490951E-14,-1.855456608541E-18,-1.));
#3344 = ADVANCED_FACE('',(#3345),#3370,.F.);
#3345 = FACE_BOUND('',#3346,.T.);
#3346 = EDGE_LOOP('',(#3347,#3355,#3356,#3364));
#3347 = ORIENTED_EDGE('',*,*,#3348,.F.);
#3348 = EDGE_CURVE('',#3326,#3349,#3351,.T.);
#3349 = VERTEX_POINT('',#3350);
#3350 = CARTESIAN_POINT('',(2.79,-3.081350766039,-5.323631327025));
#3351 = LINE('',#3352,#3353);
#3352 = CARTESIAN_POINT('',(2.79,-2.42672667066,-5.266359139809));
#3353 = VECTOR('',#3354,1.);
#3354 = DIRECTION('',(9.556056743837E-17,0.996194698092,
    8.715574274766E-02));
#3355 = ORIENTED_EDGE('',*,*,#3325,.F.);
#3356 = ORIENTED_EDGE('',*,*,#3357,.F.);
#3357 = EDGE_CURVE('',#3358,#3317,#3360,.T.);
#3358 = VERTEX_POINT('',#3359);
#3359 = CARTESIAN_POINT('',(2.79,-3.059561830352,-5.572680001548));
#3360 = LINE('',#3361,#3362);
#3361 = CARTESIAN_POINT('',(2.79,-2.404937734973,-5.515407814332));
#3362 = VECTOR('',#3363,1.);
#3363 = DIRECTION('',(-9.556056743837E-17,-0.996194698092,
    -8.715574274766E-02));
#3364 = ORIENTED_EDGE('',*,*,#3365,.T.);
#3365 = EDGE_CURVE('',#3358,#3349,#3366,.T.);
#3366 = LINE('',#3367,#3368);
#3367 = CARTESIAN_POINT('',(2.79,-3.059561830352,-5.572680001548));
#3368 = VECTOR('',#3369,1.);
#3369 = DIRECTION('',(-3.627958617518E-17,-8.715574274766E-02,
    0.996194698092));
#3370 = PLANE('',#3371);
#3371 = AXIS2_PLACEMENT_3D('',#3372,#3373,#3374);
#3372 = CARTESIAN_POINT('',(2.79,-3.853073361412,-5.642103264893));
#3373 = DIRECTION('',(-1.,9.835890490842E-17,-2.78128791642E-17));
#3374 = DIRECTION('',(-2.78128791642E-17,1.855456608539E-18,1.));
#3375 = ADVANCED_FACE('',(#3376),#3401,.F.);
#3376 = FACE_BOUND('',#3377,.T.);
#3377 = EDGE_LOOP('',(#3378,#3386,#3387,#3395));
#3378 = ORIENTED_EDGE('',*,*,#3379,.F.);
#3379 = EDGE_CURVE('',#3349,#3380,#3382,.T.);
#3380 = VERTEX_POINT('',#3381);
#3381 = CARTESIAN_POINT('',(3.19,-2.682872886802,-5.288769029926));
#3382 = LINE('',#3383,#3384);
#3383 = CARTESIAN_POINT('',(3.255197980587,-2.617923004215,
    -5.283086651503));
#3384 = VECTOR('',#3385,1.);
#3385 = DIRECTION('',(0.707106781187,0.704416026403,6.162841671622E-02)
  );
#3386 = ORIENTED_EDGE('',*,*,#3365,.F.);
#3387 = ORIENTED_EDGE('',*,*,#3388,.F.);
#3388 = EDGE_CURVE('',#3389,#3358,#3391,.T.);
#3389 = VERTEX_POINT('',#3390);
#3390 = CARTESIAN_POINT('',(3.19,-2.661083951115,-5.537817704449));
#3391 = LINE('',#3392,#3393);
#3392 = CARTESIAN_POINT('',(3.255197980587,-2.596134068528,
    -5.532135326026));
#3393 = VECTOR('',#3394,1.);
#3394 = DIRECTION('',(-0.707106781187,-0.704416026403,
    -6.162841671622E-02));
#3395 = ORIENTED_EDGE('',*,*,#3396,.F.);
#3396 = EDGE_CURVE('',#3380,#3389,#3397,.T.);
#3397 = LINE('',#3398,#3399);
#3398 = CARTESIAN_POINT('',(3.19,-2.671978418958,-5.413293367188));
#3399 = VECTOR('',#3400,1.);
#3400 = DIRECTION('',(3.627958617518E-17,8.715574274766E-02,
    -0.996194698092));
#3401 = PLANE('',#3402);
#3402 = AXIS2_PLACEMENT_3D('',#3403,#3404,#3405);
#3403 = CARTESIAN_POINT('',(2.79,-3.059561830352,-5.572680001548));
#3404 = DIRECTION('',(-0.707106781187,0.704416026403,6.162841671622E-02)
  );
#3405 = DIRECTION('',(8.682659386425E-02,-2.532538150925E-17,
    0.996223440097));
#3406 = ADVANCED_FACE('',(#3407),#3441,.F.);
#3407 = FACE_BOUND('',#3408,.T.);
#3408 = EDGE_LOOP('',(#3409,#3419,#3427,#3435));
#3409 = ORIENTED_EDGE('',*,*,#3410,.F.);
#3410 = EDGE_CURVE('',#3411,#3413,#3415,.T.);
#3411 = VERTEX_POINT('',#3412);
#3412 = CARTESIAN_POINT('',(2.29,-4.24,-5.791532469607));
#3413 = VERTEX_POINT('',#3414);
#3414 = CARTESIAN_POINT('',(2.29,-4.24,-6.174999998916));
#3415 = LINE('',#3416,#3417);
#3416 = CARTESIAN_POINT('',(2.29,-4.24,-4.145006317989));
#3417 = VECTOR('',#3418,1.);
#3418 = DIRECTION('',(3.168921619751E-16,-7.199164016712E-16,-1.));
#3419 = ORIENTED_EDGE('',*,*,#3420,.T.);
#3420 = EDGE_CURVE('',#3411,#3421,#3423,.T.);
#3421 = VERTEX_POINT('',#3422);
#3422 = CARTESIAN_POINT('',(2.29,-3.99,-5.791532469607));
#3423 = LINE('',#3424,#3425);
#3424 = CARTESIAN_POINT('',(2.29,-4.078875633811,-5.791532469607));
#3425 = VECTOR('',#3426,1.);
#3426 = DIRECTION('',(3.104080201422E-15,1.,-1.855456608534E-18));
#3427 = ORIENTED_EDGE('',*,*,#3428,.F.);
#3428 = EDGE_CURVE('',#3429,#3421,#3431,.T.);
#3429 = VERTEX_POINT('',#3430);
#3430 = CARTESIAN_POINT('',(2.29,-3.99,-6.174999998916));
#3431 = LINE('',#3432,#3433);
#3432 = CARTESIAN_POINT('',(2.29,-3.99,-4.145006317989));
#3433 = VECTOR('',#3434,1.);
#3434 = DIRECTION('',(-3.168921619751E-16,7.199164016712E-16,1.));
#3435 = ORIENTED_EDGE('',*,*,#3436,.F.);
#3436 = EDGE_CURVE('',#3413,#3429,#3437,.T.);
#3437 = LINE('',#3438,#3439);
#3438 = CARTESIAN_POINT('',(2.29,-4.115,-6.175));
#3439 = VECTOR('',#3440,1.);
#3440 = DIRECTION('',(-1.665334536938E-16,1.,-1.03583720414E-15));
#3441 = PLANE('',#3442);
#3442 = AXIS2_PLACEMENT_3D('',#3443,#3444,#3445);
#3443 = CARTESIAN_POINT('',(2.29,-3.99,-5.791532469607));
#3444 = DIRECTION('',(1.,1.665334536938E-16,3.168921619751E-16));
#3445 = DIRECTION('',(3.168921619751E-16,-1.855456608539E-18,-1.));
#3446 = ADVANCED_FACE('',(#3447),#3474,.T.);
#3447 = FACE_BOUND('',#3448,.T.);
#3448 = EDGE_LOOP('',(#3449,#3459,#3466,#3467));
#3449 = ORIENTED_EDGE('',*,*,#3450,.F.);
#3450 = EDGE_CURVE('',#3451,#3453,#3455,.T.);
#3451 = VERTEX_POINT('',#3452);
#3452 = CARTESIAN_POINT('',(2.29,-3.853073361412,-5.642103264893));
#3453 = VERTEX_POINT('',#3454);
#3454 = CARTESIAN_POINT('',(2.29,-3.874862297099,-5.39305459037));
#3455 = LINE('',#3456,#3457);
#3456 = CARTESIAN_POINT('',(2.29,-3.853073361412,-5.642103264893));
#3457 = VECTOR('',#3458,1.);
#3458 = DIRECTION('',(-3.627958617518E-17,-8.715574274766E-02,
    0.996194698092));
#3459 = ORIENTED_EDGE('',*,*,#3460,.F.);
#3460 = EDGE_CURVE('',#3421,#3451,#3461,.T.);
#3461 = CIRCLE('',#3462,0.15);
#3462 = AXIS2_PLACEMENT_3D('',#3463,#3464,#3465);
#3463 = CARTESIAN_POINT('',(2.29,-3.84,-5.791532469607));
#3464 = DIRECTION('',(-1.,3.104080201422E-15,-2.351413272811E-15));
#3465 = DIRECTION('',(-2.613003850901E-15,-8.715574274766E-02,
    0.996194698092));
#3466 = ORIENTED_EDGE('',*,*,#3420,.F.);
#3467 = ORIENTED_EDGE('',*,*,#3468,.F.);
#3468 = EDGE_CURVE('',#3453,#3411,#3469,.T.);
#3469 = CIRCLE('',#3470,0.4);
#3470 = AXIS2_PLACEMENT_3D('',#3471,#3472,#3473);
#3471 = CARTESIAN_POINT('',(2.29,-3.84,-5.791532469607));
#3472 = DIRECTION('',(1.,-3.104080201422E-15,2.351413272811E-15));
#3473 = DIRECTION('',(-2.613003850901E-15,-8.715574274766E-02,
    0.996194698092));
#3474 = PLANE('',#3475);
#3475 = AXIS2_PLACEMENT_3D('',#3476,#3477,#3478);
#3476 = CARTESIAN_POINT('',(2.29,-4.042751267623,-5.605745162513));
#3477 = DIRECTION('',(-1.,3.104080201422E-15,-2.351413272811E-15));
#3478 = DIRECTION('',(-2.351413272811E-15,1.855456608539E-18,1.));
#3479 = ADVANCED_FACE('',(#3480),#3514,.F.);
#3480 = FACE_BOUND('',#3481,.T.);
#3481 = EDGE_LOOP('',(#3482,#3492,#3500,#3508));
#3482 = ORIENTED_EDGE('',*,*,#3483,.F.);
#3483 = EDGE_CURVE('',#3484,#3486,#3488,.T.);
#3484 = VERTEX_POINT('',#3485);
#3485 = CARTESIAN_POINT('',(1.89,-2.682872886802,-5.288769029926));
#3486 = VERTEX_POINT('',#3487);
#3487 = CARTESIAN_POINT('',(2.29,-3.081350766039,-5.323631327025));
#3488 = LINE('',#3489,#3490);
#3489 = CARTESIAN_POINT('',(1.624802019413,-2.418684064597,
    -5.265655502953));
#3490 = VECTOR('',#3491,1.);
#3491 = DIRECTION('',(0.707106781187,-0.704416026403,-6.162841671622E-02
    ));
#3492 = ORIENTED_EDGE('',*,*,#3493,.F.);
#3493 = EDGE_CURVE('',#3494,#3484,#3496,.T.);
#3494 = VERTEX_POINT('',#3495);
#3495 = CARTESIAN_POINT('',(1.89,-2.661083951115,-5.537817704449));
#3496 = LINE('',#3497,#3498);
#3497 = CARTESIAN_POINT('',(1.89,-2.671978418958,-5.413293367188));
#3498 = VECTOR('',#3499,1.);
#3499 = DIRECTION('',(-3.627958617518E-17,-8.715574274766E-02,
    0.996194698092));
#3500 = ORIENTED_EDGE('',*,*,#3501,.F.);
#3501 = EDGE_CURVE('',#3502,#3494,#3504,.T.);
#3502 = VERTEX_POINT('',#3503);
#3503 = CARTESIAN_POINT('',(2.29,-3.059561830352,-5.572680001548));
#3504 = LINE('',#3505,#3506);
#3505 = CARTESIAN_POINT('',(1.624802019413,-2.39689512891,
    -5.514704177476));
#3506 = VECTOR('',#3507,1.);
#3507 = DIRECTION('',(-0.707106781187,0.704416026403,6.162841671622E-02)
  );
#3508 = ORIENTED_EDGE('',*,*,#3509,.T.);
#3509 = EDGE_CURVE('',#3502,#3486,#3510,.T.);
#3510 = LINE('',#3511,#3512);
#3511 = CARTESIAN_POINT('',(2.29,-3.059561830352,-5.572680001548));
#3512 = VECTOR('',#3513,1.);
#3513 = DIRECTION('',(-3.627958617518E-17,-8.715574274766E-02,
    0.996194698092));
#3514 = PLANE('',#3515);
#3515 = AXIS2_PLACEMENT_3D('',#3516,#3517,#3518);
#3516 = CARTESIAN_POINT('',(1.89,-2.661083951115,-5.537817704449));
#3517 = DIRECTION('',(0.707106781187,0.704416026403,6.162841671622E-02)
  );
#3518 = DIRECTION('',(8.682659386425E-02,5.424444660661E-17,
    -0.996223440097));
#3519 = ADVANCED_FACE('',(#3520),#3536,.F.);
#3520 = FACE_BOUND('',#3521,.T.);
#3521 = EDGE_LOOP('',(#3522,#3528,#3529,#3535));
#3522 = ORIENTED_EDGE('',*,*,#3523,.F.);
#3523 = EDGE_CURVE('',#3486,#3453,#3524,.T.);
#3524 = LINE('',#3525,#3526);
#3525 = CARTESIAN_POINT('',(2.29,-2.02997090513,-5.231647508136));
#3526 = VECTOR('',#3527,1.);
#3527 = DIRECTION('',(4.362478413187E-16,-0.996194698092,
    -8.715574274766E-02));
#3528 = ORIENTED_EDGE('',*,*,#3509,.F.);
#3529 = ORIENTED_EDGE('',*,*,#3530,.F.);
#3530 = EDGE_CURVE('',#3451,#3502,#3531,.T.);
#3531 = LINE('',#3532,#3533);
#3532 = CARTESIAN_POINT('',(2.29,-2.008181969443,-5.480696182659));
#3533 = VECTOR('',#3534,1.);
#3534 = DIRECTION('',(-4.362478413187E-16,0.996194698092,
    8.715574274766E-02));
#3535 = ORIENTED_EDGE('',*,*,#3450,.T.);
#3536 = PLANE('',#3537);
#3537 = AXIS2_PLACEMENT_3D('',#3538,#3539,#3540);
#3538 = CARTESIAN_POINT('',(2.29,-3.059561830352,-5.572680001548));
#3539 = DIRECTION('',(1.,4.31425812296E-16,7.416303602887E-17));
#3540 = DIRECTION('',(7.416303602887E-17,-1.855456608539E-18,-1.));
#3541 = ADVANCED_FACE('',(#3542),#3567,.T.);
#3542 = FACE_BOUND('',#3543,.T.);
#3543 = EDGE_LOOP('',(#3544,#3545,#3553,#3561));
#3544 = ORIENTED_EDGE('',*,*,#3493,.T.);
#3545 = ORIENTED_EDGE('',*,*,#3546,.F.);
#3546 = EDGE_CURVE('',#3547,#3484,#3549,.T.);
#3547 = VERTEX_POINT('',#3548);
#3548 = CARTESIAN_POINT('',(1.89,-0.386926638588,-5.087899761143));
#3549 = LINE('',#3550,#3551);
#3550 = CARTESIAN_POINT('',(1.89,2.68393852147,-4.819233872421));
#3551 = VECTOR('',#3552,1.);
#3552 = DIRECTION('',(1.703436369402E-16,-0.996194698092,
    -8.715574274766E-02));
#3553 = ORIENTED_EDGE('',*,*,#3554,.T.);
#3554 = EDGE_CURVE('',#3547,#3555,#3557,.T.);
#3555 = VERTEX_POINT('',#3556);
#3556 = CARTESIAN_POINT('',(1.89,-0.365137702901,-5.336948435666));
#3557 = LINE('',#3558,#3559);
#3558 = CARTESIAN_POINT('',(1.89,-0.382133072737,-5.142690469538));
#3559 = VECTOR('',#3560,1.);
#3560 = DIRECTION('',(3.627958617518E-17,8.715574274766E-02,
    -0.996194698092));
#3561 = ORIENTED_EDGE('',*,*,#3562,.T.);
#3562 = EDGE_CURVE('',#3555,#3494,#3563,.T.);
#3563 = LINE('',#3564,#3565);
#3564 = CARTESIAN_POINT('',(1.89,-4.237323353557,-5.675720783166));
#3565 = VECTOR('',#3566,1.);
#3566 = DIRECTION('',(1.703436369402E-16,-0.996194698092,
    -8.715574274766E-02));
#3567 = PLANE('',#3568);
#3568 = AXIS2_PLACEMENT_3D('',#3569,#3570,#3571);
#3569 = CARTESIAN_POINT('',(1.89,-4.259112289244,-5.426672108643));
#3570 = DIRECTION('',(-1.,-1.665334536938E-16,-5.098795759653E-17));
#3571 = DIRECTION('',(3.627958617518E-17,8.715574274766E-02,
    -0.996194698092));
#3572 = ADVANCED_FACE('',(#3573),#3600,.F.);
#3573 = FACE_BOUND('',#3574,.T.);
#3574 = EDGE_LOOP('',(#3575,#3576,#3577,#3585,#3591,#3592,#3593,#3594));
#3575 = ORIENTED_EDGE('',*,*,#3348,.T.);
#3576 = ORIENTED_EDGE('',*,*,#3379,.T.);
#3577 = ORIENTED_EDGE('',*,*,#3578,.F.);
#3578 = EDGE_CURVE('',#3579,#3380,#3581,.T.);
#3579 = VERTEX_POINT('',#3580);
#3580 = CARTESIAN_POINT('',(3.19,-0.386926638588,-5.087899761143));
#3581 = LINE('',#3582,#3583);
#3582 = CARTESIAN_POINT('',(3.19,2.68393852147,-4.819233872421));
#3583 = VECTOR('',#3584,1.);
#3584 = DIRECTION('',(1.703436369402E-16,-0.996194698092,
    -8.715574274766E-02));
#3585 = ORIENTED_EDGE('',*,*,#3586,.T.);
#3586 = EDGE_CURVE('',#3579,#3547,#3587,.T.);
#3587 = LINE('',#3588,#3589);
#3588 = CARTESIAN_POINT('',(2.54,-0.386926638588,-5.087899761143));
#3589 = VECTOR('',#3590,1.);
#3590 = DIRECTION('',(-1.,-1.669454185794E-16,-4.627917740737E-17));
#3591 = ORIENTED_EDGE('',*,*,#3546,.T.);
#3592 = ORIENTED_EDGE('',*,*,#3483,.T.);
#3593 = ORIENTED_EDGE('',*,*,#3523,.T.);
#3594 = ORIENTED_EDGE('',*,*,#3595,.F.);
#3595 = EDGE_CURVE('',#3326,#3453,#3596,.T.);
#3596 = LINE('',#3597,#3598);
#3597 = CARTESIAN_POINT('',(2.54,-3.874862297099,-5.39305459037));
#3598 = VECTOR('',#3599,1.);
#3599 = DIRECTION('',(-1.,-1.669454185794E-16,-4.627917740737E-17));
#3600 = PLANE('',#3601);
#3601 = AXIS2_PLACEMENT_3D('',#3602,#3603,#3604);
#3602 = CARTESIAN_POINT('',(2.54,-0.978591044221,-5.139663689247));
#3603 = DIRECTION('',(3.155281921066E-17,8.715574274766E-02,
    -0.996194698092));
#3604 = DIRECTION('',(1.,1.669454185794E-16,4.627917740737E-17));
#3605 = ADVANCED_FACE('',(#3606),#3622,.F.);
#3606 = FACE_BOUND('',#3607,.F.);
#3607 = EDGE_LOOP('',(#3608,#3614,#3615,#3621));
#3608 = ORIENTED_EDGE('',*,*,#3609,.F.);
#3609 = EDGE_CURVE('',#3451,#3317,#3610,.T.);
#3610 = LINE('',#3611,#3612);
#3611 = CARTESIAN_POINT('',(2.54,-3.853073361412,-5.642103264893));
#3612 = VECTOR('',#3613,1.);
#3613 = DIRECTION('',(1.,1.661214888082E-16,5.56967377857E-17));
#3614 = ORIENTED_EDGE('',*,*,#3460,.F.);
#3615 = ORIENTED_EDGE('',*,*,#3616,.T.);
#3616 = EDGE_CURVE('',#3421,#3294,#3617,.T.);
#3617 = LINE('',#3618,#3619);
#3618 = CARTESIAN_POINT('',(2.54,-3.99,-5.791532469607));
#3619 = VECTOR('',#3620,1.);
#3620 = DIRECTION('',(1.,1.618066867293E-16,5.098795759653E-17));
#3621 = ORIENTED_EDGE('',*,*,#3316,.F.);
#3622 = CYLINDRICAL_SURFACE('',#3623,0.15);
#3623 = AXIS2_PLACEMENT_3D('',#3624,#3625,#3626);
#3624 = CARTESIAN_POINT('',(2.54,-3.84,-5.791532469607));
#3625 = DIRECTION('',(1.,1.665334536938E-16,5.098795759653E-17));
#3626 = DIRECTION('',(-3.627958617518E-17,-8.715574274766E-02,
    0.996194698092));
#3627 = ADVANCED_FACE('',(#3628),#3639,.T.);
#3628 = FACE_BOUND('',#3629,.T.);
#3629 = EDGE_LOOP('',(#3630,#3631,#3637,#3638));
#3630 = ORIENTED_EDGE('',*,*,#3293,.T.);
#3631 = ORIENTED_EDGE('',*,*,#3632,.F.);
#3632 = EDGE_CURVE('',#3429,#3286,#3633,.T.);
#3633 = LINE('',#3634,#3635);
#3634 = CARTESIAN_POINT('',(1.89,-3.99,-6.175));
#3635 = VECTOR('',#3636,1.);
#3636 = DIRECTION('',(1.,1.665334536938E-16,5.098795759653E-17));
#3637 = ORIENTED_EDGE('',*,*,#3428,.T.);
#3638 = ORIENTED_EDGE('',*,*,#3616,.T.);
#3639 = PLANE('',#3640);
#3640 = AXIS2_PLACEMENT_3D('',#3641,#3642,#3643);
#3641 = CARTESIAN_POINT('',(2.54,-3.99,-2.498480166371));
#3642 = DIRECTION('',(-1.618066867293E-16,1.,-7.199164016712E-16));
#3643 = DIRECTION('',(1.,1.618066867293E-16,5.098795759653E-17));
#3644 = ADVANCED_FACE('',(#3645),#3661,.F.);
#3645 = FACE_BOUND('',#3646,.T.);
#3646 = EDGE_LOOP('',(#3647,#3648,#3654,#3655));
#3647 = ORIENTED_EDGE('',*,*,#3275,.T.);
#3648 = ORIENTED_EDGE('',*,*,#3649,.T.);
#3649 = EDGE_CURVE('',#3278,#3411,#3650,.T.);
#3650 = LINE('',#3651,#3652);
#3651 = CARTESIAN_POINT('',(2.54,-4.24,-5.791532469607));
#3652 = VECTOR('',#3653,1.);
#3653 = DIRECTION('',(-1.,-1.712602206583E-16,-5.098795759653E-17));
#3654 = ORIENTED_EDGE('',*,*,#3410,.T.);
#3655 = ORIENTED_EDGE('',*,*,#3656,.T.);
#3656 = EDGE_CURVE('',#3413,#3276,#3657,.T.);
#3657 = LINE('',#3658,#3659);
#3658 = CARTESIAN_POINT('',(1.89,-4.24,-6.175));
#3659 = VECTOR('',#3660,1.);
#3660 = DIRECTION('',(1.,1.665334536938E-16,5.098795759653E-17));
#3661 = PLANE('',#3662);
#3662 = AXIS2_PLACEMENT_3D('',#3663,#3664,#3665);
#3663 = CARTESIAN_POINT('',(2.54,-4.24,-2.498480166371));
#3664 = DIRECTION('',(-1.712602206583E-16,1.,-7.199164016712E-16));
#3665 = DIRECTION('',(1.,1.712602206583E-16,5.098795759653E-17));
#3666 = ADVANCED_FACE('',(#3667),#3673,.T.);
#3667 = FACE_BOUND('',#3668,.T.);
#3668 = EDGE_LOOP('',(#3669,#3670,#3671,#3672));
#3669 = ORIENTED_EDGE('',*,*,#3285,.T.);
#3670 = ORIENTED_EDGE('',*,*,#3656,.F.);
#3671 = ORIENTED_EDGE('',*,*,#3436,.T.);
#3672 = ORIENTED_EDGE('',*,*,#3632,.T.);
#3673 = PLANE('',#3674);
#3674 = AXIS2_PLACEMENT_3D('',#3675,#3676,#3677);
#3675 = CARTESIAN_POINT('',(1.89,-4.24,-6.175));
#3676 = DIRECTION('',(5.098795759653E-17,-1.03583720414E-15,-1.));
#3677 = DIRECTION('',(-1.665334536938E-16,1.,-1.03583720414E-15));
#3678 = ADVANCED_FACE('',(#3679),#3685,.T.);
#3679 = FACE_BOUND('',#3680,.T.);
#3680 = EDGE_LOOP('',(#3681,#3682,#3683,#3684));
#3681 = ORIENTED_EDGE('',*,*,#3333,.T.);
#3682 = ORIENTED_EDGE('',*,*,#3595,.T.);
#3683 = ORIENTED_EDGE('',*,*,#3468,.T.);
#3684 = ORIENTED_EDGE('',*,*,#3649,.F.);
#3685 = CYLINDRICAL_SURFACE('',#3686,0.4);
#3686 = AXIS2_PLACEMENT_3D('',#3687,#3688,#3689);
#3687 = CARTESIAN_POINT('',(2.54,-3.84,-5.791532469607));
#3688 = DIRECTION('',(1.,1.665334536938E-16,5.098795759653E-17));
#3689 = DIRECTION('',(-3.627958617518E-17,-8.715574274766E-02,
    0.996194698092));
#3690 = ADVANCED_FACE('',(#3691),#3713,.T.);
#3691 = FACE_BOUND('',#3692,.T.);
#3692 = EDGE_LOOP('',(#3693,#3694,#3695,#3696,#3697,#3698,#3706,#3712));
#3693 = ORIENTED_EDGE('',*,*,#3357,.T.);
#3694 = ORIENTED_EDGE('',*,*,#3609,.F.);
#3695 = ORIENTED_EDGE('',*,*,#3530,.T.);
#3696 = ORIENTED_EDGE('',*,*,#3501,.T.);
#3697 = ORIENTED_EDGE('',*,*,#3562,.F.);
#3698 = ORIENTED_EDGE('',*,*,#3699,.T.);
#3699 = EDGE_CURVE('',#3555,#3700,#3702,.T.);
#3700 = VERTEX_POINT('',#3701);
#3701 = CARTESIAN_POINT('',(3.19,-0.365137702901,-5.336948435666));
#3702 = LINE('',#3703,#3704);
#3703 = CARTESIAN_POINT('',(2.54,-0.365137702901,-5.336948435666));
#3704 = VECTOR('',#3705,1.);
#3705 = DIRECTION('',(1.,1.661214888082E-16,5.56967377857E-17));
#3706 = ORIENTED_EDGE('',*,*,#3707,.F.);
#3707 = EDGE_CURVE('',#3389,#3700,#3708,.T.);
#3708 = LINE('',#3709,#3710);
#3709 = CARTESIAN_POINT('',(3.19,2.705727457156,-5.068282546944));
#3710 = VECTOR('',#3711,1.);
#3711 = DIRECTION('',(-1.703436369402E-16,0.996194698092,
    8.715574274766E-02));
#3712 = ORIENTED_EDGE('',*,*,#3388,.T.);
#3713 = PLANE('',#3714);
#3714 = AXIS2_PLACEMENT_3D('',#3715,#3716,#3717);
#3715 = CARTESIAN_POINT('',(2.54,-0.956802108534,-5.38871236377));
#3716 = DIRECTION('',(4.100635313969E-17,8.715574274766E-02,
    -0.996194698092));
#3717 = DIRECTION('',(1.,1.661214888082E-16,5.56967377857E-17));
#3718 = ADVANCED_FACE('',(#3719),#3746,.F.);
#3719 = FACE_BOUND('',#3720,.F.);
#3720 = EDGE_LOOP('',(#3721,#3730,#3738,#3745));
#3721 = ORIENTED_EDGE('',*,*,#3722,.F.);
#3722 = EDGE_CURVE('',#3723,#3547,#3725,.T.);
#3723 = VERTEX_POINT('',#3724);
#3724 = CARTESIAN_POINT('',(1.89,-0.25,-4.938470556429));
#3725 = CIRCLE('',#3726,0.15);
#3726 = AXIS2_PLACEMENT_3D('',#3727,#3728,#3729);
#3727 = CARTESIAN_POINT('',(1.89,-0.4,-4.938470556429));
#3728 = DIRECTION('',(-1.,-1.665334536938E-16,-5.098795759653E-17));
#3729 = DIRECTION('',(-1.665334536938E-16,1.,-9.270413104628E-16));
#3730 = ORIENTED_EDGE('',*,*,#3731,.F.);
#3731 = EDGE_CURVE('',#3732,#3723,#3734,.T.);
#3732 = VERTEX_POINT('',#3733);
#3733 = CARTESIAN_POINT('',(3.19,-0.25,-4.938470556429));
#3734 = LINE('',#3735,#3736);
#3735 = CARTESIAN_POINT('',(2.54,-0.25,-4.938470556429));
#3736 = VECTOR('',#3737,1.);
#3737 = DIRECTION('',(-1.,-1.712602206583E-16,-5.098795759653E-17));
#3738 = ORIENTED_EDGE('',*,*,#3739,.T.);
#3739 = EDGE_CURVE('',#3732,#3579,#3740,.T.);
#3740 = CIRCLE('',#3741,0.15);
#3741 = AXIS2_PLACEMENT_3D('',#3742,#3743,#3744);
#3742 = CARTESIAN_POINT('',(3.19,-0.4,-4.938470556429));
#3743 = DIRECTION('',(-1.,-1.665334536938E-16,-5.098795759653E-17));
#3744 = DIRECTION('',(-1.665334536938E-16,1.,-9.270413104628E-16));
#3745 = ORIENTED_EDGE('',*,*,#3586,.T.);
#3746 = CYLINDRICAL_SURFACE('',#3747,0.15);
#3747 = AXIS2_PLACEMENT_3D('',#3748,#3749,#3750);
#3748 = CARTESIAN_POINT('',(2.54,-0.4,-4.938470556429));
#3749 = DIRECTION('',(-1.,-1.665334536938E-16,-5.098795759653E-17));
#3750 = DIRECTION('',(-1.665334536938E-16,1.,-3.066966545005E-16));
#3751 = ADVANCED_FACE('',(#3752),#3776,.T.);
#3752 = FACE_BOUND('',#3753,.T.);
#3753 = EDGE_LOOP('',(#3754,#3760,#3769,#3775));
#3754 = ORIENTED_EDGE('',*,*,#3755,.F.);
#3755 = EDGE_CURVE('',#3700,#3579,#3756,.T.);
#3756 = LINE('',#3757,#3758);
#3757 = CARTESIAN_POINT('',(3.19,-0.382133072737,-5.142690469538));
#3758 = VECTOR('',#3759,1.);
#3759 = DIRECTION('',(-3.627958617518E-17,-8.715574274766E-02,
    0.996194698092));
#3760 = ORIENTED_EDGE('',*,*,#3761,.T.);
#3761 = EDGE_CURVE('',#3700,#3762,#3764,.T.);
#3762 = VERTEX_POINT('',#3763);
#3763 = CARTESIAN_POINT('',(3.19,8.031349342128E-16,-4.938470556429));
#3764 = CIRCLE('',#3765,0.4);
#3765 = AXIS2_PLACEMENT_3D('',#3766,#3767,#3768);
#3766 = CARTESIAN_POINT('',(3.19,-0.4,-4.938470556429));
#3767 = DIRECTION('',(1.,1.665334536938E-16,5.098795759653E-17));
#3768 = DIRECTION('',(3.627958617518E-17,8.715574274766E-02,
    -0.996194698092));
#3769 = ORIENTED_EDGE('',*,*,#3770,.T.);
#3770 = EDGE_CURVE('',#3762,#3732,#3771,.T.);
#3771 = LINE('',#3772,#3773);
#3772 = CARTESIAN_POINT('',(3.19,-0.195,-4.938470556429));
#3773 = VECTOR('',#3774,1.);
#3774 = DIRECTION('',(1.665334536938E-16,-1.,3.066966545005E-16));
#3775 = ORIENTED_EDGE('',*,*,#3739,.T.);
#3776 = PLANE('',#3777);
#3777 = AXIS2_PLACEMENT_3D('',#3778,#3779,#3780);
#3778 = CARTESIAN_POINT('',(3.19,-0.365137702901,-5.336948435666));
#3779 = DIRECTION('',(1.,1.665334536938E-16,5.098795759653E-17));
#3780 = DIRECTION('',(5.098795759653E-17,-1.855456608539E-18,-1.));
#3781 = ADVANCED_FACE('',(#3782),#3788,.T.);
#3782 = FACE_BOUND('',#3783,.T.);
#3783 = EDGE_LOOP('',(#3784,#3785,#3786,#3787));
#3784 = ORIENTED_EDGE('',*,*,#3396,.T.);
#3785 = ORIENTED_EDGE('',*,*,#3707,.T.);
#3786 = ORIENTED_EDGE('',*,*,#3755,.T.);
#3787 = ORIENTED_EDGE('',*,*,#3578,.T.);
#3788 = PLANE('',#3789);
#3789 = AXIS2_PLACEMENT_3D('',#3790,#3791,#3792);
#3790 = CARTESIAN_POINT('',(3.19,0.990407534714,-4.967398635092));
#3791 = DIRECTION('',(1.,1.665334536938E-16,5.098795759653E-17));
#3792 = DIRECTION('',(-3.627958617518E-17,-8.715574274766E-02,
    0.996194698092));
#3793 = ADVANCED_FACE('',(#3794),#3826,.T.);
#3794 = FACE_BOUND('',#3795,.T.);
#3795 = EDGE_LOOP('',(#3796,#3804,#3812,#3820));
#3796 = ORIENTED_EDGE('',*,*,#3797,.F.);
#3797 = EDGE_CURVE('',#3798,#3762,#3800,.T.);
#3798 = VERTEX_POINT('',#3799);
#3799 = CARTESIAN_POINT('',(1.89,7.504902177391E-16,-4.938470556429));
#3800 = LINE('',#3801,#3802);
#3801 = CARTESIAN_POINT('',(2.54,5.79551739793E-16,-4.938470556429));
#3802 = VECTOR('',#3803,1.);
#3803 = DIRECTION('',(1.,1.618066867293E-16,5.098795759653E-17));
#3804 = ORIENTED_EDGE('',*,*,#3805,.F.);
#3805 = EDGE_CURVE('',#3806,#3798,#3808,.T.);
#3806 = VERTEX_POINT('',#3807);
#3807 = CARTESIAN_POINT('',(1.89,9.30972168668E-16,-4.35));
#3808 = LINE('',#3809,#3810);
#3809 = CARTESIAN_POINT('',(1.89,-5.599309019923E-16,-9.211165091899));
#3810 = VECTOR('',#3811,1.);
#3811 = DIRECTION('',(5.098795759653E-17,-3.066966545005E-16,-1.));
#3812 = ORIENTED_EDGE('',*,*,#3813,.T.);
#3813 = EDGE_CURVE('',#3806,#3814,#3816,.T.);
#3814 = VERTEX_POINT('',#3815);
#3815 = CARTESIAN_POINT('',(3.19,9.836168851416E-16,-4.35));
#3816 = LINE('',#3817,#3818);
#3817 = CARTESIAN_POINT('',(2.54,7.54464363869E-16,-4.35));
#3818 = VECTOR('',#3819,1.);
#3819 = DIRECTION('',(1.,1.618066867293E-16,5.098795759653E-17));
#3820 = ORIENTED_EDGE('',*,*,#3821,.F.);
#3821 = EDGE_CURVE('',#3762,#3814,#3822,.T.);
#3822 = LINE('',#3823,#3824);
#3823 = CARTESIAN_POINT('',(3.19,1.630258272158E-15,-2.241592955033));
#3824 = VECTOR('',#3825,1.);
#3825 = DIRECTION('',(-5.098795759653E-17,3.066966545005E-16,1.));
#3826 = PLANE('',#3827);
#3827 = AXIS2_PLACEMENT_3D('',#3828,#3829,#3830);
#3828 = CARTESIAN_POINT('',(2.54,2.973972507432E-16,-5.918112788663));
#3829 = DIRECTION('',(-1.618066867293E-16,1.,-2.908361289577E-16));
#3830 = DIRECTION('',(1.,1.618066867293E-16,5.098795759653E-17));
#3831 = ADVANCED_FACE('',(#3832),#3855,.T.);
#3832 = FACE_BOUND('',#3833,.T.);
#3833 = EDGE_LOOP('',(#3834,#3840,#3848,#3854));
#3834 = ORIENTED_EDGE('',*,*,#3835,.F.);
#3835 = EDGE_CURVE('',#3723,#3798,#3836,.T.);
#3836 = LINE('',#3837,#3838);
#3837 = CARTESIAN_POINT('',(1.89,-0.195,-4.938470556429));
#3838 = VECTOR('',#3839,1.);
#3839 = DIRECTION('',(-1.665334536938E-16,1.,-3.066966545005E-16));
#3840 = ORIENTED_EDGE('',*,*,#3841,.F.);
#3841 = EDGE_CURVE('',#3842,#3723,#3844,.T.);
#3842 = VERTEX_POINT('',#3843);
#3843 = CARTESIAN_POINT('',(1.89,-0.25,-4.35));
#3844 = LINE('',#3845,#3846);
#3845 = CARTESIAN_POINT('',(1.89,-0.25,-2.241592955033));
#3846 = VECTOR('',#3847,1.);
#3847 = DIRECTION('',(5.098795759653E-17,-3.066966545005E-16,-1.));
#3848 = ORIENTED_EDGE('',*,*,#3849,.T.);
#3849 = EDGE_CURVE('',#3842,#3806,#3850,.T.);
#3850 = LINE('',#3851,#3852);
#3851 = CARTESIAN_POINT('',(1.89,-0.195,-4.35));
#3852 = VECTOR('',#3853,1.);
#3853 = DIRECTION('',(-1.665334536938E-16,1.,-3.066966545005E-16));
#3854 = ORIENTED_EDGE('',*,*,#3805,.T.);
#3855 = PLANE('',#3856);
#3856 = AXIS2_PLACEMENT_3D('',#3857,#3858,#3859);
#3857 = CARTESIAN_POINT('',(1.89,-0.25,-9.211165091899));
#3858 = DIRECTION('',(-1.,-1.665334536938E-16,-5.098795759653E-17));
#3859 = DIRECTION('',(-1.665334536938E-16,1.,-6.235803503986E-16));
#3860 = ADVANCED_FACE('',(#3861),#3873,.T.);
#3861 = FACE_BOUND('',#3862,.T.);
#3862 = EDGE_LOOP('',(#3863,#3864,#3865,#3866));
#3863 = ORIENTED_EDGE('',*,*,#3554,.F.);
#3864 = ORIENTED_EDGE('',*,*,#3722,.F.);
#3865 = ORIENTED_EDGE('',*,*,#3835,.T.);
#3866 = ORIENTED_EDGE('',*,*,#3867,.T.);
#3867 = EDGE_CURVE('',#3798,#3555,#3868,.T.);
#3868 = CIRCLE('',#3869,0.4);
#3869 = AXIS2_PLACEMENT_3D('',#3870,#3871,#3872);
#3870 = CARTESIAN_POINT('',(1.89,-0.4,-4.938470556429));
#3871 = DIRECTION('',(-1.,-1.665334536938E-16,-5.098795759653E-17));
#3872 = DIRECTION('',(-1.665334536938E-16,1.,-1.042689542195E-15));
#3873 = PLANE('',#3874);
#3874 = AXIS2_PLACEMENT_3D('',#3875,#3876,#3877);
#3875 = CARTESIAN_POINT('',(1.89,-0.386926638588,-5.087899761143));
#3876 = DIRECTION('',(-1.,-1.665334536938E-16,-5.098795759653E-17));
#3877 = DIRECTION('',(-5.098795759653E-17,1.855456608539E-18,1.));
#3878 = ADVANCED_FACE('',(#3879),#3911,.F.);
#3879 = FACE_BOUND('',#3880,.F.);
#3880 = EDGE_LOOP('',(#3881,#3888,#3896,#3905));
#3881 = ORIENTED_EDGE('',*,*,#3882,.F.);
#3882 = EDGE_CURVE('',#3221,#3842,#3883,.T.);
#3883 = CIRCLE('',#3884,0.15);
#3884 = AXIS2_PLACEMENT_3D('',#3885,#3886,#3887);
#3885 = CARTESIAN_POINT('',(1.89,-0.4,-4.35));
#3886 = DIRECTION('',(-1.,-1.665334536938E-16,-5.098795759653E-17));
#3887 = DIRECTION('',(-5.098795759653E-17,1.855456608539E-18,1.));
#3888 = ORIENTED_EDGE('',*,*,#3889,.F.);
#3889 = EDGE_CURVE('',#3890,#3221,#3892,.T.);
#3890 = VERTEX_POINT('',#3891);
#3891 = CARTESIAN_POINT('',(3.19,-0.4,-4.2));
#3892 = LINE('',#3893,#3894);
#3893 = CARTESIAN_POINT('',(2.54,-0.4,-4.2));
#3894 = VECTOR('',#3895,1.);
#3895 = DIRECTION('',(-1.,-1.665334536938E-16,-5.571472456105E-17));
#3896 = ORIENTED_EDGE('',*,*,#3897,.T.);
#3897 = EDGE_CURVE('',#3890,#3898,#3900,.T.);
#3898 = VERTEX_POINT('',#3899);
#3899 = CARTESIAN_POINT('',(3.19,-0.25,-4.35));
#3900 = CIRCLE('',#3901,0.15);
#3901 = AXIS2_PLACEMENT_3D('',#3902,#3903,#3904);
#3902 = CARTESIAN_POINT('',(3.19,-0.4,-4.35));
#3903 = DIRECTION('',(-1.,-1.665334536938E-16,-5.098795759653E-17));
#3904 = DIRECTION('',(-5.098795759653E-17,1.855456608539E-18,1.));
#3905 = ORIENTED_EDGE('',*,*,#3906,.T.);
#3906 = EDGE_CURVE('',#3898,#3842,#3907,.T.);
#3907 = LINE('',#3908,#3909);
#3908 = CARTESIAN_POINT('',(2.54,-0.25,-4.35));
#3909 = VECTOR('',#3910,1.);
#3910 = DIRECTION('',(-1.,-1.712602206583E-16,-5.098795759653E-17));
#3911 = CYLINDRICAL_SURFACE('',#3912,0.15);
#3912 = AXIS2_PLACEMENT_3D('',#3913,#3914,#3915);
#3913 = CARTESIAN_POINT('',(2.54,-0.4,-4.35));
#3914 = DIRECTION('',(-1.,-1.665334536938E-16,-5.098795759653E-17));
#3915 = DIRECTION('',(-5.098795759653E-17,-2.982048203172E-16,1.));
#3916 = ADVANCED_FACE('',(#3917),#3923,.T.);
#3917 = FACE_BOUND('',#3918,.T.);
#3918 = EDGE_LOOP('',(#3919,#3920,#3921,#3922));
#3919 = ORIENTED_EDGE('',*,*,#3699,.F.);
#3920 = ORIENTED_EDGE('',*,*,#3867,.F.);
#3921 = ORIENTED_EDGE('',*,*,#3797,.T.);
#3922 = ORIENTED_EDGE('',*,*,#3761,.F.);
#3923 = CYLINDRICAL_SURFACE('',#3924,0.4);
#3924 = AXIS2_PLACEMENT_3D('',#3925,#3926,#3927);
#3925 = CARTESIAN_POINT('',(2.54,-0.4,-4.938470556429));
#3926 = DIRECTION('',(-1.,-1.665334536938E-16,-5.098795759653E-17));
#3927 = DIRECTION('',(-1.665334536938E-16,1.,-3.066966545005E-16));
#3928 = ADVANCED_FACE('',(#3929),#3951,.T.);
#3929 = FACE_BOUND('',#3930,.T.);
#3930 = EDGE_LOOP('',(#3931,#3937,#3944,#3950));
#3931 = ORIENTED_EDGE('',*,*,#3932,.F.);
#3932 = EDGE_CURVE('',#3814,#3898,#3933,.T.);
#3933 = LINE('',#3934,#3935);
#3934 = CARTESIAN_POINT('',(3.19,-0.195,-4.35));
#3935 = VECTOR('',#3936,1.);
#3936 = DIRECTION('',(1.665334536938E-16,-1.,3.066966545005E-16));
#3937 = ORIENTED_EDGE('',*,*,#3938,.T.);
#3938 = EDGE_CURVE('',#3814,#3253,#3939,.T.);
#3939 = CIRCLE('',#3940,0.4);
#3940 = AXIS2_PLACEMENT_3D('',#3941,#3942,#3943);
#3941 = CARTESIAN_POINT('',(3.19,-0.4,-4.35));
#3942 = DIRECTION('',(1.,1.665334536938E-16,5.098795759653E-17));
#3943 = DIRECTION('',(-1.665334536938E-16,1.,-5.222724994016E-16));
#3944 = ORIENTED_EDGE('',*,*,#3945,.T.);
#3945 = EDGE_CURVE('',#3253,#3890,#3946,.T.);
#3946 = LINE('',#3947,#3948);
#3947 = CARTESIAN_POINT('',(3.19,-0.4,-4.145));
#3948 = VECTOR('',#3949,1.);
#3949 = DIRECTION('',(5.098795759653E-17,2.982048203172E-16,-1.));
#3950 = ORIENTED_EDGE('',*,*,#3897,.T.);
#3951 = PLANE('',#3952);
#3952 = AXIS2_PLACEMENT_3D('',#3953,#3954,#3955);
#3953 = CARTESIAN_POINT('',(3.19,1.032595272887E-15,-4.35));
#3954 = DIRECTION('',(1.,1.665334536938E-16,5.098795759653E-17));
#3955 = DIRECTION('',(5.098795759653E-17,-1.855456608539E-18,-1.));
#3956 = ADVANCED_FACE('',(#3957),#3968,.T.);
#3957 = FACE_BOUND('',#3958,.T.);
#3958 = EDGE_LOOP('',(#3959,#3960,#3961,#3962));
#3959 = ORIENTED_EDGE('',*,*,#3770,.F.);
#3960 = ORIENTED_EDGE('',*,*,#3821,.T.);
#3961 = ORIENTED_EDGE('',*,*,#3932,.T.);
#3962 = ORIENTED_EDGE('',*,*,#3963,.T.);
#3963 = EDGE_CURVE('',#3898,#3732,#3964,.T.);
#3964 = LINE('',#3965,#3966);
#3965 = CARTESIAN_POINT('',(3.19,-0.25,-2.241592955033));
#3966 = VECTOR('',#3967,1.);
#3967 = DIRECTION('',(5.098795759653E-17,-3.066966545005E-16,-1.));
#3968 = PLANE('',#3969);
#3969 = AXIS2_PLACEMENT_3D('',#3970,#3971,#3972);
#3970 = CARTESIAN_POINT('',(3.19,-0.25,-3.941592955033));
#3971 = DIRECTION('',(1.,1.665334536938E-16,5.098795759653E-17));
#3972 = DIRECTION('',(1.665334536938E-16,-1.,6.067535326817E-16));
#3973 = ADVANCED_FACE('',(#3974),#3980,.F.);
#3974 = FACE_BOUND('',#3975,.T.);
#3975 = EDGE_LOOP('',(#3976,#3977,#3978,#3979));
#3976 = ORIENTED_EDGE('',*,*,#3731,.F.);
#3977 = ORIENTED_EDGE('',*,*,#3963,.F.);
#3978 = ORIENTED_EDGE('',*,*,#3906,.T.);
#3979 = ORIENTED_EDGE('',*,*,#3841,.T.);
#3980 = PLANE('',#3981);
#3981 = AXIS2_PLACEMENT_3D('',#3982,#3983,#3984);
#3982 = CARTESIAN_POINT('',(2.54,-0.25,-5.918112788663));
#3983 = DIRECTION('',(-1.712602206583E-16,1.,-2.908361289577E-16));
#3984 = DIRECTION('',(1.,1.712602206583E-16,5.098795759653E-17));
#3985 = ADVANCED_FACE('',(#3986),#3997,.T.);
#3986 = FACE_BOUND('',#3987,.T.);
#3987 = EDGE_LOOP('',(#3988,#3989,#3995,#3996));
#3988 = ORIENTED_EDGE('',*,*,#3166,.T.);
#3989 = ORIENTED_EDGE('',*,*,#3990,.T.);
#3990 = EDGE_CURVE('',#3159,#3890,#3991,.T.);
#3991 = LINE('',#3992,#3993);
#3992 = CARTESIAN_POINT('',(3.19,-2.1,-4.2));
#3993 = VECTOR('',#3994,1.);
#3994 = DIRECTION('',(-1.665334536938E-16,1.,2.982048203172E-16));
#3995 = ORIENTED_EDGE('',*,*,#3945,.F.);
#3996 = ORIENTED_EDGE('',*,*,#3252,.T.);
#3997 = PLANE('',#3998);
#3998 = AXIS2_PLACEMENT_3D('',#3999,#4000,#4001);
#3999 = CARTESIAN_POINT('',(3.19,-0.4,-4.2));
#4000 = DIRECTION('',(1.,1.665334536938E-16,5.098795759653E-17));
#4001 = DIRECTION('',(5.098795759653E-17,-1.855456608539E-18,-1.));
#4002 = ADVANCED_FACE('',(#4003),#4014,.T.);
#4003 = FACE_BOUND('',#4004,.T.);
#4004 = EDGE_LOOP('',(#4005,#4006,#4012,#4013));
#4005 = ORIENTED_EDGE('',*,*,#3095,.T.);
#4006 = ORIENTED_EDGE('',*,*,#4007,.T.);
#4007 = EDGE_CURVE('',#3088,#3189,#4008,.T.);
#4008 = LINE('',#4009,#4010);
#4009 = CARTESIAN_POINT('',(1.89,-2.1,-4.2));
#4010 = VECTOR('',#4011,1.);
#4011 = DIRECTION('',(1.,1.665334536938E-16,5.098795759653E-17));
#4012 = ORIENTED_EDGE('',*,*,#3188,.T.);
#4013 = ORIENTED_EDGE('',*,*,#3244,.T.);
#4014 = PLANE('',#4015);
#4015 = AXIS2_PLACEMENT_3D('',#4016,#4017,#4018);
#4016 = CARTESIAN_POINT('',(3.19,-2.1,-4.2));
#4017 = DIRECTION('',(1.665334536938E-16,-1.,1.855456608539E-18));
#4018 = DIRECTION('',(5.098795759653E-17,-1.855456608539E-18,-1.));
#4019 = ADVANCED_FACE('',(#4020),#4032,.T.);
#4020 = FACE_BOUND('',#4021,.T.);
#4021 = EDGE_LOOP('',(#4022,#4023,#4024,#4025));
#4022 = ORIENTED_EDGE('',*,*,#3849,.F.);
#4023 = ORIENTED_EDGE('',*,*,#3882,.F.);
#4024 = ORIENTED_EDGE('',*,*,#3220,.T.);
#4025 = ORIENTED_EDGE('',*,*,#4026,.T.);
#4026 = EDGE_CURVE('',#3213,#3806,#4027,.T.);
#4027 = CIRCLE('',#4028,0.4);
#4028 = AXIS2_PLACEMENT_3D('',#4029,#4030,#4031);
#4029 = CARTESIAN_POINT('',(1.89,-0.4,-4.35));
#4030 = DIRECTION('',(-1.,-1.665334536938E-16,-5.098795759653E-17));
#4031 = DIRECTION('',(-5.098795759653E-17,1.753278042062E-16,1.));
#4032 = PLANE('',#4033);
#4033 = AXIS2_PLACEMENT_3D('',#4034,#4035,#4036);
#4034 = CARTESIAN_POINT('',(1.89,-0.25,-4.35));
#4035 = DIRECTION('',(-1.,-1.665334536938E-16,-5.098795759653E-17));
#4036 = DIRECTION('',(-5.098795759653E-17,1.855456608539E-18,1.));
#4037 = ADVANCED_FACE('',(#4038),#4044,.T.);
#4038 = FACE_BOUND('',#4039,.T.);
#4039 = EDGE_LOOP('',(#4040,#4041,#4042,#4043));
#4040 = ORIENTED_EDGE('',*,*,#3813,.F.);
#4041 = ORIENTED_EDGE('',*,*,#4026,.F.);
#4042 = ORIENTED_EDGE('',*,*,#3260,.T.);
#4043 = ORIENTED_EDGE('',*,*,#3938,.F.);
#4044 = CYLINDRICAL_SURFACE('',#4045,0.4);
#4045 = AXIS2_PLACEMENT_3D('',#4046,#4047,#4048);
#4046 = CARTESIAN_POINT('',(2.54,-0.4,-4.35));
#4047 = DIRECTION('',(-1.,-1.665334536938E-16,-5.098795759653E-17));
#4048 = DIRECTION('',(-5.098795759653E-17,-2.982048203172E-16,1.));
#4049 = ADVANCED_FACE('',(#4050),#4060,.F.);
#4050 = FACE_BOUND('',#4051,.T.);
#4051 = EDGE_LOOP('',(#4052,#4053,#4054,#4055,#4056,#4057,#4058,#4059));
#4052 = ORIENTED_EDGE('',*,*,#3125,.T.);
#4053 = ORIENTED_EDGE('',*,*,#3228,.T.);
#4054 = ORIENTED_EDGE('',*,*,#3889,.F.);
#4055 = ORIENTED_EDGE('',*,*,#3990,.F.);
#4056 = ORIENTED_EDGE('',*,*,#3158,.T.);
#4057 = ORIENTED_EDGE('',*,*,#3196,.T.);
#4058 = ORIENTED_EDGE('',*,*,#4007,.F.);
#4059 = ORIENTED_EDGE('',*,*,#3087,.T.);
#4060 = PLANE('',#4061);
#4061 = AXIS2_PLACEMENT_3D('',#4062,#4063,#4064);
#4062 = CARTESIAN_POINT('',(2.54,1.576519833629,-4.2));
#4063 = DIRECTION('',(-5.571472456105E-17,-3.140653458601E-16,1.));
#4064 = DIRECTION('',(1.,1.665334536938E-16,5.571472456105E-17));
#4065 = ( GEOMETRIC_REPRESENTATION_CONTEXT(3) 
GLOBAL_UNCERTAINTY_ASSIGNED_CONTEXT((#4069)) 
GLOBAL_UNIT_ASSIGNED_CONTEXT((#4066,#4067,#4068)) REPRESENTATION_CONTEXT
('Context #1','3D Context with UNIT and UNCERTAINTY') );
#4066 = ( LENGTH_UNIT() NAMED_UNIT(*) SI_UNIT(.MILLI.,.METRE.) );
#4067 = ( NAMED_UNIT(*) PLANE_ANGLE_UNIT() SI_UNIT($,.RADIAN.) );
#4068 = ( NAMED_UNIT(*) SI_UNIT($,.STERADIAN.) SOLID_ANGLE_UNIT() );
#4069 = UNCERTAINTY_MEASURE_WITH_UNIT(LENGTH_MEASURE(1.E-07),#4066,
  'distance_accuracy_value','confusion accuracy');
#4070 = PRODUCT_RELATED_PRODUCT_CATEGORY('part',$,(#3059));
#4071 = SHAPE_DEFINITION_REPRESENTATION(#4072,#4078);
#4072 = PRODUCT_DEFINITION_SHAPE('','',#4073);
#4073 = PRODUCT_DEFINITION('design','',#4074,#4077);
#4074 = PRODUCT_DEFINITION_FORMATION('','',#4075);
#4075 = PRODUCT('R-78AA-1.0SMD_pin6(Vadj)','R-78AA-1.0SMD_pin6(Vadj)',''
  ,(#4076));
#4076 = PRODUCT_CONTEXT('',#2,'mechanical');
#4077 = PRODUCT_DEFINITION_CONTEXT('part definition',#2,'design');
#4078 = ADVANCED_BREP_SHAPE_REPRESENTATION('',(#11,#4079),#5081);
#4079 = MANIFOLD_SOLID_BREP('',#4080);
#4080 = CLOSED_SHELL('',(#4081,#4121,#4152,#4192,#4223,#4254,#4287,#4327
    ,#4360,#4391,#4422,#4462,#4495,#4535,#4557,#4588,#4621,#4643,#4660,
    #4682,#4694,#4706,#4734,#4767,#4797,#4809,#4847,#4876,#4894,#4932,
    #4944,#4972,#4989,#5001,#5018,#5035,#5053,#5065));
#4081 = ADVANCED_FACE('',(#4082),#4116,.F.);
#4082 = FACE_BOUND('',#4083,.T.);
#4083 = EDGE_LOOP('',(#4084,#4094,#4102,#4110));
#4084 = ORIENTED_EDGE('',*,*,#4085,.F.);
#4085 = EDGE_CURVE('',#4086,#4088,#4090,.T.);
#4086 = VERTEX_POINT('',#4087);
#4087 = CARTESIAN_POINT('',(4.83,-0.6,-3.95));
#4088 = VERTEX_POINT('',#4089);
#4089 = CARTESIAN_POINT('',(4.83,-2.1,-3.95));
#4090 = LINE('',#4091,#4092);
#4091 = CARTESIAN_POINT('',(4.83,0.488259916815,-3.95));
#4092 = VECTOR('',#4093,1.);
#4093 = DIRECTION('',(4.440892098501E-16,-1.,-3.140653458601E-16));
#4094 = ORIENTED_EDGE('',*,*,#4095,.T.);
#4095 = EDGE_CURVE('',#4086,#4096,#4098,.T.);
#4096 = VERTEX_POINT('',#4097);
#4097 = CARTESIAN_POINT('',(4.83,-0.6,-4.2));
#4098 = LINE('',#4099,#4100);
#4099 = CARTESIAN_POINT('',(4.83,-0.6,-3.95));
#4100 = VECTOR('',#4101,1.);
#4101 = DIRECTION('',(5.098795759653E-17,-1.855456608539E-18,-1.));
#4102 = ORIENTED_EDGE('',*,*,#4103,.F.);
#4103 = EDGE_CURVE('',#4104,#4096,#4106,.T.);
#4104 = VERTEX_POINT('',#4105);
#4105 = CARTESIAN_POINT('',(4.83,-2.1,-4.2));
#4106 = LINE('',#4107,#4108);
#4107 = CARTESIAN_POINT('',(4.83,0.488259916815,-4.2));
#4108 = VECTOR('',#4109,1.);
#4109 = DIRECTION('',(-4.440892098501E-16,1.,3.140653458601E-16));
#4110 = ORIENTED_EDGE('',*,*,#4111,.F.);
#4111 = EDGE_CURVE('',#4088,#4104,#4112,.T.);
#4112 = LINE('',#4113,#4114);
#4113 = CARTESIAN_POINT('',(4.83,-2.1,-4.075));
#4114 = VECTOR('',#4115,1.);
#4115 = DIRECTION('',(5.098795759653E-17,-1.855456608539E-18,-1.));
#4116 = PLANE('',#4117);
#4117 = AXIS2_PLACEMENT_3D('',#4118,#4119,#4120);
#4118 = CARTESIAN_POINT('',(4.83,-0.6,-3.95));
#4119 = DIRECTION('',(1.,4.440892098501E-16,5.098795759653E-17));
#4120 = DIRECTION('',(4.440892098501E-16,-1.,-3.140653458601E-16));
#4121 = ADVANCED_FACE('',(#4122),#4147,.F.);
#4122 = FACE_BOUND('',#4123,.T.);
#4123 = EDGE_LOOP('',(#4124,#4132,#4140,#4146));
#4124 = ORIENTED_EDGE('',*,*,#4125,.F.);
#4125 = EDGE_CURVE('',#4126,#4086,#4128,.T.);
#4126 = VERTEX_POINT('',#4127);
#4127 = CARTESIAN_POINT('',(4.43,-0.6,-3.95));
#4128 = LINE('',#4129,#4130);
#4129 = CARTESIAN_POINT('',(4.755,-0.6,-3.95));
#4130 = VECTOR('',#4131,1.);
#4131 = DIRECTION('',(1.,1.665334536938E-16,4.626119063202E-17));
#4132 = ORIENTED_EDGE('',*,*,#4133,.F.);
#4133 = EDGE_CURVE('',#4134,#4126,#4136,.T.);
#4134 = VERTEX_POINT('',#4135);
#4135 = CARTESIAN_POINT('',(4.43,-0.6,-4.2));
#4136 = LINE('',#4137,#4138);
#4137 = CARTESIAN_POINT('',(4.43,-0.6,-4.075));
#4138 = VECTOR('',#4139,1.);
#4139 = DIRECTION('',(-5.098795759653E-17,1.855456608539E-18,1.));
#4140 = ORIENTED_EDGE('',*,*,#4141,.F.);
#4141 = EDGE_CURVE('',#4096,#4134,#4142,.T.);
#4142 = LINE('',#4143,#4144);
#4143 = CARTESIAN_POINT('',(4.755,-0.6,-4.2));
#4144 = VECTOR('',#4145,1.);
#4145 = DIRECTION('',(-1.,-1.665334536938E-16,-5.571472456105E-17));
#4146 = ORIENTED_EDGE('',*,*,#4095,.F.);
#4147 = PLANE('',#4148);
#4148 = AXIS2_PLACEMENT_3D('',#4149,#4150,#4151);
#4149 = CARTESIAN_POINT('',(4.43,-0.6,-3.95));
#4150 = DIRECTION('',(-1.665334536938E-16,1.,-1.855456608539E-18));
#4151 = DIRECTION('',(1.,1.665334536938E-16,4.626119063202E-17));
#4152 = ADVANCED_FACE('',(#4153),#4187,.F.);
#4153 = FACE_BOUND('',#4154,.T.);
#4154 = EDGE_LOOP('',(#4155,#4165,#4173,#4181));
#4155 = ORIENTED_EDGE('',*,*,#4156,.F.);
#4156 = EDGE_CURVE('',#4157,#4159,#4161,.T.);
#4157 = VERTEX_POINT('',#4158);
#4158 = CARTESIAN_POINT('',(5.33,-0.6,-3.95));
#4159 = VERTEX_POINT('',#4160);
#4160 = CARTESIAN_POINT('',(5.73,-0.6,-3.95));
#4161 = LINE('',#4162,#4163);
#4162 = CARTESIAN_POINT('',(5.205,-0.6,-3.95));
#4163 = VECTOR('',#4164,1.);
#4164 = DIRECTION('',(1.,1.665334536938E-16,4.626119063202E-17));
#4165 = ORIENTED_EDGE('',*,*,#4166,.T.);
#4166 = EDGE_CURVE('',#4157,#4167,#4169,.T.);
#4167 = VERTEX_POINT('',#4168);
#4168 = CARTESIAN_POINT('',(5.33,-0.6,-4.2));
#4169 = LINE('',#4170,#4171);
#4170 = CARTESIAN_POINT('',(5.33,-0.6,-3.95));
#4171 = VECTOR('',#4172,1.);
#4172 = DIRECTION('',(5.098795759653E-17,-1.855456608539E-18,-1.));
#4173 = ORIENTED_EDGE('',*,*,#4174,.F.);
#4174 = EDGE_CURVE('',#4175,#4167,#4177,.T.);
#4175 = VERTEX_POINT('',#4176);
#4176 = CARTESIAN_POINT('',(5.73,-0.6,-4.2));
#4177 = LINE('',#4178,#4179);
#4178 = CARTESIAN_POINT('',(5.205,-0.6,-4.2));
#4179 = VECTOR('',#4180,1.);
#4180 = DIRECTION('',(-1.,-1.665334536938E-16,-5.571472456105E-17));
#4181 = ORIENTED_EDGE('',*,*,#4182,.F.);
#4182 = EDGE_CURVE('',#4159,#4175,#4183,.T.);
#4183 = LINE('',#4184,#4185);
#4184 = CARTESIAN_POINT('',(5.73,-0.6,-4.075));
#4185 = VECTOR('',#4186,1.);
#4186 = DIRECTION('',(5.098795759653E-17,-1.855456608539E-18,-1.));
#4187 = PLANE('',#4188);
#4188 = AXIS2_PLACEMENT_3D('',#4189,#4190,#4191);
#4189 = CARTESIAN_POINT('',(5.33,-0.6,-3.95));
#4190 = DIRECTION('',(-1.665334536938E-16,1.,-1.855456608539E-18));
#4191 = DIRECTION('',(1.,1.665334536938E-16,4.626119063202E-17));
#4192 = ADVANCED_FACE('',(#4193),#4218,.F.);
#4193 = FACE_BOUND('',#4194,.T.);
#4194 = EDGE_LOOP('',(#4195,#4203,#4211,#4217));
#4195 = ORIENTED_EDGE('',*,*,#4196,.F.);
#4196 = EDGE_CURVE('',#4197,#4157,#4199,.T.);
#4197 = VERTEX_POINT('',#4198);
#4198 = CARTESIAN_POINT('',(5.33,-2.1,-3.95));
#4199 = LINE('',#4200,#4201);
#4200 = CARTESIAN_POINT('',(5.33,-0.261740083185,-3.95));
#4201 = VECTOR('',#4202,1.);
#4202 = DIRECTION('',(1.110223024625E-16,1.,3.140653458601E-16));
#4203 = ORIENTED_EDGE('',*,*,#4204,.F.);
#4204 = EDGE_CURVE('',#4205,#4197,#4207,.T.);
#4205 = VERTEX_POINT('',#4206);
#4206 = CARTESIAN_POINT('',(5.33,-2.1,-4.2));
#4207 = LINE('',#4208,#4209);
#4208 = CARTESIAN_POINT('',(5.33,-2.1,-4.075));
#4209 = VECTOR('',#4210,1.);
#4210 = DIRECTION('',(-5.098795759653E-17,1.855456608539E-18,1.));
#4211 = ORIENTED_EDGE('',*,*,#4212,.F.);
#4212 = EDGE_CURVE('',#4167,#4205,#4213,.T.);
#4213 = LINE('',#4214,#4215);
#4214 = CARTESIAN_POINT('',(5.33,-0.261740083185,-4.2));
#4215 = VECTOR('',#4216,1.);
#4216 = DIRECTION('',(-1.110223024625E-16,-1.,-3.140653458601E-16));
#4217 = ORIENTED_EDGE('',*,*,#4166,.F.);
#4218 = PLANE('',#4219);
#4219 = AXIS2_PLACEMENT_3D('',#4220,#4221,#4222);
#4220 = CARTESIAN_POINT('',(5.33,-2.1,-3.95));
#4221 = DIRECTION('',(-1.,1.110223024625E-16,-5.098795759653E-17));
#4222 = DIRECTION('',(1.110223024625E-16,1.,3.140653458601E-16));
#4223 = ADVANCED_FACE('',(#4224),#4249,.T.);
#4224 = FACE_BOUND('',#4225,.T.);
#4225 = EDGE_LOOP('',(#4226,#4227,#4235,#4243));
#4226 = ORIENTED_EDGE('',*,*,#4133,.T.);
#4227 = ORIENTED_EDGE('',*,*,#4228,.T.);
#4228 = EDGE_CURVE('',#4126,#4229,#4231,.T.);
#4229 = VERTEX_POINT('',#4230);
#4230 = CARTESIAN_POINT('',(4.43,-0.4,-3.95));
#4231 = LINE('',#4232,#4233);
#4232 = CARTESIAN_POINT('',(4.43,4.869572136865,-3.95));
#4233 = VECTOR('',#4234,1.);
#4234 = DIRECTION('',(-1.665334536938E-16,1.,2.982048203172E-16));
#4235 = ORIENTED_EDGE('',*,*,#4236,.F.);
#4236 = EDGE_CURVE('',#4237,#4229,#4239,.T.);
#4237 = VERTEX_POINT('',#4238);
#4238 = CARTESIAN_POINT('',(4.43,-0.4,-4.2));
#4239 = LINE('',#4240,#4241);
#4240 = CARTESIAN_POINT('',(4.43,-0.4,-4.145));
#4241 = VECTOR('',#4242,1.);
#4242 = DIRECTION('',(-5.098795759653E-17,-2.982048203172E-16,1.));
#4243 = ORIENTED_EDGE('',*,*,#4244,.F.);
#4244 = EDGE_CURVE('',#4134,#4237,#4245,.T.);
#4245 = LINE('',#4246,#4247);
#4246 = CARTESIAN_POINT('',(4.43,-2.1,-4.2));
#4247 = VECTOR('',#4248,1.);
#4248 = DIRECTION('',(-1.665334536938E-16,1.,2.982048203172E-16));
#4249 = PLANE('',#4250);
#4250 = AXIS2_PLACEMENT_3D('',#4251,#4252,#4253);
#4251 = CARTESIAN_POINT('',(4.43,4.869572136865,-4.2));
#4252 = DIRECTION('',(-1.,-1.665334536938E-16,-5.098795759653E-17));
#4253 = DIRECTION('',(-5.098795759653E-17,1.855456608539E-18,1.));
#4254 = ADVANCED_FACE('',(#4255),#4282,.T.);
#4255 = FACE_BOUND('',#4256,.T.);
#4256 = EDGE_LOOP('',(#4257,#4258,#4259,#4265,#4266,#4267,#4275,#4281));
#4257 = ORIENTED_EDGE('',*,*,#4125,.T.);
#4258 = ORIENTED_EDGE('',*,*,#4085,.T.);
#4259 = ORIENTED_EDGE('',*,*,#4260,.F.);
#4260 = EDGE_CURVE('',#4197,#4088,#4261,.T.);
#4261 = LINE('',#4262,#4263);
#4262 = CARTESIAN_POINT('',(4.43,-2.1,-3.95));
#4263 = VECTOR('',#4264,1.);
#4264 = DIRECTION('',(-1.,-1.665334536938E-16,-5.098795759653E-17));
#4265 = ORIENTED_EDGE('',*,*,#4196,.T.);
#4266 = ORIENTED_EDGE('',*,*,#4156,.T.);
#4267 = ORIENTED_EDGE('',*,*,#4268,.F.);
#4268 = EDGE_CURVE('',#4269,#4159,#4271,.T.);
#4269 = VERTEX_POINT('',#4270);
#4270 = CARTESIAN_POINT('',(5.73,-0.4,-3.95));
#4271 = LINE('',#4272,#4273);
#4272 = CARTESIAN_POINT('',(5.73,-2.1,-3.95));
#4273 = VECTOR('',#4274,1.);
#4274 = DIRECTION('',(1.665334536938E-16,-1.,-2.982048203172E-16));
#4275 = ORIENTED_EDGE('',*,*,#4276,.F.);
#4276 = EDGE_CURVE('',#4229,#4269,#4277,.T.);
#4277 = LINE('',#4278,#4279);
#4278 = CARTESIAN_POINT('',(5.08,-0.4,-3.95));
#4279 = VECTOR('',#4280,1.);
#4280 = DIRECTION('',(1.,1.665334536938E-16,4.626119063202E-17));
#4281 = ORIENTED_EDGE('',*,*,#4228,.F.);
#4282 = PLANE('',#4283);
#4283 = AXIS2_PLACEMENT_3D('',#4284,#4285,#4286);
#4284 = CARTESIAN_POINT('',(5.08,1.576519833629,-3.95));
#4285 = DIRECTION('',(-4.626119063202E-17,-3.140653458601E-16,1.));
#4286 = DIRECTION('',(1.,1.665334536938E-16,4.626119063202E-17));
#4287 = ADVANCED_FACE('',(#4288),#4322,.F.);
#4288 = FACE_BOUND('',#4289,.T.);
#4289 = EDGE_LOOP('',(#4290,#4300,#4308,#4316));
#4290 = ORIENTED_EDGE('',*,*,#4291,.F.);
#4291 = EDGE_CURVE('',#4292,#4294,#4296,.T.);
#4292 = VERTEX_POINT('',#4293);
#4293 = CARTESIAN_POINT('',(5.33,-4.24,-6.174999998916));
#4294 = VERTEX_POINT('',#4295);
#4295 = CARTESIAN_POINT('',(5.33,-4.24,-5.791532469607));
#4296 = LINE('',#4297,#4298);
#4297 = CARTESIAN_POINT('',(5.33,-4.24,-4.336740082643));
#4298 = VECTOR('',#4299,1.);
#4299 = DIRECTION('',(2.14916246782E-16,7.199164016712E-16,1.));
#4300 = ORIENTED_EDGE('',*,*,#4301,.F.);
#4301 = EDGE_CURVE('',#4302,#4292,#4304,.T.);
#4302 = VERTEX_POINT('',#4303);
#4303 = CARTESIAN_POINT('',(5.33,-3.99,-6.174999998916));
#4304 = LINE('',#4305,#4306);
#4305 = CARTESIAN_POINT('',(5.33,-4.115,-6.175));
#4306 = VECTOR('',#4307,1.);
#4307 = DIRECTION('',(1.665334536938E-16,-1.,1.03583720414E-15));
#4308 = ORIENTED_EDGE('',*,*,#4309,.F.);
#4309 = EDGE_CURVE('',#4310,#4302,#4312,.T.);
#4310 = VERTEX_POINT('',#4311);
#4311 = CARTESIAN_POINT('',(5.33,-3.99,-5.791532469607));
#4312 = LINE('',#4313,#4314);
#4313 = CARTESIAN_POINT('',(5.33,-3.99,-4.336740082643));
#4314 = VECTOR('',#4315,1.);
#4315 = DIRECTION('',(-2.14916246782E-16,-7.199164016712E-16,-1.));
#4316 = ORIENTED_EDGE('',*,*,#4317,.T.);
#4317 = EDGE_CURVE('',#4310,#4294,#4318,.T.);
#4318 = LINE('',#4319,#4320);
#4319 = CARTESIAN_POINT('',(5.33,-4.078875633811,-5.791532469607));
#4320 = VECTOR('',#4321,1.);
#4321 = DIRECTION('',(1.277117161971E-14,-1.,1.855456608527E-18));
#4322 = PLANE('',#4323);
#4323 = AXIS2_PLACEMENT_3D('',#4324,#4325,#4326);
#4324 = CARTESIAN_POINT('',(5.33,-3.99,-6.174999998916));
#4325 = DIRECTION('',(-1.,-1.665334536938E-16,2.14916246782E-16));
#4326 = DIRECTION('',(2.14916246782E-16,1.855456608539E-18,1.));
#4327 = ADVANCED_FACE('',(#4328),#4355,.T.);
#4328 = FACE_BOUND('',#4329,.T.);
#4329 = EDGE_LOOP('',(#4330,#4331,#4340,#4348));
#4330 = ORIENTED_EDGE('',*,*,#4317,.F.);
#4331 = ORIENTED_EDGE('',*,*,#4332,.F.);
#4332 = EDGE_CURVE('',#4333,#4310,#4335,.T.);
#4333 = VERTEX_POINT('',#4334);
#4334 = CARTESIAN_POINT('',(5.33,-3.853073361412,-5.642103264893));
#4335 = CIRCLE('',#4336,0.15);
#4336 = AXIS2_PLACEMENT_3D('',#4337,#4338,#4339);
#4337 = CARTESIAN_POINT('',(5.33,-3.84,-5.791532469607));
#4338 = DIRECTION('',(1.,1.277117161971E-14,-1.173121490951E-14));
#4339 = DIRECTION('',(1.279965504331E-14,-8.715574274766E-02,
    0.996194698092));
#4340 = ORIENTED_EDGE('',*,*,#4341,.T.);
#4341 = EDGE_CURVE('',#4333,#4342,#4344,.T.);
#4342 = VERTEX_POINT('',#4343);
#4343 = CARTESIAN_POINT('',(5.33,-3.874862297099,-5.39305459037));
#4344 = LINE('',#4345,#4346);
#4345 = CARTESIAN_POINT('',(5.33,-3.853073361412,-5.642103264893));
#4346 = VECTOR('',#4347,1.);
#4347 = DIRECTION('',(-3.627958617518E-17,-8.715574274766E-02,
    0.996194698092));
#4348 = ORIENTED_EDGE('',*,*,#4349,.F.);
#4349 = EDGE_CURVE('',#4294,#4342,#4350,.T.);
#4350 = CIRCLE('',#4351,0.4);
#4351 = AXIS2_PLACEMENT_3D('',#4352,#4353,#4354);
#4352 = CARTESIAN_POINT('',(5.33,-3.84,-5.791532469607));
#4353 = DIRECTION('',(-1.,-1.277117161971E-14,1.173121490951E-14));
#4354 = DIRECTION('',(1.279965504331E-14,-8.715574274766E-02,
    0.996194698092));
#4355 = PLANE('',#4356);
#4356 = AXIS2_PLACEMENT_3D('',#4357,#4358,#4359);
#4357 = CARTESIAN_POINT('',(5.33,-4.042751267623,-5.605745162513));
#4358 = DIRECTION('',(1.,1.277117161971E-14,-1.173121490951E-14));
#4359 = DIRECTION('',(-1.173121490951E-14,-1.855456608541E-18,-1.));
#4360 = ADVANCED_FACE('',(#4361),#4386,.F.);
#4361 = FACE_BOUND('',#4362,.T.);
#4362 = EDGE_LOOP('',(#4363,#4371,#4372,#4380));
#4363 = ORIENTED_EDGE('',*,*,#4364,.F.);
#4364 = EDGE_CURVE('',#4342,#4365,#4367,.T.);
#4365 = VERTEX_POINT('',#4366);
#4366 = CARTESIAN_POINT('',(5.33,-3.081350766039,-5.323631327025));
#4367 = LINE('',#4368,#4369);
#4368 = CARTESIAN_POINT('',(5.33,-2.42672667066,-5.266359139809));
#4369 = VECTOR('',#4370,1.);
#4370 = DIRECTION('',(9.556056743837E-17,0.996194698092,
    8.715574274766E-02));
#4371 = ORIENTED_EDGE('',*,*,#4341,.F.);
#4372 = ORIENTED_EDGE('',*,*,#4373,.F.);
#4373 = EDGE_CURVE('',#4374,#4333,#4376,.T.);
#4374 = VERTEX_POINT('',#4375);
#4375 = CARTESIAN_POINT('',(5.33,-3.059561830352,-5.572680001548));
#4376 = LINE('',#4377,#4378);
#4377 = CARTESIAN_POINT('',(5.33,-2.404937734973,-5.515407814332));
#4378 = VECTOR('',#4379,1.);
#4379 = DIRECTION('',(-9.556056743837E-17,-0.996194698092,
    -8.715574274766E-02));
#4380 = ORIENTED_EDGE('',*,*,#4381,.T.);
#4381 = EDGE_CURVE('',#4374,#4365,#4382,.T.);
#4382 = LINE('',#4383,#4384);
#4383 = CARTESIAN_POINT('',(5.33,-3.059561830352,-5.572680001548));
#4384 = VECTOR('',#4385,1.);
#4385 = DIRECTION('',(-3.627958617518E-17,-8.715574274766E-02,
    0.996194698092));
#4386 = PLANE('',#4387);
#4387 = AXIS2_PLACEMENT_3D('',#4388,#4389,#4390);
#4388 = CARTESIAN_POINT('',(5.33,-3.853073361412,-5.642103264893));
#4389 = DIRECTION('',(-1.,9.835890490842E-17,-2.78128791642E-17));
#4390 = DIRECTION('',(-2.78128791642E-17,1.855456608539E-18,1.));
#4391 = ADVANCED_FACE('',(#4392),#4417,.F.);
#4392 = FACE_BOUND('',#4393,.T.);
#4393 = EDGE_LOOP('',(#4394,#4402,#4403,#4411));
#4394 = ORIENTED_EDGE('',*,*,#4395,.F.);
#4395 = EDGE_CURVE('',#4365,#4396,#4398,.T.);
#4396 = VERTEX_POINT('',#4397);
#4397 = CARTESIAN_POINT('',(5.73,-2.682872886802,-5.288769029926));
#4398 = LINE('',#4399,#4400);
#4399 = CARTESIAN_POINT('',(5.795197980587,-2.617923004215,
    -5.283086651503));
#4400 = VECTOR('',#4401,1.);
#4401 = DIRECTION('',(0.707106781187,0.704416026403,6.162841671622E-02)
  );
#4402 = ORIENTED_EDGE('',*,*,#4381,.F.);
#4403 = ORIENTED_EDGE('',*,*,#4404,.F.);
#4404 = EDGE_CURVE('',#4405,#4374,#4407,.T.);
#4405 = VERTEX_POINT('',#4406);
#4406 = CARTESIAN_POINT('',(5.73,-2.661083951115,-5.537817704449));
#4407 = LINE('',#4408,#4409);
#4408 = CARTESIAN_POINT('',(5.795197980587,-2.596134068528,
    -5.532135326026));
#4409 = VECTOR('',#4410,1.);
#4410 = DIRECTION('',(-0.707106781187,-0.704416026403,
    -6.162841671622E-02));
#4411 = ORIENTED_EDGE('',*,*,#4412,.F.);
#4412 = EDGE_CURVE('',#4396,#4405,#4413,.T.);
#4413 = LINE('',#4414,#4415);
#4414 = CARTESIAN_POINT('',(5.73,-2.671978418958,-5.413293367188));
#4415 = VECTOR('',#4416,1.);
#4416 = DIRECTION('',(3.627958617518E-17,8.715574274766E-02,
    -0.996194698092));
#4417 = PLANE('',#4418);
#4418 = AXIS2_PLACEMENT_3D('',#4419,#4420,#4421);
#4419 = CARTESIAN_POINT('',(5.33,-3.059561830352,-5.572680001548));
#4420 = DIRECTION('',(-0.707106781187,0.704416026403,6.162841671622E-02)
  );
#4421 = DIRECTION('',(8.682659386425E-02,-2.532538150925E-17,
    0.996223440097));
#4422 = ADVANCED_FACE('',(#4423),#4457,.F.);
#4423 = FACE_BOUND('',#4424,.T.);
#4424 = EDGE_LOOP('',(#4425,#4435,#4443,#4451));
#4425 = ORIENTED_EDGE('',*,*,#4426,.F.);
#4426 = EDGE_CURVE('',#4427,#4429,#4431,.T.);
#4427 = VERTEX_POINT('',#4428);
#4428 = CARTESIAN_POINT('',(4.83,-4.24,-5.791532469607));
#4429 = VERTEX_POINT('',#4430);
#4430 = CARTESIAN_POINT('',(4.83,-4.24,-6.174999998916));
#4431 = LINE('',#4432,#4433);
#4432 = CARTESIAN_POINT('',(4.83,-4.24,-4.145006317989));
#4433 = VECTOR('',#4434,1.);
#4434 = DIRECTION('',(3.168921619751E-16,-7.199164016712E-16,-1.));
#4435 = ORIENTED_EDGE('',*,*,#4436,.T.);
#4436 = EDGE_CURVE('',#4427,#4437,#4439,.T.);
#4437 = VERTEX_POINT('',#4438);
#4438 = CARTESIAN_POINT('',(4.83,-3.99,-5.791532469607));
#4439 = LINE('',#4440,#4441);
#4440 = CARTESIAN_POINT('',(4.83,-4.078875633811,-5.791532469607));
#4441 = VECTOR('',#4442,1.);
#4442 = DIRECTION('',(3.104080201422E-15,1.,-1.855456608534E-18));
#4443 = ORIENTED_EDGE('',*,*,#4444,.F.);
#4444 = EDGE_CURVE('',#4445,#4437,#4447,.T.);
#4445 = VERTEX_POINT('',#4446);
#4446 = CARTESIAN_POINT('',(4.83,-3.99,-6.174999998916));
#4447 = LINE('',#4448,#4449);
#4448 = CARTESIAN_POINT('',(4.83,-3.99,-4.145006317989));
#4449 = VECTOR('',#4450,1.);
#4450 = DIRECTION('',(-3.168921619751E-16,7.199164016712E-16,1.));
#4451 = ORIENTED_EDGE('',*,*,#4452,.F.);
#4452 = EDGE_CURVE('',#4429,#4445,#4453,.T.);
#4453 = LINE('',#4454,#4455);
#4454 = CARTESIAN_POINT('',(4.83,-4.115,-6.175));
#4455 = VECTOR('',#4456,1.);
#4456 = DIRECTION('',(-1.665334536938E-16,1.,-1.03583720414E-15));
#4457 = PLANE('',#4458);
#4458 = AXIS2_PLACEMENT_3D('',#4459,#4460,#4461);
#4459 = CARTESIAN_POINT('',(4.83,-3.99,-5.791532469607));
#4460 = DIRECTION('',(1.,1.665334536938E-16,3.168921619751E-16));
#4461 = DIRECTION('',(3.168921619751E-16,-1.855456608539E-18,-1.));
#4462 = ADVANCED_FACE('',(#4463),#4490,.T.);
#4463 = FACE_BOUND('',#4464,.T.);
#4464 = EDGE_LOOP('',(#4465,#4475,#4482,#4483));
#4465 = ORIENTED_EDGE('',*,*,#4466,.F.);
#4466 = EDGE_CURVE('',#4467,#4469,#4471,.T.);
#4467 = VERTEX_POINT('',#4468);
#4468 = CARTESIAN_POINT('',(4.83,-3.853073361412,-5.642103264893));
#4469 = VERTEX_POINT('',#4470);
#4470 = CARTESIAN_POINT('',(4.83,-3.874862297099,-5.39305459037));
#4471 = LINE('',#4472,#4473);
#4472 = CARTESIAN_POINT('',(4.83,-3.853073361412,-5.642103264893));
#4473 = VECTOR('',#4474,1.);
#4474 = DIRECTION('',(-3.627958617518E-17,-8.715574274766E-02,
    0.996194698092));
#4475 = ORIENTED_EDGE('',*,*,#4476,.F.);
#4476 = EDGE_CURVE('',#4437,#4467,#4477,.T.);
#4477 = CIRCLE('',#4478,0.15);
#4478 = AXIS2_PLACEMENT_3D('',#4479,#4480,#4481);
#4479 = CARTESIAN_POINT('',(4.83,-3.84,-5.791532469607));
#4480 = DIRECTION('',(-1.,3.104080201422E-15,-2.351413272811E-15));
#4481 = DIRECTION('',(-2.613003850901E-15,-8.715574274766E-02,
    0.996194698092));
#4482 = ORIENTED_EDGE('',*,*,#4436,.F.);
#4483 = ORIENTED_EDGE('',*,*,#4484,.F.);
#4484 = EDGE_CURVE('',#4469,#4427,#4485,.T.);
#4485 = CIRCLE('',#4486,0.4);
#4486 = AXIS2_PLACEMENT_3D('',#4487,#4488,#4489);
#4487 = CARTESIAN_POINT('',(4.83,-3.84,-5.791532469607));
#4488 = DIRECTION('',(1.,-3.104080201422E-15,2.351413272811E-15));
#4489 = DIRECTION('',(-2.613003850901E-15,-8.715574274766E-02,
    0.996194698092));
#4490 = PLANE('',#4491);
#4491 = AXIS2_PLACEMENT_3D('',#4492,#4493,#4494);
#4492 = CARTESIAN_POINT('',(4.83,-4.042751267623,-5.605745162513));
#4493 = DIRECTION('',(-1.,3.104080201422E-15,-2.351413272811E-15));
#4494 = DIRECTION('',(-2.351413272811E-15,1.855456608539E-18,1.));
#4495 = ADVANCED_FACE('',(#4496),#4530,.F.);
#4496 = FACE_BOUND('',#4497,.T.);
#4497 = EDGE_LOOP('',(#4498,#4508,#4516,#4524));
#4498 = ORIENTED_EDGE('',*,*,#4499,.F.);
#4499 = EDGE_CURVE('',#4500,#4502,#4504,.T.);
#4500 = VERTEX_POINT('',#4501);
#4501 = CARTESIAN_POINT('',(4.43,-2.682872886802,-5.288769029926));
#4502 = VERTEX_POINT('',#4503);
#4503 = CARTESIAN_POINT('',(4.83,-3.081350766039,-5.323631327025));
#4504 = LINE('',#4505,#4506);
#4505 = CARTESIAN_POINT('',(4.164802019413,-2.418684064597,
    -5.265655502953));
#4506 = VECTOR('',#4507,1.);
#4507 = DIRECTION('',(0.707106781187,-0.704416026403,-6.162841671622E-02
    ));
#4508 = ORIENTED_EDGE('',*,*,#4509,.F.);
#4509 = EDGE_CURVE('',#4510,#4500,#4512,.T.);
#4510 = VERTEX_POINT('',#4511);
#4511 = CARTESIAN_POINT('',(4.43,-2.661083951115,-5.537817704449));
#4512 = LINE('',#4513,#4514);
#4513 = CARTESIAN_POINT('',(4.43,-2.671978418958,-5.413293367188));
#4514 = VECTOR('',#4515,1.);
#4515 = DIRECTION('',(-3.627958617518E-17,-8.715574274766E-02,
    0.996194698092));
#4516 = ORIENTED_EDGE('',*,*,#4517,.F.);
#4517 = EDGE_CURVE('',#4518,#4510,#4520,.T.);
#4518 = VERTEX_POINT('',#4519);
#4519 = CARTESIAN_POINT('',(4.83,-3.059561830352,-5.572680001548));
#4520 = LINE('',#4521,#4522);
#4521 = CARTESIAN_POINT('',(4.164802019413,-2.39689512891,
    -5.514704177476));
#4522 = VECTOR('',#4523,1.);
#4523 = DIRECTION('',(-0.707106781187,0.704416026403,6.162841671622E-02)
  );
#4524 = ORIENTED_EDGE('',*,*,#4525,.T.);
#4525 = EDGE_CURVE('',#4518,#4502,#4526,.T.);
#4526 = LINE('',#4527,#4528);
#4527 = CARTESIAN_POINT('',(4.83,-3.059561830352,-5.572680001548));
#4528 = VECTOR('',#4529,1.);
#4529 = DIRECTION('',(-3.627958617518E-17,-8.715574274766E-02,
    0.996194698092));
#4530 = PLANE('',#4531);
#4531 = AXIS2_PLACEMENT_3D('',#4532,#4533,#4534);
#4532 = CARTESIAN_POINT('',(4.43,-2.661083951115,-5.537817704449));
#4533 = DIRECTION('',(0.707106781187,0.704416026403,6.162841671622E-02)
  );
#4534 = DIRECTION('',(8.682659386425E-02,5.424444660661E-17,
    -0.996223440097));
#4535 = ADVANCED_FACE('',(#4536),#4552,.F.);
#4536 = FACE_BOUND('',#4537,.T.);
#4537 = EDGE_LOOP('',(#4538,#4544,#4545,#4551));
#4538 = ORIENTED_EDGE('',*,*,#4539,.F.);
#4539 = EDGE_CURVE('',#4502,#4469,#4540,.T.);
#4540 = LINE('',#4541,#4542);
#4541 = CARTESIAN_POINT('',(4.83,-2.02997090513,-5.231647508136));
#4542 = VECTOR('',#4543,1.);
#4543 = DIRECTION('',(4.362478413187E-16,-0.996194698092,
    -8.715574274766E-02));
#4544 = ORIENTED_EDGE('',*,*,#4525,.F.);
#4545 = ORIENTED_EDGE('',*,*,#4546,.F.);
#4546 = EDGE_CURVE('',#4467,#4518,#4547,.T.);
#4547 = LINE('',#4548,#4549);
#4548 = CARTESIAN_POINT('',(4.83,-2.008181969443,-5.480696182659));
#4549 = VECTOR('',#4550,1.);
#4550 = DIRECTION('',(-4.362478413187E-16,0.996194698092,
    8.715574274766E-02));
#4551 = ORIENTED_EDGE('',*,*,#4466,.T.);
#4552 = PLANE('',#4553);
#4553 = AXIS2_PLACEMENT_3D('',#4554,#4555,#4556);
#4554 = CARTESIAN_POINT('',(4.83,-3.059561830352,-5.572680001548));
#4555 = DIRECTION('',(1.,4.31425812296E-16,7.416303602887E-17));
#4556 = DIRECTION('',(7.416303602887E-17,-1.855456608539E-18,-1.));
#4557 = ADVANCED_FACE('',(#4558),#4583,.T.);
#4558 = FACE_BOUND('',#4559,.T.);
#4559 = EDGE_LOOP('',(#4560,#4561,#4569,#4577));
#4560 = ORIENTED_EDGE('',*,*,#4509,.T.);
#4561 = ORIENTED_EDGE('',*,*,#4562,.F.);
#4562 = EDGE_CURVE('',#4563,#4500,#4565,.T.);
#4563 = VERTEX_POINT('',#4564);
#4564 = CARTESIAN_POINT('',(4.43,-0.386926638588,-5.087899761143));
#4565 = LINE('',#4566,#4567);
#4566 = CARTESIAN_POINT('',(4.43,2.68393852147,-4.819233872421));
#4567 = VECTOR('',#4568,1.);
#4568 = DIRECTION('',(1.703436369402E-16,-0.996194698092,
    -8.715574274766E-02));
#4569 = ORIENTED_EDGE('',*,*,#4570,.T.);
#4570 = EDGE_CURVE('',#4563,#4571,#4573,.T.);
#4571 = VERTEX_POINT('',#4572);
#4572 = CARTESIAN_POINT('',(4.43,-0.365137702901,-5.336948435666));
#4573 = LINE('',#4574,#4575);
#4574 = CARTESIAN_POINT('',(4.43,-0.382133072737,-5.142690469538));
#4575 = VECTOR('',#4576,1.);
#4576 = DIRECTION('',(3.627958617518E-17,8.715574274766E-02,
    -0.996194698092));
#4577 = ORIENTED_EDGE('',*,*,#4578,.T.);
#4578 = EDGE_CURVE('',#4571,#4510,#4579,.T.);
#4579 = LINE('',#4580,#4581);
#4580 = CARTESIAN_POINT('',(4.43,-4.237323353557,-5.675720783166));
#4581 = VECTOR('',#4582,1.);
#4582 = DIRECTION('',(1.703436369402E-16,-0.996194698092,
    -8.715574274766E-02));
#4583 = PLANE('',#4584);
#4584 = AXIS2_PLACEMENT_3D('',#4585,#4586,#4587);
#4585 = CARTESIAN_POINT('',(4.43,-4.259112289244,-5.426672108643));
#4586 = DIRECTION('',(-1.,-1.665334536938E-16,-5.098795759653E-17));
#4587 = DIRECTION('',(3.627958617518E-17,8.715574274766E-02,
    -0.996194698092));
#4588 = ADVANCED_FACE('',(#4589),#4616,.F.);
#4589 = FACE_BOUND('',#4590,.T.);
#4590 = EDGE_LOOP('',(#4591,#4592,#4593,#4601,#4607,#4608,#4609,#4610));
#4591 = ORIENTED_EDGE('',*,*,#4364,.T.);
#4592 = ORIENTED_EDGE('',*,*,#4395,.T.);
#4593 = ORIENTED_EDGE('',*,*,#4594,.F.);
#4594 = EDGE_CURVE('',#4595,#4396,#4597,.T.);
#4595 = VERTEX_POINT('',#4596);
#4596 = CARTESIAN_POINT('',(5.73,-0.386926638588,-5.087899761143));
#4597 = LINE('',#4598,#4599);
#4598 = CARTESIAN_POINT('',(5.73,2.68393852147,-4.819233872421));
#4599 = VECTOR('',#4600,1.);
#4600 = DIRECTION('',(1.703436369402E-16,-0.996194698092,
    -8.715574274766E-02));
#4601 = ORIENTED_EDGE('',*,*,#4602,.T.);
#4602 = EDGE_CURVE('',#4595,#4563,#4603,.T.);
#4603 = LINE('',#4604,#4605);
#4604 = CARTESIAN_POINT('',(5.08,-0.386926638588,-5.087899761143));
#4605 = VECTOR('',#4606,1.);
#4606 = DIRECTION('',(-1.,-1.669454185794E-16,-4.627917740737E-17));
#4607 = ORIENTED_EDGE('',*,*,#4562,.T.);
#4608 = ORIENTED_EDGE('',*,*,#4499,.T.);
#4609 = ORIENTED_EDGE('',*,*,#4539,.T.);
#4610 = ORIENTED_EDGE('',*,*,#4611,.F.);
#4611 = EDGE_CURVE('',#4342,#4469,#4612,.T.);
#4612 = LINE('',#4613,#4614);
#4613 = CARTESIAN_POINT('',(5.08,-3.874862297099,-5.39305459037));
#4614 = VECTOR('',#4615,1.);
#4615 = DIRECTION('',(-1.,-1.669454185794E-16,-4.627917740737E-17));
#4616 = PLANE('',#4617);
#4617 = AXIS2_PLACEMENT_3D('',#4618,#4619,#4620);
#4618 = CARTESIAN_POINT('',(5.08,-0.978591044221,-5.139663689247));
#4619 = DIRECTION('',(3.155281921066E-17,8.715574274766E-02,
    -0.996194698092));
#4620 = DIRECTION('',(1.,1.669454185794E-16,4.627917740737E-17));
#4621 = ADVANCED_FACE('',(#4622),#4638,.F.);
#4622 = FACE_BOUND('',#4623,.F.);
#4623 = EDGE_LOOP('',(#4624,#4630,#4631,#4637));
#4624 = ORIENTED_EDGE('',*,*,#4625,.F.);
#4625 = EDGE_CURVE('',#4467,#4333,#4626,.T.);
#4626 = LINE('',#4627,#4628);
#4627 = CARTESIAN_POINT('',(5.08,-3.853073361412,-5.642103264893));
#4628 = VECTOR('',#4629,1.);
#4629 = DIRECTION('',(1.,1.661214888082E-16,5.56967377857E-17));
#4630 = ORIENTED_EDGE('',*,*,#4476,.F.);
#4631 = ORIENTED_EDGE('',*,*,#4632,.T.);
#4632 = EDGE_CURVE('',#4437,#4310,#4633,.T.);
#4633 = LINE('',#4634,#4635);
#4634 = CARTESIAN_POINT('',(5.08,-3.99,-5.791532469607));
#4635 = VECTOR('',#4636,1.);
#4636 = DIRECTION('',(1.,1.618066867293E-16,5.098795759653E-17));
#4637 = ORIENTED_EDGE('',*,*,#4332,.F.);
#4638 = CYLINDRICAL_SURFACE('',#4639,0.15);
#4639 = AXIS2_PLACEMENT_3D('',#4640,#4641,#4642);
#4640 = CARTESIAN_POINT('',(5.08,-3.84,-5.791532469607));
#4641 = DIRECTION('',(1.,1.665334536938E-16,5.098795759653E-17));
#4642 = DIRECTION('',(-3.627958617518E-17,-8.715574274766E-02,
    0.996194698092));
#4643 = ADVANCED_FACE('',(#4644),#4655,.T.);
#4644 = FACE_BOUND('',#4645,.T.);
#4645 = EDGE_LOOP('',(#4646,#4647,#4653,#4654));
#4646 = ORIENTED_EDGE('',*,*,#4309,.T.);
#4647 = ORIENTED_EDGE('',*,*,#4648,.F.);
#4648 = EDGE_CURVE('',#4445,#4302,#4649,.T.);
#4649 = LINE('',#4650,#4651);
#4650 = CARTESIAN_POINT('',(4.43,-3.99,-6.175));
#4651 = VECTOR('',#4652,1.);
#4652 = DIRECTION('',(1.,1.665334536938E-16,5.098795759653E-17));
#4653 = ORIENTED_EDGE('',*,*,#4444,.T.);
#4654 = ORIENTED_EDGE('',*,*,#4632,.T.);
#4655 = PLANE('',#4656);
#4656 = AXIS2_PLACEMENT_3D('',#4657,#4658,#4659);
#4657 = CARTESIAN_POINT('',(5.08,-3.99,-2.498480166371));
#4658 = DIRECTION('',(-1.618066867293E-16,1.,-7.199164016712E-16));
#4659 = DIRECTION('',(1.,1.618066867293E-16,5.098795759653E-17));
#4660 = ADVANCED_FACE('',(#4661),#4677,.F.);
#4661 = FACE_BOUND('',#4662,.T.);
#4662 = EDGE_LOOP('',(#4663,#4664,#4670,#4671));
#4663 = ORIENTED_EDGE('',*,*,#4291,.T.);
#4664 = ORIENTED_EDGE('',*,*,#4665,.T.);
#4665 = EDGE_CURVE('',#4294,#4427,#4666,.T.);
#4666 = LINE('',#4667,#4668);
#4667 = CARTESIAN_POINT('',(5.08,-4.24,-5.791532469607));
#4668 = VECTOR('',#4669,1.);
#4669 = DIRECTION('',(-1.,-1.712602206583E-16,-5.098795759653E-17));
#4670 = ORIENTED_EDGE('',*,*,#4426,.T.);
#4671 = ORIENTED_EDGE('',*,*,#4672,.T.);
#4672 = EDGE_CURVE('',#4429,#4292,#4673,.T.);
#4673 = LINE('',#4674,#4675);
#4674 = CARTESIAN_POINT('',(4.43,-4.24,-6.175));
#4675 = VECTOR('',#4676,1.);
#4676 = DIRECTION('',(1.,1.665334536938E-16,5.098795759653E-17));
#4677 = PLANE('',#4678);
#4678 = AXIS2_PLACEMENT_3D('',#4679,#4680,#4681);
#4679 = CARTESIAN_POINT('',(5.08,-4.24,-2.498480166371));
#4680 = DIRECTION('',(-1.712602206583E-16,1.,-7.199164016712E-16));
#4681 = DIRECTION('',(1.,1.712602206583E-16,5.098795759653E-17));
#4682 = ADVANCED_FACE('',(#4683),#4689,.T.);
#4683 = FACE_BOUND('',#4684,.T.);
#4684 = EDGE_LOOP('',(#4685,#4686,#4687,#4688));
#4685 = ORIENTED_EDGE('',*,*,#4301,.T.);
#4686 = ORIENTED_EDGE('',*,*,#4672,.F.);
#4687 = ORIENTED_EDGE('',*,*,#4452,.T.);
#4688 = ORIENTED_EDGE('',*,*,#4648,.T.);
#4689 = PLANE('',#4690);
#4690 = AXIS2_PLACEMENT_3D('',#4691,#4692,#4693);
#4691 = CARTESIAN_POINT('',(4.43,-4.24,-6.175));
#4692 = DIRECTION('',(5.098795759653E-17,-1.03583720414E-15,-1.));
#4693 = DIRECTION('',(-1.665334536938E-16,1.,-1.03583720414E-15));
#4694 = ADVANCED_FACE('',(#4695),#4701,.T.);
#4695 = FACE_BOUND('',#4696,.T.);
#4696 = EDGE_LOOP('',(#4697,#4698,#4699,#4700));
#4697 = ORIENTED_EDGE('',*,*,#4349,.T.);
#4698 = ORIENTED_EDGE('',*,*,#4611,.T.);
#4699 = ORIENTED_EDGE('',*,*,#4484,.T.);
#4700 = ORIENTED_EDGE('',*,*,#4665,.F.);
#4701 = CYLINDRICAL_SURFACE('',#4702,0.4);
#4702 = AXIS2_PLACEMENT_3D('',#4703,#4704,#4705);
#4703 = CARTESIAN_POINT('',(5.08,-3.84,-5.791532469607));
#4704 = DIRECTION('',(1.,1.665334536938E-16,5.098795759653E-17));
#4705 = DIRECTION('',(-3.627958617518E-17,-8.715574274766E-02,
    0.996194698092));
#4706 = ADVANCED_FACE('',(#4707),#4729,.T.);
#4707 = FACE_BOUND('',#4708,.T.);
#4708 = EDGE_LOOP('',(#4709,#4710,#4711,#4712,#4713,#4714,#4722,#4728));
#4709 = ORIENTED_EDGE('',*,*,#4373,.T.);
#4710 = ORIENTED_EDGE('',*,*,#4625,.F.);
#4711 = ORIENTED_EDGE('',*,*,#4546,.T.);
#4712 = ORIENTED_EDGE('',*,*,#4517,.T.);
#4713 = ORIENTED_EDGE('',*,*,#4578,.F.);
#4714 = ORIENTED_EDGE('',*,*,#4715,.T.);
#4715 = EDGE_CURVE('',#4571,#4716,#4718,.T.);
#4716 = VERTEX_POINT('',#4717);
#4717 = CARTESIAN_POINT('',(5.73,-0.365137702901,-5.336948435666));
#4718 = LINE('',#4719,#4720);
#4719 = CARTESIAN_POINT('',(5.08,-0.365137702901,-5.336948435666));
#4720 = VECTOR('',#4721,1.);
#4721 = DIRECTION('',(1.,1.661214888082E-16,5.56967377857E-17));
#4722 = ORIENTED_EDGE('',*,*,#4723,.F.);
#4723 = EDGE_CURVE('',#4405,#4716,#4724,.T.);
#4724 = LINE('',#4725,#4726);
#4725 = CARTESIAN_POINT('',(5.73,2.705727457156,-5.068282546944));
#4726 = VECTOR('',#4727,1.);
#4727 = DIRECTION('',(-1.703436369402E-16,0.996194698092,
    8.715574274766E-02));
#4728 = ORIENTED_EDGE('',*,*,#4404,.T.);
#4729 = PLANE('',#4730);
#4730 = AXIS2_PLACEMENT_3D('',#4731,#4732,#4733);
#4731 = CARTESIAN_POINT('',(5.08,-0.956802108534,-5.38871236377));
#4732 = DIRECTION('',(4.100635313969E-17,8.715574274766E-02,
    -0.996194698092));
#4733 = DIRECTION('',(1.,1.661214888082E-16,5.56967377857E-17));
#4734 = ADVANCED_FACE('',(#4735),#4762,.F.);
#4735 = FACE_BOUND('',#4736,.F.);
#4736 = EDGE_LOOP('',(#4737,#4746,#4754,#4761));
#4737 = ORIENTED_EDGE('',*,*,#4738,.F.);
#4738 = EDGE_CURVE('',#4739,#4563,#4741,.T.);
#4739 = VERTEX_POINT('',#4740);
#4740 = CARTESIAN_POINT('',(4.43,-0.25,-4.938470556429));
#4741 = CIRCLE('',#4742,0.15);
#4742 = AXIS2_PLACEMENT_3D('',#4743,#4744,#4745);
#4743 = CARTESIAN_POINT('',(4.43,-0.4,-4.938470556429));
#4744 = DIRECTION('',(-1.,-1.665334536938E-16,-5.098795759653E-17));
#4745 = DIRECTION('',(-1.665334536938E-16,1.,-9.270413104628E-16));
#4746 = ORIENTED_EDGE('',*,*,#4747,.F.);
#4747 = EDGE_CURVE('',#4748,#4739,#4750,.T.);
#4748 = VERTEX_POINT('',#4749);
#4749 = CARTESIAN_POINT('',(5.73,-0.25,-4.938470556429));
#4750 = LINE('',#4751,#4752);
#4751 = CARTESIAN_POINT('',(5.08,-0.25,-4.938470556429));
#4752 = VECTOR('',#4753,1.);
#4753 = DIRECTION('',(-1.,-1.712602206583E-16,-5.098795759653E-17));
#4754 = ORIENTED_EDGE('',*,*,#4755,.T.);
#4755 = EDGE_CURVE('',#4748,#4595,#4756,.T.);
#4756 = CIRCLE('',#4757,0.15);
#4757 = AXIS2_PLACEMENT_3D('',#4758,#4759,#4760);
#4758 = CARTESIAN_POINT('',(5.73,-0.4,-4.938470556429));
#4759 = DIRECTION('',(-1.,-1.665334536938E-16,-5.098795759653E-17));
#4760 = DIRECTION('',(-1.665334536938E-16,1.,-9.270413104628E-16));
#4761 = ORIENTED_EDGE('',*,*,#4602,.T.);
#4762 = CYLINDRICAL_SURFACE('',#4763,0.15);
#4763 = AXIS2_PLACEMENT_3D('',#4764,#4765,#4766);
#4764 = CARTESIAN_POINT('',(5.08,-0.4,-4.938470556429));
#4765 = DIRECTION('',(-1.,-1.665334536938E-16,-5.098795759653E-17));
#4766 = DIRECTION('',(-1.665334536938E-16,1.,-3.066966545005E-16));
#4767 = ADVANCED_FACE('',(#4768),#4792,.T.);
#4768 = FACE_BOUND('',#4769,.T.);
#4769 = EDGE_LOOP('',(#4770,#4776,#4785,#4791));
#4770 = ORIENTED_EDGE('',*,*,#4771,.F.);
#4771 = EDGE_CURVE('',#4716,#4595,#4772,.T.);
#4772 = LINE('',#4773,#4774);
#4773 = CARTESIAN_POINT('',(5.73,-0.382133072737,-5.142690469538));
#4774 = VECTOR('',#4775,1.);
#4775 = DIRECTION('',(-3.627958617518E-17,-8.715574274766E-02,
    0.996194698092));
#4776 = ORIENTED_EDGE('',*,*,#4777,.T.);
#4777 = EDGE_CURVE('',#4716,#4778,#4780,.T.);
#4778 = VERTEX_POINT('',#4779);
#4779 = CARTESIAN_POINT('',(5.73,8.031349342128E-16,-4.938470556429));
#4780 = CIRCLE('',#4781,0.4);
#4781 = AXIS2_PLACEMENT_3D('',#4782,#4783,#4784);
#4782 = CARTESIAN_POINT('',(5.73,-0.4,-4.938470556429));
#4783 = DIRECTION('',(1.,1.665334536938E-16,5.098795759653E-17));
#4784 = DIRECTION('',(3.627958617518E-17,8.715574274766E-02,
    -0.996194698092));
#4785 = ORIENTED_EDGE('',*,*,#4786,.T.);
#4786 = EDGE_CURVE('',#4778,#4748,#4787,.T.);
#4787 = LINE('',#4788,#4789);
#4788 = CARTESIAN_POINT('',(5.73,-0.195,-4.938470556429));
#4789 = VECTOR('',#4790,1.);
#4790 = DIRECTION('',(1.665334536938E-16,-1.,3.066966545005E-16));
#4791 = ORIENTED_EDGE('',*,*,#4755,.T.);
#4792 = PLANE('',#4793);
#4793 = AXIS2_PLACEMENT_3D('',#4794,#4795,#4796);
#4794 = CARTESIAN_POINT('',(5.73,-0.365137702901,-5.336948435666));
#4795 = DIRECTION('',(1.,1.665334536938E-16,5.098795759653E-17));
#4796 = DIRECTION('',(5.098795759653E-17,-1.855456608539E-18,-1.));
#4797 = ADVANCED_FACE('',(#4798),#4804,.T.);
#4798 = FACE_BOUND('',#4799,.T.);
#4799 = EDGE_LOOP('',(#4800,#4801,#4802,#4803));
#4800 = ORIENTED_EDGE('',*,*,#4412,.T.);
#4801 = ORIENTED_EDGE('',*,*,#4723,.T.);
#4802 = ORIENTED_EDGE('',*,*,#4771,.T.);
#4803 = ORIENTED_EDGE('',*,*,#4594,.T.);
#4804 = PLANE('',#4805);
#4805 = AXIS2_PLACEMENT_3D('',#4806,#4807,#4808);
#4806 = CARTESIAN_POINT('',(5.73,0.990407534714,-4.967398635092));
#4807 = DIRECTION('',(1.,1.665334536938E-16,5.098795759653E-17));
#4808 = DIRECTION('',(-3.627958617518E-17,-8.715574274766E-02,
    0.996194698092));
#4809 = ADVANCED_FACE('',(#4810),#4842,.T.);
#4810 = FACE_BOUND('',#4811,.T.);
#4811 = EDGE_LOOP('',(#4812,#4820,#4828,#4836));
#4812 = ORIENTED_EDGE('',*,*,#4813,.F.);
#4813 = EDGE_CURVE('',#4814,#4778,#4816,.T.);
#4814 = VERTEX_POINT('',#4815);
#4815 = CARTESIAN_POINT('',(4.43,7.504902177391E-16,-4.938470556429));
#4816 = LINE('',#4817,#4818);
#4817 = CARTESIAN_POINT('',(5.08,5.79551739793E-16,-4.938470556429));
#4818 = VECTOR('',#4819,1.);
#4819 = DIRECTION('',(1.,1.618066867293E-16,5.098795759653E-17));
#4820 = ORIENTED_EDGE('',*,*,#4821,.F.);
#4821 = EDGE_CURVE('',#4822,#4814,#4824,.T.);
#4822 = VERTEX_POINT('',#4823);
#4823 = CARTESIAN_POINT('',(4.43,9.30972168668E-16,-4.35));
#4824 = LINE('',#4825,#4826);
#4825 = CARTESIAN_POINT('',(4.43,-5.599309019923E-16,-9.211165091899));
#4826 = VECTOR('',#4827,1.);
#4827 = DIRECTION('',(5.098795759653E-17,-3.066966545005E-16,-1.));
#4828 = ORIENTED_EDGE('',*,*,#4829,.T.);
#4829 = EDGE_CURVE('',#4822,#4830,#4832,.T.);
#4830 = VERTEX_POINT('',#4831);
#4831 = CARTESIAN_POINT('',(5.73,9.836168851416E-16,-4.35));
#4832 = LINE('',#4833,#4834);
#4833 = CARTESIAN_POINT('',(5.08,7.54464363869E-16,-4.35));
#4834 = VECTOR('',#4835,1.);
#4835 = DIRECTION('',(1.,1.618066867293E-16,5.098795759653E-17));
#4836 = ORIENTED_EDGE('',*,*,#4837,.F.);
#4837 = EDGE_CURVE('',#4778,#4830,#4838,.T.);
#4838 = LINE('',#4839,#4840);
#4839 = CARTESIAN_POINT('',(5.73,1.630258272158E-15,-2.241592955033));
#4840 = VECTOR('',#4841,1.);
#4841 = DIRECTION('',(-5.098795759653E-17,3.066966545005E-16,1.));
#4842 = PLANE('',#4843);
#4843 = AXIS2_PLACEMENT_3D('',#4844,#4845,#4846);
#4844 = CARTESIAN_POINT('',(5.08,2.973972507432E-16,-5.918112788663));
#4845 = DIRECTION('',(-1.618066867293E-16,1.,-2.908361289577E-16));
#4846 = DIRECTION('',(1.,1.618066867293E-16,5.098795759653E-17));
#4847 = ADVANCED_FACE('',(#4848),#4871,.T.);
#4848 = FACE_BOUND('',#4849,.T.);
#4849 = EDGE_LOOP('',(#4850,#4856,#4864,#4870));
#4850 = ORIENTED_EDGE('',*,*,#4851,.F.);
#4851 = EDGE_CURVE('',#4739,#4814,#4852,.T.);
#4852 = LINE('',#4853,#4854);
#4853 = CARTESIAN_POINT('',(4.43,-0.195,-4.938470556429));
#4854 = VECTOR('',#4855,1.);
#4855 = DIRECTION('',(-1.665334536938E-16,1.,-3.066966545005E-16));
#4856 = ORIENTED_EDGE('',*,*,#4857,.F.);
#4857 = EDGE_CURVE('',#4858,#4739,#4860,.T.);
#4858 = VERTEX_POINT('',#4859);
#4859 = CARTESIAN_POINT('',(4.43,-0.25,-4.35));
#4860 = LINE('',#4861,#4862);
#4861 = CARTESIAN_POINT('',(4.43,-0.25,-2.241592955033));
#4862 = VECTOR('',#4863,1.);
#4863 = DIRECTION('',(5.098795759653E-17,-3.066966545005E-16,-1.));
#4864 = ORIENTED_EDGE('',*,*,#4865,.T.);
#4865 = EDGE_CURVE('',#4858,#4822,#4866,.T.);
#4866 = LINE('',#4867,#4868);
#4867 = CARTESIAN_POINT('',(4.43,-0.195,-4.35));
#4868 = VECTOR('',#4869,1.);
#4869 = DIRECTION('',(-1.665334536938E-16,1.,-3.066966545005E-16));
#4870 = ORIENTED_EDGE('',*,*,#4821,.T.);
#4871 = PLANE('',#4872);
#4872 = AXIS2_PLACEMENT_3D('',#4873,#4874,#4875);
#4873 = CARTESIAN_POINT('',(4.43,-0.25,-9.211165091899));
#4874 = DIRECTION('',(-1.,-1.665334536938E-16,-5.098795759653E-17));
#4875 = DIRECTION('',(-1.665334536938E-16,1.,-6.235803503986E-16));
#4876 = ADVANCED_FACE('',(#4877),#4889,.T.);
#4877 = FACE_BOUND('',#4878,.T.);
#4878 = EDGE_LOOP('',(#4879,#4880,#4881,#4882));
#4879 = ORIENTED_EDGE('',*,*,#4570,.F.);
#4880 = ORIENTED_EDGE('',*,*,#4738,.F.);
#4881 = ORIENTED_EDGE('',*,*,#4851,.T.);
#4882 = ORIENTED_EDGE('',*,*,#4883,.T.);
#4883 = EDGE_CURVE('',#4814,#4571,#4884,.T.);
#4884 = CIRCLE('',#4885,0.4);
#4885 = AXIS2_PLACEMENT_3D('',#4886,#4887,#4888);
#4886 = CARTESIAN_POINT('',(4.43,-0.4,-4.938470556429));
#4887 = DIRECTION('',(-1.,-1.665334536938E-16,-5.098795759653E-17));
#4888 = DIRECTION('',(-1.665334536938E-16,1.,-1.042689542195E-15));
#4889 = PLANE('',#4890);
#4890 = AXIS2_PLACEMENT_3D('',#4891,#4892,#4893);
#4891 = CARTESIAN_POINT('',(4.43,-0.386926638588,-5.087899761143));
#4892 = DIRECTION('',(-1.,-1.665334536938E-16,-5.098795759653E-17));
#4893 = DIRECTION('',(-5.098795759653E-17,1.855456608539E-18,1.));
#4894 = ADVANCED_FACE('',(#4895),#4927,.F.);
#4895 = FACE_BOUND('',#4896,.F.);
#4896 = EDGE_LOOP('',(#4897,#4904,#4912,#4921));
#4897 = ORIENTED_EDGE('',*,*,#4898,.F.);
#4898 = EDGE_CURVE('',#4237,#4858,#4899,.T.);
#4899 = CIRCLE('',#4900,0.15);
#4900 = AXIS2_PLACEMENT_3D('',#4901,#4902,#4903);
#4901 = CARTESIAN_POINT('',(4.43,-0.4,-4.35));
#4902 = DIRECTION('',(-1.,-1.665334536938E-16,-5.098795759653E-17));
#4903 = DIRECTION('',(-5.098795759653E-17,1.855456608539E-18,1.));
#4904 = ORIENTED_EDGE('',*,*,#4905,.F.);
#4905 = EDGE_CURVE('',#4906,#4237,#4908,.T.);
#4906 = VERTEX_POINT('',#4907);
#4907 = CARTESIAN_POINT('',(5.73,-0.4,-4.2));
#4908 = LINE('',#4909,#4910);
#4909 = CARTESIAN_POINT('',(5.08,-0.4,-4.2));
#4910 = VECTOR('',#4911,1.);
#4911 = DIRECTION('',(-1.,-1.665334536938E-16,-5.571472456105E-17));
#4912 = ORIENTED_EDGE('',*,*,#4913,.T.);
#4913 = EDGE_CURVE('',#4906,#4914,#4916,.T.);
#4914 = VERTEX_POINT('',#4915);
#4915 = CARTESIAN_POINT('',(5.73,-0.25,-4.35));
#4916 = CIRCLE('',#4917,0.15);
#4917 = AXIS2_PLACEMENT_3D('',#4918,#4919,#4920);
#4918 = CARTESIAN_POINT('',(5.73,-0.4,-4.35));
#4919 = DIRECTION('',(-1.,-1.665334536938E-16,-5.098795759653E-17));
#4920 = DIRECTION('',(-5.098795759653E-17,1.855456608539E-18,1.));
#4921 = ORIENTED_EDGE('',*,*,#4922,.T.);
#4922 = EDGE_CURVE('',#4914,#4858,#4923,.T.);
#4923 = LINE('',#4924,#4925);
#4924 = CARTESIAN_POINT('',(5.08,-0.25,-4.35));
#4925 = VECTOR('',#4926,1.);
#4926 = DIRECTION('',(-1.,-1.712602206583E-16,-5.098795759653E-17));
#4927 = CYLINDRICAL_SURFACE('',#4928,0.15);
#4928 = AXIS2_PLACEMENT_3D('',#4929,#4930,#4931);
#4929 = CARTESIAN_POINT('',(5.08,-0.4,-4.35));
#4930 = DIRECTION('',(-1.,-1.665334536938E-16,-5.098795759653E-17));
#4931 = DIRECTION('',(-5.098795759653E-17,-2.982048203172E-16,1.));
#4932 = ADVANCED_FACE('',(#4933),#4939,.T.);
#4933 = FACE_BOUND('',#4934,.T.);
#4934 = EDGE_LOOP('',(#4935,#4936,#4937,#4938));
#4935 = ORIENTED_EDGE('',*,*,#4715,.F.);
#4936 = ORIENTED_EDGE('',*,*,#4883,.F.);
#4937 = ORIENTED_EDGE('',*,*,#4813,.T.);
#4938 = ORIENTED_EDGE('',*,*,#4777,.F.);
#4939 = CYLINDRICAL_SURFACE('',#4940,0.4);
#4940 = AXIS2_PLACEMENT_3D('',#4941,#4942,#4943);
#4941 = CARTESIAN_POINT('',(5.08,-0.4,-4.938470556429));
#4942 = DIRECTION('',(-1.,-1.665334536938E-16,-5.098795759653E-17));
#4943 = DIRECTION('',(-1.665334536938E-16,1.,-3.066966545005E-16));
#4944 = ADVANCED_FACE('',(#4945),#4967,.T.);
#4945 = FACE_BOUND('',#4946,.T.);
#4946 = EDGE_LOOP('',(#4947,#4953,#4960,#4966));
#4947 = ORIENTED_EDGE('',*,*,#4948,.F.);
#4948 = EDGE_CURVE('',#4830,#4914,#4949,.T.);
#4949 = LINE('',#4950,#4951);
#4950 = CARTESIAN_POINT('',(5.73,-0.195,-4.35));
#4951 = VECTOR('',#4952,1.);
#4952 = DIRECTION('',(1.665334536938E-16,-1.,3.066966545005E-16));
#4953 = ORIENTED_EDGE('',*,*,#4954,.T.);
#4954 = EDGE_CURVE('',#4830,#4269,#4955,.T.);
#4955 = CIRCLE('',#4956,0.4);
#4956 = AXIS2_PLACEMENT_3D('',#4957,#4958,#4959);
#4957 = CARTESIAN_POINT('',(5.73,-0.4,-4.35));
#4958 = DIRECTION('',(1.,1.665334536938E-16,5.098795759653E-17));
#4959 = DIRECTION('',(-1.665334536938E-16,1.,-5.222724994016E-16));
#4960 = ORIENTED_EDGE('',*,*,#4961,.T.);
#4961 = EDGE_CURVE('',#4269,#4906,#4962,.T.);
#4962 = LINE('',#4963,#4964);
#4963 = CARTESIAN_POINT('',(5.73,-0.4,-4.145));
#4964 = VECTOR('',#4965,1.);
#4965 = DIRECTION('',(5.098795759653E-17,2.982048203172E-16,-1.));
#4966 = ORIENTED_EDGE('',*,*,#4913,.T.);
#4967 = PLANE('',#4968);
#4968 = AXIS2_PLACEMENT_3D('',#4969,#4970,#4971);
#4969 = CARTESIAN_POINT('',(5.73,1.032595272887E-15,-4.35));
#4970 = DIRECTION('',(1.,1.665334536938E-16,5.098795759653E-17));
#4971 = DIRECTION('',(5.098795759653E-17,-1.855456608539E-18,-1.));
#4972 = ADVANCED_FACE('',(#4973),#4984,.T.);
#4973 = FACE_BOUND('',#4974,.T.);
#4974 = EDGE_LOOP('',(#4975,#4976,#4977,#4978));
#4975 = ORIENTED_EDGE('',*,*,#4786,.F.);
#4976 = ORIENTED_EDGE('',*,*,#4837,.T.);
#4977 = ORIENTED_EDGE('',*,*,#4948,.T.);
#4978 = ORIENTED_EDGE('',*,*,#4979,.T.);
#4979 = EDGE_CURVE('',#4914,#4748,#4980,.T.);
#4980 = LINE('',#4981,#4982);
#4981 = CARTESIAN_POINT('',(5.73,-0.25,-2.241592955033));
#4982 = VECTOR('',#4983,1.);
#4983 = DIRECTION('',(5.098795759653E-17,-3.066966545005E-16,-1.));
#4984 = PLANE('',#4985);
#4985 = AXIS2_PLACEMENT_3D('',#4986,#4987,#4988);
#4986 = CARTESIAN_POINT('',(5.73,-0.25,-3.941592955033));
#4987 = DIRECTION('',(1.,1.665334536938E-16,5.098795759653E-17));
#4988 = DIRECTION('',(1.665334536938E-16,-1.,6.067535326817E-16));
#4989 = ADVANCED_FACE('',(#4990),#4996,.F.);
#4990 = FACE_BOUND('',#4991,.T.);
#4991 = EDGE_LOOP('',(#4992,#4993,#4994,#4995));
#4992 = ORIENTED_EDGE('',*,*,#4747,.F.);
#4993 = ORIENTED_EDGE('',*,*,#4979,.F.);
#4994 = ORIENTED_EDGE('',*,*,#4922,.T.);
#4995 = ORIENTED_EDGE('',*,*,#4857,.T.);
#4996 = PLANE('',#4997);
#4997 = AXIS2_PLACEMENT_3D('',#4998,#4999,#5000);
#4998 = CARTESIAN_POINT('',(5.08,-0.25,-5.918112788663));
#4999 = DIRECTION('',(-1.712602206583E-16,1.,-2.908361289577E-16));
#5000 = DIRECTION('',(1.,1.712602206583E-16,5.098795759653E-17));
#5001 = ADVANCED_FACE('',(#5002),#5013,.T.);
#5002 = FACE_BOUND('',#5003,.T.);
#5003 = EDGE_LOOP('',(#5004,#5005,#5011,#5012));
#5004 = ORIENTED_EDGE('',*,*,#4182,.T.);
#5005 = ORIENTED_EDGE('',*,*,#5006,.T.);
#5006 = EDGE_CURVE('',#4175,#4906,#5007,.T.);
#5007 = LINE('',#5008,#5009);
#5008 = CARTESIAN_POINT('',(5.73,-2.1,-4.2));
#5009 = VECTOR('',#5010,1.);
#5010 = DIRECTION('',(-1.665334536938E-16,1.,2.982048203172E-16));
#5011 = ORIENTED_EDGE('',*,*,#4961,.F.);
#5012 = ORIENTED_EDGE('',*,*,#4268,.T.);
#5013 = PLANE('',#5014);
#5014 = AXIS2_PLACEMENT_3D('',#5015,#5016,#5017);
#5015 = CARTESIAN_POINT('',(5.73,-0.4,-4.2));
#5016 = DIRECTION('',(1.,1.665334536938E-16,5.098795759653E-17));
#5017 = DIRECTION('',(5.098795759653E-17,-1.855456608539E-18,-1.));
#5018 = ADVANCED_FACE('',(#5019),#5030,.T.);
#5019 = FACE_BOUND('',#5020,.T.);
#5020 = EDGE_LOOP('',(#5021,#5022,#5028,#5029));
#5021 = ORIENTED_EDGE('',*,*,#4111,.T.);
#5022 = ORIENTED_EDGE('',*,*,#5023,.T.);
#5023 = EDGE_CURVE('',#4104,#4205,#5024,.T.);
#5024 = LINE('',#5025,#5026);
#5025 = CARTESIAN_POINT('',(4.43,-2.1,-4.2));
#5026 = VECTOR('',#5027,1.);
#5027 = DIRECTION('',(1.,1.665334536938E-16,5.098795759653E-17));
#5028 = ORIENTED_EDGE('',*,*,#4204,.T.);
#5029 = ORIENTED_EDGE('',*,*,#4260,.T.);
#5030 = PLANE('',#5031);
#5031 = AXIS2_PLACEMENT_3D('',#5032,#5033,#5034);
#5032 = CARTESIAN_POINT('',(5.73,-2.1,-4.2));
#5033 = DIRECTION('',(1.665334536938E-16,-1.,1.855456608539E-18));
#5034 = DIRECTION('',(5.098795759653E-17,-1.855456608539E-18,-1.));
#5035 = ADVANCED_FACE('',(#5036),#5048,.T.);
#5036 = FACE_BOUND('',#5037,.T.);
#5037 = EDGE_LOOP('',(#5038,#5039,#5040,#5041));
#5038 = ORIENTED_EDGE('',*,*,#4865,.F.);
#5039 = ORIENTED_EDGE('',*,*,#4898,.F.);
#5040 = ORIENTED_EDGE('',*,*,#4236,.T.);
#5041 = ORIENTED_EDGE('',*,*,#5042,.T.);
#5042 = EDGE_CURVE('',#4229,#4822,#5043,.T.);
#5043 = CIRCLE('',#5044,0.4);
#5044 = AXIS2_PLACEMENT_3D('',#5045,#5046,#5047);
#5045 = CARTESIAN_POINT('',(4.43,-0.4,-4.35));
#5046 = DIRECTION('',(-1.,-1.665334536938E-16,-5.098795759653E-17));
#5047 = DIRECTION('',(-5.098795759653E-17,1.753278042062E-16,1.));
#5048 = PLANE('',#5049);
#5049 = AXIS2_PLACEMENT_3D('',#5050,#5051,#5052);
#5050 = CARTESIAN_POINT('',(4.43,-0.25,-4.35));
#5051 = DIRECTION('',(-1.,-1.665334536938E-16,-5.098795759653E-17));
#5052 = DIRECTION('',(-5.098795759653E-17,1.855456608539E-18,1.));
#5053 = ADVANCED_FACE('',(#5054),#5060,.T.);
#5054 = FACE_BOUND('',#5055,.T.);
#5055 = EDGE_LOOP('',(#5056,#5057,#5058,#5059));
#5056 = ORIENTED_EDGE('',*,*,#4829,.F.);
#5057 = ORIENTED_EDGE('',*,*,#5042,.F.);
#5058 = ORIENTED_EDGE('',*,*,#4276,.T.);
#5059 = ORIENTED_EDGE('',*,*,#4954,.F.);
#5060 = CYLINDRICAL_SURFACE('',#5061,0.4);
#5061 = AXIS2_PLACEMENT_3D('',#5062,#5063,#5064);
#5062 = CARTESIAN_POINT('',(5.08,-0.4,-4.35));
#5063 = DIRECTION('',(-1.,-1.665334536938E-16,-5.098795759653E-17));
#5064 = DIRECTION('',(-5.098795759653E-17,-2.982048203172E-16,1.));
#5065 = ADVANCED_FACE('',(#5066),#5076,.F.);
#5066 = FACE_BOUND('',#5067,.T.);
#5067 = EDGE_LOOP('',(#5068,#5069,#5070,#5071,#5072,#5073,#5074,#5075));
#5068 = ORIENTED_EDGE('',*,*,#4141,.T.);
#5069 = ORIENTED_EDGE('',*,*,#4244,.T.);
#5070 = ORIENTED_EDGE('',*,*,#4905,.F.);
#5071 = ORIENTED_EDGE('',*,*,#5006,.F.);
#5072 = ORIENTED_EDGE('',*,*,#4174,.T.);
#5073 = ORIENTED_EDGE('',*,*,#4212,.T.);
#5074 = ORIENTED_EDGE('',*,*,#5023,.F.);
#5075 = ORIENTED_EDGE('',*,*,#4103,.T.);
#5076 = PLANE('',#5077);
#5077 = AXIS2_PLACEMENT_3D('',#5078,#5079,#5080);
#5078 = CARTESIAN_POINT('',(5.08,1.576519833629,-4.2));
#5079 = DIRECTION('',(-5.571472456105E-17,-3.140653458601E-16,1.));
#5080 = DIRECTION('',(1.,1.665334536938E-16,5.571472456105E-17));
#5081 = ( GEOMETRIC_REPRESENTATION_CONTEXT(3) 
GLOBAL_UNCERTAINTY_ASSIGNED_CONTEXT((#5085)) 
GLOBAL_UNIT_ASSIGNED_CONTEXT((#5082,#5083,#5084)) REPRESENTATION_CONTEXT
('Context #1','3D Context with UNIT and UNCERTAINTY') );
#5082 = ( LENGTH_UNIT() NAMED_UNIT(*) SI_UNIT(.MILLI.,.METRE.) );
#5083 = ( NAMED_UNIT(*) PLANE_ANGLE_UNIT() SI_UNIT($,.RADIAN.) );
#5084 = ( NAMED_UNIT(*) SI_UNIT($,.STERADIAN.) SOLID_ANGLE_UNIT() );
#5085 = UNCERTAINTY_MEASURE_WITH_UNIT(LENGTH_MEASURE(1.E-07),#5082,
  'distance_accuracy_value','confusion accuracy');
#5086 = PRODUCT_RELATED_PRODUCT_CATEGORY('part',$,(#4075));
#5087 = SHAPE_DEFINITION_REPRESENTATION(#5088,#5094);
#5088 = PRODUCT_DEFINITION_SHAPE('','',#5089);
#5089 = PRODUCT_DEFINITION('design','',#5090,#5093);
#5090 = PRODUCT_DEFINITION_FORMATION('','',#5091);
#5091 = PRODUCT('R-78AA-1.0SMD_pin1(+Vin)','R-78AA-1.0SMD_pin1(+Vin)',''
  ,(#5092));
#5092 = PRODUCT_CONTEXT('',#2,'mechanical');
#5093 = PRODUCT_DEFINITION_CONTEXT('part definition',#2,'design');
#5094 = ADVANCED_BREP_SHAPE_REPRESENTATION('',(#11,#5095),#6097);
#5095 = MANIFOLD_SOLID_BREP('',#5096);
#5096 = CLOSED_SHELL('',(#5097,#5137,#5168,#5208,#5239,#5270,#5303,#5343
    ,#5376,#5407,#5438,#5478,#5511,#5551,#5573,#5604,#5637,#5659,#5676,
    #5698,#5710,#5722,#5750,#5783,#5813,#5825,#5863,#5892,#5910,#5948,
    #5960,#5988,#6005,#6017,#6034,#6051,#6069,#6081));
#5097 = ADVANCED_FACE('',(#5098),#5132,.F.);
#5098 = FACE_BOUND('',#5099,.T.);
#5099 = EDGE_LOOP('',(#5100,#5110,#5118,#5126));
#5100 = ORIENTED_EDGE('',*,*,#5101,.F.);
#5101 = EDGE_CURVE('',#5102,#5104,#5106,.T.);
#5102 = VERTEX_POINT('',#5103);
#5103 = CARTESIAN_POINT('',(-4.83,-0.6,3.95));
#5104 = VERTEX_POINT('',#5105);
#5105 = CARTESIAN_POINT('',(-4.83,-2.1,3.95));
#5106 = LINE('',#5107,#5108);
#5107 = CARTESIAN_POINT('',(-4.83,0.488259916815,3.95));
#5108 = VECTOR('',#5109,1.);
#5109 = DIRECTION('',(-2.775557561563E-16,-1.,1.087789123412E-15));
#5110 = ORIENTED_EDGE('',*,*,#5111,.T.);
#5111 = EDGE_CURVE('',#5102,#5112,#5114,.T.);
#5112 = VERTEX_POINT('',#5113);
#5113 = CARTESIAN_POINT('',(-4.83,-0.6,4.2));
#5114 = LINE('',#5115,#5116);
#5115 = CARTESIAN_POINT('',(-4.83,-0.6,3.95));
#5116 = VECTOR('',#5117,1.);
#5117 = DIRECTION('',(1.090792376426E-18,7.718683209433E-16,1.));
#5118 = ORIENTED_EDGE('',*,*,#5119,.F.);
#5119 = EDGE_CURVE('',#5120,#5112,#5122,.T.);
#5120 = VERTEX_POINT('',#5121);
#5121 = CARTESIAN_POINT('',(-4.83,-2.1,4.2));
#5122 = LINE('',#5123,#5124);
#5123 = CARTESIAN_POINT('',(-4.83,0.488259916815,4.2));
#5124 = VECTOR('',#5125,1.);
#5125 = DIRECTION('',(2.775557561563E-16,1.,-1.087789123412E-15));
#5126 = ORIENTED_EDGE('',*,*,#5127,.F.);
#5127 = EDGE_CURVE('',#5104,#5120,#5128,.T.);
#5128 = LINE('',#5129,#5130);
#5129 = CARTESIAN_POINT('',(-4.83,-2.1,4.075));
#5130 = VECTOR('',#5131,1.);
#5131 = DIRECTION('',(1.090792376426E-18,7.718683209433E-16,1.));
#5132 = PLANE('',#5133);
#5133 = AXIS2_PLACEMENT_3D('',#5134,#5135,#5136);
#5134 = CARTESIAN_POINT('',(-4.83,-0.6,3.95));
#5135 = DIRECTION('',(-1.,2.775557561563E-16,1.090792376426E-18));
#5136 = DIRECTION('',(-2.775557561563E-16,-1.,1.087789123412E-15));
#5137 = ADVANCED_FACE('',(#5138),#5163,.F.);
#5138 = FACE_BOUND('',#5139,.T.);
#5139 = EDGE_LOOP('',(#5140,#5148,#5156,#5162));
#5140 = ORIENTED_EDGE('',*,*,#5141,.F.);
#5141 = EDGE_CURVE('',#5142,#5102,#5144,.T.);
#5142 = VERTEX_POINT('',#5143);
#5143 = CARTESIAN_POINT('',(-4.43,-0.6,3.95));
#5144 = LINE('',#5145,#5146);
#5145 = CARTESIAN_POINT('',(-4.755,-0.6,3.95));
#5146 = VECTOR('',#5147,1.);
#5147 = DIRECTION('',(-1.,-3.289585577741E-33,5.817559340941E-18));
#5148 = ORIENTED_EDGE('',*,*,#5149,.F.);
#5149 = EDGE_CURVE('',#5150,#5142,#5152,.T.);
#5150 = VERTEX_POINT('',#5151);
#5151 = CARTESIAN_POINT('',(-4.43,-0.6,4.2));
#5152 = LINE('',#5153,#5154);
#5153 = CARTESIAN_POINT('',(-4.43,-0.6,4.075));
#5154 = VECTOR('',#5155,1.);
#5155 = DIRECTION('',(-1.090792376426E-18,-7.718683209433E-16,-1.));
#5156 = ORIENTED_EDGE('',*,*,#5157,.F.);
#5157 = EDGE_CURVE('',#5112,#5150,#5158,.T.);
#5158 = LINE('',#5159,#5160);
#5159 = CARTESIAN_POINT('',(-4.755,-0.6,4.2));
#5160 = VECTOR('',#5161,1.);
#5161 = DIRECTION('',(1.,1.058646893852E-32,3.635974588088E-18));
#5162 = ORIENTED_EDGE('',*,*,#5111,.F.);
#5163 = PLANE('',#5164);
#5164 = AXIS2_PLACEMENT_3D('',#5165,#5166,#5167);
#5165 = CARTESIAN_POINT('',(-4.43,-0.6,3.95));
#5166 = DIRECTION('',(-7.77997533822E-33,1.,-7.718683209433E-16));
#5167 = DIRECTION('',(-1.,-3.289585577741E-33,5.817559340941E-18));
#5168 = ADVANCED_FACE('',(#5169),#5203,.F.);
#5169 = FACE_BOUND('',#5170,.T.);
#5170 = EDGE_LOOP('',(#5171,#5181,#5189,#5197));
#5171 = ORIENTED_EDGE('',*,*,#5172,.F.);
#5172 = EDGE_CURVE('',#5173,#5175,#5177,.T.);
#5173 = VERTEX_POINT('',#5174);
#5174 = CARTESIAN_POINT('',(-5.33,-0.6,3.95));
#5175 = VERTEX_POINT('',#5176);
#5176 = CARTESIAN_POINT('',(-5.73,-0.6,3.95));
#5177 = LINE('',#5178,#5179);
#5178 = CARTESIAN_POINT('',(-5.205,-0.6,3.95));
#5179 = VECTOR('',#5180,1.);
#5180 = DIRECTION('',(-1.,-3.289585577741E-33,5.817559340941E-18));
#5181 = ORIENTED_EDGE('',*,*,#5182,.T.);
#5182 = EDGE_CURVE('',#5173,#5183,#5185,.T.);
#5183 = VERTEX_POINT('',#5184);
#5184 = CARTESIAN_POINT('',(-5.33,-0.6,4.2));
#5185 = LINE('',#5186,#5187);
#5186 = CARTESIAN_POINT('',(-5.33,-0.6,3.95));
#5187 = VECTOR('',#5188,1.);
#5188 = DIRECTION('',(1.090792376426E-18,7.718683209433E-16,1.));
#5189 = ORIENTED_EDGE('',*,*,#5190,.F.);
#5190 = EDGE_CURVE('',#5191,#5183,#5193,.T.);
#5191 = VERTEX_POINT('',#5192);
#5192 = CARTESIAN_POINT('',(-5.73,-0.6,4.2));
#5193 = LINE('',#5194,#5195);
#5194 = CARTESIAN_POINT('',(-5.205,-0.6,4.2));
#5195 = VECTOR('',#5196,1.);
#5196 = DIRECTION('',(1.,1.058646893852E-32,3.635974588088E-18));
#5197 = ORIENTED_EDGE('',*,*,#5198,.F.);
#5198 = EDGE_CURVE('',#5175,#5191,#5199,.T.);
#5199 = LINE('',#5200,#5201);
#5200 = CARTESIAN_POINT('',(-5.73,-0.6,4.075));
#5201 = VECTOR('',#5202,1.);
#5202 = DIRECTION('',(1.090792376426E-18,7.718683209433E-16,1.));
#5203 = PLANE('',#5204);
#5204 = AXIS2_PLACEMENT_3D('',#5205,#5206,#5207);
#5205 = CARTESIAN_POINT('',(-5.33,-0.6,3.95));
#5206 = DIRECTION('',(-7.77997533822E-33,1.,-7.718683209433E-16));
#5207 = DIRECTION('',(-1.,-3.289585577741E-33,5.817559340941E-18));
#5208 = ADVANCED_FACE('',(#5209),#5234,.F.);
#5209 = FACE_BOUND('',#5210,.T.);
#5210 = EDGE_LOOP('',(#5211,#5219,#5227,#5233));
#5211 = ORIENTED_EDGE('',*,*,#5212,.F.);
#5212 = EDGE_CURVE('',#5213,#5173,#5215,.T.);
#5213 = VERTEX_POINT('',#5214);
#5214 = CARTESIAN_POINT('',(-5.33,-2.1,3.95));
#5215 = LINE('',#5216,#5217);
#5216 = CARTESIAN_POINT('',(-5.33,-0.261740083185,3.95));
#5217 = VECTOR('',#5218,1.);
#5218 = DIRECTION('',(-2.775557561563E-16,1.,-1.087789123412E-15));
#5219 = ORIENTED_EDGE('',*,*,#5220,.F.);
#5220 = EDGE_CURVE('',#5221,#5213,#5223,.T.);
#5221 = VERTEX_POINT('',#5222);
#5222 = CARTESIAN_POINT('',(-5.33,-2.1,4.2));
#5223 = LINE('',#5224,#5225);
#5224 = CARTESIAN_POINT('',(-5.33,-2.1,4.075));
#5225 = VECTOR('',#5226,1.);
#5226 = DIRECTION('',(-1.090792376426E-18,-7.718683209433E-16,-1.));
#5227 = ORIENTED_EDGE('',*,*,#5228,.F.);
#5228 = EDGE_CURVE('',#5183,#5221,#5229,.T.);
#5229 = LINE('',#5230,#5231);
#5230 = CARTESIAN_POINT('',(-5.33,-0.261740083185,4.2));
#5231 = VECTOR('',#5232,1.);
#5232 = DIRECTION('',(2.775557561563E-16,-1.,1.087789123412E-15));
#5233 = ORIENTED_EDGE('',*,*,#5182,.F.);
#5234 = PLANE('',#5235);
#5235 = AXIS2_PLACEMENT_3D('',#5236,#5237,#5238);
#5236 = CARTESIAN_POINT('',(-5.33,-2.1,3.95));
#5237 = DIRECTION('',(1.,2.775557561563E-16,-1.090792376427E-18));
#5238 = DIRECTION('',(-2.775557561563E-16,1.,-1.087789123412E-15));
#5239 = ADVANCED_FACE('',(#5240),#5265,.T.);
#5240 = FACE_BOUND('',#5241,.T.);
#5241 = EDGE_LOOP('',(#5242,#5243,#5251,#5259));
#5242 = ORIENTED_EDGE('',*,*,#5149,.T.);
#5243 = ORIENTED_EDGE('',*,*,#5244,.T.);
#5244 = EDGE_CURVE('',#5142,#5245,#5247,.T.);
#5245 = VERTEX_POINT('',#5246);
#5246 = CARTESIAN_POINT('',(-4.43,-0.4,3.95));
#5247 = LINE('',#5248,#5249);
#5248 = CARTESIAN_POINT('',(-4.43,4.869572136865,3.95));
#5249 = VECTOR('',#5250,1.);
#5250 = DIRECTION('',(-1.169251542629E-33,1.,-1.071928597869E-15));
#5251 = ORIENTED_EDGE('',*,*,#5252,.F.);
#5252 = EDGE_CURVE('',#5253,#5245,#5255,.T.);
#5253 = VERTEX_POINT('',#5254);
#5254 = CARTESIAN_POINT('',(-4.43,-0.4,4.2));
#5255 = LINE('',#5256,#5257);
#5256 = CARTESIAN_POINT('',(-4.43,-0.4,4.145));
#5257 = VECTOR('',#5258,1.);
#5258 = DIRECTION('',(-1.090792376426E-18,-1.071928597869E-15,-1.));
#5259 = ORIENTED_EDGE('',*,*,#5260,.F.);
#5260 = EDGE_CURVE('',#5150,#5253,#5261,.T.);
#5261 = LINE('',#5262,#5263);
#5262 = CARTESIAN_POINT('',(-4.43,-2.1,4.2));
#5263 = VECTOR('',#5264,1.);
#5264 = DIRECTION('',(-1.169251542629E-33,1.,-1.071928597869E-15));
#5265 = PLANE('',#5266);
#5266 = AXIS2_PLACEMENT_3D('',#5267,#5268,#5269);
#5267 = CARTESIAN_POINT('',(-4.43,4.869572136865,4.2));
#5268 = DIRECTION('',(1.,0.,-1.090792376426E-18));
#5269 = DIRECTION('',(-1.090792376426E-18,-7.718683209433E-16,-1.));
#5270 = ADVANCED_FACE('',(#5271),#5298,.T.);
#5271 = FACE_BOUND('',#5272,.T.);
#5272 = EDGE_LOOP('',(#5273,#5274,#5275,#5281,#5282,#5283,#5291,#5297));
#5273 = ORIENTED_EDGE('',*,*,#5141,.T.);
#5274 = ORIENTED_EDGE('',*,*,#5101,.T.);
#5275 = ORIENTED_EDGE('',*,*,#5276,.F.);
#5276 = EDGE_CURVE('',#5213,#5104,#5277,.T.);
#5277 = LINE('',#5278,#5279);
#5278 = CARTESIAN_POINT('',(-4.43,-2.1,3.95));
#5279 = VECTOR('',#5280,1.);
#5280 = DIRECTION('',(1.,0.,-1.090792376426E-18));
#5281 = ORIENTED_EDGE('',*,*,#5212,.T.);
#5282 = ORIENTED_EDGE('',*,*,#5172,.T.);
#5283 = ORIENTED_EDGE('',*,*,#5284,.F.);
#5284 = EDGE_CURVE('',#5285,#5175,#5287,.T.);
#5285 = VERTEX_POINT('',#5286);
#5286 = CARTESIAN_POINT('',(-5.73,-0.4,3.95));
#5287 = LINE('',#5288,#5289);
#5288 = CARTESIAN_POINT('',(-5.73,-2.1,3.95));
#5289 = VECTOR('',#5290,1.);
#5290 = DIRECTION('',(1.169251542629E-33,-1.,1.071928597869E-15));
#5291 = ORIENTED_EDGE('',*,*,#5292,.F.);
#5292 = EDGE_CURVE('',#5245,#5285,#5293,.T.);
#5293 = LINE('',#5294,#5295);
#5294 = CARTESIAN_POINT('',(-5.08,-0.4,3.95));
#5295 = VECTOR('',#5296,1.);
#5296 = DIRECTION('',(-1.,5.066756684725E-33,5.817559340941E-18));
#5297 = ORIENTED_EDGE('',*,*,#5244,.F.);
#5298 = PLANE('',#5299);
#5299 = AXIS2_PLACEMENT_3D('',#5300,#5301,#5302);
#5300 = CARTESIAN_POINT('',(-5.08,1.576519833629,3.95));
#5301 = DIRECTION('',(-5.817559340941E-18,-1.087789123412E-15,-1.));
#5302 = DIRECTION('',(-1.,3.64844168039E-33,5.817559340941E-18));
#5303 = ADVANCED_FACE('',(#5304),#5338,.F.);
#5304 = FACE_BOUND('',#5305,.T.);
#5305 = EDGE_LOOP('',(#5306,#5316,#5324,#5332));
#5306 = ORIENTED_EDGE('',*,*,#5307,.F.);
#5307 = EDGE_CURVE('',#5308,#5310,#5312,.T.);
#5308 = VERTEX_POINT('',#5309);
#5309 = CARTESIAN_POINT('',(-5.33,-4.24,6.174999998916));
#5310 = VERTEX_POINT('',#5311);
#5311 = CARTESIAN_POINT('',(-5.33,-4.24,5.791532469607));
#5312 = LINE('',#5313,#5314);
#5313 = CARTESIAN_POINT('',(-5.33,-4.24,4.336740082643));
#5314 = VECTOR('',#5315,1.);
#5315 = DIRECTION('',(-2.66994996755E-16,-5.380737588059E-17,-1.));
#5316 = ORIENTED_EDGE('',*,*,#5317,.F.);
#5317 = EDGE_CURVE('',#5318,#5308,#5320,.T.);
#5318 = VERTEX_POINT('',#5319);
#5319 = CARTESIAN_POINT('',(-5.33,-3.99,6.174999998916));
#5320 = LINE('',#5321,#5322);
#5321 = CARTESIAN_POINT('',(-5.33,-4.115,6.175));
#5322 = VECTOR('',#5323,1.);
#5323 = DIRECTION('',(1.998696479897E-32,-1.,-2.62113426588E-16));
#5324 = ORIENTED_EDGE('',*,*,#5325,.F.);
#5325 = EDGE_CURVE('',#5326,#5318,#5328,.T.);
#5326 = VERTEX_POINT('',#5327);
#5327 = CARTESIAN_POINT('',(-5.33,-3.99,5.791532469607));
#5328 = LINE('',#5329,#5330);
#5329 = CARTESIAN_POINT('',(-5.33,-3.99,4.336740082643));
#5330 = VECTOR('',#5331,1.);
#5331 = DIRECTION('',(2.66994996755E-16,5.380737588059E-17,1.));
#5332 = ORIENTED_EDGE('',*,*,#5333,.T.);
#5333 = EDGE_CURVE('',#5326,#5310,#5334,.T.);
#5334 = LINE('',#5335,#5336);
#5335 = CARTESIAN_POINT('',(-5.33,-4.078875633811,5.791532469607));
#5336 = VECTOR('',#5337,1.);
#5337 = DIRECTION('',(-1.260463816602E-14,-1.,7.718683209433E-16));
#5338 = PLANE('',#5339);
#5339 = AXIS2_PLACEMENT_3D('',#5340,#5341,#5342);
#5340 = CARTESIAN_POINT('',(-5.33,-3.99,6.174999998916));
#5341 = DIRECTION('',(1.,8.996993828026E-32,-2.66994996755E-16));
#5342 = DIRECTION('',(-2.66994996755E-16,-7.718683209433E-16,-1.));
#5343 = ADVANCED_FACE('',(#5344),#5371,.T.);
#5344 = FACE_BOUND('',#5345,.T.);
#5345 = EDGE_LOOP('',(#5346,#5347,#5356,#5364));
#5346 = ORIENTED_EDGE('',*,*,#5333,.F.);
#5347 = ORIENTED_EDGE('',*,*,#5348,.F.);
#5348 = EDGE_CURVE('',#5349,#5326,#5351,.T.);
#5349 = VERTEX_POINT('',#5350);
#5350 = CARTESIAN_POINT('',(-5.33,-3.853073361412,5.642103264893));
#5351 = CIRCLE('',#5352,0.15);
#5352 = AXIS2_PLACEMENT_3D('',#5353,#5354,#5355);
#5353 = CARTESIAN_POINT('',(-5.33,-3.84,5.791532469607));
#5354 = DIRECTION('',(-1.,1.260463816602E-14,1.178329365949E-14));
#5355 = DIRECTION('',(-1.283702127106E-14,-8.715574274766E-02,
    -0.996194698092));
#5356 = ORIENTED_EDGE('',*,*,#5357,.T.);
#5357 = EDGE_CURVE('',#5349,#5358,#5360,.T.);
#5358 = VERTEX_POINT('',#5359);
#5359 = CARTESIAN_POINT('',(-5.33,-3.874862297099,5.39305459037));
#5360 = LINE('',#5361,#5362);
#5361 = CARTESIAN_POINT('',(-5.33,-3.853073361412,5.642103264893));
#5362 = VECTOR('',#5363,1.);
#5363 = DIRECTION('',(-1.086641582115E-18,-8.715574274766E-02,
    -0.996194698092));
#5364 = ORIENTED_EDGE('',*,*,#5365,.F.);
#5365 = EDGE_CURVE('',#5310,#5358,#5366,.T.);
#5366 = CIRCLE('',#5367,0.4);
#5367 = AXIS2_PLACEMENT_3D('',#5368,#5369,#5370);
#5368 = CARTESIAN_POINT('',(-5.33,-3.84,5.791532469607));
#5369 = DIRECTION('',(1.,-1.260463816602E-14,-1.178329365949E-14));
#5370 = DIRECTION('',(-1.283702127106E-14,-8.715574274766E-02,
    -0.996194698092));
#5371 = PLANE('',#5372);
#5372 = AXIS2_PLACEMENT_3D('',#5373,#5374,#5375);
#5373 = CARTESIAN_POINT('',(-5.33,-4.042751267623,5.605745162513));
#5374 = DIRECTION('',(-1.,1.260463816602E-14,1.178329365949E-14));
#5375 = DIRECTION('',(1.178329365949E-14,7.718683209433E-16,1.));
#5376 = ADVANCED_FACE('',(#5377),#5402,.F.);
#5377 = FACE_BOUND('',#5378,.T.);
#5378 = EDGE_LOOP('',(#5379,#5387,#5388,#5396));
#5379 = ORIENTED_EDGE('',*,*,#5380,.F.);
#5380 = EDGE_CURVE('',#5358,#5381,#5383,.T.);
#5381 = VERTEX_POINT('',#5382);
#5382 = CARTESIAN_POINT('',(-5.33,-3.081350766039,5.323631327025));
#5383 = LINE('',#5384,#5385);
#5384 = CARTESIAN_POINT('',(-5.33,-2.42672667066,5.266359139809));
#5385 = VECTOR('',#5386,1.);
#5386 = DIRECTION('',(-2.659992731983E-16,0.996194698092,
    -8.715574274766E-02));
#5387 = ORIENTED_EDGE('',*,*,#5357,.F.);
#5388 = ORIENTED_EDGE('',*,*,#5389,.F.);
#5389 = EDGE_CURVE('',#5390,#5349,#5392,.T.);
#5390 = VERTEX_POINT('',#5391);
#5391 = CARTESIAN_POINT('',(-5.33,-3.059561830352,5.572680001548));
#5392 = LINE('',#5393,#5394);
#5393 = CARTESIAN_POINT('',(-5.33,-2.404937734973,5.515407814332));
#5394 = VECTOR('',#5395,1.);
#5395 = DIRECTION('',(2.659992731983E-16,-0.996194698092,
    8.715574274766E-02));
#5396 = ORIENTED_EDGE('',*,*,#5397,.T.);
#5397 = EDGE_CURVE('',#5390,#5381,#5398,.T.);
#5398 = LINE('',#5399,#5400);
#5399 = CARTESIAN_POINT('',(-5.33,-3.059561830352,5.572680001548));
#5400 = VECTOR('',#5401,1.);
#5401 = DIRECTION('',(-1.086641582115E-18,-8.715574274766E-02,
    -0.996194698092));
#5402 = PLANE('',#5403);
#5403 = AXIS2_PLACEMENT_3D('',#5404,#5405,#5406);
#5404 = CARTESIAN_POINT('',(-5.33,-3.853073361412,5.642103264893));
#5405 = DIRECTION('',(1.,2.648923586022E-16,-2.426587080876E-17));
#5406 = DIRECTION('',(-2.426587080876E-17,-7.718683209433E-16,-1.));
#5407 = ADVANCED_FACE('',(#5408),#5433,.F.);
#5408 = FACE_BOUND('',#5409,.T.);
#5409 = EDGE_LOOP('',(#5410,#5418,#5419,#5427));
#5410 = ORIENTED_EDGE('',*,*,#5411,.F.);
#5411 = EDGE_CURVE('',#5381,#5412,#5414,.T.);
#5412 = VERTEX_POINT('',#5413);
#5413 = CARTESIAN_POINT('',(-5.73,-2.682872886802,5.288769029926));
#5414 = LINE('',#5415,#5416);
#5415 = CARTESIAN_POINT('',(-5.795197980587,-2.617923004215,
    5.283086651503));
#5416 = VECTOR('',#5417,1.);
#5417 = DIRECTION('',(-0.707106781187,0.704416026403,-6.162841671622E-02
    ));
#5418 = ORIENTED_EDGE('',*,*,#5397,.F.);
#5419 = ORIENTED_EDGE('',*,*,#5420,.F.);
#5420 = EDGE_CURVE('',#5421,#5390,#5423,.T.);
#5421 = VERTEX_POINT('',#5422);
#5422 = CARTESIAN_POINT('',(-5.73,-2.661083951115,5.537817704449));
#5423 = LINE('',#5424,#5425);
#5424 = CARTESIAN_POINT('',(-5.795197980587,-2.596134068528,
    5.532135326026));
#5425 = VECTOR('',#5426,1.);
#5426 = DIRECTION('',(0.707106781187,-0.704416026403,6.162841671622E-02)
  );
#5427 = ORIENTED_EDGE('',*,*,#5428,.F.);
#5428 = EDGE_CURVE('',#5412,#5421,#5429,.T.);
#5429 = LINE('',#5430,#5431);
#5430 = CARTESIAN_POINT('',(-5.73,-2.671978418958,5.413293367188));
#5431 = VECTOR('',#5432,1.);
#5432 = DIRECTION('',(1.086641582115E-18,8.715574274766E-02,
    0.996194698092));
#5433 = PLANE('',#5434);
#5434 = AXIS2_PLACEMENT_3D('',#5435,#5436,#5437);
#5435 = CARTESIAN_POINT('',(-5.33,-3.059561830352,5.572680001548));
#5436 = DIRECTION('',(0.707106781187,0.704416026403,-6.162841671622E-02)
  );
#5437 = DIRECTION('',(-8.682659386425E-02,-8.105866774151E-16,
    -0.996223440097));
#5438 = ADVANCED_FACE('',(#5439),#5473,.F.);
#5439 = FACE_BOUND('',#5440,.T.);
#5440 = EDGE_LOOP('',(#5441,#5451,#5459,#5467));
#5441 = ORIENTED_EDGE('',*,*,#5442,.F.);
#5442 = EDGE_CURVE('',#5443,#5445,#5447,.T.);
#5443 = VERTEX_POINT('',#5444);
#5444 = CARTESIAN_POINT('',(-4.83,-4.24,5.791532469607));
#5445 = VERTEX_POINT('',#5446);
#5446 = CARTESIAN_POINT('',(-4.83,-4.24,6.174999998916));
#5447 = LINE('',#5448,#5449);
#5448 = CARTESIAN_POINT('',(-4.83,-4.24,4.145006317989));
#5449 = VECTOR('',#5450,1.);
#5450 = DIRECTION('',(-2.648134120021E-16,5.380737588059E-17,1.));
#5451 = ORIENTED_EDGE('',*,*,#5452,.T.);
#5452 = EDGE_CURVE('',#5443,#5453,#5455,.T.);
#5453 = VERTEX_POINT('',#5454);
#5454 = CARTESIAN_POINT('',(-4.83,-3.99,5.791532469607));
#5455 = LINE('',#5456,#5457);
#5456 = CARTESIAN_POINT('',(-4.83,-4.078875633811,5.791532469607));
#5457 = VECTOR('',#5458,1.);
#5458 = DIRECTION('',(-3.270613655116E-15,1.,-7.718683209433E-16));
#5459 = ORIENTED_EDGE('',*,*,#5460,.F.);
#5460 = EDGE_CURVE('',#5461,#5453,#5463,.T.);
#5461 = VERTEX_POINT('',#5462);
#5462 = CARTESIAN_POINT('',(-4.83,-3.99,6.174999998916));
#5463 = LINE('',#5464,#5465);
#5464 = CARTESIAN_POINT('',(-4.83,-3.99,4.145006317989));
#5465 = VECTOR('',#5466,1.);
#5466 = DIRECTION('',(2.648134120021E-16,-5.380737588059E-17,-1.));
#5467 = ORIENTED_EDGE('',*,*,#5468,.F.);
#5468 = EDGE_CURVE('',#5445,#5461,#5469,.T.);
#5469 = LINE('',#5470,#5471);
#5470 = CARTESIAN_POINT('',(-4.83,-4.115,6.175));
#5471 = VECTOR('',#5472,1.);
#5472 = DIRECTION('',(2.055878745393E-32,1.,2.62113426588E-16));
#5473 = PLANE('',#5474);
#5474 = AXIS2_PLACEMENT_3D('',#5475,#5476,#5477);
#5475 = CARTESIAN_POINT('',(-4.83,-3.99,5.791532469607));
#5476 = DIRECTION('',(-1.,8.996993828026E-32,-2.648134120021E-16));
#5477 = DIRECTION('',(-2.648134120021E-16,7.718683209433E-16,1.));
#5478 = ADVANCED_FACE('',(#5479),#5506,.T.);
#5479 = FACE_BOUND('',#5480,.T.);
#5480 = EDGE_LOOP('',(#5481,#5491,#5498,#5499));
#5481 = ORIENTED_EDGE('',*,*,#5482,.F.);
#5482 = EDGE_CURVE('',#5483,#5485,#5487,.T.);
#5483 = VERTEX_POINT('',#5484);
#5484 = CARTESIAN_POINT('',(-4.83,-3.853073361412,5.642103264893));
#5485 = VERTEX_POINT('',#5486);
#5486 = CARTESIAN_POINT('',(-4.83,-3.874862297099,5.39305459037));
#5487 = LINE('',#5488,#5489);
#5488 = CARTESIAN_POINT('',(-4.83,-3.853073361412,5.642103264893));
#5489 = VECTOR('',#5490,1.);
#5490 = DIRECTION('',(-1.086641582115E-18,-8.715574274766E-02,
    -0.996194698092));
#5491 = ORIENTED_EDGE('',*,*,#5492,.F.);
#5492 = EDGE_CURVE('',#5453,#5483,#5493,.T.);
#5493 = CIRCLE('',#5494,0.15);
#5494 = AXIS2_PLACEMENT_3D('',#5495,#5496,#5497);
#5495 = CARTESIAN_POINT('',(-4.83,-3.84,5.791532469607));
#5496 = DIRECTION('',(1.,3.270613655116E-15,2.299334522838E-15));
#5497 = DIRECTION('',(2.575637623143E-15,-8.715574274766E-02,
    -0.996194698092));
#5498 = ORIENTED_EDGE('',*,*,#5452,.F.);
#5499 = ORIENTED_EDGE('',*,*,#5500,.F.);
#5500 = EDGE_CURVE('',#5485,#5443,#5501,.T.);
#5501 = CIRCLE('',#5502,0.4);
#5502 = AXIS2_PLACEMENT_3D('',#5503,#5504,#5505);
#5503 = CARTESIAN_POINT('',(-4.83,-3.84,5.791532469607));
#5504 = DIRECTION('',(-1.,-3.270613655116E-15,-2.299334522838E-15));
#5505 = DIRECTION('',(2.575637623143E-15,-8.715574274766E-02,
    -0.996194698092));
#5506 = PLANE('',#5507);
#5507 = AXIS2_PLACEMENT_3D('',#5508,#5509,#5510);
#5508 = CARTESIAN_POINT('',(-4.83,-4.042751267623,5.605745162513));
#5509 = DIRECTION('',(1.,3.270613655116E-15,2.299334522838E-15));
#5510 = DIRECTION('',(2.299334522838E-15,-7.718683209433E-16,-1.));
#5511 = ADVANCED_FACE('',(#5512),#5546,.F.);
#5512 = FACE_BOUND('',#5513,.T.);
#5513 = EDGE_LOOP('',(#5514,#5524,#5532,#5540));
#5514 = ORIENTED_EDGE('',*,*,#5515,.F.);
#5515 = EDGE_CURVE('',#5516,#5518,#5520,.T.);
#5516 = VERTEX_POINT('',#5517);
#5517 = CARTESIAN_POINT('',(-4.43,-2.682872886802,5.288769029926));
#5518 = VERTEX_POINT('',#5519);
#5519 = CARTESIAN_POINT('',(-4.83,-3.081350766039,5.323631327025));
#5520 = LINE('',#5521,#5522);
#5521 = CARTESIAN_POINT('',(-4.164802019413,-2.418684064597,
    5.265655502953));
#5522 = VECTOR('',#5523,1.);
#5523 = DIRECTION('',(-0.707106781187,-0.704416026403,6.162841671622E-02
    ));
#5524 = ORIENTED_EDGE('',*,*,#5525,.F.);
#5525 = EDGE_CURVE('',#5526,#5516,#5528,.T.);
#5526 = VERTEX_POINT('',#5527);
#5527 = CARTESIAN_POINT('',(-4.43,-2.661083951115,5.537817704449));
#5528 = LINE('',#5529,#5530);
#5529 = CARTESIAN_POINT('',(-4.43,-2.671978418958,5.413293367188));
#5530 = VECTOR('',#5531,1.);
#5531 = DIRECTION('',(-1.086641582115E-18,-8.715574274766E-02,
    -0.996194698092));
#5532 = ORIENTED_EDGE('',*,*,#5533,.F.);
#5533 = EDGE_CURVE('',#5534,#5526,#5536,.T.);
#5534 = VERTEX_POINT('',#5535);
#5535 = CARTESIAN_POINT('',(-4.83,-3.059561830352,5.572680001548));
#5536 = LINE('',#5537,#5538);
#5537 = CARTESIAN_POINT('',(-4.164802019413,-2.39689512891,
    5.514704177476));
#5538 = VECTOR('',#5539,1.);
#5539 = DIRECTION('',(0.707106781187,0.704416026403,-6.162841671622E-02)
  );
#5540 = ORIENTED_EDGE('',*,*,#5541,.T.);
#5541 = EDGE_CURVE('',#5534,#5518,#5542,.T.);
#5542 = LINE('',#5543,#5544);
#5543 = CARTESIAN_POINT('',(-4.83,-3.059561830352,5.572680001548));
#5544 = VECTOR('',#5545,1.);
#5545 = DIRECTION('',(-1.086641582115E-18,-8.715574274766E-02,
    -0.996194698092));
#5546 = PLANE('',#5547);
#5547 = AXIS2_PLACEMENT_3D('',#5548,#5549,#5550);
#5548 = CARTESIAN_POINT('',(-4.43,-2.661083951115,5.537817704449));
#5549 = DIRECTION('',(-0.707106781187,0.704416026403,-6.162841671622E-02
    ));
#5550 = DIRECTION('',(-8.682659386425E-02,8.105866774151E-16,
    0.996223440097));
#5551 = ADVANCED_FACE('',(#5552),#5568,.F.);
#5552 = FACE_BOUND('',#5553,.T.);
#5553 = EDGE_LOOP('',(#5554,#5560,#5561,#5567));
#5554 = ORIENTED_EDGE('',*,*,#5555,.F.);
#5555 = EDGE_CURVE('',#5518,#5485,#5556,.T.);
#5556 = LINE('',#5557,#5558);
#5557 = CARTESIAN_POINT('',(-4.83,-2.02997090513,5.231647508136));
#5558 = VECTOR('',#5559,1.);
#5559 = DIRECTION('',(-2.658091355588E-16,-0.996194698092,
    8.715574274766E-02));
#5560 = ORIENTED_EDGE('',*,*,#5541,.F.);
#5561 = ORIENTED_EDGE('',*,*,#5562,.F.);
#5562 = EDGE_CURVE('',#5483,#5534,#5563,.T.);
#5563 = LINE('',#5564,#5565);
#5564 = CARTESIAN_POINT('',(-4.83,-2.008181969443,5.480696182659));
#5565 = VECTOR('',#5566,1.);
#5566 = DIRECTION('',(2.658091355588E-16,0.996194698092,
    -8.715574274766E-02));
#5567 = ORIENTED_EDGE('',*,*,#5482,.T.);
#5568 = PLANE('',#5569);
#5569 = AXIS2_PLACEMENT_3D('',#5570,#5571,#5572);
#5570 = CARTESIAN_POINT('',(-4.83,-3.059561830352,5.572680001548));
#5571 = DIRECTION('',(-1.,2.648923586022E-16,-2.208428605591E-17));
#5572 = DIRECTION('',(-2.208428605591E-17,7.718683209433E-16,1.));
#5573 = ADVANCED_FACE('',(#5574),#5599,.T.);
#5574 = FACE_BOUND('',#5575,.T.);
#5575 = EDGE_LOOP('',(#5576,#5577,#5585,#5593));
#5576 = ORIENTED_EDGE('',*,*,#5525,.T.);
#5577 = ORIENTED_EDGE('',*,*,#5578,.F.);
#5578 = EDGE_CURVE('',#5579,#5516,#5581,.T.);
#5579 = VERTEX_POINT('',#5580);
#5580 = CARTESIAN_POINT('',(-4.43,-0.386926638588,5.087899761143));
#5581 = LINE('',#5582,#5583);
#5582 = CARTESIAN_POINT('',(-4.43,2.68393852147,4.819233872421));
#5583 = VECTOR('',#5584,1.);
#5584 = DIRECTION('',(9.506881975092E-20,-0.996194698092,
    8.715574274766E-02));
#5585 = ORIENTED_EDGE('',*,*,#5586,.T.);
#5586 = EDGE_CURVE('',#5579,#5587,#5589,.T.);
#5587 = VERTEX_POINT('',#5588);
#5588 = CARTESIAN_POINT('',(-4.43,-0.365137702901,5.336948435666));
#5589 = LINE('',#5590,#5591);
#5590 = CARTESIAN_POINT('',(-4.43,-0.382133072737,5.142690469538));
#5591 = VECTOR('',#5592,1.);
#5592 = DIRECTION('',(1.086641582115E-18,8.715574274766E-02,
    0.996194698092));
#5593 = ORIENTED_EDGE('',*,*,#5594,.T.);
#5594 = EDGE_CURVE('',#5587,#5526,#5595,.T.);
#5595 = LINE('',#5596,#5597);
#5596 = CARTESIAN_POINT('',(-4.43,-4.237323353557,5.675720783166));
#5597 = VECTOR('',#5598,1.);
#5598 = DIRECTION('',(9.506881975092E-20,-0.996194698092,
    8.715574274766E-02));
#5599 = PLANE('',#5600);
#5600 = AXIS2_PLACEMENT_3D('',#5601,#5602,#5603);
#5601 = CARTESIAN_POINT('',(-4.43,-4.259112289244,5.426672108643));
#5602 = DIRECTION('',(1.,0.,-1.090792376426E-18));
#5603 = DIRECTION('',(1.086641582115E-18,8.715574274766E-02,
    0.996194698092));
#5604 = ADVANCED_FACE('',(#5605),#5632,.F.);
#5605 = FACE_BOUND('',#5606,.T.);
#5606 = EDGE_LOOP('',(#5607,#5608,#5609,#5617,#5623,#5624,#5625,#5626));
#5607 = ORIENTED_EDGE('',*,*,#5380,.T.);
#5608 = ORIENTED_EDGE('',*,*,#5411,.T.);
#5609 = ORIENTED_EDGE('',*,*,#5610,.F.);
#5610 = EDGE_CURVE('',#5611,#5412,#5613,.T.);
#5611 = VERTEX_POINT('',#5612);
#5612 = CARTESIAN_POINT('',(-5.73,-0.386926638588,5.087899761143));
#5613 = LINE('',#5614,#5615);
#5614 = CARTESIAN_POINT('',(-5.73,2.68393852147,4.819233872421));
#5615 = VECTOR('',#5616,1.);
#5616 = DIRECTION('',(9.506881975092E-20,-0.996194698092,
    8.715574274766E-02));
#5617 = ORIENTED_EDGE('',*,*,#5618,.T.);
#5618 = EDGE_CURVE('',#5611,#5579,#5619,.T.);
#5619 = LINE('',#5620,#5621);
#5620 = CARTESIAN_POINT('',(-5.08,-0.386926638588,5.087899761143));
#5621 = VECTOR('',#5622,1.);
#5622 = DIRECTION('',(1.,-4.119648855873E-19,-5.799572565591E-18));
#5623 = ORIENTED_EDGE('',*,*,#5578,.T.);
#5624 = ORIENTED_EDGE('',*,*,#5515,.T.);
#5625 = ORIENTED_EDGE('',*,*,#5555,.T.);
#5626 = ORIENTED_EDGE('',*,*,#5627,.F.);
#5627 = EDGE_CURVE('',#5358,#5485,#5628,.T.);
#5628 = LINE('',#5629,#5630);
#5629 = CARTESIAN_POINT('',(-5.08,-3.874862297099,5.39305459037));
#5630 = VECTOR('',#5631,1.);
#5631 = DIRECTION('',(1.,-4.119648855873E-19,-5.799572565591E-18));
#5632 = PLANE('',#5633);
#5633 = AXIS2_PLACEMENT_3D('',#5634,#5635,#5636);
#5634 = CARTESIAN_POINT('',(-5.08,-0.978591044221,5.139663689247));
#5635 = DIRECTION('',(5.813408546629E-18,8.715574274766E-02,
    0.996194698092));
#5636 = DIRECTION('',(-1.,4.119648855873E-19,5.799572565591E-18));
#5637 = ADVANCED_FACE('',(#5638),#5654,.F.);
#5638 = FACE_BOUND('',#5639,.F.);
#5639 = EDGE_LOOP('',(#5640,#5646,#5647,#5653));
#5640 = ORIENTED_EDGE('',*,*,#5641,.F.);
#5641 = EDGE_CURVE('',#5483,#5349,#5642,.T.);
#5642 = LINE('',#5643,#5644);
#5643 = CARTESIAN_POINT('',(-5.08,-3.853073361412,5.642103264893));
#5644 = VECTOR('',#5645,1.);
#5645 = DIRECTION('',(-1.,-4.119648855873E-19,-3.617987812738E-18));
#5646 = ORIENTED_EDGE('',*,*,#5492,.F.);
#5647 = ORIENTED_EDGE('',*,*,#5648,.T.);
#5648 = EDGE_CURVE('',#5453,#5326,#5649,.T.);
#5649 = LINE('',#5650,#5651);
#5650 = CARTESIAN_POINT('',(-5.08,-3.99,5.791532469607));
#5651 = VECTOR('',#5652,1.);
#5652 = DIRECTION('',(-1.,-4.726766964514E-18,1.090792376426E-18));
#5653 = ORIENTED_EDGE('',*,*,#5348,.F.);
#5654 = CYLINDRICAL_SURFACE('',#5655,0.15);
#5655 = AXIS2_PLACEMENT_3D('',#5656,#5657,#5658);
#5656 = CARTESIAN_POINT('',(-5.08,-3.84,5.791532469607));
#5657 = DIRECTION('',(-1.,0.,1.090792376426E-18));
#5658 = DIRECTION('',(-1.086641582115E-18,-8.715574274766E-02,
    -0.996194698092));
#5659 = ADVANCED_FACE('',(#5660),#5671,.T.);
#5660 = FACE_BOUND('',#5661,.T.);
#5661 = EDGE_LOOP('',(#5662,#5663,#5669,#5670));
#5662 = ORIENTED_EDGE('',*,*,#5325,.T.);
#5663 = ORIENTED_EDGE('',*,*,#5664,.F.);
#5664 = EDGE_CURVE('',#5461,#5318,#5665,.T.);
#5665 = LINE('',#5666,#5667);
#5666 = CARTESIAN_POINT('',(-4.43,-3.99,6.175));
#5667 = VECTOR('',#5668,1.);
#5668 = DIRECTION('',(-1.,0.,1.090792376426E-18));
#5669 = ORIENTED_EDGE('',*,*,#5460,.T.);
#5670 = ORIENTED_EDGE('',*,*,#5648,.T.);
#5671 = PLANE('',#5672);
#5672 = AXIS2_PLACEMENT_3D('',#5673,#5674,#5675);
#5673 = CARTESIAN_POINT('',(-5.08,-3.99,2.498480166371));
#5674 = DIRECTION('',(-4.726766964514E-18,1.,-5.380737588059E-17));
#5675 = DIRECTION('',(-1.,-4.726766964514E-18,1.090792376426E-18));
#5676 = ADVANCED_FACE('',(#5677),#5693,.F.);
#5677 = FACE_BOUND('',#5678,.T.);
#5678 = EDGE_LOOP('',(#5679,#5680,#5686,#5687));
#5679 = ORIENTED_EDGE('',*,*,#5307,.T.);
#5680 = ORIENTED_EDGE('',*,*,#5681,.T.);
#5681 = EDGE_CURVE('',#5310,#5443,#5682,.T.);
#5682 = LINE('',#5683,#5684);
#5683 = CARTESIAN_POINT('',(-5.08,-4.24,5.791532469607));
#5684 = VECTOR('',#5685,1.);
#5685 = DIRECTION('',(1.,-4.726766964514E-18,-1.090792376426E-18));
#5686 = ORIENTED_EDGE('',*,*,#5442,.T.);
#5687 = ORIENTED_EDGE('',*,*,#5688,.T.);
#5688 = EDGE_CURVE('',#5445,#5308,#5689,.T.);
#5689 = LINE('',#5690,#5691);
#5690 = CARTESIAN_POINT('',(-4.43,-4.24,6.175));
#5691 = VECTOR('',#5692,1.);
#5692 = DIRECTION('',(-1.,0.,1.090792376426E-18));
#5693 = PLANE('',#5694);
#5694 = AXIS2_PLACEMENT_3D('',#5695,#5696,#5697);
#5695 = CARTESIAN_POINT('',(-5.08,-4.24,2.498480166371));
#5696 = DIRECTION('',(4.726766964514E-18,1.,-5.380737588059E-17));
#5697 = DIRECTION('',(-1.,4.726766964514E-18,1.090792376426E-18));
#5698 = ADVANCED_FACE('',(#5699),#5705,.T.);
#5699 = FACE_BOUND('',#5700,.T.);
#5700 = EDGE_LOOP('',(#5701,#5702,#5703,#5704));
#5701 = ORIENTED_EDGE('',*,*,#5317,.T.);
#5702 = ORIENTED_EDGE('',*,*,#5688,.F.);
#5703 = ORIENTED_EDGE('',*,*,#5468,.T.);
#5704 = ORIENTED_EDGE('',*,*,#5664,.T.);
#5705 = PLANE('',#5706);
#5706 = AXIS2_PLACEMENT_3D('',#5707,#5708,#5709);
#5707 = CARTESIAN_POINT('',(-4.43,-4.24,6.175));
#5708 = DIRECTION('',(1.090792376426E-18,-2.62113426588E-16,1.));
#5709 = DIRECTION('',(2.859113274812E-34,1.,2.62113426588E-16));
#5710 = ADVANCED_FACE('',(#5711),#5717,.T.);
#5711 = FACE_BOUND('',#5712,.T.);
#5712 = EDGE_LOOP('',(#5713,#5714,#5715,#5716));
#5713 = ORIENTED_EDGE('',*,*,#5365,.T.);
#5714 = ORIENTED_EDGE('',*,*,#5627,.T.);
#5715 = ORIENTED_EDGE('',*,*,#5500,.T.);
#5716 = ORIENTED_EDGE('',*,*,#5681,.F.);
#5717 = CYLINDRICAL_SURFACE('',#5718,0.4);
#5718 = AXIS2_PLACEMENT_3D('',#5719,#5720,#5721);
#5719 = CARTESIAN_POINT('',(-5.08,-3.84,5.791532469607));
#5720 = DIRECTION('',(-1.,0.,1.090792376426E-18));
#5721 = DIRECTION('',(-1.086641582115E-18,-8.715574274766E-02,
    -0.996194698092));
#5722 = ADVANCED_FACE('',(#5723),#5745,.T.);
#5723 = FACE_BOUND('',#5724,.T.);
#5724 = EDGE_LOOP('',(#5725,#5726,#5727,#5728,#5729,#5730,#5738,#5744));
#5725 = ORIENTED_EDGE('',*,*,#5389,.T.);
#5726 = ORIENTED_EDGE('',*,*,#5641,.F.);
#5727 = ORIENTED_EDGE('',*,*,#5562,.T.);
#5728 = ORIENTED_EDGE('',*,*,#5533,.T.);
#5729 = ORIENTED_EDGE('',*,*,#5594,.F.);
#5730 = ORIENTED_EDGE('',*,*,#5731,.T.);
#5731 = EDGE_CURVE('',#5587,#5732,#5734,.T.);
#5732 = VERTEX_POINT('',#5733);
#5733 = CARTESIAN_POINT('',(-5.73,-0.365137702901,5.336948435666));
#5734 = LINE('',#5735,#5736);
#5735 = CARTESIAN_POINT('',(-5.08,-0.365137702901,5.336948435666));
#5736 = VECTOR('',#5737,1.);
#5737 = DIRECTION('',(-1.,-4.119648855873E-19,-3.617987812738E-18));
#5738 = ORIENTED_EDGE('',*,*,#5739,.F.);
#5739 = EDGE_CURVE('',#5421,#5732,#5740,.T.);
#5740 = LINE('',#5741,#5742);
#5741 = CARTESIAN_POINT('',(-5.73,2.705727457156,5.068282546944));
#5742 = VECTOR('',#5743,1.);
#5743 = DIRECTION('',(-9.506881975092E-20,0.996194698092,
    -8.715574274766E-02));
#5744 = ORIENTED_EDGE('',*,*,#5420,.T.);
#5745 = PLANE('',#5746);
#5746 = AXIS2_PLACEMENT_3D('',#5747,#5748,#5749);
#5747 = CARTESIAN_POINT('',(-5.08,-0.956802108534,5.38871236377));
#5748 = DIRECTION('',(-3.6401253824E-18,8.715574274766E-02,
    0.996194698092));
#5749 = DIRECTION('',(-1.,-4.119648855873E-19,-3.617987812738E-18));
#5750 = ADVANCED_FACE('',(#5751),#5778,.F.);
#5751 = FACE_BOUND('',#5752,.F.);
#5752 = EDGE_LOOP('',(#5753,#5762,#5770,#5777));
#5753 = ORIENTED_EDGE('',*,*,#5754,.F.);
#5754 = EDGE_CURVE('',#5755,#5579,#5757,.T.);
#5755 = VERTEX_POINT('',#5756);
#5756 = CARTESIAN_POINT('',(-4.43,-0.25,4.938470556429));
#5757 = CIRCLE('',#5758,0.15);
#5758 = AXIS2_PLACEMENT_3D('',#5759,#5760,#5761);
#5759 = CARTESIAN_POINT('',(-4.43,-0.4,4.938470556429));
#5760 = DIRECTION('',(1.,-4.276423536148E-50,-1.090792376426E-18));
#5761 = DIRECTION('',(1.672375960718E-34,1.,1.53317532911E-16));
#5762 = ORIENTED_EDGE('',*,*,#5763,.F.);
#5763 = EDGE_CURVE('',#5764,#5755,#5766,.T.);
#5764 = VERTEX_POINT('',#5765);
#5765 = CARTESIAN_POINT('',(-5.73,-0.25,4.938470556429));
#5766 = LINE('',#5767,#5768);
#5767 = CARTESIAN_POINT('',(-5.08,-0.25,4.938470556429));
#5768 = VECTOR('',#5769,1.);
#5769 = DIRECTION('',(1.,-4.726766964514E-18,-1.090792376426E-18));
#5770 = ORIENTED_EDGE('',*,*,#5771,.T.);
#5771 = EDGE_CURVE('',#5764,#5611,#5772,.T.);
#5772 = CIRCLE('',#5773,0.15);
#5773 = AXIS2_PLACEMENT_3D('',#5774,#5775,#5776);
#5774 = CARTESIAN_POINT('',(-5.73,-0.4,4.938470556429));
#5775 = DIRECTION('',(1.,-4.276423536148E-50,-1.090792376426E-18));
#5776 = DIRECTION('',(1.672375960718E-34,1.,1.53317532911E-16));
#5777 = ORIENTED_EDGE('',*,*,#5618,.T.);
#5778 = CYLINDRICAL_SURFACE('',#5779,0.15);
#5779 = AXIS2_PLACEMENT_3D('',#5780,#5781,#5782);
#5780 = CARTESIAN_POINT('',(-5.08,-0.4,4.938470556429));
#5781 = DIRECTION('',(1.,0.,-1.090792376426E-18));
#5782 = DIRECTION('',(-5.094296254086E-34,1.,-4.670271230513E-16));
#5783 = ADVANCED_FACE('',(#5784),#5808,.T.);
#5784 = FACE_BOUND('',#5785,.T.);
#5785 = EDGE_LOOP('',(#5786,#5792,#5801,#5807));
#5786 = ORIENTED_EDGE('',*,*,#5787,.F.);
#5787 = EDGE_CURVE('',#5732,#5611,#5788,.T.);
#5788 = LINE('',#5789,#5790);
#5789 = CARTESIAN_POINT('',(-5.73,-0.382133072737,5.142690469538));
#5790 = VECTOR('',#5791,1.);
#5791 = DIRECTION('',(-1.086641582115E-18,-8.715574274766E-02,
    -0.996194698092));
#5792 = ORIENTED_EDGE('',*,*,#5793,.T.);
#5793 = EDGE_CURVE('',#5732,#5794,#5796,.T.);
#5794 = VERTEX_POINT('',#5795);
#5795 = CARTESIAN_POINT('',(-5.73,2.235186280162E-16,4.938470556429));
#5796 = CIRCLE('',#5797,0.4);
#5797 = AXIS2_PLACEMENT_3D('',#5798,#5799,#5800);
#5798 = CARTESIAN_POINT('',(-5.73,-0.4,4.938470556429));
#5799 = DIRECTION('',(-1.,0.,1.090792376426E-18));
#5800 = DIRECTION('',(1.086641582115E-18,8.715574274766E-02,
    0.996194698092));
#5801 = ORIENTED_EDGE('',*,*,#5802,.T.);
#5802 = EDGE_CURVE('',#5794,#5764,#5803,.T.);
#5803 = LINE('',#5804,#5805);
#5804 = CARTESIAN_POINT('',(-5.73,-0.195,4.938470556429));
#5805 = VECTOR('',#5806,1.);
#5806 = DIRECTION('',(5.094296254086E-34,-1.,4.670271230513E-16));
#5807 = ORIENTED_EDGE('',*,*,#5771,.T.);
#5808 = PLANE('',#5809);
#5809 = AXIS2_PLACEMENT_3D('',#5810,#5811,#5812);
#5810 = CARTESIAN_POINT('',(-5.73,-0.365137702901,5.336948435666));
#5811 = DIRECTION('',(-1.,0.,1.090792376426E-18));
#5812 = DIRECTION('',(1.090792376426E-18,7.718683209433E-16,1.));
#5813 = ADVANCED_FACE('',(#5814),#5820,.T.);
#5814 = FACE_BOUND('',#5815,.T.);
#5815 = EDGE_LOOP('',(#5816,#5817,#5818,#5819));
#5816 = ORIENTED_EDGE('',*,*,#5428,.T.);
#5817 = ORIENTED_EDGE('',*,*,#5739,.T.);
#5818 = ORIENTED_EDGE('',*,*,#5787,.T.);
#5819 = ORIENTED_EDGE('',*,*,#5610,.T.);
#5820 = PLANE('',#5821);
#5821 = AXIS2_PLACEMENT_3D('',#5822,#5823,#5824);
#5822 = CARTESIAN_POINT('',(-5.73,0.990407534714,4.967398635092));
#5823 = DIRECTION('',(-1.,0.,1.090792376426E-18));
#5824 = DIRECTION('',(-1.086641582115E-18,-8.715574274766E-02,
    -0.996194698092));
#5825 = ADVANCED_FACE('',(#5826),#5858,.T.);
#5826 = FACE_BOUND('',#5827,.T.);
#5827 = EDGE_LOOP('',(#5828,#5836,#5844,#5852));
#5828 = ORIENTED_EDGE('',*,*,#5829,.F.);
#5829 = EDGE_CURVE('',#5830,#5794,#5832,.T.);
#5830 = VERTEX_POINT('',#5831);
#5831 = CARTESIAN_POINT('',(-4.43,3.873674013444E-16,4.938470556429));
#5832 = LINE('',#5833,#5834);
#5833 = CARTESIAN_POINT('',(-5.08,1.081821784974E-16,4.938470556429));
#5834 = VECTOR('',#5835,1.);
#5835 = DIRECTION('',(-1.,-4.726766964514E-18,1.090792376426E-18));
#5836 = ORIENTED_EDGE('',*,*,#5837,.F.);
#5837 = EDGE_CURVE('',#5838,#5830,#5840,.T.);
#5838 = VERTEX_POINT('',#5839);
#5839 = CARTESIAN_POINT('',(-4.43,1.12535690375E-16,4.35));
#5840 = LINE('',#5841,#5842);
#5841 = CARTESIAN_POINT('',(-4.43,2.382831637922E-15,9.211165091899));
#5842 = VECTOR('',#5843,1.);
#5843 = DIRECTION('',(1.090792376426E-18,4.670271230513E-16,1.));
#5844 = ORIENTED_EDGE('',*,*,#5845,.T.);
#5845 = EDGE_CURVE('',#5838,#5846,#5848,.T.);
#5846 = VERTEX_POINT('',#5847);
#5847 = CARTESIAN_POINT('',(-5.73,-5.13130829532E-17,4.35));
#5848 = LINE('',#5849,#5850);
#5849 = CARTESIAN_POINT('',(-5.08,-1.722188593249E-16,4.35));
#5850 = VECTOR('',#5851,1.);
#5851 = DIRECTION('',(-1.,-4.726766964514E-18,1.090792376426E-18));
#5852 = ORIENTED_EDGE('',*,*,#5853,.F.);
#5853 = EDGE_CURVE('',#5794,#5846,#5854,.T.);
#5854 = LINE('',#5855,#5856);
#5855 = CARTESIAN_POINT('',(-5.73,-1.035996359385E-15,2.241592955033));
#5856 = VECTOR('',#5857,1.);
#5857 = DIRECTION('',(-1.090792376426E-18,-4.670271230513E-16,-1.));
#5858 = PLANE('',#5859);
#5859 = AXIS2_PLACEMENT_3D('',#5860,#5861,#5862);
#5860 = CARTESIAN_POINT('',(-5.08,5.840001780206E-16,5.918112788663));
#5861 = DIRECTION('',(-4.726766964514E-18,1.,-4.828876485942E-16));
#5862 = DIRECTION('',(-1.,-4.726766964514E-18,1.090792376426E-18));
#5863 = ADVANCED_FACE('',(#5864),#5887,.T.);
#5864 = FACE_BOUND('',#5865,.T.);
#5865 = EDGE_LOOP('',(#5866,#5872,#5880,#5886));
#5866 = ORIENTED_EDGE('',*,*,#5867,.F.);
#5867 = EDGE_CURVE('',#5755,#5830,#5868,.T.);
#5868 = LINE('',#5869,#5870);
#5869 = CARTESIAN_POINT('',(-4.43,-0.195,4.938470556429));
#5870 = VECTOR('',#5871,1.);
#5871 = DIRECTION('',(-5.094296254086E-34,1.,-4.670271230513E-16));
#5872 = ORIENTED_EDGE('',*,*,#5873,.F.);
#5873 = EDGE_CURVE('',#5874,#5755,#5876,.T.);
#5874 = VERTEX_POINT('',#5875);
#5875 = CARTESIAN_POINT('',(-4.43,-0.25,4.35));
#5876 = LINE('',#5877,#5878);
#5877 = CARTESIAN_POINT('',(-4.43,-0.25,2.241592955033));
#5878 = VECTOR('',#5879,1.);
#5879 = DIRECTION('',(1.090792376426E-18,4.670271230513E-16,1.));
#5880 = ORIENTED_EDGE('',*,*,#5881,.T.);
#5881 = EDGE_CURVE('',#5874,#5838,#5882,.T.);
#5882 = LINE('',#5883,#5884);
#5883 = CARTESIAN_POINT('',(-4.43,-0.195,4.35));
#5884 = VECTOR('',#5885,1.);
#5885 = DIRECTION('',(-5.094296254086E-34,1.,-4.670271230513E-16));
#5886 = ORIENTED_EDGE('',*,*,#5837,.T.);
#5887 = PLANE('',#5888);
#5888 = AXIS2_PLACEMENT_3D('',#5889,#5890,#5891);
#5889 = CARTESIAN_POINT('',(-4.43,-0.25,9.211165091899));
#5890 = DIRECTION('',(1.,0.,-1.090792376426E-18));
#5891 = DIRECTION('',(-1.637753057092E-34,1.,-1.501434271532E-16));
#5892 = ADVANCED_FACE('',(#5893),#5905,.T.);
#5893 = FACE_BOUND('',#5894,.T.);
#5894 = EDGE_LOOP('',(#5895,#5896,#5897,#5898));
#5895 = ORIENTED_EDGE('',*,*,#5586,.F.);
#5896 = ORIENTED_EDGE('',*,*,#5754,.F.);
#5897 = ORIENTED_EDGE('',*,*,#5867,.T.);
#5898 = ORIENTED_EDGE('',*,*,#5899,.T.);
#5899 = EDGE_CURVE('',#5830,#5587,#5900,.T.);
#5900 = CIRCLE('',#5901,0.4);
#5901 = AXIS2_PLACEMENT_3D('',#5902,#5903,#5904);
#5902 = CARTESIAN_POINT('',(-4.43,-0.4,4.938470556429));
#5903 = DIRECTION('',(1.,4.276423536148E-50,-1.090792376426E-18));
#5904 = DIRECTION('',(2.93385805592E-34,1.,2.689657646428E-16));
#5905 = PLANE('',#5906);
#5906 = AXIS2_PLACEMENT_3D('',#5907,#5908,#5909);
#5907 = CARTESIAN_POINT('',(-4.43,-0.386926638588,5.087899761143));
#5908 = DIRECTION('',(1.,0.,-1.090792376426E-18));
#5909 = DIRECTION('',(-1.090792376426E-18,-7.718683209433E-16,-1.));
#5910 = ADVANCED_FACE('',(#5911),#5943,.F.);
#5911 = FACE_BOUND('',#5912,.F.);
#5912 = EDGE_LOOP('',(#5913,#5920,#5928,#5937));
#5913 = ORIENTED_EDGE('',*,*,#5914,.F.);
#5914 = EDGE_CURVE('',#5253,#5874,#5915,.T.);
#5915 = CIRCLE('',#5916,0.15);
#5916 = AXIS2_PLACEMENT_3D('',#5917,#5918,#5919);
#5917 = CARTESIAN_POINT('',(-4.43,-0.4,4.35));
#5918 = DIRECTION('',(1.,0.,-1.090792376426E-18));
#5919 = DIRECTION('',(-1.090792376426E-18,-7.718683209433E-16,-1.));
#5920 = ORIENTED_EDGE('',*,*,#5921,.F.);
#5921 = EDGE_CURVE('',#5922,#5253,#5924,.T.);
#5922 = VERTEX_POINT('',#5923);
#5923 = CARTESIAN_POINT('',(-5.73,-0.4,4.2));
#5924 = LINE('',#5925,#5926);
#5925 = CARTESIAN_POINT('',(-5.08,-0.4,4.2));
#5926 = VECTOR('',#5927,1.);
#5927 = DIRECTION('',(1.,5.066756684725E-33,3.635974588088E-18));
#5928 = ORIENTED_EDGE('',*,*,#5929,.T.);
#5929 = EDGE_CURVE('',#5922,#5930,#5932,.T.);
#5930 = VERTEX_POINT('',#5931);
#5931 = CARTESIAN_POINT('',(-5.73,-0.25,4.35));
#5932 = CIRCLE('',#5933,0.15);
#5933 = AXIS2_PLACEMENT_3D('',#5934,#5935,#5936);
#5934 = CARTESIAN_POINT('',(-5.73,-0.4,4.35));
#5935 = DIRECTION('',(1.,0.,-1.090792376426E-18));
#5936 = DIRECTION('',(-1.090792376426E-18,-7.718683209433E-16,-1.));
#5937 = ORIENTED_EDGE('',*,*,#5938,.T.);
#5938 = EDGE_CURVE('',#5930,#5874,#5939,.T.);
#5939 = LINE('',#5940,#5941);
#5940 = CARTESIAN_POINT('',(-5.08,-0.25,4.35));
#5941 = VECTOR('',#5942,1.);
#5942 = DIRECTION('',(1.,-4.726766964514E-18,-1.090792376426E-18));
#5943 = CYLINDRICAL_SURFACE('',#5944,0.15);
#5944 = AXIS2_PLACEMENT_3D('',#5945,#5946,#5947);
#5945 = CARTESIAN_POINT('',(-5.08,-0.4,4.35));
#5946 = DIRECTION('',(1.,0.,-1.090792376426E-18));
#5947 = DIRECTION('',(-1.090792376426E-18,-1.071928597869E-15,-1.));
#5948 = ADVANCED_FACE('',(#5949),#5955,.T.);
#5949 = FACE_BOUND('',#5950,.T.);
#5950 = EDGE_LOOP('',(#5951,#5952,#5953,#5954));
#5951 = ORIENTED_EDGE('',*,*,#5731,.F.);
#5952 = ORIENTED_EDGE('',*,*,#5899,.F.);
#5953 = ORIENTED_EDGE('',*,*,#5829,.T.);
#5954 = ORIENTED_EDGE('',*,*,#5793,.F.);
#5955 = CYLINDRICAL_SURFACE('',#5956,0.4);
#5956 = AXIS2_PLACEMENT_3D('',#5957,#5958,#5959);
#5957 = CARTESIAN_POINT('',(-5.08,-0.4,4.938470556429));
#5958 = DIRECTION('',(1.,0.,-1.090792376426E-18));
#5959 = DIRECTION('',(-5.094296254086E-34,1.,-4.670271230513E-16));
#5960 = ADVANCED_FACE('',(#5961),#5983,.T.);
#5961 = FACE_BOUND('',#5962,.T.);
#5962 = EDGE_LOOP('',(#5963,#5969,#5976,#5982));
#5963 = ORIENTED_EDGE('',*,*,#5964,.F.);
#5964 = EDGE_CURVE('',#5846,#5930,#5965,.T.);
#5965 = LINE('',#5966,#5967);
#5966 = CARTESIAN_POINT('',(-5.73,-0.195,4.35));
#5967 = VECTOR('',#5968,1.);
#5968 = DIRECTION('',(5.094296254086E-34,-1.,4.670271230513E-16));
#5969 = ORIENTED_EDGE('',*,*,#5970,.T.);
#5970 = EDGE_CURVE('',#5846,#5285,#5971,.T.);
#5971 = CIRCLE('',#5972,0.4);
#5972 = AXIS2_PLACEMENT_3D('',#5973,#5974,#5975);
#5973 = CARTESIAN_POINT('',(-5.73,-0.4,4.35));
#5974 = DIRECTION('',(-1.,4.276423536148E-50,1.090792376426E-18));
#5975 = DIRECTION('',(-2.742811372489E-34,1.,-2.514512781502E-16));
#5976 = ORIENTED_EDGE('',*,*,#5977,.T.);
#5977 = EDGE_CURVE('',#5285,#5922,#5978,.T.);
#5978 = LINE('',#5979,#5980);
#5979 = CARTESIAN_POINT('',(-5.73,-0.4,4.145));
#5980 = VECTOR('',#5981,1.);
#5981 = DIRECTION('',(1.090792376426E-18,1.071928597869E-15,1.));
#5982 = ORIENTED_EDGE('',*,*,#5929,.T.);
#5983 = PLANE('',#5984);
#5984 = AXIS2_PLACEMENT_3D('',#5985,#5986,#5987);
#5985 = CARTESIAN_POINT('',(-5.73,-2.334695207885E-18,4.35));
#5986 = DIRECTION('',(-1.,0.,1.090792376426E-18));
#5987 = DIRECTION('',(1.090792376426E-18,7.718683209433E-16,1.));
#5988 = ADVANCED_FACE('',(#5989),#6000,.T.);
#5989 = FACE_BOUND('',#5990,.T.);
#5990 = EDGE_LOOP('',(#5991,#5992,#5993,#5994));
#5991 = ORIENTED_EDGE('',*,*,#5802,.F.);
#5992 = ORIENTED_EDGE('',*,*,#5853,.T.);
#5993 = ORIENTED_EDGE('',*,*,#5964,.T.);
#5994 = ORIENTED_EDGE('',*,*,#5995,.T.);
#5995 = EDGE_CURVE('',#5930,#5764,#5996,.T.);
#5996 = LINE('',#5997,#5998);
#5997 = CARTESIAN_POINT('',(-5.73,-0.25,2.241592955033));
#5998 = VECTOR('',#5999,1.);
#5999 = DIRECTION('',(1.090792376426E-18,4.670271230513E-16,1.));
#6000 = PLANE('',#6001);
#6001 = AXIS2_PLACEMENT_3D('',#6002,#6003,#6004);
#6002 = CARTESIAN_POINT('',(-5.73,-0.25,3.941592955033));
#6003 = DIRECTION('',(-1.,0.,1.090792376426E-18));
#6004 = DIRECTION('',(1.821298701944E-34,-1.,1.669702448702E-16));
#6005 = ADVANCED_FACE('',(#6006),#6012,.F.);
#6006 = FACE_BOUND('',#6007,.T.);
#6007 = EDGE_LOOP('',(#6008,#6009,#6010,#6011));
#6008 = ORIENTED_EDGE('',*,*,#5763,.F.);
#6009 = ORIENTED_EDGE('',*,*,#5995,.F.);
#6010 = ORIENTED_EDGE('',*,*,#5938,.T.);
#6011 = ORIENTED_EDGE('',*,*,#5873,.T.);
#6012 = PLANE('',#6013);
#6013 = AXIS2_PLACEMENT_3D('',#6014,#6015,#6016);
#6014 = CARTESIAN_POINT('',(-5.08,-0.25,5.918112788663));
#6015 = DIRECTION('',(4.726766964514E-18,1.,-4.828876485942E-16));
#6016 = DIRECTION('',(-1.,4.726766964514E-18,1.090792376426E-18));
#6017 = ADVANCED_FACE('',(#6018),#6029,.T.);
#6018 = FACE_BOUND('',#6019,.T.);
#6019 = EDGE_LOOP('',(#6020,#6021,#6027,#6028));
#6020 = ORIENTED_EDGE('',*,*,#5198,.T.);
#6021 = ORIENTED_EDGE('',*,*,#6022,.T.);
#6022 = EDGE_CURVE('',#5191,#5922,#6023,.T.);
#6023 = LINE('',#6024,#6025);
#6024 = CARTESIAN_POINT('',(-5.73,-2.1,4.2));
#6025 = VECTOR('',#6026,1.);
#6026 = DIRECTION('',(-1.169251542629E-33,1.,-1.071928597869E-15));
#6027 = ORIENTED_EDGE('',*,*,#5977,.F.);
#6028 = ORIENTED_EDGE('',*,*,#5284,.T.);
#6029 = PLANE('',#6030);
#6030 = AXIS2_PLACEMENT_3D('',#6031,#6032,#6033);
#6031 = CARTESIAN_POINT('',(-5.73,-0.4,4.2));
#6032 = DIRECTION('',(-1.,0.,1.090792376426E-18));
#6033 = DIRECTION('',(1.090792376426E-18,7.718683209433E-16,1.));
#6034 = ADVANCED_FACE('',(#6035),#6046,.T.);
#6035 = FACE_BOUND('',#6036,.T.);
#6036 = EDGE_LOOP('',(#6037,#6038,#6044,#6045));
#6037 = ORIENTED_EDGE('',*,*,#5127,.T.);
#6038 = ORIENTED_EDGE('',*,*,#6039,.T.);
#6039 = EDGE_CURVE('',#5120,#5221,#6040,.T.);
#6040 = LINE('',#6041,#6042);
#6041 = CARTESIAN_POINT('',(-4.43,-2.1,4.2));
#6042 = VECTOR('',#6043,1.);
#6043 = DIRECTION('',(-1.,0.,1.090792376426E-18));
#6044 = ORIENTED_EDGE('',*,*,#5220,.T.);
#6045 = ORIENTED_EDGE('',*,*,#5276,.T.);
#6046 = PLANE('',#6047);
#6047 = AXIS2_PLACEMENT_3D('',#6048,#6049,#6050);
#6048 = CARTESIAN_POINT('',(-5.73,-2.1,4.2));
#6049 = DIRECTION('',(8.419480800899E-34,-1.,7.718683209433E-16));
#6050 = DIRECTION('',(1.090792376426E-18,7.718683209433E-16,1.));
#6051 = ADVANCED_FACE('',(#6052),#6064,.T.);
#6052 = FACE_BOUND('',#6053,.T.);
#6053 = EDGE_LOOP('',(#6054,#6055,#6056,#6057));
#6054 = ORIENTED_EDGE('',*,*,#5881,.F.);
#6055 = ORIENTED_EDGE('',*,*,#5914,.F.);
#6056 = ORIENTED_EDGE('',*,*,#5252,.T.);
#6057 = ORIENTED_EDGE('',*,*,#6058,.T.);
#6058 = EDGE_CURVE('',#5245,#5838,#6059,.T.);
#6059 = CIRCLE('',#6060,0.4);
#6060 = AXIS2_PLACEMENT_3D('',#6061,#6062,#6063);
#6061 = CARTESIAN_POINT('',(-4.43,-0.4,4.35));
#6062 = DIRECTION('',(1.,0.,-1.090792376426E-18));
#6063 = DIRECTION('',(-1.090792376426E-18,-5.983959733456E-16,-1.));
#6064 = PLANE('',#6065);
#6065 = AXIS2_PLACEMENT_3D('',#6066,#6067,#6068);
#6066 = CARTESIAN_POINT('',(-4.43,-0.25,4.35));
#6067 = DIRECTION('',(1.,0.,-1.090792376426E-18));
#6068 = DIRECTION('',(-1.090792376426E-18,-7.718683209433E-16,-1.));
#6069 = ADVANCED_FACE('',(#6070),#6076,.T.);
#6070 = FACE_BOUND('',#6071,.T.);
#6071 = EDGE_LOOP('',(#6072,#6073,#6074,#6075));
#6072 = ORIENTED_EDGE('',*,*,#5845,.F.);
#6073 = ORIENTED_EDGE('',*,*,#6058,.F.);
#6074 = ORIENTED_EDGE('',*,*,#5292,.T.);
#6075 = ORIENTED_EDGE('',*,*,#5970,.F.);
#6076 = CYLINDRICAL_SURFACE('',#6077,0.4);
#6077 = AXIS2_PLACEMENT_3D('',#6078,#6079,#6080);
#6078 = CARTESIAN_POINT('',(-5.08,-0.4,4.35));
#6079 = DIRECTION('',(1.,0.,-1.090792376426E-18));
#6080 = DIRECTION('',(-1.090792376426E-18,-1.071928597869E-15,-1.));
#6081 = ADVANCED_FACE('',(#6082),#6092,.F.);
#6082 = FACE_BOUND('',#6083,.T.);
#6083 = EDGE_LOOP('',(#6084,#6085,#6086,#6087,#6088,#6089,#6090,#6091));
#6084 = ORIENTED_EDGE('',*,*,#5157,.T.);
#6085 = ORIENTED_EDGE('',*,*,#5260,.T.);
#6086 = ORIENTED_EDGE('',*,*,#5921,.F.);
#6087 = ORIENTED_EDGE('',*,*,#6022,.F.);
#6088 = ORIENTED_EDGE('',*,*,#5190,.T.);
#6089 = ORIENTED_EDGE('',*,*,#5228,.T.);
#6090 = ORIENTED_EDGE('',*,*,#6039,.F.);
#6091 = ORIENTED_EDGE('',*,*,#5119,.T.);
#6092 = PLANE('',#6093);
#6093 = AXIS2_PLACEMENT_3D('',#6094,#6095,#6096);
#6094 = CARTESIAN_POINT('',(-5.08,1.576519833629,4.2));
#6095 = DIRECTION('',(3.635974588088E-18,-1.087789123412E-15,-1.));
#6096 = DIRECTION('',(-1.,-3.388012948608E-33,-3.635974588088E-18));
#6097 = ( GEOMETRIC_REPRESENTATION_CONTEXT(3) 
GLOBAL_UNCERTAINTY_ASSIGNED_CONTEXT((#6101)) 
GLOBAL_UNIT_ASSIGNED_CONTEXT((#6098,#6099,#6100)) REPRESENTATION_CONTEXT
('Context #1','3D Context with UNIT and UNCERTAINTY') );
#6098 = ( LENGTH_UNIT() NAMED_UNIT(*) SI_UNIT(.MILLI.,.METRE.) );
#6099 = ( NAMED_UNIT(*) PLANE_ANGLE_UNIT() SI_UNIT($,.RADIAN.) );
#6100 = ( NAMED_UNIT(*) SI_UNIT($,.STERADIAN.) SOLID_ANGLE_UNIT() );
#6101 = UNCERTAINTY_MEASURE_WITH_UNIT(LENGTH_MEASURE(1.E-07),#6098,
  'distance_accuracy_value','confusion accuracy');
#6102 = PRODUCT_RELATED_PRODUCT_CATEGORY('part',$,(#5091));
#6103 = SHAPE_DEFINITION_REPRESENTATION(#6104,#6110);
#6104 = PRODUCT_DEFINITION_SHAPE('','',#6105);
#6105 = PRODUCT_DEFINITION('design','',#6106,#6109);
#6106 = PRODUCT_DEFINITION_FORMATION('','',#6107);
#6107 = PRODUCT('R-78AA-1.0SMD_pin2(+Vin)','R-78AA-1.0SMD_pin2(+Vin)',''
  ,(#6108));
#6108 = PRODUCT_CONTEXT('',#2,'mechanical');
#6109 = PRODUCT_DEFINITION_CONTEXT('part definition',#2,'design');
#6110 = ADVANCED_BREP_SHAPE_REPRESENTATION('',(#11,#6111),#7113);
#6111 = MANIFOLD_SOLID_BREP('',#6112);
#6112 = CLOSED_SHELL('',(#6113,#6153,#6184,#6224,#6255,#6286,#6319,#6359
    ,#6392,#6423,#6454,#6494,#6527,#6567,#6589,#6620,#6653,#6675,#6692,
    #6714,#6726,#6738,#6766,#6799,#6829,#6841,#6879,#6908,#6926,#6964,
    #6976,#7004,#7021,#7033,#7050,#7067,#7085,#7097));
#6113 = ADVANCED_FACE('',(#6114),#6148,.F.);
#6114 = FACE_BOUND('',#6115,.T.);
#6115 = EDGE_LOOP('',(#6116,#6126,#6134,#6142));
#6116 = ORIENTED_EDGE('',*,*,#6117,.F.);
#6117 = EDGE_CURVE('',#6118,#6120,#6122,.T.);
#6118 = VERTEX_POINT('',#6119);
#6119 = CARTESIAN_POINT('',(-2.29,-0.6,3.95));
#6120 = VERTEX_POINT('',#6121);
#6121 = CARTESIAN_POINT('',(-2.29,-2.1,3.95));
#6122 = LINE('',#6123,#6124);
#6123 = CARTESIAN_POINT('',(-2.29,0.488259916815,3.95));
#6124 = VECTOR('',#6125,1.);
#6125 = DIRECTION('',(-2.775557561563E-16,-1.,1.087789123412E-15));
#6126 = ORIENTED_EDGE('',*,*,#6127,.T.);
#6127 = EDGE_CURVE('',#6118,#6128,#6130,.T.);
#6128 = VERTEX_POINT('',#6129);
#6129 = CARTESIAN_POINT('',(-2.29,-0.6,4.2));
#6130 = LINE('',#6131,#6132);
#6131 = CARTESIAN_POINT('',(-2.29,-0.6,3.95));
#6132 = VECTOR('',#6133,1.);
#6133 = DIRECTION('',(1.090792376426E-18,7.718683209433E-16,1.));
#6134 = ORIENTED_EDGE('',*,*,#6135,.F.);
#6135 = EDGE_CURVE('',#6136,#6128,#6138,.T.);
#6136 = VERTEX_POINT('',#6137);
#6137 = CARTESIAN_POINT('',(-2.29,-2.1,4.2));
#6138 = LINE('',#6139,#6140);
#6139 = CARTESIAN_POINT('',(-2.29,0.488259916815,4.2));
#6140 = VECTOR('',#6141,1.);
#6141 = DIRECTION('',(2.775557561563E-16,1.,-1.087789123412E-15));
#6142 = ORIENTED_EDGE('',*,*,#6143,.F.);
#6143 = EDGE_CURVE('',#6120,#6136,#6144,.T.);
#6144 = LINE('',#6145,#6146);
#6145 = CARTESIAN_POINT('',(-2.29,-2.1,4.075));
#6146 = VECTOR('',#6147,1.);
#6147 = DIRECTION('',(1.090792376426E-18,7.718683209433E-16,1.));
#6148 = PLANE('',#6149);
#6149 = AXIS2_PLACEMENT_3D('',#6150,#6151,#6152);
#6150 = CARTESIAN_POINT('',(-2.29,-0.6,3.95));
#6151 = DIRECTION('',(-1.,2.775557561563E-16,1.090792376426E-18));
#6152 = DIRECTION('',(-2.775557561563E-16,-1.,1.087789123412E-15));
#6153 = ADVANCED_FACE('',(#6154),#6179,.F.);
#6154 = FACE_BOUND('',#6155,.T.);
#6155 = EDGE_LOOP('',(#6156,#6164,#6172,#6178));
#6156 = ORIENTED_EDGE('',*,*,#6157,.F.);
#6157 = EDGE_CURVE('',#6158,#6118,#6160,.T.);
#6158 = VERTEX_POINT('',#6159);
#6159 = CARTESIAN_POINT('',(-1.89,-0.6,3.95));
#6160 = LINE('',#6161,#6162);
#6161 = CARTESIAN_POINT('',(-2.215,-0.6,3.95));
#6162 = VECTOR('',#6163,1.);
#6163 = DIRECTION('',(-1.,-3.289585577741E-33,5.817559340941E-18));
#6164 = ORIENTED_EDGE('',*,*,#6165,.F.);
#6165 = EDGE_CURVE('',#6166,#6158,#6168,.T.);
#6166 = VERTEX_POINT('',#6167);
#6167 = CARTESIAN_POINT('',(-1.89,-0.6,4.2));
#6168 = LINE('',#6169,#6170);
#6169 = CARTESIAN_POINT('',(-1.89,-0.6,4.075));
#6170 = VECTOR('',#6171,1.);
#6171 = DIRECTION('',(-1.090792376426E-18,-7.718683209433E-16,-1.));
#6172 = ORIENTED_EDGE('',*,*,#6173,.F.);
#6173 = EDGE_CURVE('',#6128,#6166,#6174,.T.);
#6174 = LINE('',#6175,#6176);
#6175 = CARTESIAN_POINT('',(-2.215,-0.6,4.2));
#6176 = VECTOR('',#6177,1.);
#6177 = DIRECTION('',(1.,1.058646893852E-32,3.635974588088E-18));
#6178 = ORIENTED_EDGE('',*,*,#6127,.F.);
#6179 = PLANE('',#6180);
#6180 = AXIS2_PLACEMENT_3D('',#6181,#6182,#6183);
#6181 = CARTESIAN_POINT('',(-1.89,-0.6,3.95));
#6182 = DIRECTION('',(-7.77997533822E-33,1.,-7.718683209433E-16));
#6183 = DIRECTION('',(-1.,-3.289585577741E-33,5.817559340941E-18));
#6184 = ADVANCED_FACE('',(#6185),#6219,.F.);
#6185 = FACE_BOUND('',#6186,.T.);
#6186 = EDGE_LOOP('',(#6187,#6197,#6205,#6213));
#6187 = ORIENTED_EDGE('',*,*,#6188,.F.);
#6188 = EDGE_CURVE('',#6189,#6191,#6193,.T.);
#6189 = VERTEX_POINT('',#6190);
#6190 = CARTESIAN_POINT('',(-2.79,-0.6,3.95));
#6191 = VERTEX_POINT('',#6192);
#6192 = CARTESIAN_POINT('',(-3.19,-0.6,3.95));
#6193 = LINE('',#6194,#6195);
#6194 = CARTESIAN_POINT('',(-2.665,-0.6,3.95));
#6195 = VECTOR('',#6196,1.);
#6196 = DIRECTION('',(-1.,-3.289585577741E-33,5.817559340941E-18));
#6197 = ORIENTED_EDGE('',*,*,#6198,.T.);
#6198 = EDGE_CURVE('',#6189,#6199,#6201,.T.);
#6199 = VERTEX_POINT('',#6200);
#6200 = CARTESIAN_POINT('',(-2.79,-0.6,4.2));
#6201 = LINE('',#6202,#6203);
#6202 = CARTESIAN_POINT('',(-2.79,-0.6,3.95));
#6203 = VECTOR('',#6204,1.);
#6204 = DIRECTION('',(1.090792376426E-18,7.718683209433E-16,1.));
#6205 = ORIENTED_EDGE('',*,*,#6206,.F.);
#6206 = EDGE_CURVE('',#6207,#6199,#6209,.T.);
#6207 = VERTEX_POINT('',#6208);
#6208 = CARTESIAN_POINT('',(-3.19,-0.6,4.2));
#6209 = LINE('',#6210,#6211);
#6210 = CARTESIAN_POINT('',(-2.665,-0.6,4.2));
#6211 = VECTOR('',#6212,1.);
#6212 = DIRECTION('',(1.,1.058646893852E-32,3.635974588088E-18));
#6213 = ORIENTED_EDGE('',*,*,#6214,.F.);
#6214 = EDGE_CURVE('',#6191,#6207,#6215,.T.);
#6215 = LINE('',#6216,#6217);
#6216 = CARTESIAN_POINT('',(-3.19,-0.6,4.075));
#6217 = VECTOR('',#6218,1.);
#6218 = DIRECTION('',(1.090792376426E-18,7.718683209433E-16,1.));
#6219 = PLANE('',#6220);
#6220 = AXIS2_PLACEMENT_3D('',#6221,#6222,#6223);
#6221 = CARTESIAN_POINT('',(-2.79,-0.6,3.95));
#6222 = DIRECTION('',(-7.77997533822E-33,1.,-7.718683209433E-16));
#6223 = DIRECTION('',(-1.,-3.289585577741E-33,5.817559340941E-18));
#6224 = ADVANCED_FACE('',(#6225),#6250,.F.);
#6225 = FACE_BOUND('',#6226,.T.);
#6226 = EDGE_LOOP('',(#6227,#6235,#6243,#6249));
#6227 = ORIENTED_EDGE('',*,*,#6228,.F.);
#6228 = EDGE_CURVE('',#6229,#6189,#6231,.T.);
#6229 = VERTEX_POINT('',#6230);
#6230 = CARTESIAN_POINT('',(-2.79,-2.1,3.95));
#6231 = LINE('',#6232,#6233);
#6232 = CARTESIAN_POINT('',(-2.79,-0.261740083185,3.95));
#6233 = VECTOR('',#6234,1.);
#6234 = DIRECTION('',(-2.775557561563E-16,1.,-1.087789123412E-15));
#6235 = ORIENTED_EDGE('',*,*,#6236,.F.);
#6236 = EDGE_CURVE('',#6237,#6229,#6239,.T.);
#6237 = VERTEX_POINT('',#6238);
#6238 = CARTESIAN_POINT('',(-2.79,-2.1,4.2));
#6239 = LINE('',#6240,#6241);
#6240 = CARTESIAN_POINT('',(-2.79,-2.1,4.075));
#6241 = VECTOR('',#6242,1.);
#6242 = DIRECTION('',(-1.090792376426E-18,-7.718683209433E-16,-1.));
#6243 = ORIENTED_EDGE('',*,*,#6244,.F.);
#6244 = EDGE_CURVE('',#6199,#6237,#6245,.T.);
#6245 = LINE('',#6246,#6247);
#6246 = CARTESIAN_POINT('',(-2.79,-0.261740083185,4.2));
#6247 = VECTOR('',#6248,1.);
#6248 = DIRECTION('',(2.775557561563E-16,-1.,1.087789123412E-15));
#6249 = ORIENTED_EDGE('',*,*,#6198,.F.);
#6250 = PLANE('',#6251);
#6251 = AXIS2_PLACEMENT_3D('',#6252,#6253,#6254);
#6252 = CARTESIAN_POINT('',(-2.79,-2.1,3.95));
#6253 = DIRECTION('',(1.,2.775557561563E-16,-1.090792376427E-18));
#6254 = DIRECTION('',(-2.775557561563E-16,1.,-1.087789123412E-15));
#6255 = ADVANCED_FACE('',(#6256),#6281,.T.);
#6256 = FACE_BOUND('',#6257,.T.);
#6257 = EDGE_LOOP('',(#6258,#6259,#6267,#6275));
#6258 = ORIENTED_EDGE('',*,*,#6165,.T.);
#6259 = ORIENTED_EDGE('',*,*,#6260,.T.);
#6260 = EDGE_CURVE('',#6158,#6261,#6263,.T.);
#6261 = VERTEX_POINT('',#6262);
#6262 = CARTESIAN_POINT('',(-1.89,-0.4,3.95));
#6263 = LINE('',#6264,#6265);
#6264 = CARTESIAN_POINT('',(-1.89,4.869572136865,3.95));
#6265 = VECTOR('',#6266,1.);
#6266 = DIRECTION('',(-1.169251542629E-33,1.,-1.071928597869E-15));
#6267 = ORIENTED_EDGE('',*,*,#6268,.F.);
#6268 = EDGE_CURVE('',#6269,#6261,#6271,.T.);
#6269 = VERTEX_POINT('',#6270);
#6270 = CARTESIAN_POINT('',(-1.89,-0.4,4.2));
#6271 = LINE('',#6272,#6273);
#6272 = CARTESIAN_POINT('',(-1.89,-0.4,4.145));
#6273 = VECTOR('',#6274,1.);
#6274 = DIRECTION('',(-1.090792376426E-18,-1.071928597869E-15,-1.));
#6275 = ORIENTED_EDGE('',*,*,#6276,.F.);
#6276 = EDGE_CURVE('',#6166,#6269,#6277,.T.);
#6277 = LINE('',#6278,#6279);
#6278 = CARTESIAN_POINT('',(-1.89,-2.1,4.2));
#6279 = VECTOR('',#6280,1.);
#6280 = DIRECTION('',(-1.169251542629E-33,1.,-1.071928597869E-15));
#6281 = PLANE('',#6282);
#6282 = AXIS2_PLACEMENT_3D('',#6283,#6284,#6285);
#6283 = CARTESIAN_POINT('',(-1.89,4.869572136865,4.2));
#6284 = DIRECTION('',(1.,0.,-1.090792376426E-18));
#6285 = DIRECTION('',(-1.090792376426E-18,-7.718683209433E-16,-1.));
#6286 = ADVANCED_FACE('',(#6287),#6314,.T.);
#6287 = FACE_BOUND('',#6288,.T.);
#6288 = EDGE_LOOP('',(#6289,#6290,#6291,#6297,#6298,#6299,#6307,#6313));
#6289 = ORIENTED_EDGE('',*,*,#6157,.T.);
#6290 = ORIENTED_EDGE('',*,*,#6117,.T.);
#6291 = ORIENTED_EDGE('',*,*,#6292,.F.);
#6292 = EDGE_CURVE('',#6229,#6120,#6293,.T.);
#6293 = LINE('',#6294,#6295);
#6294 = CARTESIAN_POINT('',(-1.89,-2.1,3.95));
#6295 = VECTOR('',#6296,1.);
#6296 = DIRECTION('',(1.,0.,-1.090792376426E-18));
#6297 = ORIENTED_EDGE('',*,*,#6228,.T.);
#6298 = ORIENTED_EDGE('',*,*,#6188,.T.);
#6299 = ORIENTED_EDGE('',*,*,#6300,.F.);
#6300 = EDGE_CURVE('',#6301,#6191,#6303,.T.);
#6301 = VERTEX_POINT('',#6302);
#6302 = CARTESIAN_POINT('',(-3.19,-0.4,3.95));
#6303 = LINE('',#6304,#6305);
#6304 = CARTESIAN_POINT('',(-3.19,-2.1,3.95));
#6305 = VECTOR('',#6306,1.);
#6306 = DIRECTION('',(1.169251542629E-33,-1.,1.071928597869E-15));
#6307 = ORIENTED_EDGE('',*,*,#6308,.F.);
#6308 = EDGE_CURVE('',#6261,#6301,#6309,.T.);
#6309 = LINE('',#6310,#6311);
#6310 = CARTESIAN_POINT('',(-2.54,-0.4,3.95));
#6311 = VECTOR('',#6312,1.);
#6312 = DIRECTION('',(-1.,5.066756684725E-33,5.817559340941E-18));
#6313 = ORIENTED_EDGE('',*,*,#6260,.F.);
#6314 = PLANE('',#6315);
#6315 = AXIS2_PLACEMENT_3D('',#6316,#6317,#6318);
#6316 = CARTESIAN_POINT('',(-2.54,1.576519833629,3.95));
#6317 = DIRECTION('',(-5.817559340941E-18,-1.087789123412E-15,-1.));
#6318 = DIRECTION('',(-1.,3.64844168039E-33,5.817559340941E-18));
#6319 = ADVANCED_FACE('',(#6320),#6354,.F.);
#6320 = FACE_BOUND('',#6321,.T.);
#6321 = EDGE_LOOP('',(#6322,#6332,#6340,#6348));
#6322 = ORIENTED_EDGE('',*,*,#6323,.F.);
#6323 = EDGE_CURVE('',#6324,#6326,#6328,.T.);
#6324 = VERTEX_POINT('',#6325);
#6325 = CARTESIAN_POINT('',(-2.79,-4.24,6.174999998916));
#6326 = VERTEX_POINT('',#6327);
#6327 = CARTESIAN_POINT('',(-2.79,-4.24,5.791532469607));
#6328 = LINE('',#6329,#6330);
#6329 = CARTESIAN_POINT('',(-2.79,-4.24,4.336740082643));
#6330 = VECTOR('',#6331,1.);
#6331 = DIRECTION('',(-2.66994996755E-16,-5.380737588059E-17,-1.));
#6332 = ORIENTED_EDGE('',*,*,#6333,.F.);
#6333 = EDGE_CURVE('',#6334,#6324,#6336,.T.);
#6334 = VERTEX_POINT('',#6335);
#6335 = CARTESIAN_POINT('',(-2.79,-3.99,6.174999998916));
#6336 = LINE('',#6337,#6338);
#6337 = CARTESIAN_POINT('',(-2.79,-4.115,6.175));
#6338 = VECTOR('',#6339,1.);
#6339 = DIRECTION('',(1.998696479897E-32,-1.,-2.62113426588E-16));
#6340 = ORIENTED_EDGE('',*,*,#6341,.F.);
#6341 = EDGE_CURVE('',#6342,#6334,#6344,.T.);
#6342 = VERTEX_POINT('',#6343);
#6343 = CARTESIAN_POINT('',(-2.79,-3.99,5.791532469607));
#6344 = LINE('',#6345,#6346);
#6345 = CARTESIAN_POINT('',(-2.79,-3.99,4.336740082643));
#6346 = VECTOR('',#6347,1.);
#6347 = DIRECTION('',(2.66994996755E-16,5.380737588059E-17,1.));
#6348 = ORIENTED_EDGE('',*,*,#6349,.T.);
#6349 = EDGE_CURVE('',#6342,#6326,#6350,.T.);
#6350 = LINE('',#6351,#6352);
#6351 = CARTESIAN_POINT('',(-2.79,-4.078875633811,5.791532469607));
#6352 = VECTOR('',#6353,1.);
#6353 = DIRECTION('',(-1.260463816602E-14,-1.,7.718683209433E-16));
#6354 = PLANE('',#6355);
#6355 = AXIS2_PLACEMENT_3D('',#6356,#6357,#6358);
#6356 = CARTESIAN_POINT('',(-2.79,-3.99,6.174999998916));
#6357 = DIRECTION('',(1.,8.996993828026E-32,-2.66994996755E-16));
#6358 = DIRECTION('',(-2.66994996755E-16,-7.718683209433E-16,-1.));
#6359 = ADVANCED_FACE('',(#6360),#6387,.T.);
#6360 = FACE_BOUND('',#6361,.T.);
#6361 = EDGE_LOOP('',(#6362,#6363,#6372,#6380));
#6362 = ORIENTED_EDGE('',*,*,#6349,.F.);
#6363 = ORIENTED_EDGE('',*,*,#6364,.F.);
#6364 = EDGE_CURVE('',#6365,#6342,#6367,.T.);
#6365 = VERTEX_POINT('',#6366);
#6366 = CARTESIAN_POINT('',(-2.79,-3.853073361412,5.642103264893));
#6367 = CIRCLE('',#6368,0.15);
#6368 = AXIS2_PLACEMENT_3D('',#6369,#6370,#6371);
#6369 = CARTESIAN_POINT('',(-2.79,-3.84,5.791532469607));
#6370 = DIRECTION('',(-1.,1.260463816602E-14,1.178329365949E-14));
#6371 = DIRECTION('',(-1.283702127106E-14,-8.715574274766E-02,
    -0.996194698092));
#6372 = ORIENTED_EDGE('',*,*,#6373,.T.);
#6373 = EDGE_CURVE('',#6365,#6374,#6376,.T.);
#6374 = VERTEX_POINT('',#6375);
#6375 = CARTESIAN_POINT('',(-2.79,-3.874862297099,5.39305459037));
#6376 = LINE('',#6377,#6378);
#6377 = CARTESIAN_POINT('',(-2.79,-3.853073361412,5.642103264893));
#6378 = VECTOR('',#6379,1.);
#6379 = DIRECTION('',(-1.086641582115E-18,-8.715574274766E-02,
    -0.996194698092));
#6380 = ORIENTED_EDGE('',*,*,#6381,.F.);
#6381 = EDGE_CURVE('',#6326,#6374,#6382,.T.);
#6382 = CIRCLE('',#6383,0.4);
#6383 = AXIS2_PLACEMENT_3D('',#6384,#6385,#6386);
#6384 = CARTESIAN_POINT('',(-2.79,-3.84,5.791532469607));
#6385 = DIRECTION('',(1.,-1.260463816602E-14,-1.178329365949E-14));
#6386 = DIRECTION('',(-1.283702127106E-14,-8.715574274766E-02,
    -0.996194698092));
#6387 = PLANE('',#6388);
#6388 = AXIS2_PLACEMENT_3D('',#6389,#6390,#6391);
#6389 = CARTESIAN_POINT('',(-2.79,-4.042751267623,5.605745162513));
#6390 = DIRECTION('',(-1.,1.260463816602E-14,1.178329365949E-14));
#6391 = DIRECTION('',(1.178329365949E-14,7.718683209433E-16,1.));
#6392 = ADVANCED_FACE('',(#6393),#6418,.F.);
#6393 = FACE_BOUND('',#6394,.T.);
#6394 = EDGE_LOOP('',(#6395,#6403,#6404,#6412));
#6395 = ORIENTED_EDGE('',*,*,#6396,.F.);
#6396 = EDGE_CURVE('',#6374,#6397,#6399,.T.);
#6397 = VERTEX_POINT('',#6398);
#6398 = CARTESIAN_POINT('',(-2.79,-3.081350766039,5.323631327025));
#6399 = LINE('',#6400,#6401);
#6400 = CARTESIAN_POINT('',(-2.79,-2.42672667066,5.266359139809));
#6401 = VECTOR('',#6402,1.);
#6402 = DIRECTION('',(-2.659992731983E-16,0.996194698092,
    -8.715574274766E-02));
#6403 = ORIENTED_EDGE('',*,*,#6373,.F.);
#6404 = ORIENTED_EDGE('',*,*,#6405,.F.);
#6405 = EDGE_CURVE('',#6406,#6365,#6408,.T.);
#6406 = VERTEX_POINT('',#6407);
#6407 = CARTESIAN_POINT('',(-2.79,-3.059561830352,5.572680001548));
#6408 = LINE('',#6409,#6410);
#6409 = CARTESIAN_POINT('',(-2.79,-2.404937734973,5.515407814332));
#6410 = VECTOR('',#6411,1.);
#6411 = DIRECTION('',(2.659992731983E-16,-0.996194698092,
    8.715574274766E-02));
#6412 = ORIENTED_EDGE('',*,*,#6413,.T.);
#6413 = EDGE_CURVE('',#6406,#6397,#6414,.T.);
#6414 = LINE('',#6415,#6416);
#6415 = CARTESIAN_POINT('',(-2.79,-3.059561830352,5.572680001548));
#6416 = VECTOR('',#6417,1.);
#6417 = DIRECTION('',(-1.086641582115E-18,-8.715574274766E-02,
    -0.996194698092));
#6418 = PLANE('',#6419);
#6419 = AXIS2_PLACEMENT_3D('',#6420,#6421,#6422);
#6420 = CARTESIAN_POINT('',(-2.79,-3.853073361412,5.642103264893));
#6421 = DIRECTION('',(1.,2.648923586022E-16,-2.426587080876E-17));
#6422 = DIRECTION('',(-2.426587080876E-17,-7.718683209433E-16,-1.));
#6423 = ADVANCED_FACE('',(#6424),#6449,.F.);
#6424 = FACE_BOUND('',#6425,.T.);
#6425 = EDGE_LOOP('',(#6426,#6434,#6435,#6443));
#6426 = ORIENTED_EDGE('',*,*,#6427,.F.);
#6427 = EDGE_CURVE('',#6397,#6428,#6430,.T.);
#6428 = VERTEX_POINT('',#6429);
#6429 = CARTESIAN_POINT('',(-3.19,-2.682872886802,5.288769029926));
#6430 = LINE('',#6431,#6432);
#6431 = CARTESIAN_POINT('',(-3.255197980587,-2.617923004215,
    5.283086651503));
#6432 = VECTOR('',#6433,1.);
#6433 = DIRECTION('',(-0.707106781187,0.704416026403,-6.162841671622E-02
    ));
#6434 = ORIENTED_EDGE('',*,*,#6413,.F.);
#6435 = ORIENTED_EDGE('',*,*,#6436,.F.);
#6436 = EDGE_CURVE('',#6437,#6406,#6439,.T.);
#6437 = VERTEX_POINT('',#6438);
#6438 = CARTESIAN_POINT('',(-3.19,-2.661083951115,5.537817704449));
#6439 = LINE('',#6440,#6441);
#6440 = CARTESIAN_POINT('',(-3.255197980587,-2.596134068528,
    5.532135326026));
#6441 = VECTOR('',#6442,1.);
#6442 = DIRECTION('',(0.707106781187,-0.704416026403,6.162841671622E-02)
  );
#6443 = ORIENTED_EDGE('',*,*,#6444,.F.);
#6444 = EDGE_CURVE('',#6428,#6437,#6445,.T.);
#6445 = LINE('',#6446,#6447);
#6446 = CARTESIAN_POINT('',(-3.19,-2.671978418958,5.413293367188));
#6447 = VECTOR('',#6448,1.);
#6448 = DIRECTION('',(1.086641582115E-18,8.715574274766E-02,
    0.996194698092));
#6449 = PLANE('',#6450);
#6450 = AXIS2_PLACEMENT_3D('',#6451,#6452,#6453);
#6451 = CARTESIAN_POINT('',(-2.79,-3.059561830352,5.572680001548));
#6452 = DIRECTION('',(0.707106781187,0.704416026403,-6.162841671622E-02)
  );
#6453 = DIRECTION('',(-8.682659386425E-02,-8.105866774151E-16,
    -0.996223440097));
#6454 = ADVANCED_FACE('',(#6455),#6489,.F.);
#6455 = FACE_BOUND('',#6456,.T.);
#6456 = EDGE_LOOP('',(#6457,#6467,#6475,#6483));
#6457 = ORIENTED_EDGE('',*,*,#6458,.F.);
#6458 = EDGE_CURVE('',#6459,#6461,#6463,.T.);
#6459 = VERTEX_POINT('',#6460);
#6460 = CARTESIAN_POINT('',(-2.29,-4.24,5.791532469607));
#6461 = VERTEX_POINT('',#6462);
#6462 = CARTESIAN_POINT('',(-2.29,-4.24,6.174999998916));
#6463 = LINE('',#6464,#6465);
#6464 = CARTESIAN_POINT('',(-2.29,-4.24,4.145006317989));
#6465 = VECTOR('',#6466,1.);
#6466 = DIRECTION('',(-2.648134120021E-16,5.380737588059E-17,1.));
#6467 = ORIENTED_EDGE('',*,*,#6468,.T.);
#6468 = EDGE_CURVE('',#6459,#6469,#6471,.T.);
#6469 = VERTEX_POINT('',#6470);
#6470 = CARTESIAN_POINT('',(-2.29,-3.99,5.791532469607));
#6471 = LINE('',#6472,#6473);
#6472 = CARTESIAN_POINT('',(-2.29,-4.078875633811,5.791532469607));
#6473 = VECTOR('',#6474,1.);
#6474 = DIRECTION('',(-3.270613655116E-15,1.,-7.718683209433E-16));
#6475 = ORIENTED_EDGE('',*,*,#6476,.F.);
#6476 = EDGE_CURVE('',#6477,#6469,#6479,.T.);
#6477 = VERTEX_POINT('',#6478);
#6478 = CARTESIAN_POINT('',(-2.29,-3.99,6.174999998916));
#6479 = LINE('',#6480,#6481);
#6480 = CARTESIAN_POINT('',(-2.29,-3.99,4.145006317989));
#6481 = VECTOR('',#6482,1.);
#6482 = DIRECTION('',(2.648134120021E-16,-5.380737588059E-17,-1.));
#6483 = ORIENTED_EDGE('',*,*,#6484,.F.);
#6484 = EDGE_CURVE('',#6461,#6477,#6485,.T.);
#6485 = LINE('',#6486,#6487);
#6486 = CARTESIAN_POINT('',(-2.29,-4.115,6.175));
#6487 = VECTOR('',#6488,1.);
#6488 = DIRECTION('',(2.055878745393E-32,1.,2.62113426588E-16));
#6489 = PLANE('',#6490);
#6490 = AXIS2_PLACEMENT_3D('',#6491,#6492,#6493);
#6491 = CARTESIAN_POINT('',(-2.29,-3.99,5.791532469607));
#6492 = DIRECTION('',(-1.,8.996993828026E-32,-2.648134120021E-16));
#6493 = DIRECTION('',(-2.648134120021E-16,7.718683209433E-16,1.));
#6494 = ADVANCED_FACE('',(#6495),#6522,.T.);
#6495 = FACE_BOUND('',#6496,.T.);
#6496 = EDGE_LOOP('',(#6497,#6507,#6514,#6515));
#6497 = ORIENTED_EDGE('',*,*,#6498,.F.);
#6498 = EDGE_CURVE('',#6499,#6501,#6503,.T.);
#6499 = VERTEX_POINT('',#6500);
#6500 = CARTESIAN_POINT('',(-2.29,-3.853073361412,5.642103264893));
#6501 = VERTEX_POINT('',#6502);
#6502 = CARTESIAN_POINT('',(-2.29,-3.874862297099,5.39305459037));
#6503 = LINE('',#6504,#6505);
#6504 = CARTESIAN_POINT('',(-2.29,-3.853073361412,5.642103264893));
#6505 = VECTOR('',#6506,1.);
#6506 = DIRECTION('',(-1.086641582115E-18,-8.715574274766E-02,
    -0.996194698092));
#6507 = ORIENTED_EDGE('',*,*,#6508,.F.);
#6508 = EDGE_CURVE('',#6469,#6499,#6509,.T.);
#6509 = CIRCLE('',#6510,0.15);
#6510 = AXIS2_PLACEMENT_3D('',#6511,#6512,#6513);
#6511 = CARTESIAN_POINT('',(-2.29,-3.84,5.791532469607));
#6512 = DIRECTION('',(1.,3.270613655116E-15,2.299334522838E-15));
#6513 = DIRECTION('',(2.575637623143E-15,-8.715574274766E-02,
    -0.996194698092));
#6514 = ORIENTED_EDGE('',*,*,#6468,.F.);
#6515 = ORIENTED_EDGE('',*,*,#6516,.F.);
#6516 = EDGE_CURVE('',#6501,#6459,#6517,.T.);
#6517 = CIRCLE('',#6518,0.4);
#6518 = AXIS2_PLACEMENT_3D('',#6519,#6520,#6521);
#6519 = CARTESIAN_POINT('',(-2.29,-3.84,5.791532469607));
#6520 = DIRECTION('',(-1.,-3.270613655116E-15,-2.299334522838E-15));
#6521 = DIRECTION('',(2.575637623143E-15,-8.715574274766E-02,
    -0.996194698092));
#6522 = PLANE('',#6523);
#6523 = AXIS2_PLACEMENT_3D('',#6524,#6525,#6526);
#6524 = CARTESIAN_POINT('',(-2.29,-4.042751267623,5.605745162513));
#6525 = DIRECTION('',(1.,3.270613655116E-15,2.299334522838E-15));
#6526 = DIRECTION('',(2.299334522838E-15,-7.718683209433E-16,-1.));
#6527 = ADVANCED_FACE('',(#6528),#6562,.F.);
#6528 = FACE_BOUND('',#6529,.T.);
#6529 = EDGE_LOOP('',(#6530,#6540,#6548,#6556));
#6530 = ORIENTED_EDGE('',*,*,#6531,.F.);
#6531 = EDGE_CURVE('',#6532,#6534,#6536,.T.);
#6532 = VERTEX_POINT('',#6533);
#6533 = CARTESIAN_POINT('',(-1.89,-2.682872886802,5.288769029926));
#6534 = VERTEX_POINT('',#6535);
#6535 = CARTESIAN_POINT('',(-2.29,-3.081350766039,5.323631327025));
#6536 = LINE('',#6537,#6538);
#6537 = CARTESIAN_POINT('',(-1.624802019413,-2.418684064597,
    5.265655502953));
#6538 = VECTOR('',#6539,1.);
#6539 = DIRECTION('',(-0.707106781187,-0.704416026403,6.162841671622E-02
    ));
#6540 = ORIENTED_EDGE('',*,*,#6541,.F.);
#6541 = EDGE_CURVE('',#6542,#6532,#6544,.T.);
#6542 = VERTEX_POINT('',#6543);
#6543 = CARTESIAN_POINT('',(-1.89,-2.661083951115,5.537817704449));
#6544 = LINE('',#6545,#6546);
#6545 = CARTESIAN_POINT('',(-1.89,-2.671978418958,5.413293367188));
#6546 = VECTOR('',#6547,1.);
#6547 = DIRECTION('',(-1.086641582115E-18,-8.715574274766E-02,
    -0.996194698092));
#6548 = ORIENTED_EDGE('',*,*,#6549,.F.);
#6549 = EDGE_CURVE('',#6550,#6542,#6552,.T.);
#6550 = VERTEX_POINT('',#6551);
#6551 = CARTESIAN_POINT('',(-2.29,-3.059561830352,5.572680001548));
#6552 = LINE('',#6553,#6554);
#6553 = CARTESIAN_POINT('',(-1.624802019413,-2.39689512891,
    5.514704177476));
#6554 = VECTOR('',#6555,1.);
#6555 = DIRECTION('',(0.707106781187,0.704416026403,-6.162841671622E-02)
  );
#6556 = ORIENTED_EDGE('',*,*,#6557,.T.);
#6557 = EDGE_CURVE('',#6550,#6534,#6558,.T.);
#6558 = LINE('',#6559,#6560);
#6559 = CARTESIAN_POINT('',(-2.29,-3.059561830352,5.572680001548));
#6560 = VECTOR('',#6561,1.);
#6561 = DIRECTION('',(-1.086641582115E-18,-8.715574274766E-02,
    -0.996194698092));
#6562 = PLANE('',#6563);
#6563 = AXIS2_PLACEMENT_3D('',#6564,#6565,#6566);
#6564 = CARTESIAN_POINT('',(-1.89,-2.661083951115,5.537817704449));
#6565 = DIRECTION('',(-0.707106781187,0.704416026403,-6.162841671622E-02
    ));
#6566 = DIRECTION('',(-8.682659386425E-02,8.105866774151E-16,
    0.996223440097));
#6567 = ADVANCED_FACE('',(#6568),#6584,.F.);
#6568 = FACE_BOUND('',#6569,.T.);
#6569 = EDGE_LOOP('',(#6570,#6576,#6577,#6583));
#6570 = ORIENTED_EDGE('',*,*,#6571,.F.);
#6571 = EDGE_CURVE('',#6534,#6501,#6572,.T.);
#6572 = LINE('',#6573,#6574);
#6573 = CARTESIAN_POINT('',(-2.29,-2.02997090513,5.231647508136));
#6574 = VECTOR('',#6575,1.);
#6575 = DIRECTION('',(-2.658091355588E-16,-0.996194698092,
    8.715574274766E-02));
#6576 = ORIENTED_EDGE('',*,*,#6557,.F.);
#6577 = ORIENTED_EDGE('',*,*,#6578,.F.);
#6578 = EDGE_CURVE('',#6499,#6550,#6579,.T.);
#6579 = LINE('',#6580,#6581);
#6580 = CARTESIAN_POINT('',(-2.29,-2.008181969443,5.480696182659));
#6581 = VECTOR('',#6582,1.);
#6582 = DIRECTION('',(2.658091355588E-16,0.996194698092,
    -8.715574274766E-02));
#6583 = ORIENTED_EDGE('',*,*,#6498,.T.);
#6584 = PLANE('',#6585);
#6585 = AXIS2_PLACEMENT_3D('',#6586,#6587,#6588);
#6586 = CARTESIAN_POINT('',(-2.29,-3.059561830352,5.572680001548));
#6587 = DIRECTION('',(-1.,2.648923586022E-16,-2.208428605591E-17));
#6588 = DIRECTION('',(-2.208428605591E-17,7.718683209433E-16,1.));
#6589 = ADVANCED_FACE('',(#6590),#6615,.T.);
#6590 = FACE_BOUND('',#6591,.T.);
#6591 = EDGE_LOOP('',(#6592,#6593,#6601,#6609));
#6592 = ORIENTED_EDGE('',*,*,#6541,.T.);
#6593 = ORIENTED_EDGE('',*,*,#6594,.F.);
#6594 = EDGE_CURVE('',#6595,#6532,#6597,.T.);
#6595 = VERTEX_POINT('',#6596);
#6596 = CARTESIAN_POINT('',(-1.89,-0.386926638588,5.087899761143));
#6597 = LINE('',#6598,#6599);
#6598 = CARTESIAN_POINT('',(-1.89,2.68393852147,4.819233872421));
#6599 = VECTOR('',#6600,1.);
#6600 = DIRECTION('',(9.506881975092E-20,-0.996194698092,
    8.715574274766E-02));
#6601 = ORIENTED_EDGE('',*,*,#6602,.T.);
#6602 = EDGE_CURVE('',#6595,#6603,#6605,.T.);
#6603 = VERTEX_POINT('',#6604);
#6604 = CARTESIAN_POINT('',(-1.89,-0.365137702901,5.336948435666));
#6605 = LINE('',#6606,#6607);
#6606 = CARTESIAN_POINT('',(-1.89,-0.382133072737,5.142690469538));
#6607 = VECTOR('',#6608,1.);
#6608 = DIRECTION('',(1.086641582115E-18,8.715574274766E-02,
    0.996194698092));
#6609 = ORIENTED_EDGE('',*,*,#6610,.T.);
#6610 = EDGE_CURVE('',#6603,#6542,#6611,.T.);
#6611 = LINE('',#6612,#6613);
#6612 = CARTESIAN_POINT('',(-1.89,-4.237323353557,5.675720783166));
#6613 = VECTOR('',#6614,1.);
#6614 = DIRECTION('',(9.506881975092E-20,-0.996194698092,
    8.715574274766E-02));
#6615 = PLANE('',#6616);
#6616 = AXIS2_PLACEMENT_3D('',#6617,#6618,#6619);
#6617 = CARTESIAN_POINT('',(-1.89,-4.259112289244,5.426672108643));
#6618 = DIRECTION('',(1.,0.,-1.090792376426E-18));
#6619 = DIRECTION('',(1.086641582115E-18,8.715574274766E-02,
    0.996194698092));
#6620 = ADVANCED_FACE('',(#6621),#6648,.F.);
#6621 = FACE_BOUND('',#6622,.T.);
#6622 = EDGE_LOOP('',(#6623,#6624,#6625,#6633,#6639,#6640,#6641,#6642));
#6623 = ORIENTED_EDGE('',*,*,#6396,.T.);
#6624 = ORIENTED_EDGE('',*,*,#6427,.T.);
#6625 = ORIENTED_EDGE('',*,*,#6626,.F.);
#6626 = EDGE_CURVE('',#6627,#6428,#6629,.T.);
#6627 = VERTEX_POINT('',#6628);
#6628 = CARTESIAN_POINT('',(-3.19,-0.386926638588,5.087899761143));
#6629 = LINE('',#6630,#6631);
#6630 = CARTESIAN_POINT('',(-3.19,2.68393852147,4.819233872421));
#6631 = VECTOR('',#6632,1.);
#6632 = DIRECTION('',(9.506881975092E-20,-0.996194698092,
    8.715574274766E-02));
#6633 = ORIENTED_EDGE('',*,*,#6634,.T.);
#6634 = EDGE_CURVE('',#6627,#6595,#6635,.T.);
#6635 = LINE('',#6636,#6637);
#6636 = CARTESIAN_POINT('',(-2.54,-0.386926638588,5.087899761143));
#6637 = VECTOR('',#6638,1.);
#6638 = DIRECTION('',(1.,-4.119648855873E-19,-5.799572565591E-18));
#6639 = ORIENTED_EDGE('',*,*,#6594,.T.);
#6640 = ORIENTED_EDGE('',*,*,#6531,.T.);
#6641 = ORIENTED_EDGE('',*,*,#6571,.T.);
#6642 = ORIENTED_EDGE('',*,*,#6643,.F.);
#6643 = EDGE_CURVE('',#6374,#6501,#6644,.T.);
#6644 = LINE('',#6645,#6646);
#6645 = CARTESIAN_POINT('',(-2.54,-3.874862297099,5.39305459037));
#6646 = VECTOR('',#6647,1.);
#6647 = DIRECTION('',(1.,-4.119648855873E-19,-5.799572565591E-18));
#6648 = PLANE('',#6649);
#6649 = AXIS2_PLACEMENT_3D('',#6650,#6651,#6652);
#6650 = CARTESIAN_POINT('',(-2.54,-0.978591044221,5.139663689247));
#6651 = DIRECTION('',(5.813408546629E-18,8.715574274766E-02,
    0.996194698092));
#6652 = DIRECTION('',(-1.,4.119648855873E-19,5.799572565591E-18));
#6653 = ADVANCED_FACE('',(#6654),#6670,.F.);
#6654 = FACE_BOUND('',#6655,.F.);
#6655 = EDGE_LOOP('',(#6656,#6662,#6663,#6669));
#6656 = ORIENTED_EDGE('',*,*,#6657,.F.);
#6657 = EDGE_CURVE('',#6499,#6365,#6658,.T.);
#6658 = LINE('',#6659,#6660);
#6659 = CARTESIAN_POINT('',(-2.54,-3.853073361412,5.642103264893));
#6660 = VECTOR('',#6661,1.);
#6661 = DIRECTION('',(-1.,-4.119648855873E-19,-3.617987812738E-18));
#6662 = ORIENTED_EDGE('',*,*,#6508,.F.);
#6663 = ORIENTED_EDGE('',*,*,#6664,.T.);
#6664 = EDGE_CURVE('',#6469,#6342,#6665,.T.);
#6665 = LINE('',#6666,#6667);
#6666 = CARTESIAN_POINT('',(-2.54,-3.99,5.791532469607));
#6667 = VECTOR('',#6668,1.);
#6668 = DIRECTION('',(-1.,-4.726766964514E-18,1.090792376426E-18));
#6669 = ORIENTED_EDGE('',*,*,#6364,.F.);
#6670 = CYLINDRICAL_SURFACE('',#6671,0.15);
#6671 = AXIS2_PLACEMENT_3D('',#6672,#6673,#6674);
#6672 = CARTESIAN_POINT('',(-2.54,-3.84,5.791532469607));
#6673 = DIRECTION('',(-1.,0.,1.090792376426E-18));
#6674 = DIRECTION('',(-1.086641582115E-18,-8.715574274766E-02,
    -0.996194698092));
#6675 = ADVANCED_FACE('',(#6676),#6687,.T.);
#6676 = FACE_BOUND('',#6677,.T.);
#6677 = EDGE_LOOP('',(#6678,#6679,#6685,#6686));
#6678 = ORIENTED_EDGE('',*,*,#6341,.T.);
#6679 = ORIENTED_EDGE('',*,*,#6680,.F.);
#6680 = EDGE_CURVE('',#6477,#6334,#6681,.T.);
#6681 = LINE('',#6682,#6683);
#6682 = CARTESIAN_POINT('',(-1.89,-3.99,6.175));
#6683 = VECTOR('',#6684,1.);
#6684 = DIRECTION('',(-1.,0.,1.090792376426E-18));
#6685 = ORIENTED_EDGE('',*,*,#6476,.T.);
#6686 = ORIENTED_EDGE('',*,*,#6664,.T.);
#6687 = PLANE('',#6688);
#6688 = AXIS2_PLACEMENT_3D('',#6689,#6690,#6691);
#6689 = CARTESIAN_POINT('',(-2.54,-3.99,2.498480166371));
#6690 = DIRECTION('',(-4.726766964514E-18,1.,-5.380737588059E-17));
#6691 = DIRECTION('',(-1.,-4.726766964514E-18,1.090792376426E-18));
#6692 = ADVANCED_FACE('',(#6693),#6709,.F.);
#6693 = FACE_BOUND('',#6694,.T.);
#6694 = EDGE_LOOP('',(#6695,#6696,#6702,#6703));
#6695 = ORIENTED_EDGE('',*,*,#6323,.T.);
#6696 = ORIENTED_EDGE('',*,*,#6697,.T.);
#6697 = EDGE_CURVE('',#6326,#6459,#6698,.T.);
#6698 = LINE('',#6699,#6700);
#6699 = CARTESIAN_POINT('',(-2.54,-4.24,5.791532469607));
#6700 = VECTOR('',#6701,1.);
#6701 = DIRECTION('',(1.,-4.726766964514E-18,-1.090792376426E-18));
#6702 = ORIENTED_EDGE('',*,*,#6458,.T.);
#6703 = ORIENTED_EDGE('',*,*,#6704,.T.);
#6704 = EDGE_CURVE('',#6461,#6324,#6705,.T.);
#6705 = LINE('',#6706,#6707);
#6706 = CARTESIAN_POINT('',(-1.89,-4.24,6.175));
#6707 = VECTOR('',#6708,1.);
#6708 = DIRECTION('',(-1.,0.,1.090792376426E-18));
#6709 = PLANE('',#6710);
#6710 = AXIS2_PLACEMENT_3D('',#6711,#6712,#6713);
#6711 = CARTESIAN_POINT('',(-2.54,-4.24,2.498480166371));
#6712 = DIRECTION('',(4.726766964514E-18,1.,-5.380737588059E-17));
#6713 = DIRECTION('',(-1.,4.726766964514E-18,1.090792376426E-18));
#6714 = ADVANCED_FACE('',(#6715),#6721,.T.);
#6715 = FACE_BOUND('',#6716,.T.);
#6716 = EDGE_LOOP('',(#6717,#6718,#6719,#6720));
#6717 = ORIENTED_EDGE('',*,*,#6333,.T.);
#6718 = ORIENTED_EDGE('',*,*,#6704,.F.);
#6719 = ORIENTED_EDGE('',*,*,#6484,.T.);
#6720 = ORIENTED_EDGE('',*,*,#6680,.T.);
#6721 = PLANE('',#6722);
#6722 = AXIS2_PLACEMENT_3D('',#6723,#6724,#6725);
#6723 = CARTESIAN_POINT('',(-1.89,-4.24,6.175));
#6724 = DIRECTION('',(1.090792376426E-18,-2.62113426588E-16,1.));
#6725 = DIRECTION('',(2.859113274812E-34,1.,2.62113426588E-16));
#6726 = ADVANCED_FACE('',(#6727),#6733,.T.);
#6727 = FACE_BOUND('',#6728,.T.);
#6728 = EDGE_LOOP('',(#6729,#6730,#6731,#6732));
#6729 = ORIENTED_EDGE('',*,*,#6381,.T.);
#6730 = ORIENTED_EDGE('',*,*,#6643,.T.);
#6731 = ORIENTED_EDGE('',*,*,#6516,.T.);
#6732 = ORIENTED_EDGE('',*,*,#6697,.F.);
#6733 = CYLINDRICAL_SURFACE('',#6734,0.4);
#6734 = AXIS2_PLACEMENT_3D('',#6735,#6736,#6737);
#6735 = CARTESIAN_POINT('',(-2.54,-3.84,5.791532469607));
#6736 = DIRECTION('',(-1.,0.,1.090792376426E-18));
#6737 = DIRECTION('',(-1.086641582115E-18,-8.715574274766E-02,
    -0.996194698092));
#6738 = ADVANCED_FACE('',(#6739),#6761,.T.);
#6739 = FACE_BOUND('',#6740,.T.);
#6740 = EDGE_LOOP('',(#6741,#6742,#6743,#6744,#6745,#6746,#6754,#6760));
#6741 = ORIENTED_EDGE('',*,*,#6405,.T.);
#6742 = ORIENTED_EDGE('',*,*,#6657,.F.);
#6743 = ORIENTED_EDGE('',*,*,#6578,.T.);
#6744 = ORIENTED_EDGE('',*,*,#6549,.T.);
#6745 = ORIENTED_EDGE('',*,*,#6610,.F.);
#6746 = ORIENTED_EDGE('',*,*,#6747,.T.);
#6747 = EDGE_CURVE('',#6603,#6748,#6750,.T.);
#6748 = VERTEX_POINT('',#6749);
#6749 = CARTESIAN_POINT('',(-3.19,-0.365137702901,5.336948435666));
#6750 = LINE('',#6751,#6752);
#6751 = CARTESIAN_POINT('',(-2.54,-0.365137702901,5.336948435666));
#6752 = VECTOR('',#6753,1.);
#6753 = DIRECTION('',(-1.,-4.119648855873E-19,-3.617987812738E-18));
#6754 = ORIENTED_EDGE('',*,*,#6755,.F.);
#6755 = EDGE_CURVE('',#6437,#6748,#6756,.T.);
#6756 = LINE('',#6757,#6758);
#6757 = CARTESIAN_POINT('',(-3.19,2.705727457156,5.068282546944));
#6758 = VECTOR('',#6759,1.);
#6759 = DIRECTION('',(-9.506881975092E-20,0.996194698092,
    -8.715574274766E-02));
#6760 = ORIENTED_EDGE('',*,*,#6436,.T.);
#6761 = PLANE('',#6762);
#6762 = AXIS2_PLACEMENT_3D('',#6763,#6764,#6765);
#6763 = CARTESIAN_POINT('',(-2.54,-0.956802108534,5.38871236377));
#6764 = DIRECTION('',(-3.6401253824E-18,8.715574274766E-02,
    0.996194698092));
#6765 = DIRECTION('',(-1.,-4.119648855873E-19,-3.617987812738E-18));
#6766 = ADVANCED_FACE('',(#6767),#6794,.F.);
#6767 = FACE_BOUND('',#6768,.F.);
#6768 = EDGE_LOOP('',(#6769,#6778,#6786,#6793));
#6769 = ORIENTED_EDGE('',*,*,#6770,.F.);
#6770 = EDGE_CURVE('',#6771,#6595,#6773,.T.);
#6771 = VERTEX_POINT('',#6772);
#6772 = CARTESIAN_POINT('',(-1.89,-0.25,4.938470556429));
#6773 = CIRCLE('',#6774,0.15);
#6774 = AXIS2_PLACEMENT_3D('',#6775,#6776,#6777);
#6775 = CARTESIAN_POINT('',(-1.89,-0.4,4.938470556429));
#6776 = DIRECTION('',(1.,-4.276423536148E-50,-1.090792376426E-18));
#6777 = DIRECTION('',(1.672375960718E-34,1.,1.53317532911E-16));
#6778 = ORIENTED_EDGE('',*,*,#6779,.F.);
#6779 = EDGE_CURVE('',#6780,#6771,#6782,.T.);
#6780 = VERTEX_POINT('',#6781);
#6781 = CARTESIAN_POINT('',(-3.19,-0.25,4.938470556429));
#6782 = LINE('',#6783,#6784);
#6783 = CARTESIAN_POINT('',(-2.54,-0.25,4.938470556429));
#6784 = VECTOR('',#6785,1.);
#6785 = DIRECTION('',(1.,-4.726766964514E-18,-1.090792376426E-18));
#6786 = ORIENTED_EDGE('',*,*,#6787,.T.);
#6787 = EDGE_CURVE('',#6780,#6627,#6788,.T.);
#6788 = CIRCLE('',#6789,0.15);
#6789 = AXIS2_PLACEMENT_3D('',#6790,#6791,#6792);
#6790 = CARTESIAN_POINT('',(-3.19,-0.4,4.938470556429));
#6791 = DIRECTION('',(1.,-4.276423536148E-50,-1.090792376426E-18));
#6792 = DIRECTION('',(1.672375960718E-34,1.,1.53317532911E-16));
#6793 = ORIENTED_EDGE('',*,*,#6634,.T.);
#6794 = CYLINDRICAL_SURFACE('',#6795,0.15);
#6795 = AXIS2_PLACEMENT_3D('',#6796,#6797,#6798);
#6796 = CARTESIAN_POINT('',(-2.54,-0.4,4.938470556429));
#6797 = DIRECTION('',(1.,0.,-1.090792376426E-18));
#6798 = DIRECTION('',(-5.094296254086E-34,1.,-4.670271230513E-16));
#6799 = ADVANCED_FACE('',(#6800),#6824,.T.);
#6800 = FACE_BOUND('',#6801,.T.);
#6801 = EDGE_LOOP('',(#6802,#6808,#6817,#6823));
#6802 = ORIENTED_EDGE('',*,*,#6803,.F.);
#6803 = EDGE_CURVE('',#6748,#6627,#6804,.T.);
#6804 = LINE('',#6805,#6806);
#6805 = CARTESIAN_POINT('',(-3.19,-0.382133072737,5.142690469538));
#6806 = VECTOR('',#6807,1.);
#6807 = DIRECTION('',(-1.086641582115E-18,-8.715574274766E-02,
    -0.996194698092));
#6808 = ORIENTED_EDGE('',*,*,#6809,.T.);
#6809 = EDGE_CURVE('',#6748,#6810,#6812,.T.);
#6810 = VERTEX_POINT('',#6811);
#6811 = CARTESIAN_POINT('',(-3.19,2.235186280162E-16,4.938470556429));
#6812 = CIRCLE('',#6813,0.4);
#6813 = AXIS2_PLACEMENT_3D('',#6814,#6815,#6816);
#6814 = CARTESIAN_POINT('',(-3.19,-0.4,4.938470556429));
#6815 = DIRECTION('',(-1.,0.,1.090792376426E-18));
#6816 = DIRECTION('',(1.086641582115E-18,8.715574274766E-02,
    0.996194698092));
#6817 = ORIENTED_EDGE('',*,*,#6818,.T.);
#6818 = EDGE_CURVE('',#6810,#6780,#6819,.T.);
#6819 = LINE('',#6820,#6821);
#6820 = CARTESIAN_POINT('',(-3.19,-0.195,4.938470556429));
#6821 = VECTOR('',#6822,1.);
#6822 = DIRECTION('',(5.094296254086E-34,-1.,4.670271230513E-16));
#6823 = ORIENTED_EDGE('',*,*,#6787,.T.);
#6824 = PLANE('',#6825);
#6825 = AXIS2_PLACEMENT_3D('',#6826,#6827,#6828);
#6826 = CARTESIAN_POINT('',(-3.19,-0.365137702901,5.336948435666));
#6827 = DIRECTION('',(-1.,0.,1.090792376426E-18));
#6828 = DIRECTION('',(1.090792376426E-18,7.718683209433E-16,1.));
#6829 = ADVANCED_FACE('',(#6830),#6836,.T.);
#6830 = FACE_BOUND('',#6831,.T.);
#6831 = EDGE_LOOP('',(#6832,#6833,#6834,#6835));
#6832 = ORIENTED_EDGE('',*,*,#6444,.T.);
#6833 = ORIENTED_EDGE('',*,*,#6755,.T.);
#6834 = ORIENTED_EDGE('',*,*,#6803,.T.);
#6835 = ORIENTED_EDGE('',*,*,#6626,.T.);
#6836 = PLANE('',#6837);
#6837 = AXIS2_PLACEMENT_3D('',#6838,#6839,#6840);
#6838 = CARTESIAN_POINT('',(-3.19,0.990407534714,4.967398635092));
#6839 = DIRECTION('',(-1.,0.,1.090792376426E-18));
#6840 = DIRECTION('',(-1.086641582115E-18,-8.715574274766E-02,
    -0.996194698092));
#6841 = ADVANCED_FACE('',(#6842),#6874,.T.);
#6842 = FACE_BOUND('',#6843,.T.);
#6843 = EDGE_LOOP('',(#6844,#6852,#6860,#6868));
#6844 = ORIENTED_EDGE('',*,*,#6845,.F.);
#6845 = EDGE_CURVE('',#6846,#6810,#6848,.T.);
#6846 = VERTEX_POINT('',#6847);
#6847 = CARTESIAN_POINT('',(-1.89,3.873674013444E-16,4.938470556429));
#6848 = LINE('',#6849,#6850);
#6849 = CARTESIAN_POINT('',(-2.54,1.081821784974E-16,4.938470556429));
#6850 = VECTOR('',#6851,1.);
#6851 = DIRECTION('',(-1.,-4.726766964514E-18,1.090792376426E-18));
#6852 = ORIENTED_EDGE('',*,*,#6853,.F.);
#6853 = EDGE_CURVE('',#6854,#6846,#6856,.T.);
#6854 = VERTEX_POINT('',#6855);
#6855 = CARTESIAN_POINT('',(-1.89,1.12535690375E-16,4.35));
#6856 = LINE('',#6857,#6858);
#6857 = CARTESIAN_POINT('',(-1.89,2.382831637922E-15,9.211165091899));
#6858 = VECTOR('',#6859,1.);
#6859 = DIRECTION('',(1.090792376426E-18,4.670271230513E-16,1.));
#6860 = ORIENTED_EDGE('',*,*,#6861,.T.);
#6861 = EDGE_CURVE('',#6854,#6862,#6864,.T.);
#6862 = VERTEX_POINT('',#6863);
#6863 = CARTESIAN_POINT('',(-3.19,-5.13130829532E-17,4.35));
#6864 = LINE('',#6865,#6866);
#6865 = CARTESIAN_POINT('',(-2.54,-1.722188593249E-16,4.35));
#6866 = VECTOR('',#6867,1.);
#6867 = DIRECTION('',(-1.,-4.726766964514E-18,1.090792376426E-18));
#6868 = ORIENTED_EDGE('',*,*,#6869,.F.);
#6869 = EDGE_CURVE('',#6810,#6862,#6870,.T.);
#6870 = LINE('',#6871,#6872);
#6871 = CARTESIAN_POINT('',(-3.19,-1.035996359385E-15,2.241592955033));
#6872 = VECTOR('',#6873,1.);
#6873 = DIRECTION('',(-1.090792376426E-18,-4.670271230513E-16,-1.));
#6874 = PLANE('',#6875);
#6875 = AXIS2_PLACEMENT_3D('',#6876,#6877,#6878);
#6876 = CARTESIAN_POINT('',(-2.54,5.840001780206E-16,5.918112788663));
#6877 = DIRECTION('',(-4.726766964514E-18,1.,-4.828876485942E-16));
#6878 = DIRECTION('',(-1.,-4.726766964514E-18,1.090792376426E-18));
#6879 = ADVANCED_FACE('',(#6880),#6903,.T.);
#6880 = FACE_BOUND('',#6881,.T.);
#6881 = EDGE_LOOP('',(#6882,#6888,#6896,#6902));
#6882 = ORIENTED_EDGE('',*,*,#6883,.F.);
#6883 = EDGE_CURVE('',#6771,#6846,#6884,.T.);
#6884 = LINE('',#6885,#6886);
#6885 = CARTESIAN_POINT('',(-1.89,-0.195,4.938470556429));
#6886 = VECTOR('',#6887,1.);
#6887 = DIRECTION('',(-5.094296254086E-34,1.,-4.670271230513E-16));
#6888 = ORIENTED_EDGE('',*,*,#6889,.F.);
#6889 = EDGE_CURVE('',#6890,#6771,#6892,.T.);
#6890 = VERTEX_POINT('',#6891);
#6891 = CARTESIAN_POINT('',(-1.89,-0.25,4.35));
#6892 = LINE('',#6893,#6894);
#6893 = CARTESIAN_POINT('',(-1.89,-0.25,2.241592955033));
#6894 = VECTOR('',#6895,1.);
#6895 = DIRECTION('',(1.090792376426E-18,4.670271230513E-16,1.));
#6896 = ORIENTED_EDGE('',*,*,#6897,.T.);
#6897 = EDGE_CURVE('',#6890,#6854,#6898,.T.);
#6898 = LINE('',#6899,#6900);
#6899 = CARTESIAN_POINT('',(-1.89,-0.195,4.35));
#6900 = VECTOR('',#6901,1.);
#6901 = DIRECTION('',(-5.094296254086E-34,1.,-4.670271230513E-16));
#6902 = ORIENTED_EDGE('',*,*,#6853,.T.);
#6903 = PLANE('',#6904);
#6904 = AXIS2_PLACEMENT_3D('',#6905,#6906,#6907);
#6905 = CARTESIAN_POINT('',(-1.89,-0.25,9.211165091899));
#6906 = DIRECTION('',(1.,0.,-1.090792376426E-18));
#6907 = DIRECTION('',(-1.637753057092E-34,1.,-1.501434271532E-16));
#6908 = ADVANCED_FACE('',(#6909),#6921,.T.);
#6909 = FACE_BOUND('',#6910,.T.);
#6910 = EDGE_LOOP('',(#6911,#6912,#6913,#6914));
#6911 = ORIENTED_EDGE('',*,*,#6602,.F.);
#6912 = ORIENTED_EDGE('',*,*,#6770,.F.);
#6913 = ORIENTED_EDGE('',*,*,#6883,.T.);
#6914 = ORIENTED_EDGE('',*,*,#6915,.T.);
#6915 = EDGE_CURVE('',#6846,#6603,#6916,.T.);
#6916 = CIRCLE('',#6917,0.4);
#6917 = AXIS2_PLACEMENT_3D('',#6918,#6919,#6920);
#6918 = CARTESIAN_POINT('',(-1.89,-0.4,4.938470556429));
#6919 = DIRECTION('',(1.,4.276423536148E-50,-1.090792376426E-18));
#6920 = DIRECTION('',(2.93385805592E-34,1.,2.689657646428E-16));
#6921 = PLANE('',#6922);
#6922 = AXIS2_PLACEMENT_3D('',#6923,#6924,#6925);
#6923 = CARTESIAN_POINT('',(-1.89,-0.386926638588,5.087899761143));
#6924 = DIRECTION('',(1.,0.,-1.090792376426E-18));
#6925 = DIRECTION('',(-1.090792376426E-18,-7.718683209433E-16,-1.));
#6926 = ADVANCED_FACE('',(#6927),#6959,.F.);
#6927 = FACE_BOUND('',#6928,.F.);
#6928 = EDGE_LOOP('',(#6929,#6936,#6944,#6953));
#6929 = ORIENTED_EDGE('',*,*,#6930,.F.);
#6930 = EDGE_CURVE('',#6269,#6890,#6931,.T.);
#6931 = CIRCLE('',#6932,0.15);
#6932 = AXIS2_PLACEMENT_3D('',#6933,#6934,#6935);
#6933 = CARTESIAN_POINT('',(-1.89,-0.4,4.35));
#6934 = DIRECTION('',(1.,0.,-1.090792376426E-18));
#6935 = DIRECTION('',(-1.090792376426E-18,-7.718683209433E-16,-1.));
#6936 = ORIENTED_EDGE('',*,*,#6937,.F.);
#6937 = EDGE_CURVE('',#6938,#6269,#6940,.T.);
#6938 = VERTEX_POINT('',#6939);
#6939 = CARTESIAN_POINT('',(-3.19,-0.4,4.2));
#6940 = LINE('',#6941,#6942);
#6941 = CARTESIAN_POINT('',(-2.54,-0.4,4.2));
#6942 = VECTOR('',#6943,1.);
#6943 = DIRECTION('',(1.,5.066756684725E-33,3.635974588088E-18));
#6944 = ORIENTED_EDGE('',*,*,#6945,.T.);
#6945 = EDGE_CURVE('',#6938,#6946,#6948,.T.);
#6946 = VERTEX_POINT('',#6947);
#6947 = CARTESIAN_POINT('',(-3.19,-0.25,4.35));
#6948 = CIRCLE('',#6949,0.15);
#6949 = AXIS2_PLACEMENT_3D('',#6950,#6951,#6952);
#6950 = CARTESIAN_POINT('',(-3.19,-0.4,4.35));
#6951 = DIRECTION('',(1.,0.,-1.090792376426E-18));
#6952 = DIRECTION('',(-1.090792376426E-18,-7.718683209433E-16,-1.));
#6953 = ORIENTED_EDGE('',*,*,#6954,.T.);
#6954 = EDGE_CURVE('',#6946,#6890,#6955,.T.);
#6955 = LINE('',#6956,#6957);
#6956 = CARTESIAN_POINT('',(-2.54,-0.25,4.35));
#6957 = VECTOR('',#6958,1.);
#6958 = DIRECTION('',(1.,-4.726766964514E-18,-1.090792376426E-18));
#6959 = CYLINDRICAL_SURFACE('',#6960,0.15);
#6960 = AXIS2_PLACEMENT_3D('',#6961,#6962,#6963);
#6961 = CARTESIAN_POINT('',(-2.54,-0.4,4.35));
#6962 = DIRECTION('',(1.,0.,-1.090792376426E-18));
#6963 = DIRECTION('',(-1.090792376426E-18,-1.071928597869E-15,-1.));
#6964 = ADVANCED_FACE('',(#6965),#6971,.T.);
#6965 = FACE_BOUND('',#6966,.T.);
#6966 = EDGE_LOOP('',(#6967,#6968,#6969,#6970));
#6967 = ORIENTED_EDGE('',*,*,#6747,.F.);
#6968 = ORIENTED_EDGE('',*,*,#6915,.F.);
#6969 = ORIENTED_EDGE('',*,*,#6845,.T.);
#6970 = ORIENTED_EDGE('',*,*,#6809,.F.);
#6971 = CYLINDRICAL_SURFACE('',#6972,0.4);
#6972 = AXIS2_PLACEMENT_3D('',#6973,#6974,#6975);
#6973 = CARTESIAN_POINT('',(-2.54,-0.4,4.938470556429));
#6974 = DIRECTION('',(1.,0.,-1.090792376426E-18));
#6975 = DIRECTION('',(-5.094296254086E-34,1.,-4.670271230513E-16));
#6976 = ADVANCED_FACE('',(#6977),#6999,.T.);
#6977 = FACE_BOUND('',#6978,.T.);
#6978 = EDGE_LOOP('',(#6979,#6985,#6992,#6998));
#6979 = ORIENTED_EDGE('',*,*,#6980,.F.);
#6980 = EDGE_CURVE('',#6862,#6946,#6981,.T.);
#6981 = LINE('',#6982,#6983);
#6982 = CARTESIAN_POINT('',(-3.19,-0.195,4.35));
#6983 = VECTOR('',#6984,1.);
#6984 = DIRECTION('',(5.094296254086E-34,-1.,4.670271230513E-16));
#6985 = ORIENTED_EDGE('',*,*,#6986,.T.);
#6986 = EDGE_CURVE('',#6862,#6301,#6987,.T.);
#6987 = CIRCLE('',#6988,0.4);
#6988 = AXIS2_PLACEMENT_3D('',#6989,#6990,#6991);
#6989 = CARTESIAN_POINT('',(-3.19,-0.4,4.35));
#6990 = DIRECTION('',(-1.,4.276423536148E-50,1.090792376426E-18));
#6991 = DIRECTION('',(-2.742811372489E-34,1.,-2.514512781502E-16));
#6992 = ORIENTED_EDGE('',*,*,#6993,.T.);
#6993 = EDGE_CURVE('',#6301,#6938,#6994,.T.);
#6994 = LINE('',#6995,#6996);
#6995 = CARTESIAN_POINT('',(-3.19,-0.4,4.145));
#6996 = VECTOR('',#6997,1.);
#6997 = DIRECTION('',(1.090792376426E-18,1.071928597869E-15,1.));
#6998 = ORIENTED_EDGE('',*,*,#6945,.T.);
#6999 = PLANE('',#7000);
#7000 = AXIS2_PLACEMENT_3D('',#7001,#7002,#7003);
#7001 = CARTESIAN_POINT('',(-3.19,-2.334695207885E-18,4.35));
#7002 = DIRECTION('',(-1.,0.,1.090792376426E-18));
#7003 = DIRECTION('',(1.090792376426E-18,7.718683209433E-16,1.));
#7004 = ADVANCED_FACE('',(#7005),#7016,.T.);
#7005 = FACE_BOUND('',#7006,.T.);
#7006 = EDGE_LOOP('',(#7007,#7008,#7009,#7010));
#7007 = ORIENTED_EDGE('',*,*,#6818,.F.);
#7008 = ORIENTED_EDGE('',*,*,#6869,.T.);
#7009 = ORIENTED_EDGE('',*,*,#6980,.T.);
#7010 = ORIENTED_EDGE('',*,*,#7011,.T.);
#7011 = EDGE_CURVE('',#6946,#6780,#7012,.T.);
#7012 = LINE('',#7013,#7014);
#7013 = CARTESIAN_POINT('',(-3.19,-0.25,2.241592955033));
#7014 = VECTOR('',#7015,1.);
#7015 = DIRECTION('',(1.090792376426E-18,4.670271230513E-16,1.));
#7016 = PLANE('',#7017);
#7017 = AXIS2_PLACEMENT_3D('',#7018,#7019,#7020);
#7018 = CARTESIAN_POINT('',(-3.19,-0.25,3.941592955033));
#7019 = DIRECTION('',(-1.,0.,1.090792376426E-18));
#7020 = DIRECTION('',(1.821298701944E-34,-1.,1.669702448702E-16));
#7021 = ADVANCED_FACE('',(#7022),#7028,.F.);
#7022 = FACE_BOUND('',#7023,.T.);
#7023 = EDGE_LOOP('',(#7024,#7025,#7026,#7027));
#7024 = ORIENTED_EDGE('',*,*,#6779,.F.);
#7025 = ORIENTED_EDGE('',*,*,#7011,.F.);
#7026 = ORIENTED_EDGE('',*,*,#6954,.T.);
#7027 = ORIENTED_EDGE('',*,*,#6889,.T.);
#7028 = PLANE('',#7029);
#7029 = AXIS2_PLACEMENT_3D('',#7030,#7031,#7032);
#7030 = CARTESIAN_POINT('',(-2.54,-0.25,5.918112788663));
#7031 = DIRECTION('',(4.726766964514E-18,1.,-4.828876485942E-16));
#7032 = DIRECTION('',(-1.,4.726766964514E-18,1.090792376426E-18));
#7033 = ADVANCED_FACE('',(#7034),#7045,.T.);
#7034 = FACE_BOUND('',#7035,.T.);
#7035 = EDGE_LOOP('',(#7036,#7037,#7043,#7044));
#7036 = ORIENTED_EDGE('',*,*,#6214,.T.);
#7037 = ORIENTED_EDGE('',*,*,#7038,.T.);
#7038 = EDGE_CURVE('',#6207,#6938,#7039,.T.);
#7039 = LINE('',#7040,#7041);
#7040 = CARTESIAN_POINT('',(-3.19,-2.1,4.2));
#7041 = VECTOR('',#7042,1.);
#7042 = DIRECTION('',(-1.169251542629E-33,1.,-1.071928597869E-15));
#7043 = ORIENTED_EDGE('',*,*,#6993,.F.);
#7044 = ORIENTED_EDGE('',*,*,#6300,.T.);
#7045 = PLANE('',#7046);
#7046 = AXIS2_PLACEMENT_3D('',#7047,#7048,#7049);
#7047 = CARTESIAN_POINT('',(-3.19,-0.4,4.2));
#7048 = DIRECTION('',(-1.,0.,1.090792376426E-18));
#7049 = DIRECTION('',(1.090792376426E-18,7.718683209433E-16,1.));
#7050 = ADVANCED_FACE('',(#7051),#7062,.T.);
#7051 = FACE_BOUND('',#7052,.T.);
#7052 = EDGE_LOOP('',(#7053,#7054,#7060,#7061));
#7053 = ORIENTED_EDGE('',*,*,#6143,.T.);
#7054 = ORIENTED_EDGE('',*,*,#7055,.T.);
#7055 = EDGE_CURVE('',#6136,#6237,#7056,.T.);
#7056 = LINE('',#7057,#7058);
#7057 = CARTESIAN_POINT('',(-1.89,-2.1,4.2));
#7058 = VECTOR('',#7059,1.);
#7059 = DIRECTION('',(-1.,0.,1.090792376426E-18));
#7060 = ORIENTED_EDGE('',*,*,#6236,.T.);
#7061 = ORIENTED_EDGE('',*,*,#6292,.T.);
#7062 = PLANE('',#7063);
#7063 = AXIS2_PLACEMENT_3D('',#7064,#7065,#7066);
#7064 = CARTESIAN_POINT('',(-3.19,-2.1,4.2));
#7065 = DIRECTION('',(8.419480800899E-34,-1.,7.718683209433E-16));
#7066 = DIRECTION('',(1.090792376426E-18,7.718683209433E-16,1.));
#7067 = ADVANCED_FACE('',(#7068),#7080,.T.);
#7068 = FACE_BOUND('',#7069,.T.);
#7069 = EDGE_LOOP('',(#7070,#7071,#7072,#7073));
#7070 = ORIENTED_EDGE('',*,*,#6897,.F.);
#7071 = ORIENTED_EDGE('',*,*,#6930,.F.);
#7072 = ORIENTED_EDGE('',*,*,#6268,.T.);
#7073 = ORIENTED_EDGE('',*,*,#7074,.T.);
#7074 = EDGE_CURVE('',#6261,#6854,#7075,.T.);
#7075 = CIRCLE('',#7076,0.4);
#7076 = AXIS2_PLACEMENT_3D('',#7077,#7078,#7079);
#7077 = CARTESIAN_POINT('',(-1.89,-0.4,4.35));
#7078 = DIRECTION('',(1.,0.,-1.090792376426E-18));
#7079 = DIRECTION('',(-1.090792376426E-18,-5.983959733456E-16,-1.));
#7080 = PLANE('',#7081);
#7081 = AXIS2_PLACEMENT_3D('',#7082,#7083,#7084);
#7082 = CARTESIAN_POINT('',(-1.89,-0.25,4.35));
#7083 = DIRECTION('',(1.,0.,-1.090792376426E-18));
#7084 = DIRECTION('',(-1.090792376426E-18,-7.718683209433E-16,-1.));
#7085 = ADVANCED_FACE('',(#7086),#7092,.T.);
#7086 = FACE_BOUND('',#7087,.T.);
#7087 = EDGE_LOOP('',(#7088,#7089,#7090,#7091));
#7088 = ORIENTED_EDGE('',*,*,#6861,.F.);
#7089 = ORIENTED_EDGE('',*,*,#7074,.F.);
#7090 = ORIENTED_EDGE('',*,*,#6308,.T.);
#7091 = ORIENTED_EDGE('',*,*,#6986,.F.);
#7092 = CYLINDRICAL_SURFACE('',#7093,0.4);
#7093 = AXIS2_PLACEMENT_3D('',#7094,#7095,#7096);
#7094 = CARTESIAN_POINT('',(-2.54,-0.4,4.35));
#7095 = DIRECTION('',(1.,0.,-1.090792376426E-18));
#7096 = DIRECTION('',(-1.090792376426E-18,-1.071928597869E-15,-1.));
#7097 = ADVANCED_FACE('',(#7098),#7108,.F.);
#7098 = FACE_BOUND('',#7099,.T.);
#7099 = EDGE_LOOP('',(#7100,#7101,#7102,#7103,#7104,#7105,#7106,#7107));
#7100 = ORIENTED_EDGE('',*,*,#6173,.T.);
#7101 = ORIENTED_EDGE('',*,*,#6276,.T.);
#7102 = ORIENTED_EDGE('',*,*,#6937,.F.);
#7103 = ORIENTED_EDGE('',*,*,#7038,.F.);
#7104 = ORIENTED_EDGE('',*,*,#6206,.T.);
#7105 = ORIENTED_EDGE('',*,*,#6244,.T.);
#7106 = ORIENTED_EDGE('',*,*,#7055,.F.);
#7107 = ORIENTED_EDGE('',*,*,#6135,.T.);
#7108 = PLANE('',#7109);
#7109 = AXIS2_PLACEMENT_3D('',#7110,#7111,#7112);
#7110 = CARTESIAN_POINT('',(-2.54,1.576519833629,4.2));
#7111 = DIRECTION('',(3.635974588088E-18,-1.087789123412E-15,-1.));
#7112 = DIRECTION('',(-1.,-3.388012948608E-33,-3.635974588088E-18));
#7113 = ( GEOMETRIC_REPRESENTATION_CONTEXT(3) 
GLOBAL_UNCERTAINTY_ASSIGNED_CONTEXT((#7117)) 
GLOBAL_UNIT_ASSIGNED_CONTEXT((#7114,#7115,#7116)) REPRESENTATION_CONTEXT
('Context #1','3D Context with UNIT and UNCERTAINTY') );
#7114 = ( LENGTH_UNIT() NAMED_UNIT(*) SI_UNIT(.MILLI.,.METRE.) );
#7115 = ( NAMED_UNIT(*) PLANE_ANGLE_UNIT() SI_UNIT($,.RADIAN.) );
#7116 = ( NAMED_UNIT(*) SI_UNIT($,.STERADIAN.) SOLID_ANGLE_UNIT() );
#7117 = UNCERTAINTY_MEASURE_WITH_UNIT(LENGTH_MEASURE(1.E-07),#7114,
  'distance_accuracy_value','confusion accuracy');
#7118 = PRODUCT_RELATED_PRODUCT_CATEGORY('part',$,(#6107));
#7119 = SHAPE_DEFINITION_REPRESENTATION(#7120,#7126);
#7120 = PRODUCT_DEFINITION_SHAPE('','',#7121);
#7121 = PRODUCT_DEFINITION('design','',#7122,#7125);
#7122 = PRODUCT_DEFINITION_FORMATION('','',#7123);
#7123 = PRODUCT('R-78AA-1.0SMD_pin3(GND)','R-78AA-1.0SMD_pin3(GND)','',(
    #7124));
#7124 = PRODUCT_CONTEXT('',#2,'mechanical');
#7125 = PRODUCT_DEFINITION_CONTEXT('part definition',#2,'design');
#7126 = ADVANCED_BREP_SHAPE_REPRESENTATION('',(#11,#7127),#8129);
#7127 = MANIFOLD_SOLID_BREP('',#7128);
#7128 = CLOSED_SHELL('',(#7129,#7169,#7200,#7240,#7271,#7302,#7335,#7375
    ,#7408,#7439,#7470,#7510,#7543,#7583,#7605,#7636,#7669,#7691,#7708,
    #7730,#7742,#7754,#7782,#7815,#7845,#7857,#7895,#7924,#7942,#7980,
    #7992,#8020,#8037,#8049,#8066,#8083,#8101,#8113));
#7129 = ADVANCED_FACE('',(#7130),#7164,.F.);
#7130 = FACE_BOUND('',#7131,.T.);
#7131 = EDGE_LOOP('',(#7132,#7142,#7150,#7158));
#7132 = ORIENTED_EDGE('',*,*,#7133,.F.);
#7133 = EDGE_CURVE('',#7134,#7136,#7138,.T.);
#7134 = VERTEX_POINT('',#7135);
#7135 = CARTESIAN_POINT('',(0.25,-0.6,3.95));
#7136 = VERTEX_POINT('',#7137);
#7137 = CARTESIAN_POINT('',(0.25,-2.1,3.95));
#7138 = LINE('',#7139,#7140);
#7139 = CARTESIAN_POINT('',(0.25,0.488259916815,3.95));
#7140 = VECTOR('',#7141,1.);
#7141 = DIRECTION('',(-2.775557561563E-16,-1.,1.087789123412E-15));
#7142 = ORIENTED_EDGE('',*,*,#7143,.T.);
#7143 = EDGE_CURVE('',#7134,#7144,#7146,.T.);
#7144 = VERTEX_POINT('',#7145);
#7145 = CARTESIAN_POINT('',(0.25,-0.6,4.2));
#7146 = LINE('',#7147,#7148);
#7147 = CARTESIAN_POINT('',(0.25,-0.6,3.95));
#7148 = VECTOR('',#7149,1.);
#7149 = DIRECTION('',(1.090792376426E-18,7.718683209433E-16,1.));
#7150 = ORIENTED_EDGE('',*,*,#7151,.F.);
#7151 = EDGE_CURVE('',#7152,#7144,#7154,.T.);
#7152 = VERTEX_POINT('',#7153);
#7153 = CARTESIAN_POINT('',(0.25,-2.1,4.2));
#7154 = LINE('',#7155,#7156);
#7155 = CARTESIAN_POINT('',(0.25,0.488259916815,4.2));
#7156 = VECTOR('',#7157,1.);
#7157 = DIRECTION('',(2.775557561563E-16,1.,-1.087789123412E-15));
#7158 = ORIENTED_EDGE('',*,*,#7159,.F.);
#7159 = EDGE_CURVE('',#7136,#7152,#7160,.T.);
#7160 = LINE('',#7161,#7162);
#7161 = CARTESIAN_POINT('',(0.25,-2.1,4.075));
#7162 = VECTOR('',#7163,1.);
#7163 = DIRECTION('',(1.090792376426E-18,7.718683209433E-16,1.));
#7164 = PLANE('',#7165);
#7165 = AXIS2_PLACEMENT_3D('',#7166,#7167,#7168);
#7166 = CARTESIAN_POINT('',(0.25,-0.6,3.95));
#7167 = DIRECTION('',(-1.,2.775557561563E-16,1.090792376426E-18));
#7168 = DIRECTION('',(-2.775557561563E-16,-1.,1.087789123412E-15));
#7169 = ADVANCED_FACE('',(#7170),#7195,.F.);
#7170 = FACE_BOUND('',#7171,.T.);
#7171 = EDGE_LOOP('',(#7172,#7180,#7188,#7194));
#7172 = ORIENTED_EDGE('',*,*,#7173,.F.);
#7173 = EDGE_CURVE('',#7174,#7134,#7176,.T.);
#7174 = VERTEX_POINT('',#7175);
#7175 = CARTESIAN_POINT('',(0.65,-0.6,3.95));
#7176 = LINE('',#7177,#7178);
#7177 = CARTESIAN_POINT('',(0.325,-0.6,3.95));
#7178 = VECTOR('',#7179,1.);
#7179 = DIRECTION('',(-1.,-3.289585577741E-33,5.817559340941E-18));
#7180 = ORIENTED_EDGE('',*,*,#7181,.F.);
#7181 = EDGE_CURVE('',#7182,#7174,#7184,.T.);
#7182 = VERTEX_POINT('',#7183);
#7183 = CARTESIAN_POINT('',(0.65,-0.6,4.2));
#7184 = LINE('',#7185,#7186);
#7185 = CARTESIAN_POINT('',(0.65,-0.6,4.075));
#7186 = VECTOR('',#7187,1.);
#7187 = DIRECTION('',(-1.090792376426E-18,-7.718683209433E-16,-1.));
#7188 = ORIENTED_EDGE('',*,*,#7189,.F.);
#7189 = EDGE_CURVE('',#7144,#7182,#7190,.T.);
#7190 = LINE('',#7191,#7192);
#7191 = CARTESIAN_POINT('',(0.325,-0.6,4.2));
#7192 = VECTOR('',#7193,1.);
#7193 = DIRECTION('',(1.,1.058646893852E-32,3.635974588088E-18));
#7194 = ORIENTED_EDGE('',*,*,#7143,.F.);
#7195 = PLANE('',#7196);
#7196 = AXIS2_PLACEMENT_3D('',#7197,#7198,#7199);
#7197 = CARTESIAN_POINT('',(0.65,-0.6,3.95));
#7198 = DIRECTION('',(-7.77997533822E-33,1.,-7.718683209433E-16));
#7199 = DIRECTION('',(-1.,-3.289585577741E-33,5.817559340941E-18));
#7200 = ADVANCED_FACE('',(#7201),#7235,.F.);
#7201 = FACE_BOUND('',#7202,.T.);
#7202 = EDGE_LOOP('',(#7203,#7213,#7221,#7229));
#7203 = ORIENTED_EDGE('',*,*,#7204,.F.);
#7204 = EDGE_CURVE('',#7205,#7207,#7209,.T.);
#7205 = VERTEX_POINT('',#7206);
#7206 = CARTESIAN_POINT('',(-0.25,-0.6,3.95));
#7207 = VERTEX_POINT('',#7208);
#7208 = CARTESIAN_POINT('',(-0.65,-0.6,3.95));
#7209 = LINE('',#7210,#7211);
#7210 = CARTESIAN_POINT('',(-0.125,-0.6,3.95));
#7211 = VECTOR('',#7212,1.);
#7212 = DIRECTION('',(-1.,-3.289585577741E-33,5.817559340941E-18));
#7213 = ORIENTED_EDGE('',*,*,#7214,.T.);
#7214 = EDGE_CURVE('',#7205,#7215,#7217,.T.);
#7215 = VERTEX_POINT('',#7216);
#7216 = CARTESIAN_POINT('',(-0.25,-0.6,4.2));
#7217 = LINE('',#7218,#7219);
#7218 = CARTESIAN_POINT('',(-0.25,-0.6,3.95));
#7219 = VECTOR('',#7220,1.);
#7220 = DIRECTION('',(1.090792376426E-18,7.718683209433E-16,1.));
#7221 = ORIENTED_EDGE('',*,*,#7222,.F.);
#7222 = EDGE_CURVE('',#7223,#7215,#7225,.T.);
#7223 = VERTEX_POINT('',#7224);
#7224 = CARTESIAN_POINT('',(-0.65,-0.6,4.2));
#7225 = LINE('',#7226,#7227);
#7226 = CARTESIAN_POINT('',(-0.125,-0.6,4.2));
#7227 = VECTOR('',#7228,1.);
#7228 = DIRECTION('',(1.,1.058646893852E-32,3.635974588088E-18));
#7229 = ORIENTED_EDGE('',*,*,#7230,.F.);
#7230 = EDGE_CURVE('',#7207,#7223,#7231,.T.);
#7231 = LINE('',#7232,#7233);
#7232 = CARTESIAN_POINT('',(-0.65,-0.6,4.075));
#7233 = VECTOR('',#7234,1.);
#7234 = DIRECTION('',(1.090792376426E-18,7.718683209433E-16,1.));
#7235 = PLANE('',#7236);
#7236 = AXIS2_PLACEMENT_3D('',#7237,#7238,#7239);
#7237 = CARTESIAN_POINT('',(-0.25,-0.6,3.95));
#7238 = DIRECTION('',(-7.77997533822E-33,1.,-7.718683209433E-16));
#7239 = DIRECTION('',(-1.,-3.289585577741E-33,5.817559340941E-18));
#7240 = ADVANCED_FACE('',(#7241),#7266,.F.);
#7241 = FACE_BOUND('',#7242,.T.);
#7242 = EDGE_LOOP('',(#7243,#7251,#7259,#7265));
#7243 = ORIENTED_EDGE('',*,*,#7244,.F.);
#7244 = EDGE_CURVE('',#7245,#7205,#7247,.T.);
#7245 = VERTEX_POINT('',#7246);
#7246 = CARTESIAN_POINT('',(-0.25,-2.1,3.95));
#7247 = LINE('',#7248,#7249);
#7248 = CARTESIAN_POINT('',(-0.25,-0.261740083185,3.95));
#7249 = VECTOR('',#7250,1.);
#7250 = DIRECTION('',(-2.775557561563E-16,1.,-1.087789123412E-15));
#7251 = ORIENTED_EDGE('',*,*,#7252,.F.);
#7252 = EDGE_CURVE('',#7253,#7245,#7255,.T.);
#7253 = VERTEX_POINT('',#7254);
#7254 = CARTESIAN_POINT('',(-0.25,-2.1,4.2));
#7255 = LINE('',#7256,#7257);
#7256 = CARTESIAN_POINT('',(-0.25,-2.1,4.075));
#7257 = VECTOR('',#7258,1.);
#7258 = DIRECTION('',(-1.090792376426E-18,-7.718683209433E-16,-1.));
#7259 = ORIENTED_EDGE('',*,*,#7260,.F.);
#7260 = EDGE_CURVE('',#7215,#7253,#7261,.T.);
#7261 = LINE('',#7262,#7263);
#7262 = CARTESIAN_POINT('',(-0.25,-0.261740083185,4.2));
#7263 = VECTOR('',#7264,1.);
#7264 = DIRECTION('',(2.775557561563E-16,-1.,1.087789123412E-15));
#7265 = ORIENTED_EDGE('',*,*,#7214,.F.);
#7266 = PLANE('',#7267);
#7267 = AXIS2_PLACEMENT_3D('',#7268,#7269,#7270);
#7268 = CARTESIAN_POINT('',(-0.25,-2.1,3.95));
#7269 = DIRECTION('',(1.,2.775557561563E-16,-1.090792376427E-18));
#7270 = DIRECTION('',(-2.775557561563E-16,1.,-1.087789123412E-15));
#7271 = ADVANCED_FACE('',(#7272),#7297,.T.);
#7272 = FACE_BOUND('',#7273,.T.);
#7273 = EDGE_LOOP('',(#7274,#7275,#7283,#7291));
#7274 = ORIENTED_EDGE('',*,*,#7181,.T.);
#7275 = ORIENTED_EDGE('',*,*,#7276,.T.);
#7276 = EDGE_CURVE('',#7174,#7277,#7279,.T.);
#7277 = VERTEX_POINT('',#7278);
#7278 = CARTESIAN_POINT('',(0.65,-0.4,3.95));
#7279 = LINE('',#7280,#7281);
#7280 = CARTESIAN_POINT('',(0.65,4.869572136865,3.95));
#7281 = VECTOR('',#7282,1.);
#7282 = DIRECTION('',(-1.169251542629E-33,1.,-1.071928597869E-15));
#7283 = ORIENTED_EDGE('',*,*,#7284,.F.);
#7284 = EDGE_CURVE('',#7285,#7277,#7287,.T.);
#7285 = VERTEX_POINT('',#7286);
#7286 = CARTESIAN_POINT('',(0.65,-0.4,4.2));
#7287 = LINE('',#7288,#7289);
#7288 = CARTESIAN_POINT('',(0.65,-0.4,4.145));
#7289 = VECTOR('',#7290,1.);
#7290 = DIRECTION('',(-1.090792376426E-18,-1.071928597869E-15,-1.));
#7291 = ORIENTED_EDGE('',*,*,#7292,.F.);
#7292 = EDGE_CURVE('',#7182,#7285,#7293,.T.);
#7293 = LINE('',#7294,#7295);
#7294 = CARTESIAN_POINT('',(0.65,-2.1,4.2));
#7295 = VECTOR('',#7296,1.);
#7296 = DIRECTION('',(-1.169251542629E-33,1.,-1.071928597869E-15));
#7297 = PLANE('',#7298);
#7298 = AXIS2_PLACEMENT_3D('',#7299,#7300,#7301);
#7299 = CARTESIAN_POINT('',(0.65,4.869572136865,4.2));
#7300 = DIRECTION('',(1.,0.,-1.090792376426E-18));
#7301 = DIRECTION('',(-1.090792376426E-18,-7.718683209433E-16,-1.));
#7302 = ADVANCED_FACE('',(#7303),#7330,.T.);
#7303 = FACE_BOUND('',#7304,.T.);
#7304 = EDGE_LOOP('',(#7305,#7306,#7307,#7313,#7314,#7315,#7323,#7329));
#7305 = ORIENTED_EDGE('',*,*,#7173,.T.);
#7306 = ORIENTED_EDGE('',*,*,#7133,.T.);
#7307 = ORIENTED_EDGE('',*,*,#7308,.F.);
#7308 = EDGE_CURVE('',#7245,#7136,#7309,.T.);
#7309 = LINE('',#7310,#7311);
#7310 = CARTESIAN_POINT('',(0.65,-2.1,3.95));
#7311 = VECTOR('',#7312,1.);
#7312 = DIRECTION('',(1.,0.,-1.090792376426E-18));
#7313 = ORIENTED_EDGE('',*,*,#7244,.T.);
#7314 = ORIENTED_EDGE('',*,*,#7204,.T.);
#7315 = ORIENTED_EDGE('',*,*,#7316,.F.);
#7316 = EDGE_CURVE('',#7317,#7207,#7319,.T.);
#7317 = VERTEX_POINT('',#7318);
#7318 = CARTESIAN_POINT('',(-0.65,-0.4,3.95));
#7319 = LINE('',#7320,#7321);
#7320 = CARTESIAN_POINT('',(-0.65,-2.1,3.95));
#7321 = VECTOR('',#7322,1.);
#7322 = DIRECTION('',(1.169251542629E-33,-1.,1.071928597869E-15));
#7323 = ORIENTED_EDGE('',*,*,#7324,.F.);
#7324 = EDGE_CURVE('',#7277,#7317,#7325,.T.);
#7325 = LINE('',#7326,#7327);
#7326 = CARTESIAN_POINT('',(4.005935002426E-18,-0.4,3.95));
#7327 = VECTOR('',#7328,1.);
#7328 = DIRECTION('',(-1.,5.066756684725E-33,5.817559340941E-18));
#7329 = ORIENTED_EDGE('',*,*,#7276,.F.);
#7330 = PLANE('',#7331);
#7331 = AXIS2_PLACEMENT_3D('',#7332,#7333,#7334);
#7332 = CARTESIAN_POINT('',(8.673617379884E-18,1.576519833629,3.95));
#7333 = DIRECTION('',(-5.817559340941E-18,-1.087789123412E-15,-1.));
#7334 = DIRECTION('',(-1.,3.64844168039E-33,5.817559340941E-18));
#7335 = ADVANCED_FACE('',(#7336),#7370,.F.);
#7336 = FACE_BOUND('',#7337,.T.);
#7337 = EDGE_LOOP('',(#7338,#7348,#7356,#7364));
#7338 = ORIENTED_EDGE('',*,*,#7339,.F.);
#7339 = EDGE_CURVE('',#7340,#7342,#7344,.T.);
#7340 = VERTEX_POINT('',#7341);
#7341 = CARTESIAN_POINT('',(-0.25,-4.24,6.174999998916));
#7342 = VERTEX_POINT('',#7343);
#7343 = CARTESIAN_POINT('',(-0.25,-4.24,5.791532469607));
#7344 = LINE('',#7345,#7346);
#7345 = CARTESIAN_POINT('',(-0.25,-4.24,4.336740082643));
#7346 = VECTOR('',#7347,1.);
#7347 = DIRECTION('',(-2.66994996755E-16,-5.380737588059E-17,-1.));
#7348 = ORIENTED_EDGE('',*,*,#7349,.F.);
#7349 = EDGE_CURVE('',#7350,#7340,#7352,.T.);
#7350 = VERTEX_POINT('',#7351);
#7351 = CARTESIAN_POINT('',(-0.25,-3.99,6.174999998916));
#7352 = LINE('',#7353,#7354);
#7353 = CARTESIAN_POINT('',(-0.25,-4.115,6.175));
#7354 = VECTOR('',#7355,1.);
#7355 = DIRECTION('',(1.998696479897E-32,-1.,-2.62113426588E-16));
#7356 = ORIENTED_EDGE('',*,*,#7357,.F.);
#7357 = EDGE_CURVE('',#7358,#7350,#7360,.T.);
#7358 = VERTEX_POINT('',#7359);
#7359 = CARTESIAN_POINT('',(-0.25,-3.99,5.791532469607));
#7360 = LINE('',#7361,#7362);
#7361 = CARTESIAN_POINT('',(-0.25,-3.99,4.336740082643));
#7362 = VECTOR('',#7363,1.);
#7363 = DIRECTION('',(2.66994996755E-16,5.380737588059E-17,1.));
#7364 = ORIENTED_EDGE('',*,*,#7365,.T.);
#7365 = EDGE_CURVE('',#7358,#7342,#7366,.T.);
#7366 = LINE('',#7367,#7368);
#7367 = CARTESIAN_POINT('',(-0.25,-4.078875633811,5.791532469607));
#7368 = VECTOR('',#7369,1.);
#7369 = DIRECTION('',(-1.260463816602E-14,-1.,7.718683209433E-16));
#7370 = PLANE('',#7371);
#7371 = AXIS2_PLACEMENT_3D('',#7372,#7373,#7374);
#7372 = CARTESIAN_POINT('',(-0.25,-3.99,6.174999998916));
#7373 = DIRECTION('',(1.,8.996993828026E-32,-2.66994996755E-16));
#7374 = DIRECTION('',(-2.66994996755E-16,-7.718683209433E-16,-1.));
#7375 = ADVANCED_FACE('',(#7376),#7403,.T.);
#7376 = FACE_BOUND('',#7377,.T.);
#7377 = EDGE_LOOP('',(#7378,#7379,#7388,#7396));
#7378 = ORIENTED_EDGE('',*,*,#7365,.F.);
#7379 = ORIENTED_EDGE('',*,*,#7380,.F.);
#7380 = EDGE_CURVE('',#7381,#7358,#7383,.T.);
#7381 = VERTEX_POINT('',#7382);
#7382 = CARTESIAN_POINT('',(-0.25,-3.853073361412,5.642103264893));
#7383 = CIRCLE('',#7384,0.15);
#7384 = AXIS2_PLACEMENT_3D('',#7385,#7386,#7387);
#7385 = CARTESIAN_POINT('',(-0.25,-3.84,5.791532469607));
#7386 = DIRECTION('',(-1.,1.260463816602E-14,1.178329365949E-14));
#7387 = DIRECTION('',(-1.283702127106E-14,-8.715574274766E-02,
    -0.996194698092));
#7388 = ORIENTED_EDGE('',*,*,#7389,.T.);
#7389 = EDGE_CURVE('',#7381,#7390,#7392,.T.);
#7390 = VERTEX_POINT('',#7391);
#7391 = CARTESIAN_POINT('',(-0.25,-3.874862297099,5.39305459037));
#7392 = LINE('',#7393,#7394);
#7393 = CARTESIAN_POINT('',(-0.25,-3.853073361412,5.642103264893));
#7394 = VECTOR('',#7395,1.);
#7395 = DIRECTION('',(-1.086641582115E-18,-8.715574274766E-02,
    -0.996194698092));
#7396 = ORIENTED_EDGE('',*,*,#7397,.F.);
#7397 = EDGE_CURVE('',#7342,#7390,#7398,.T.);
#7398 = CIRCLE('',#7399,0.4);
#7399 = AXIS2_PLACEMENT_3D('',#7400,#7401,#7402);
#7400 = CARTESIAN_POINT('',(-0.25,-3.84,5.791532469607));
#7401 = DIRECTION('',(1.,-1.260463816602E-14,-1.178329365949E-14));
#7402 = DIRECTION('',(-1.283702127106E-14,-8.715574274766E-02,
    -0.996194698092));
#7403 = PLANE('',#7404);
#7404 = AXIS2_PLACEMENT_3D('',#7405,#7406,#7407);
#7405 = CARTESIAN_POINT('',(-0.25,-4.042751267623,5.605745162513));
#7406 = DIRECTION('',(-1.,1.260463816602E-14,1.178329365949E-14));
#7407 = DIRECTION('',(1.178329365949E-14,7.718683209433E-16,1.));
#7408 = ADVANCED_FACE('',(#7409),#7434,.F.);
#7409 = FACE_BOUND('',#7410,.T.);
#7410 = EDGE_LOOP('',(#7411,#7419,#7420,#7428));
#7411 = ORIENTED_EDGE('',*,*,#7412,.F.);
#7412 = EDGE_CURVE('',#7390,#7413,#7415,.T.);
#7413 = VERTEX_POINT('',#7414);
#7414 = CARTESIAN_POINT('',(-0.25,-3.081350766039,5.323631327025));
#7415 = LINE('',#7416,#7417);
#7416 = CARTESIAN_POINT('',(-0.25,-2.42672667066,5.266359139809));
#7417 = VECTOR('',#7418,1.);
#7418 = DIRECTION('',(-2.659992731983E-16,0.996194698092,
    -8.715574274766E-02));
#7419 = ORIENTED_EDGE('',*,*,#7389,.F.);
#7420 = ORIENTED_EDGE('',*,*,#7421,.F.);
#7421 = EDGE_CURVE('',#7422,#7381,#7424,.T.);
#7422 = VERTEX_POINT('',#7423);
#7423 = CARTESIAN_POINT('',(-0.25,-3.059561830352,5.572680001548));
#7424 = LINE('',#7425,#7426);
#7425 = CARTESIAN_POINT('',(-0.25,-2.404937734973,5.515407814332));
#7426 = VECTOR('',#7427,1.);
#7427 = DIRECTION('',(2.659992731983E-16,-0.996194698092,
    8.715574274766E-02));
#7428 = ORIENTED_EDGE('',*,*,#7429,.T.);
#7429 = EDGE_CURVE('',#7422,#7413,#7430,.T.);
#7430 = LINE('',#7431,#7432);
#7431 = CARTESIAN_POINT('',(-0.25,-3.059561830352,5.572680001548));
#7432 = VECTOR('',#7433,1.);
#7433 = DIRECTION('',(-1.086641582115E-18,-8.715574274766E-02,
    -0.996194698092));
#7434 = PLANE('',#7435);
#7435 = AXIS2_PLACEMENT_3D('',#7436,#7437,#7438);
#7436 = CARTESIAN_POINT('',(-0.25,-3.853073361412,5.642103264893));
#7437 = DIRECTION('',(1.,2.648923586022E-16,-2.426587080876E-17));
#7438 = DIRECTION('',(-2.426587080876E-17,-7.718683209433E-16,-1.));
#7439 = ADVANCED_FACE('',(#7440),#7465,.F.);
#7440 = FACE_BOUND('',#7441,.T.);
#7441 = EDGE_LOOP('',(#7442,#7450,#7451,#7459));
#7442 = ORIENTED_EDGE('',*,*,#7443,.F.);
#7443 = EDGE_CURVE('',#7413,#7444,#7446,.T.);
#7444 = VERTEX_POINT('',#7445);
#7445 = CARTESIAN_POINT('',(-0.65,-2.682872886802,5.288769029926));
#7446 = LINE('',#7447,#7448);
#7447 = CARTESIAN_POINT('',(-0.715197980587,-2.617923004215,
    5.283086651503));
#7448 = VECTOR('',#7449,1.);
#7449 = DIRECTION('',(-0.707106781187,0.704416026403,-6.162841671622E-02
    ));
#7450 = ORIENTED_EDGE('',*,*,#7429,.F.);
#7451 = ORIENTED_EDGE('',*,*,#7452,.F.);
#7452 = EDGE_CURVE('',#7453,#7422,#7455,.T.);
#7453 = VERTEX_POINT('',#7454);
#7454 = CARTESIAN_POINT('',(-0.65,-2.661083951115,5.537817704449));
#7455 = LINE('',#7456,#7457);
#7456 = CARTESIAN_POINT('',(-0.715197980587,-2.596134068528,
    5.532135326026));
#7457 = VECTOR('',#7458,1.);
#7458 = DIRECTION('',(0.707106781187,-0.704416026403,6.162841671622E-02)
  );
#7459 = ORIENTED_EDGE('',*,*,#7460,.F.);
#7460 = EDGE_CURVE('',#7444,#7453,#7461,.T.);
#7461 = LINE('',#7462,#7463);
#7462 = CARTESIAN_POINT('',(-0.65,-2.671978418958,5.413293367188));
#7463 = VECTOR('',#7464,1.);
#7464 = DIRECTION('',(1.086641582115E-18,8.715574274766E-02,
    0.996194698092));
#7465 = PLANE('',#7466);
#7466 = AXIS2_PLACEMENT_3D('',#7467,#7468,#7469);
#7467 = CARTESIAN_POINT('',(-0.25,-3.059561830352,5.572680001548));
#7468 = DIRECTION('',(0.707106781187,0.704416026403,-6.162841671622E-02)
  );
#7469 = DIRECTION('',(-8.682659386425E-02,-8.105866774151E-16,
    -0.996223440097));
#7470 = ADVANCED_FACE('',(#7471),#7505,.F.);
#7471 = FACE_BOUND('',#7472,.T.);
#7472 = EDGE_LOOP('',(#7473,#7483,#7491,#7499));
#7473 = ORIENTED_EDGE('',*,*,#7474,.F.);
#7474 = EDGE_CURVE('',#7475,#7477,#7479,.T.);
#7475 = VERTEX_POINT('',#7476);
#7476 = CARTESIAN_POINT('',(0.25,-4.24,5.791532469607));
#7477 = VERTEX_POINT('',#7478);
#7478 = CARTESIAN_POINT('',(0.25,-4.24,6.174999998916));
#7479 = LINE('',#7480,#7481);
#7480 = CARTESIAN_POINT('',(0.25,-4.24,4.145006317989));
#7481 = VECTOR('',#7482,1.);
#7482 = DIRECTION('',(-2.648134120021E-16,5.380737588059E-17,1.));
#7483 = ORIENTED_EDGE('',*,*,#7484,.T.);
#7484 = EDGE_CURVE('',#7475,#7485,#7487,.T.);
#7485 = VERTEX_POINT('',#7486);
#7486 = CARTESIAN_POINT('',(0.25,-3.99,5.791532469607));
#7487 = LINE('',#7488,#7489);
#7488 = CARTESIAN_POINT('',(0.25,-4.078875633811,5.791532469607));
#7489 = VECTOR('',#7490,1.);
#7490 = DIRECTION('',(-3.270613655116E-15,1.,-7.718683209433E-16));
#7491 = ORIENTED_EDGE('',*,*,#7492,.F.);
#7492 = EDGE_CURVE('',#7493,#7485,#7495,.T.);
#7493 = VERTEX_POINT('',#7494);
#7494 = CARTESIAN_POINT('',(0.25,-3.99,6.174999998916));
#7495 = LINE('',#7496,#7497);
#7496 = CARTESIAN_POINT('',(0.25,-3.99,4.145006317989));
#7497 = VECTOR('',#7498,1.);
#7498 = DIRECTION('',(2.648134120021E-16,-5.380737588059E-17,-1.));
#7499 = ORIENTED_EDGE('',*,*,#7500,.F.);
#7500 = EDGE_CURVE('',#7477,#7493,#7501,.T.);
#7501 = LINE('',#7502,#7503);
#7502 = CARTESIAN_POINT('',(0.25,-4.115,6.175));
#7503 = VECTOR('',#7504,1.);
#7504 = DIRECTION('',(2.055878745393E-32,1.,2.62113426588E-16));
#7505 = PLANE('',#7506);
#7506 = AXIS2_PLACEMENT_3D('',#7507,#7508,#7509);
#7507 = CARTESIAN_POINT('',(0.25,-3.99,5.791532469607));
#7508 = DIRECTION('',(-1.,8.996993828026E-32,-2.648134120021E-16));
#7509 = DIRECTION('',(-2.648134120021E-16,7.718683209433E-16,1.));
#7510 = ADVANCED_FACE('',(#7511),#7538,.T.);
#7511 = FACE_BOUND('',#7512,.T.);
#7512 = EDGE_LOOP('',(#7513,#7523,#7530,#7531));
#7513 = ORIENTED_EDGE('',*,*,#7514,.F.);
#7514 = EDGE_CURVE('',#7515,#7517,#7519,.T.);
#7515 = VERTEX_POINT('',#7516);
#7516 = CARTESIAN_POINT('',(0.25,-3.853073361412,5.642103264893));
#7517 = VERTEX_POINT('',#7518);
#7518 = CARTESIAN_POINT('',(0.25,-3.874862297099,5.39305459037));
#7519 = LINE('',#7520,#7521);
#7520 = CARTESIAN_POINT('',(0.25,-3.853073361412,5.642103264893));
#7521 = VECTOR('',#7522,1.);
#7522 = DIRECTION('',(-1.086641582115E-18,-8.715574274766E-02,
    -0.996194698092));
#7523 = ORIENTED_EDGE('',*,*,#7524,.F.);
#7524 = EDGE_CURVE('',#7485,#7515,#7525,.T.);
#7525 = CIRCLE('',#7526,0.15);
#7526 = AXIS2_PLACEMENT_3D('',#7527,#7528,#7529);
#7527 = CARTESIAN_POINT('',(0.25,-3.84,5.791532469607));
#7528 = DIRECTION('',(1.,3.270613655116E-15,2.299334522838E-15));
#7529 = DIRECTION('',(2.575637623143E-15,-8.715574274766E-02,
    -0.996194698092));
#7530 = ORIENTED_EDGE('',*,*,#7484,.F.);
#7531 = ORIENTED_EDGE('',*,*,#7532,.F.);
#7532 = EDGE_CURVE('',#7517,#7475,#7533,.T.);
#7533 = CIRCLE('',#7534,0.4);
#7534 = AXIS2_PLACEMENT_3D('',#7535,#7536,#7537);
#7535 = CARTESIAN_POINT('',(0.25,-3.84,5.791532469607));
#7536 = DIRECTION('',(-1.,-3.270613655116E-15,-2.299334522838E-15));
#7537 = DIRECTION('',(2.575637623143E-15,-8.715574274766E-02,
    -0.996194698092));
#7538 = PLANE('',#7539);
#7539 = AXIS2_PLACEMENT_3D('',#7540,#7541,#7542);
#7540 = CARTESIAN_POINT('',(0.25,-4.042751267623,5.605745162513));
#7541 = DIRECTION('',(1.,3.270613655116E-15,2.299334522838E-15));
#7542 = DIRECTION('',(2.299334522838E-15,-7.718683209433E-16,-1.));
#7543 = ADVANCED_FACE('',(#7544),#7578,.F.);
#7544 = FACE_BOUND('',#7545,.T.);
#7545 = EDGE_LOOP('',(#7546,#7556,#7564,#7572));
#7546 = ORIENTED_EDGE('',*,*,#7547,.F.);
#7547 = EDGE_CURVE('',#7548,#7550,#7552,.T.);
#7548 = VERTEX_POINT('',#7549);
#7549 = CARTESIAN_POINT('',(0.65,-2.682872886802,5.288769029926));
#7550 = VERTEX_POINT('',#7551);
#7551 = CARTESIAN_POINT('',(0.25,-3.081350766039,5.323631327025));
#7552 = LINE('',#7553,#7554);
#7553 = CARTESIAN_POINT('',(0.915197980587,-2.418684064597,
    5.265655502953));
#7554 = VECTOR('',#7555,1.);
#7555 = DIRECTION('',(-0.707106781187,-0.704416026403,6.162841671622E-02
    ));
#7556 = ORIENTED_EDGE('',*,*,#7557,.F.);
#7557 = EDGE_CURVE('',#7558,#7548,#7560,.T.);
#7558 = VERTEX_POINT('',#7559);
#7559 = CARTESIAN_POINT('',(0.65,-2.661083951115,5.537817704449));
#7560 = LINE('',#7561,#7562);
#7561 = CARTESIAN_POINT('',(0.65,-2.671978418958,5.413293367188));
#7562 = VECTOR('',#7563,1.);
#7563 = DIRECTION('',(-1.086641582115E-18,-8.715574274766E-02,
    -0.996194698092));
#7564 = ORIENTED_EDGE('',*,*,#7565,.F.);
#7565 = EDGE_CURVE('',#7566,#7558,#7568,.T.);
#7566 = VERTEX_POINT('',#7567);
#7567 = CARTESIAN_POINT('',(0.25,-3.059561830352,5.572680001548));
#7568 = LINE('',#7569,#7570);
#7569 = CARTESIAN_POINT('',(0.915197980587,-2.39689512891,5.514704177476
    ));
#7570 = VECTOR('',#7571,1.);
#7571 = DIRECTION('',(0.707106781187,0.704416026403,-6.162841671622E-02)
  );
#7572 = ORIENTED_EDGE('',*,*,#7573,.T.);
#7573 = EDGE_CURVE('',#7566,#7550,#7574,.T.);
#7574 = LINE('',#7575,#7576);
#7575 = CARTESIAN_POINT('',(0.25,-3.059561830352,5.572680001548));
#7576 = VECTOR('',#7577,1.);
#7577 = DIRECTION('',(-1.086641582115E-18,-8.715574274766E-02,
    -0.996194698092));
#7578 = PLANE('',#7579);
#7579 = AXIS2_PLACEMENT_3D('',#7580,#7581,#7582);
#7580 = CARTESIAN_POINT('',(0.65,-2.661083951115,5.537817704449));
#7581 = DIRECTION('',(-0.707106781187,0.704416026403,-6.162841671622E-02
    ));
#7582 = DIRECTION('',(-8.682659386425E-02,8.105866774151E-16,
    0.996223440097));
#7583 = ADVANCED_FACE('',(#7584),#7600,.F.);
#7584 = FACE_BOUND('',#7585,.T.);
#7585 = EDGE_LOOP('',(#7586,#7592,#7593,#7599));
#7586 = ORIENTED_EDGE('',*,*,#7587,.F.);
#7587 = EDGE_CURVE('',#7550,#7517,#7588,.T.);
#7588 = LINE('',#7589,#7590);
#7589 = CARTESIAN_POINT('',(0.25,-2.02997090513,5.231647508136));
#7590 = VECTOR('',#7591,1.);
#7591 = DIRECTION('',(-2.658091355588E-16,-0.996194698092,
    8.715574274766E-02));
#7592 = ORIENTED_EDGE('',*,*,#7573,.F.);
#7593 = ORIENTED_EDGE('',*,*,#7594,.F.);
#7594 = EDGE_CURVE('',#7515,#7566,#7595,.T.);
#7595 = LINE('',#7596,#7597);
#7596 = CARTESIAN_POINT('',(0.25,-2.008181969443,5.480696182659));
#7597 = VECTOR('',#7598,1.);
#7598 = DIRECTION('',(2.658091355588E-16,0.996194698092,
    -8.715574274766E-02));
#7599 = ORIENTED_EDGE('',*,*,#7514,.T.);
#7600 = PLANE('',#7601);
#7601 = AXIS2_PLACEMENT_3D('',#7602,#7603,#7604);
#7602 = CARTESIAN_POINT('',(0.25,-3.059561830352,5.572680001548));
#7603 = DIRECTION('',(-1.,2.648923586022E-16,-2.208428605591E-17));
#7604 = DIRECTION('',(-2.208428605591E-17,7.718683209433E-16,1.));
#7605 = ADVANCED_FACE('',(#7606),#7631,.T.);
#7606 = FACE_BOUND('',#7607,.T.);
#7607 = EDGE_LOOP('',(#7608,#7609,#7617,#7625));
#7608 = ORIENTED_EDGE('',*,*,#7557,.T.);
#7609 = ORIENTED_EDGE('',*,*,#7610,.F.);
#7610 = EDGE_CURVE('',#7611,#7548,#7613,.T.);
#7611 = VERTEX_POINT('',#7612);
#7612 = CARTESIAN_POINT('',(0.65,-0.386926638588,5.087899761143));
#7613 = LINE('',#7614,#7615);
#7614 = CARTESIAN_POINT('',(0.65,2.68393852147,4.819233872421));
#7615 = VECTOR('',#7616,1.);
#7616 = DIRECTION('',(9.506881975092E-20,-0.996194698092,
    8.715574274766E-02));
#7617 = ORIENTED_EDGE('',*,*,#7618,.T.);
#7618 = EDGE_CURVE('',#7611,#7619,#7621,.T.);
#7619 = VERTEX_POINT('',#7620);
#7620 = CARTESIAN_POINT('',(0.65,-0.365137702901,5.336948435666));
#7621 = LINE('',#7622,#7623);
#7622 = CARTESIAN_POINT('',(0.65,-0.382133072737,5.142690469538));
#7623 = VECTOR('',#7624,1.);
#7624 = DIRECTION('',(1.086641582115E-18,8.715574274766E-02,
    0.996194698092));
#7625 = ORIENTED_EDGE('',*,*,#7626,.T.);
#7626 = EDGE_CURVE('',#7619,#7558,#7627,.T.);
#7627 = LINE('',#7628,#7629);
#7628 = CARTESIAN_POINT('',(0.65,-4.237323353557,5.675720783166));
#7629 = VECTOR('',#7630,1.);
#7630 = DIRECTION('',(9.506881975092E-20,-0.996194698092,
    8.715574274766E-02));
#7631 = PLANE('',#7632);
#7632 = AXIS2_PLACEMENT_3D('',#7633,#7634,#7635);
#7633 = CARTESIAN_POINT('',(0.65,-4.259112289244,5.426672108643));
#7634 = DIRECTION('',(1.,0.,-1.090792376426E-18));
#7635 = DIRECTION('',(1.086641582115E-18,8.715574274766E-02,
    0.996194698092));
#7636 = ADVANCED_FACE('',(#7637),#7664,.F.);
#7637 = FACE_BOUND('',#7638,.T.);
#7638 = EDGE_LOOP('',(#7639,#7640,#7641,#7649,#7655,#7656,#7657,#7658));
#7639 = ORIENTED_EDGE('',*,*,#7412,.T.);
#7640 = ORIENTED_EDGE('',*,*,#7443,.T.);
#7641 = ORIENTED_EDGE('',*,*,#7642,.F.);
#7642 = EDGE_CURVE('',#7643,#7444,#7645,.T.);
#7643 = VERTEX_POINT('',#7644);
#7644 = CARTESIAN_POINT('',(-0.65,-0.386926638588,5.087899761143));
#7645 = LINE('',#7646,#7647);
#7646 = CARTESIAN_POINT('',(-0.65,2.68393852147,4.819233872421));
#7647 = VECTOR('',#7648,1.);
#7648 = DIRECTION('',(9.506881975092E-20,-0.996194698092,
    8.715574274766E-02));
#7649 = ORIENTED_EDGE('',*,*,#7650,.T.);
#7650 = EDGE_CURVE('',#7643,#7611,#7651,.T.);
#7651 = LINE('',#7652,#7653);
#7652 = CARTESIAN_POINT('',(-3.355568488399E-18,-0.386926638588,
    5.087899761143));
#7653 = VECTOR('',#7654,1.);
#7654 = DIRECTION('',(1.,-4.119648855873E-19,-5.799572565591E-18));
#7655 = ORIENTED_EDGE('',*,*,#7610,.T.);
#7656 = ORIENTED_EDGE('',*,*,#7547,.T.);
#7657 = ORIENTED_EDGE('',*,*,#7587,.T.);
#7658 = ORIENTED_EDGE('',*,*,#7659,.F.);
#7659 = EDGE_CURVE('',#7390,#7517,#7660,.T.);
#7660 = LINE('',#7661,#7662);
#7661 = CARTESIAN_POINT('',(-3.093609431515E-18,-3.874862297099,
    5.39305459037));
#7662 = VECTOR('',#7663,1.);
#7663 = DIRECTION('',(1.,-4.119648855873E-19,-5.799572565591E-18));
#7664 = PLANE('',#7665);
#7665 = AXIS2_PLACEMENT_3D('',#7666,#7667,#7668);
#7666 = CARTESIAN_POINT('',(-7.375941297142E-18,-0.978591044221,
    5.139663689247));
#7667 = DIRECTION('',(5.813408546629E-18,8.715574274766E-02,
    0.996194698092));
#7668 = DIRECTION('',(-1.,4.119648855873E-19,5.799572565591E-18));
#7669 = ADVANCED_FACE('',(#7670),#7686,.F.);
#7670 = FACE_BOUND('',#7671,.F.);
#7671 = EDGE_LOOP('',(#7672,#7678,#7679,#7685));
#7672 = ORIENTED_EDGE('',*,*,#7673,.F.);
#7673 = EDGE_CURVE('',#7515,#7381,#7674,.T.);
#7674 = LINE('',#7675,#7676);
#7675 = CARTESIAN_POINT('',(5.922569848365E-18,-3.853073361412,
    5.642103264893));
#7676 = VECTOR('',#7677,1.);
#7677 = DIRECTION('',(-1.,-4.119648855873E-19,-3.617987812738E-18));
#7678 = ORIENTED_EDGE('',*,*,#7524,.F.);
#7679 = ORIENTED_EDGE('',*,*,#7680,.T.);
#7680 = EDGE_CURVE('',#7485,#7358,#7681,.T.);
#7681 = LINE('',#7682,#7683);
#7682 = CARTESIAN_POINT('',(6.085566085683E-18,-3.99,5.791532469607));
#7683 = VECTOR('',#7684,1.);
#7684 = DIRECTION('',(-1.,-4.726766964514E-18,1.090792376426E-18));
#7685 = ORIENTED_EDGE('',*,*,#7380,.F.);
#7686 = CYLINDRICAL_SURFACE('',#7687,0.15);
#7687 = AXIS2_PLACEMENT_3D('',#7688,#7689,#7690);
#7688 = CARTESIAN_POINT('',(2.008729578789E-18,-3.84,5.791532469607));
#7689 = DIRECTION('',(-1.,0.,1.090792376426E-18));
#7690 = DIRECTION('',(-1.086641582115E-18,-8.715574274766E-02,
    -0.996194698092));
#7691 = ADVANCED_FACE('',(#7692),#7703,.T.);
#7692 = FACE_BOUND('',#7693,.T.);
#7693 = EDGE_LOOP('',(#7694,#7695,#7701,#7702));
#7694 = ORIENTED_EDGE('',*,*,#7357,.T.);
#7695 = ORIENTED_EDGE('',*,*,#7696,.F.);
#7696 = EDGE_CURVE('',#7493,#7350,#7697,.T.);
#7697 = LINE('',#7698,#7699);
#7698 = CARTESIAN_POINT('',(0.65,-3.99,6.175));
#7699 = VECTOR('',#7700,1.);
#7700 = DIRECTION('',(-1.,0.,1.090792376426E-18));
#7701 = ORIENTED_EDGE('',*,*,#7492,.T.);
#7702 = ORIENTED_EDGE('',*,*,#7680,.T.);
#7703 = PLANE('',#7704);
#7704 = AXIS2_PLACEMENT_3D('',#7705,#7706,#7707);
#7705 = CARTESIAN_POINT('',(7.09031061113E-18,-3.99,2.498480166371));
#7706 = DIRECTION('',(-4.726766964514E-18,1.,-5.380737588059E-17));
#7707 = DIRECTION('',(-1.,-4.726766964514E-18,1.090792376426E-18));
#7708 = ADVANCED_FACE('',(#7709),#7725,.F.);
#7709 = FACE_BOUND('',#7710,.T.);
#7710 = EDGE_LOOP('',(#7711,#7712,#7718,#7719));
#7711 = ORIENTED_EDGE('',*,*,#7339,.T.);
#7712 = ORIENTED_EDGE('',*,*,#7713,.T.);
#7713 = EDGE_CURVE('',#7342,#7475,#7714,.T.);
#7714 = LINE('',#7715,#7716);
#7715 = CARTESIAN_POINT('',(-2.658952798669E-18,-4.24,5.791532469607));
#7716 = VECTOR('',#7717,1.);
#7717 = DIRECTION('',(1.,-4.726766964514E-18,-1.090792376426E-18));
#7718 = ORIENTED_EDGE('',*,*,#7474,.T.);
#7719 = ORIENTED_EDGE('',*,*,#7720,.T.);
#7720 = EDGE_CURVE('',#7477,#7340,#7721,.T.);
#7721 = LINE('',#7722,#7723);
#7722 = CARTESIAN_POINT('',(0.65,-4.24,6.175));
#7723 = VECTOR('',#7724,1.);
#7724 = DIRECTION('',(-1.,0.,1.090792376426E-18));
#7725 = PLANE('',#7726);
#7726 = AXIS2_PLACEMENT_3D('',#7727,#7728,#7729);
#7727 = CARTESIAN_POINT('',(-1.025692414864E-17,-4.24,2.498480166371));
#7728 = DIRECTION('',(4.726766964514E-18,1.,-5.380737588059E-17));
#7729 = DIRECTION('',(-1.,4.726766964514E-18,1.090792376426E-18));
#7730 = ADVANCED_FACE('',(#7731),#7737,.T.);
#7731 = FACE_BOUND('',#7732,.T.);
#7732 = EDGE_LOOP('',(#7733,#7734,#7735,#7736));
#7733 = ORIENTED_EDGE('',*,*,#7349,.T.);
#7734 = ORIENTED_EDGE('',*,*,#7720,.F.);
#7735 = ORIENTED_EDGE('',*,*,#7500,.T.);
#7736 = ORIENTED_EDGE('',*,*,#7696,.T.);
#7737 = PLANE('',#7738);
#7738 = AXIS2_PLACEMENT_3D('',#7739,#7740,#7741);
#7739 = CARTESIAN_POINT('',(0.65,-4.24,6.175));
#7740 = DIRECTION('',(1.090792376426E-18,-2.62113426588E-16,1.));
#7741 = DIRECTION('',(2.859113274812E-34,1.,2.62113426588E-16));
#7742 = ADVANCED_FACE('',(#7743),#7749,.T.);
#7743 = FACE_BOUND('',#7744,.T.);
#7744 = EDGE_LOOP('',(#7745,#7746,#7747,#7748));
#7745 = ORIENTED_EDGE('',*,*,#7397,.T.);
#7746 = ORIENTED_EDGE('',*,*,#7659,.T.);
#7747 = ORIENTED_EDGE('',*,*,#7532,.T.);
#7748 = ORIENTED_EDGE('',*,*,#7713,.F.);
#7749 = CYLINDRICAL_SURFACE('',#7750,0.4);
#7750 = AXIS2_PLACEMENT_3D('',#7751,#7752,#7753);
#7751 = CARTESIAN_POINT('',(2.008729578789E-18,-3.84,5.791532469607));
#7752 = DIRECTION('',(-1.,0.,1.090792376426E-18));
#7753 = DIRECTION('',(-1.086641582115E-18,-8.715574274766E-02,
    -0.996194698092));
#7754 = ADVANCED_FACE('',(#7755),#7777,.T.);
#7755 = FACE_BOUND('',#7756,.T.);
#7756 = EDGE_LOOP('',(#7757,#7758,#7759,#7760,#7761,#7762,#7770,#7776));
#7757 = ORIENTED_EDGE('',*,*,#7421,.T.);
#7758 = ORIENTED_EDGE('',*,*,#7673,.F.);
#7759 = ORIENTED_EDGE('',*,*,#7594,.T.);
#7760 = ORIENTED_EDGE('',*,*,#7565,.T.);
#7761 = ORIENTED_EDGE('',*,*,#7626,.F.);
#7762 = ORIENTED_EDGE('',*,*,#7763,.T.);
#7763 = EDGE_CURVE('',#7619,#7764,#7766,.T.);
#7764 = VERTEX_POINT('',#7765);
#7765 = CARTESIAN_POINT('',(-0.65,-0.365137702901,5.336948435666));
#7766 = LINE('',#7767,#7768);
#7767 = CARTESIAN_POINT('',(5.518807782546E-18,-0.365137702901,
    5.336948435666));
#7768 = VECTOR('',#7769,1.);
#7769 = DIRECTION('',(-1.,-4.119648855873E-19,-3.617987812738E-18));
#7770 = ORIENTED_EDGE('',*,*,#7771,.F.);
#7771 = EDGE_CURVE('',#7453,#7764,#7772,.T.);
#7772 = LINE('',#7773,#7774);
#7773 = CARTESIAN_POINT('',(-0.65,2.705727457156,5.068282546944));
#7774 = VECTOR('',#7775,1.);
#7775 = DIRECTION('',(-9.506881975092E-20,0.996194698092,
    -8.715574274766E-02));
#7776 = ORIENTED_EDGE('',*,*,#7452,.T.);
#7777 = PLANE('',#7778);
#7778 = AXIS2_PLACEMENT_3D('',#7779,#7780,#7781);
#7779 = CARTESIAN_POINT('',(1.024295385816E-17,-0.956802108534,
    5.38871236377));
#7780 = DIRECTION('',(-3.6401253824E-18,8.715574274766E-02,
    0.996194698092));
#7781 = DIRECTION('',(-1.,-4.119648855873E-19,-3.617987812738E-18));
#7782 = ADVANCED_FACE('',(#7783),#7810,.F.);
#7783 = FACE_BOUND('',#7784,.F.);
#7784 = EDGE_LOOP('',(#7785,#7794,#7802,#7809));
#7785 = ORIENTED_EDGE('',*,*,#7786,.F.);
#7786 = EDGE_CURVE('',#7787,#7611,#7789,.T.);
#7787 = VERTEX_POINT('',#7788);
#7788 = CARTESIAN_POINT('',(0.65,-0.25,4.938470556429));
#7789 = CIRCLE('',#7790,0.15);
#7790 = AXIS2_PLACEMENT_3D('',#7791,#7792,#7793);
#7791 = CARTESIAN_POINT('',(0.65,-0.4,4.938470556429));
#7792 = DIRECTION('',(1.,-4.276423536148E-50,-1.090792376426E-18));
#7793 = DIRECTION('',(1.672375960718E-34,1.,1.53317532911E-16));
#7794 = ORIENTED_EDGE('',*,*,#7795,.F.);
#7795 = EDGE_CURVE('',#7796,#7787,#7798,.T.);
#7796 = VERTEX_POINT('',#7797);
#7797 = CARTESIAN_POINT('',(-0.65,-0.25,4.938470556429));
#7798 = LINE('',#7799,#7800);
#7799 = CARTESIAN_POINT('',(-3.518564725716E-18,-0.25,4.938470556429));
#7800 = VECTOR('',#7801,1.);
#7801 = DIRECTION('',(1.,-4.726766964514E-18,-1.090792376426E-18));
#7802 = ORIENTED_EDGE('',*,*,#7803,.T.);
#7803 = EDGE_CURVE('',#7796,#7643,#7804,.T.);
#7804 = CIRCLE('',#7805,0.15);
#7805 = AXIS2_PLACEMENT_3D('',#7806,#7807,#7808);
#7806 = CARTESIAN_POINT('',(-0.65,-0.4,4.938470556429));
#7807 = DIRECTION('',(1.,-4.276423536148E-50,-1.090792376426E-18));
#7808 = DIRECTION('',(1.672375960718E-34,1.,1.53317532911E-16));
#7809 = ORIENTED_EDGE('',*,*,#7650,.T.);
#7810 = CYLINDRICAL_SURFACE('',#7811,0.15);
#7811 = AXIS2_PLACEMENT_3D('',#7812,#7813,#7814);
#7812 = CARTESIAN_POINT('',(1.078216147275E-18,-0.4,4.938470556429));
#7813 = DIRECTION('',(1.,0.,-1.090792376426E-18));
#7814 = DIRECTION('',(-5.094296254086E-34,1.,-4.670271230513E-16));
#7815 = ADVANCED_FACE('',(#7816),#7840,.T.);
#7816 = FACE_BOUND('',#7817,.T.);
#7817 = EDGE_LOOP('',(#7818,#7824,#7833,#7839));
#7818 = ORIENTED_EDGE('',*,*,#7819,.F.);
#7819 = EDGE_CURVE('',#7764,#7643,#7820,.T.);
#7820 = LINE('',#7821,#7822);
#7821 = CARTESIAN_POINT('',(-0.65,-0.382133072737,5.142690469538));
#7822 = VECTOR('',#7823,1.);
#7823 = DIRECTION('',(-1.086641582115E-18,-8.715574274766E-02,
    -0.996194698092));
#7824 = ORIENTED_EDGE('',*,*,#7825,.T.);
#7825 = EDGE_CURVE('',#7764,#7826,#7828,.T.);
#7826 = VERTEX_POINT('',#7827);
#7827 = CARTESIAN_POINT('',(-0.65,2.235186280162E-16,4.938470556429));
#7828 = CIRCLE('',#7829,0.4);
#7829 = AXIS2_PLACEMENT_3D('',#7830,#7831,#7832);
#7830 = CARTESIAN_POINT('',(-0.65,-0.4,4.938470556429));
#7831 = DIRECTION('',(-1.,0.,1.090792376426E-18));
#7832 = DIRECTION('',(1.086641582115E-18,8.715574274766E-02,
    0.996194698092));
#7833 = ORIENTED_EDGE('',*,*,#7834,.T.);
#7834 = EDGE_CURVE('',#7826,#7796,#7835,.T.);
#7835 = LINE('',#7836,#7837);
#7836 = CARTESIAN_POINT('',(-0.65,-0.195,4.938470556429));
#7837 = VECTOR('',#7838,1.);
#7838 = DIRECTION('',(5.094296254086E-34,-1.,4.670271230513E-16));
#7839 = ORIENTED_EDGE('',*,*,#7803,.T.);
#7840 = PLANE('',#7841);
#7841 = AXIS2_PLACEMENT_3D('',#7842,#7843,#7844);
#7842 = CARTESIAN_POINT('',(-0.65,-0.365137702901,5.336948435666));
#7843 = DIRECTION('',(-1.,0.,1.090792376426E-18));
#7844 = DIRECTION('',(1.090792376426E-18,7.718683209433E-16,1.));
#7845 = ADVANCED_FACE('',(#7846),#7852,.T.);
#7846 = FACE_BOUND('',#7847,.T.);
#7847 = EDGE_LOOP('',(#7848,#7849,#7850,#7851));
#7848 = ORIENTED_EDGE('',*,*,#7460,.T.);
#7849 = ORIENTED_EDGE('',*,*,#7771,.T.);
#7850 = ORIENTED_EDGE('',*,*,#7819,.T.);
#7851 = ORIENTED_EDGE('',*,*,#7642,.T.);
#7852 = PLANE('',#7853);
#7853 = AXIS2_PLACEMENT_3D('',#7854,#7855,#7856);
#7854 = CARTESIAN_POINT('',(-0.65,0.990407534714,4.967398635092));
#7855 = DIRECTION('',(-1.,0.,1.090792376426E-18));
#7856 = DIRECTION('',(-1.086641582115E-18,-8.715574274766E-02,
    -0.996194698092));
#7857 = ADVANCED_FACE('',(#7858),#7890,.T.);
#7858 = FACE_BOUND('',#7859,.T.);
#7859 = EDGE_LOOP('',(#7860,#7868,#7876,#7884));
#7860 = ORIENTED_EDGE('',*,*,#7861,.F.);
#7861 = EDGE_CURVE('',#7862,#7826,#7864,.T.);
#7862 = VERTEX_POINT('',#7863);
#7863 = CARTESIAN_POINT('',(0.65,3.873674013444E-16,4.938470556429));
#7864 = LINE('',#7865,#7866);
#7865 = CARTESIAN_POINT('',(5.084151149701E-18,1.081821784974E-16,
    4.938470556429));
#7866 = VECTOR('',#7867,1.);
#7867 = DIRECTION('',(-1.,-4.726766964514E-18,1.090792376426E-18));
#7868 = ORIENTED_EDGE('',*,*,#7869,.F.);
#7869 = EDGE_CURVE('',#7870,#7862,#7872,.T.);
#7870 = VERTEX_POINT('',#7871);
#7871 = CARTESIAN_POINT('',(0.65,1.12535690375E-16,4.35));
#7872 = LINE('',#7873,#7874);
#7873 = CARTESIAN_POINT('',(0.65,2.382831637922E-15,9.211165091899));
#7874 = VECTOR('',#7875,1.);
#7875 = DIRECTION('',(1.090792376426E-18,4.670271230513E-16,1.));
#7876 = ORIENTED_EDGE('',*,*,#7877,.T.);
#7877 = EDGE_CURVE('',#7870,#7878,#7880,.T.);
#7878 = VERTEX_POINT('',#7879);
#7879 = CARTESIAN_POINT('',(-0.65,-5.13130829532E-17,4.35));
#7880 = LINE('',#7881,#7882);
#7881 = CARTESIAN_POINT('',(4.442251952997E-18,-1.722188593249E-16,4.35)
  );
#7882 = VECTOR('',#7883,1.);
#7883 = DIRECTION('',(-1.,-4.726766964514E-18,1.090792376426E-18));
#7884 = ORIENTED_EDGE('',*,*,#7885,.F.);
#7885 = EDGE_CURVE('',#7826,#7878,#7886,.T.);
#7886 = LINE('',#7887,#7888);
#7887 = CARTESIAN_POINT('',(-0.65,-1.035996359385E-15,2.241592955033));
#7888 = VECTOR('',#7889,1.);
#7889 = DIRECTION('',(-1.090792376426E-18,-4.670271230513E-16,-1.));
#7890 = PLANE('',#7891);
#7891 = AXIS2_PLACEMENT_3D('',#7892,#7893,#7894);
#7892 = CARTESIAN_POINT('',(1.08204198057E-17,5.840001780206E-16,
    5.918112788663));
#7893 = DIRECTION('',(-4.726766964514E-18,1.,-4.828876485942E-16));
#7894 = DIRECTION('',(-1.,-4.726766964514E-18,1.090792376426E-18));
#7895 = ADVANCED_FACE('',(#7896),#7919,.T.);
#7896 = FACE_BOUND('',#7897,.T.);
#7897 = EDGE_LOOP('',(#7898,#7904,#7912,#7918));
#7898 = ORIENTED_EDGE('',*,*,#7899,.F.);
#7899 = EDGE_CURVE('',#7787,#7862,#7900,.T.);
#7900 = LINE('',#7901,#7902);
#7901 = CARTESIAN_POINT('',(0.65,-0.195,4.938470556429));
#7902 = VECTOR('',#7903,1.);
#7903 = DIRECTION('',(-5.094296254086E-34,1.,-4.670271230513E-16));
#7904 = ORIENTED_EDGE('',*,*,#7905,.F.);
#7905 = EDGE_CURVE('',#7906,#7787,#7908,.T.);
#7906 = VERTEX_POINT('',#7907);
#7907 = CARTESIAN_POINT('',(0.65,-0.25,4.35));
#7908 = LINE('',#7909,#7910);
#7909 = CARTESIAN_POINT('',(0.65,-0.25,2.241592955033));
#7910 = VECTOR('',#7911,1.);
#7911 = DIRECTION('',(1.090792376426E-18,4.670271230513E-16,1.));
#7912 = ORIENTED_EDGE('',*,*,#7913,.T.);
#7913 = EDGE_CURVE('',#7906,#7870,#7914,.T.);
#7914 = LINE('',#7915,#7916);
#7915 = CARTESIAN_POINT('',(0.65,-0.195,4.35));
#7916 = VECTOR('',#7917,1.);
#7917 = DIRECTION('',(-5.094296254086E-34,1.,-4.670271230513E-16));
#7918 = ORIENTED_EDGE('',*,*,#7869,.T.);
#7919 = PLANE('',#7920);
#7920 = AXIS2_PLACEMENT_3D('',#7921,#7922,#7923);
#7921 = CARTESIAN_POINT('',(0.65,-0.25,9.211165091899));
#7922 = DIRECTION('',(1.,0.,-1.090792376426E-18));
#7923 = DIRECTION('',(-1.637753057092E-34,1.,-1.501434271532E-16));
#7924 = ADVANCED_FACE('',(#7925),#7937,.T.);
#7925 = FACE_BOUND('',#7926,.T.);
#7926 = EDGE_LOOP('',(#7927,#7928,#7929,#7930));
#7927 = ORIENTED_EDGE('',*,*,#7618,.F.);
#7928 = ORIENTED_EDGE('',*,*,#7786,.F.);
#7929 = ORIENTED_EDGE('',*,*,#7899,.T.);
#7930 = ORIENTED_EDGE('',*,*,#7931,.T.);
#7931 = EDGE_CURVE('',#7862,#7619,#7932,.T.);
#7932 = CIRCLE('',#7933,0.4);
#7933 = AXIS2_PLACEMENT_3D('',#7934,#7935,#7936);
#7934 = CARTESIAN_POINT('',(0.65,-0.4,4.938470556429));
#7935 = DIRECTION('',(1.,4.276423536148E-50,-1.090792376426E-18));
#7936 = DIRECTION('',(2.93385805592E-34,1.,2.689657646428E-16));
#7937 = PLANE('',#7938);
#7938 = AXIS2_PLACEMENT_3D('',#7939,#7940,#7941);
#7939 = CARTESIAN_POINT('',(0.65,-0.386926638588,5.087899761143));
#7940 = DIRECTION('',(1.,0.,-1.090792376426E-18));
#7941 = DIRECTION('',(-1.090792376426E-18,-7.718683209433E-16,-1.));
#7942 = ADVANCED_FACE('',(#7943),#7975,.F.);
#7943 = FACE_BOUND('',#7944,.F.);
#7944 = EDGE_LOOP('',(#7945,#7952,#7960,#7969));
#7945 = ORIENTED_EDGE('',*,*,#7946,.F.);
#7946 = EDGE_CURVE('',#7285,#7906,#7947,.T.);
#7947 = CIRCLE('',#7948,0.15);
#7948 = AXIS2_PLACEMENT_3D('',#7949,#7950,#7951);
#7949 = CARTESIAN_POINT('',(0.65,-0.4,4.35));
#7950 = DIRECTION('',(1.,0.,-1.090792376426E-18));
#7951 = DIRECTION('',(-1.090792376426E-18,-7.718683209433E-16,-1.));
#7952 = ORIENTED_EDGE('',*,*,#7953,.F.);
#7953 = EDGE_CURVE('',#7954,#7285,#7956,.T.);
#7954 = VERTEX_POINT('',#7955);
#7955 = CARTESIAN_POINT('',(-0.65,-0.4,4.2));
#7956 = LINE('',#7957,#7958);
#7957 = CARTESIAN_POINT('',(-4.324082778884E-18,-0.4,4.2));
#7958 = VECTOR('',#7959,1.);
#7959 = DIRECTION('',(1.,5.066756684725E-33,3.635974588088E-18));
#7960 = ORIENTED_EDGE('',*,*,#7961,.T.);
#7961 = EDGE_CURVE('',#7954,#7962,#7964,.T.);
#7962 = VERTEX_POINT('',#7963);
#7963 = CARTESIAN_POINT('',(-0.65,-0.25,4.35));
#7964 = CIRCLE('',#7965,0.15);
#7965 = AXIS2_PLACEMENT_3D('',#7966,#7967,#7968);
#7966 = CARTESIAN_POINT('',(-0.65,-0.4,4.35));
#7967 = DIRECTION('',(1.,0.,-1.090792376426E-18));
#7968 = DIRECTION('',(-1.090792376426E-18,-7.718683209433E-16,-1.));
#7969 = ORIENTED_EDGE('',*,*,#7970,.T.);
#7970 = EDGE_CURVE('',#7962,#7906,#7971,.T.);
#7971 = LINE('',#7972,#7973);
#7972 = CARTESIAN_POINT('',(-4.16046392242E-18,-0.25,4.35));
#7973 = VECTOR('',#7974,1.);
#7974 = DIRECTION('',(1.,-4.726766964514E-18,-1.090792376426E-18));
#7975 = CYLINDRICAL_SURFACE('',#7976,0.15);
#7976 = AXIS2_PLACEMENT_3D('',#7977,#7978,#7979);
#7977 = CARTESIAN_POINT('',(4.363169505705E-19,-0.4,4.35));
#7978 = DIRECTION('',(1.,0.,-1.090792376426E-18));
#7979 = DIRECTION('',(-1.090792376426E-18,-1.071928597869E-15,-1.));
#7980 = ADVANCED_FACE('',(#7981),#7987,.T.);
#7981 = FACE_BOUND('',#7982,.T.);
#7982 = EDGE_LOOP('',(#7983,#7984,#7985,#7986));
#7983 = ORIENTED_EDGE('',*,*,#7763,.F.);
#7984 = ORIENTED_EDGE('',*,*,#7931,.F.);
#7985 = ORIENTED_EDGE('',*,*,#7861,.T.);
#7986 = ORIENTED_EDGE('',*,*,#7825,.F.);
#7987 = CYLINDRICAL_SURFACE('',#7988,0.4);
#7988 = AXIS2_PLACEMENT_3D('',#7989,#7990,#7991);
#7989 = CARTESIAN_POINT('',(1.078216147275E-18,-0.4,4.938470556429));
#7990 = DIRECTION('',(1.,0.,-1.090792376426E-18));
#7991 = DIRECTION('',(-5.094296254086E-34,1.,-4.670271230513E-16));
#7992 = ADVANCED_FACE('',(#7993),#8015,.T.);
#7993 = FACE_BOUND('',#7994,.T.);
#7994 = EDGE_LOOP('',(#7995,#8001,#8008,#8014));
#7995 = ORIENTED_EDGE('',*,*,#7996,.F.);
#7996 = EDGE_CURVE('',#7878,#7962,#7997,.T.);
#7997 = LINE('',#7998,#7999);
#7998 = CARTESIAN_POINT('',(-0.65,-0.195,4.35));
#7999 = VECTOR('',#8000,1.);
#8000 = DIRECTION('',(5.094296254086E-34,-1.,4.670271230513E-16));
#8001 = ORIENTED_EDGE('',*,*,#8002,.T.);
#8002 = EDGE_CURVE('',#7878,#7317,#8003,.T.);
#8003 = CIRCLE('',#8004,0.4);
#8004 = AXIS2_PLACEMENT_3D('',#8005,#8006,#8007);
#8005 = CARTESIAN_POINT('',(-0.65,-0.4,4.35));
#8006 = DIRECTION('',(-1.,4.276423536148E-50,1.090792376426E-18));
#8007 = DIRECTION('',(-2.742811372489E-34,1.,-2.514512781502E-16));
#8008 = ORIENTED_EDGE('',*,*,#8009,.T.);
#8009 = EDGE_CURVE('',#7317,#7954,#8010,.T.);
#8010 = LINE('',#8011,#8012);
#8011 = CARTESIAN_POINT('',(-0.65,-0.4,4.145));
#8012 = VECTOR('',#8013,1.);
#8013 = DIRECTION('',(1.090792376426E-18,1.071928597869E-15,1.));
#8014 = ORIENTED_EDGE('',*,*,#7961,.T.);
#8015 = PLANE('',#8016);
#8016 = AXIS2_PLACEMENT_3D('',#8017,#8018,#8019);
#8017 = CARTESIAN_POINT('',(-0.65,-2.334695207885E-18,4.35));
#8018 = DIRECTION('',(-1.,0.,1.090792376426E-18));
#8019 = DIRECTION('',(1.090792376426E-18,7.718683209433E-16,1.));
#8020 = ADVANCED_FACE('',(#8021),#8032,.T.);
#8021 = FACE_BOUND('',#8022,.T.);
#8022 = EDGE_LOOP('',(#8023,#8024,#8025,#8026));
#8023 = ORIENTED_EDGE('',*,*,#7834,.F.);
#8024 = ORIENTED_EDGE('',*,*,#7885,.T.);
#8025 = ORIENTED_EDGE('',*,*,#7996,.T.);
#8026 = ORIENTED_EDGE('',*,*,#8027,.T.);
#8027 = EDGE_CURVE('',#7962,#7796,#8028,.T.);
#8028 = LINE('',#8029,#8030);
#8029 = CARTESIAN_POINT('',(-0.65,-0.25,2.241592955033));
#8030 = VECTOR('',#8031,1.);
#8031 = DIRECTION('',(1.090792376426E-18,4.670271230513E-16,1.));
#8032 = PLANE('',#8033);
#8033 = AXIS2_PLACEMENT_3D('',#8034,#8035,#8036);
#8034 = CARTESIAN_POINT('',(-0.65,-0.25,3.941592955033));
#8035 = DIRECTION('',(-1.,0.,1.090792376426E-18));
#8036 = DIRECTION('',(1.821298701944E-34,-1.,1.669702448702E-16));
#8037 = ADVANCED_FACE('',(#8038),#8044,.F.);
#8038 = FACE_BOUND('',#8039,.T.);
#8039 = EDGE_LOOP('',(#8040,#8041,#8042,#8043));
#8040 = ORIENTED_EDGE('',*,*,#7795,.F.);
#8041 = ORIENTED_EDGE('',*,*,#8027,.F.);
#8042 = ORIENTED_EDGE('',*,*,#7970,.T.);
#8043 = ORIENTED_EDGE('',*,*,#7905,.T.);
#8044 = PLANE('',#8045);
#8045 = AXIS2_PLACEMENT_3D('',#8046,#8047,#8048);
#8046 = CARTESIAN_POINT('',(-6.526814954064E-18,-0.25,5.918112788663));
#8047 = DIRECTION('',(4.726766964514E-18,1.,-4.828876485942E-16));
#8048 = DIRECTION('',(-1.,4.726766964514E-18,1.090792376426E-18));
#8049 = ADVANCED_FACE('',(#8050),#8061,.T.);
#8050 = FACE_BOUND('',#8051,.T.);
#8051 = EDGE_LOOP('',(#8052,#8053,#8059,#8060));
#8052 = ORIENTED_EDGE('',*,*,#7230,.T.);
#8053 = ORIENTED_EDGE('',*,*,#8054,.T.);
#8054 = EDGE_CURVE('',#7223,#7954,#8055,.T.);
#8055 = LINE('',#8056,#8057);
#8056 = CARTESIAN_POINT('',(-0.65,-2.1,4.2));
#8057 = VECTOR('',#8058,1.);
#8058 = DIRECTION('',(-1.169251542629E-33,1.,-1.071928597869E-15));
#8059 = ORIENTED_EDGE('',*,*,#8009,.F.);
#8060 = ORIENTED_EDGE('',*,*,#7316,.T.);
#8061 = PLANE('',#8062);
#8062 = AXIS2_PLACEMENT_3D('',#8063,#8064,#8065);
#8063 = CARTESIAN_POINT('',(-0.65,-0.4,4.2));
#8064 = DIRECTION('',(-1.,0.,1.090792376426E-18));
#8065 = DIRECTION('',(1.090792376426E-18,7.718683209433E-16,1.));
#8066 = ADVANCED_FACE('',(#8067),#8078,.T.);
#8067 = FACE_BOUND('',#8068,.T.);
#8068 = EDGE_LOOP('',(#8069,#8070,#8076,#8077));
#8069 = ORIENTED_EDGE('',*,*,#7159,.T.);
#8070 = ORIENTED_EDGE('',*,*,#8071,.T.);
#8071 = EDGE_CURVE('',#7152,#7253,#8072,.T.);
#8072 = LINE('',#8073,#8074);
#8073 = CARTESIAN_POINT('',(0.65,-2.1,4.2));
#8074 = VECTOR('',#8075,1.);
#8075 = DIRECTION('',(-1.,0.,1.090792376426E-18));
#8076 = ORIENTED_EDGE('',*,*,#7252,.T.);
#8077 = ORIENTED_EDGE('',*,*,#7308,.T.);
#8078 = PLANE('',#8079);
#8079 = AXIS2_PLACEMENT_3D('',#8080,#8081,#8082);
#8080 = CARTESIAN_POINT('',(-0.65,-2.1,4.2));
#8081 = DIRECTION('',(8.419480800899E-34,-1.,7.718683209433E-16));
#8082 = DIRECTION('',(1.090792376426E-18,7.718683209433E-16,1.));
#8083 = ADVANCED_FACE('',(#8084),#8096,.T.);
#8084 = FACE_BOUND('',#8085,.T.);
#8085 = EDGE_LOOP('',(#8086,#8087,#8088,#8089));
#8086 = ORIENTED_EDGE('',*,*,#7913,.F.);
#8087 = ORIENTED_EDGE('',*,*,#7946,.F.);
#8088 = ORIENTED_EDGE('',*,*,#7284,.T.);
#8089 = ORIENTED_EDGE('',*,*,#8090,.T.);
#8090 = EDGE_CURVE('',#7277,#7870,#8091,.T.);
#8091 = CIRCLE('',#8092,0.4);
#8092 = AXIS2_PLACEMENT_3D('',#8093,#8094,#8095);
#8093 = CARTESIAN_POINT('',(0.65,-0.4,4.35));
#8094 = DIRECTION('',(1.,0.,-1.090792376426E-18));
#8095 = DIRECTION('',(-1.090792376426E-18,-5.983959733456E-16,-1.));
#8096 = PLANE('',#8097);
#8097 = AXIS2_PLACEMENT_3D('',#8098,#8099,#8100);
#8098 = CARTESIAN_POINT('',(0.65,-0.25,4.35));
#8099 = DIRECTION('',(1.,0.,-1.090792376426E-18));
#8100 = DIRECTION('',(-1.090792376426E-18,-7.718683209433E-16,-1.));
#8101 = ADVANCED_FACE('',(#8102),#8108,.T.);
#8102 = FACE_BOUND('',#8103,.T.);
#8103 = EDGE_LOOP('',(#8104,#8105,#8106,#8107));
#8104 = ORIENTED_EDGE('',*,*,#7877,.F.);
#8105 = ORIENTED_EDGE('',*,*,#8090,.F.);
#8106 = ORIENTED_EDGE('',*,*,#7324,.T.);
#8107 = ORIENTED_EDGE('',*,*,#8002,.F.);
#8108 = CYLINDRICAL_SURFACE('',#8109,0.4);
#8109 = AXIS2_PLACEMENT_3D('',#8110,#8111,#8112);
#8110 = CARTESIAN_POINT('',(4.363169505705E-19,-0.4,4.35));
#8111 = DIRECTION('',(1.,0.,-1.090792376426E-18));
#8112 = DIRECTION('',(-1.090792376426E-18,-1.071928597869E-15,-1.));
#8113 = ADVANCED_FACE('',(#8114),#8124,.F.);
#8114 = FACE_BOUND('',#8115,.T.);
#8115 = EDGE_LOOP('',(#8116,#8117,#8118,#8119,#8120,#8121,#8122,#8123));
#8116 = ORIENTED_EDGE('',*,*,#7189,.T.);
#8117 = ORIENTED_EDGE('',*,*,#7292,.T.);
#8118 = ORIENTED_EDGE('',*,*,#7953,.F.);
#8119 = ORIENTED_EDGE('',*,*,#8054,.F.);
#8120 = ORIENTED_EDGE('',*,*,#7222,.T.);
#8121 = ORIENTED_EDGE('',*,*,#7260,.T.);
#8122 = ORIENTED_EDGE('',*,*,#8071,.F.);
#8123 = ORIENTED_EDGE('',*,*,#7151,.T.);
#8124 = PLANE('',#8125);
#8125 = AXIS2_PLACEMENT_3D('',#8126,#8127,#8128);
#8126 = CARTESIAN_POINT('',(-8.400919285777E-18,1.576519833629,4.2));
#8127 = DIRECTION('',(3.635974588088E-18,-1.087789123412E-15,-1.));
#8128 = DIRECTION('',(-1.,-3.388012948608E-33,-3.635974588088E-18));
#8129 = ( GEOMETRIC_REPRESENTATION_CONTEXT(3) 
GLOBAL_UNCERTAINTY_ASSIGNED_CONTEXT((#8133)) 
GLOBAL_UNIT_ASSIGNED_CONTEXT((#8130,#8131,#8132)) REPRESENTATION_CONTEXT
('Context #1','3D Context with UNIT and UNCERTAINTY') );
#8130 = ( LENGTH_UNIT() NAMED_UNIT(*) SI_UNIT(.MILLI.,.METRE.) );
#8131 = ( NAMED_UNIT(*) PLANE_ANGLE_UNIT() SI_UNIT($,.RADIAN.) );
#8132 = ( NAMED_UNIT(*) SI_UNIT($,.STERADIAN.) SOLID_ANGLE_UNIT() );
#8133 = UNCERTAINTY_MEASURE_WITH_UNIT(LENGTH_MEASURE(1.E-07),#8130,
  'distance_accuracy_value','confusion accuracy');
#8134 = PRODUCT_RELATED_PRODUCT_CATEGORY('part',$,(#7123));
#8135 = SHAPE_DEFINITION_REPRESENTATION(#8136,#8142);
#8136 = PRODUCT_DEFINITION_SHAPE('','',#8137);
#8137 = PRODUCT_DEFINITION('design','',#8138,#8141);
#8138 = PRODUCT_DEFINITION_FORMATION('','',#8139);
#8139 = PRODUCT('R-78AA-1.0SMD_pin4(+Vout)','R-78AA-1.0SMD_pin4(+Vout)',
  '',(#8140));
#8140 = PRODUCT_CONTEXT('',#2,'mechanical');
#8141 = PRODUCT_DEFINITION_CONTEXT('part definition',#2,'design');
#8142 = ADVANCED_BREP_SHAPE_REPRESENTATION('',(#11,#8143),#9145);
#8143 = MANIFOLD_SOLID_BREP('',#8144);
#8144 = CLOSED_SHELL('',(#8145,#8185,#8216,#8256,#8287,#8318,#8351,#8391
    ,#8424,#8455,#8486,#8526,#8559,#8599,#8621,#8652,#8685,#8707,#8724,
    #8746,#8758,#8770,#8798,#8831,#8861,#8873,#8911,#8940,#8958,#8996,
    #9008,#9036,#9053,#9065,#9082,#9099,#9117,#9129));
#8145 = ADVANCED_FACE('',(#8146),#8180,.F.);
#8146 = FACE_BOUND('',#8147,.T.);
#8147 = EDGE_LOOP('',(#8148,#8158,#8166,#8174));
#8148 = ORIENTED_EDGE('',*,*,#8149,.F.);
#8149 = EDGE_CURVE('',#8150,#8152,#8154,.T.);
#8150 = VERTEX_POINT('',#8151);
#8151 = CARTESIAN_POINT('',(2.79,-0.6,3.95));
#8152 = VERTEX_POINT('',#8153);
#8153 = CARTESIAN_POINT('',(2.79,-2.1,3.95));
#8154 = LINE('',#8155,#8156);
#8155 = CARTESIAN_POINT('',(2.79,0.488259916815,3.95));
#8156 = VECTOR('',#8157,1.);
#8157 = DIRECTION('',(-2.775557561563E-16,-1.,1.087789123412E-15));
#8158 = ORIENTED_EDGE('',*,*,#8159,.T.);
#8159 = EDGE_CURVE('',#8150,#8160,#8162,.T.);
#8160 = VERTEX_POINT('',#8161);
#8161 = CARTESIAN_POINT('',(2.79,-0.6,4.2));
#8162 = LINE('',#8163,#8164);
#8163 = CARTESIAN_POINT('',(2.79,-0.6,3.95));
#8164 = VECTOR('',#8165,1.);
#8165 = DIRECTION('',(1.090792376426E-18,7.718683209433E-16,1.));
#8166 = ORIENTED_EDGE('',*,*,#8167,.F.);
#8167 = EDGE_CURVE('',#8168,#8160,#8170,.T.);
#8168 = VERTEX_POINT('',#8169);
#8169 = CARTESIAN_POINT('',(2.79,-2.1,4.2));
#8170 = LINE('',#8171,#8172);
#8171 = CARTESIAN_POINT('',(2.79,0.488259916815,4.2));
#8172 = VECTOR('',#8173,1.);
#8173 = DIRECTION('',(2.775557561563E-16,1.,-1.087789123412E-15));
#8174 = ORIENTED_EDGE('',*,*,#8175,.F.);
#8175 = EDGE_CURVE('',#8152,#8168,#8176,.T.);
#8176 = LINE('',#8177,#8178);
#8177 = CARTESIAN_POINT('',(2.79,-2.1,4.075));
#8178 = VECTOR('',#8179,1.);
#8179 = DIRECTION('',(1.090792376426E-18,7.718683209433E-16,1.));
#8180 = PLANE('',#8181);
#8181 = AXIS2_PLACEMENT_3D('',#8182,#8183,#8184);
#8182 = CARTESIAN_POINT('',(2.79,-0.6,3.95));
#8183 = DIRECTION('',(-1.,2.775557561563E-16,1.090792376426E-18));
#8184 = DIRECTION('',(-2.775557561563E-16,-1.,1.087789123412E-15));
#8185 = ADVANCED_FACE('',(#8186),#8211,.F.);
#8186 = FACE_BOUND('',#8187,.T.);
#8187 = EDGE_LOOP('',(#8188,#8196,#8204,#8210));
#8188 = ORIENTED_EDGE('',*,*,#8189,.F.);
#8189 = EDGE_CURVE('',#8190,#8150,#8192,.T.);
#8190 = VERTEX_POINT('',#8191);
#8191 = CARTESIAN_POINT('',(3.19,-0.6,3.95));
#8192 = LINE('',#8193,#8194);
#8193 = CARTESIAN_POINT('',(2.865,-0.6,3.95));
#8194 = VECTOR('',#8195,1.);
#8195 = DIRECTION('',(-1.,-3.289585577741E-33,5.817559340941E-18));
#8196 = ORIENTED_EDGE('',*,*,#8197,.F.);
#8197 = EDGE_CURVE('',#8198,#8190,#8200,.T.);
#8198 = VERTEX_POINT('',#8199);
#8199 = CARTESIAN_POINT('',(3.19,-0.6,4.2));
#8200 = LINE('',#8201,#8202);
#8201 = CARTESIAN_POINT('',(3.19,-0.6,4.075));
#8202 = VECTOR('',#8203,1.);
#8203 = DIRECTION('',(-1.090792376426E-18,-7.718683209433E-16,-1.));
#8204 = ORIENTED_EDGE('',*,*,#8205,.F.);
#8205 = EDGE_CURVE('',#8160,#8198,#8206,.T.);
#8206 = LINE('',#8207,#8208);
#8207 = CARTESIAN_POINT('',(2.865,-0.6,4.2));
#8208 = VECTOR('',#8209,1.);
#8209 = DIRECTION('',(1.,1.058646893852E-32,3.635974588088E-18));
#8210 = ORIENTED_EDGE('',*,*,#8159,.F.);
#8211 = PLANE('',#8212);
#8212 = AXIS2_PLACEMENT_3D('',#8213,#8214,#8215);
#8213 = CARTESIAN_POINT('',(3.19,-0.6,3.95));
#8214 = DIRECTION('',(-7.77997533822E-33,1.,-7.718683209433E-16));
#8215 = DIRECTION('',(-1.,-3.289585577741E-33,5.817559340941E-18));
#8216 = ADVANCED_FACE('',(#8217),#8251,.F.);
#8217 = FACE_BOUND('',#8218,.T.);
#8218 = EDGE_LOOP('',(#8219,#8229,#8237,#8245));
#8219 = ORIENTED_EDGE('',*,*,#8220,.F.);
#8220 = EDGE_CURVE('',#8221,#8223,#8225,.T.);
#8221 = VERTEX_POINT('',#8222);
#8222 = CARTESIAN_POINT('',(2.29,-0.6,3.95));
#8223 = VERTEX_POINT('',#8224);
#8224 = CARTESIAN_POINT('',(1.89,-0.6,3.95));
#8225 = LINE('',#8226,#8227);
#8226 = CARTESIAN_POINT('',(2.415,-0.6,3.95));
#8227 = VECTOR('',#8228,1.);
#8228 = DIRECTION('',(-1.,-3.289585577741E-33,5.817559340941E-18));
#8229 = ORIENTED_EDGE('',*,*,#8230,.T.);
#8230 = EDGE_CURVE('',#8221,#8231,#8233,.T.);
#8231 = VERTEX_POINT('',#8232);
#8232 = CARTESIAN_POINT('',(2.29,-0.6,4.2));
#8233 = LINE('',#8234,#8235);
#8234 = CARTESIAN_POINT('',(2.29,-0.6,3.95));
#8235 = VECTOR('',#8236,1.);
#8236 = DIRECTION('',(1.090792376426E-18,7.718683209433E-16,1.));
#8237 = ORIENTED_EDGE('',*,*,#8238,.F.);
#8238 = EDGE_CURVE('',#8239,#8231,#8241,.T.);
#8239 = VERTEX_POINT('',#8240);
#8240 = CARTESIAN_POINT('',(1.89,-0.6,4.2));
#8241 = LINE('',#8242,#8243);
#8242 = CARTESIAN_POINT('',(2.415,-0.6,4.2));
#8243 = VECTOR('',#8244,1.);
#8244 = DIRECTION('',(1.,1.058646893852E-32,3.635974588088E-18));
#8245 = ORIENTED_EDGE('',*,*,#8246,.F.);
#8246 = EDGE_CURVE('',#8223,#8239,#8247,.T.);
#8247 = LINE('',#8248,#8249);
#8248 = CARTESIAN_POINT('',(1.89,-0.6,4.075));
#8249 = VECTOR('',#8250,1.);
#8250 = DIRECTION('',(1.090792376426E-18,7.718683209433E-16,1.));
#8251 = PLANE('',#8252);
#8252 = AXIS2_PLACEMENT_3D('',#8253,#8254,#8255);
#8253 = CARTESIAN_POINT('',(2.29,-0.6,3.95));
#8254 = DIRECTION('',(-7.77997533822E-33,1.,-7.718683209433E-16));
#8255 = DIRECTION('',(-1.,-3.289585577741E-33,5.817559340941E-18));
#8256 = ADVANCED_FACE('',(#8257),#8282,.F.);
#8257 = FACE_BOUND('',#8258,.T.);
#8258 = EDGE_LOOP('',(#8259,#8267,#8275,#8281));
#8259 = ORIENTED_EDGE('',*,*,#8260,.F.);
#8260 = EDGE_CURVE('',#8261,#8221,#8263,.T.);
#8261 = VERTEX_POINT('',#8262);
#8262 = CARTESIAN_POINT('',(2.29,-2.1,3.95));
#8263 = LINE('',#8264,#8265);
#8264 = CARTESIAN_POINT('',(2.29,-0.261740083185,3.95));
#8265 = VECTOR('',#8266,1.);
#8266 = DIRECTION('',(-2.775557561563E-16,1.,-1.087789123412E-15));
#8267 = ORIENTED_EDGE('',*,*,#8268,.F.);
#8268 = EDGE_CURVE('',#8269,#8261,#8271,.T.);
#8269 = VERTEX_POINT('',#8270);
#8270 = CARTESIAN_POINT('',(2.29,-2.1,4.2));
#8271 = LINE('',#8272,#8273);
#8272 = CARTESIAN_POINT('',(2.29,-2.1,4.075));
#8273 = VECTOR('',#8274,1.);
#8274 = DIRECTION('',(-1.090792376426E-18,-7.718683209433E-16,-1.));
#8275 = ORIENTED_EDGE('',*,*,#8276,.F.);
#8276 = EDGE_CURVE('',#8231,#8269,#8277,.T.);
#8277 = LINE('',#8278,#8279);
#8278 = CARTESIAN_POINT('',(2.29,-0.261740083185,4.2));
#8279 = VECTOR('',#8280,1.);
#8280 = DIRECTION('',(2.775557561563E-16,-1.,1.087789123412E-15));
#8281 = ORIENTED_EDGE('',*,*,#8230,.F.);
#8282 = PLANE('',#8283);
#8283 = AXIS2_PLACEMENT_3D('',#8284,#8285,#8286);
#8284 = CARTESIAN_POINT('',(2.29,-2.1,3.95));
#8285 = DIRECTION('',(1.,2.775557561563E-16,-1.090792376427E-18));
#8286 = DIRECTION('',(-2.775557561563E-16,1.,-1.087789123412E-15));
#8287 = ADVANCED_FACE('',(#8288),#8313,.T.);
#8288 = FACE_BOUND('',#8289,.T.);
#8289 = EDGE_LOOP('',(#8290,#8291,#8299,#8307));
#8290 = ORIENTED_EDGE('',*,*,#8197,.T.);
#8291 = ORIENTED_EDGE('',*,*,#8292,.T.);
#8292 = EDGE_CURVE('',#8190,#8293,#8295,.T.);
#8293 = VERTEX_POINT('',#8294);
#8294 = CARTESIAN_POINT('',(3.19,-0.4,3.95));
#8295 = LINE('',#8296,#8297);
#8296 = CARTESIAN_POINT('',(3.19,4.869572136865,3.95));
#8297 = VECTOR('',#8298,1.);
#8298 = DIRECTION('',(-1.169251542629E-33,1.,-1.071928597869E-15));
#8299 = ORIENTED_EDGE('',*,*,#8300,.F.);
#8300 = EDGE_CURVE('',#8301,#8293,#8303,.T.);
#8301 = VERTEX_POINT('',#8302);
#8302 = CARTESIAN_POINT('',(3.19,-0.4,4.2));
#8303 = LINE('',#8304,#8305);
#8304 = CARTESIAN_POINT('',(3.19,-0.4,4.145));
#8305 = VECTOR('',#8306,1.);
#8306 = DIRECTION('',(-1.090792376426E-18,-1.071928597869E-15,-1.));
#8307 = ORIENTED_EDGE('',*,*,#8308,.F.);
#8308 = EDGE_CURVE('',#8198,#8301,#8309,.T.);
#8309 = LINE('',#8310,#8311);
#8310 = CARTESIAN_POINT('',(3.19,-2.1,4.2));
#8311 = VECTOR('',#8312,1.);
#8312 = DIRECTION('',(-1.169251542629E-33,1.,-1.071928597869E-15));
#8313 = PLANE('',#8314);
#8314 = AXIS2_PLACEMENT_3D('',#8315,#8316,#8317);
#8315 = CARTESIAN_POINT('',(3.19,4.869572136865,4.2));
#8316 = DIRECTION('',(1.,0.,-1.090792376426E-18));
#8317 = DIRECTION('',(-1.090792376426E-18,-7.718683209433E-16,-1.));
#8318 = ADVANCED_FACE('',(#8319),#8346,.T.);
#8319 = FACE_BOUND('',#8320,.T.);
#8320 = EDGE_LOOP('',(#8321,#8322,#8323,#8329,#8330,#8331,#8339,#8345));
#8321 = ORIENTED_EDGE('',*,*,#8189,.T.);
#8322 = ORIENTED_EDGE('',*,*,#8149,.T.);
#8323 = ORIENTED_EDGE('',*,*,#8324,.F.);
#8324 = EDGE_CURVE('',#8261,#8152,#8325,.T.);
#8325 = LINE('',#8326,#8327);
#8326 = CARTESIAN_POINT('',(3.19,-2.1,3.95));
#8327 = VECTOR('',#8328,1.);
#8328 = DIRECTION('',(1.,0.,-1.090792376426E-18));
#8329 = ORIENTED_EDGE('',*,*,#8260,.T.);
#8330 = ORIENTED_EDGE('',*,*,#8220,.T.);
#8331 = ORIENTED_EDGE('',*,*,#8332,.F.);
#8332 = EDGE_CURVE('',#8333,#8223,#8335,.T.);
#8333 = VERTEX_POINT('',#8334);
#8334 = CARTESIAN_POINT('',(1.89,-0.4,3.95));
#8335 = LINE('',#8336,#8337);
#8336 = CARTESIAN_POINT('',(1.89,-2.1,3.95));
#8337 = VECTOR('',#8338,1.);
#8338 = DIRECTION('',(1.169251542629E-33,-1.,1.071928597869E-15));
#8339 = ORIENTED_EDGE('',*,*,#8340,.F.);
#8340 = EDGE_CURVE('',#8293,#8333,#8341,.T.);
#8341 = LINE('',#8342,#8343);
#8342 = CARTESIAN_POINT('',(2.54,-0.4,3.95));
#8343 = VECTOR('',#8344,1.);
#8344 = DIRECTION('',(-1.,5.066756684725E-33,5.817559340941E-18));
#8345 = ORIENTED_EDGE('',*,*,#8292,.F.);
#8346 = PLANE('',#8347);
#8347 = AXIS2_PLACEMENT_3D('',#8348,#8349,#8350);
#8348 = CARTESIAN_POINT('',(2.54,1.576519833629,3.95));
#8349 = DIRECTION('',(-5.817559340941E-18,-1.087789123412E-15,-1.));
#8350 = DIRECTION('',(-1.,3.64844168039E-33,5.817559340941E-18));
#8351 = ADVANCED_FACE('',(#8352),#8386,.F.);
#8352 = FACE_BOUND('',#8353,.T.);
#8353 = EDGE_LOOP('',(#8354,#8364,#8372,#8380));
#8354 = ORIENTED_EDGE('',*,*,#8355,.F.);
#8355 = EDGE_CURVE('',#8356,#8358,#8360,.T.);
#8356 = VERTEX_POINT('',#8357);
#8357 = CARTESIAN_POINT('',(2.29,-4.24,6.174999998916));
#8358 = VERTEX_POINT('',#8359);
#8359 = CARTESIAN_POINT('',(2.29,-4.24,5.791532469607));
#8360 = LINE('',#8361,#8362);
#8361 = CARTESIAN_POINT('',(2.29,-4.24,4.336740082643));
#8362 = VECTOR('',#8363,1.);
#8363 = DIRECTION('',(-2.66994996755E-16,-5.380737588059E-17,-1.));
#8364 = ORIENTED_EDGE('',*,*,#8365,.F.);
#8365 = EDGE_CURVE('',#8366,#8356,#8368,.T.);
#8366 = VERTEX_POINT('',#8367);
#8367 = CARTESIAN_POINT('',(2.29,-3.99,6.174999998916));
#8368 = LINE('',#8369,#8370);
#8369 = CARTESIAN_POINT('',(2.29,-4.115,6.175));
#8370 = VECTOR('',#8371,1.);
#8371 = DIRECTION('',(1.998696479897E-32,-1.,-2.62113426588E-16));
#8372 = ORIENTED_EDGE('',*,*,#8373,.F.);
#8373 = EDGE_CURVE('',#8374,#8366,#8376,.T.);
#8374 = VERTEX_POINT('',#8375);
#8375 = CARTESIAN_POINT('',(2.29,-3.99,5.791532469607));
#8376 = LINE('',#8377,#8378);
#8377 = CARTESIAN_POINT('',(2.29,-3.99,4.336740082643));
#8378 = VECTOR('',#8379,1.);
#8379 = DIRECTION('',(2.66994996755E-16,5.380737588059E-17,1.));
#8380 = ORIENTED_EDGE('',*,*,#8381,.T.);
#8381 = EDGE_CURVE('',#8374,#8358,#8382,.T.);
#8382 = LINE('',#8383,#8384);
#8383 = CARTESIAN_POINT('',(2.29,-4.078875633811,5.791532469607));
#8384 = VECTOR('',#8385,1.);
#8385 = DIRECTION('',(-1.260463816602E-14,-1.,7.718683209433E-16));
#8386 = PLANE('',#8387);
#8387 = AXIS2_PLACEMENT_3D('',#8388,#8389,#8390);
#8388 = CARTESIAN_POINT('',(2.29,-3.99,6.174999998916));
#8389 = DIRECTION('',(1.,8.996993828026E-32,-2.66994996755E-16));
#8390 = DIRECTION('',(-2.66994996755E-16,-7.718683209433E-16,-1.));
#8391 = ADVANCED_FACE('',(#8392),#8419,.T.);
#8392 = FACE_BOUND('',#8393,.T.);
#8393 = EDGE_LOOP('',(#8394,#8395,#8404,#8412));
#8394 = ORIENTED_EDGE('',*,*,#8381,.F.);
#8395 = ORIENTED_EDGE('',*,*,#8396,.F.);
#8396 = EDGE_CURVE('',#8397,#8374,#8399,.T.);
#8397 = VERTEX_POINT('',#8398);
#8398 = CARTESIAN_POINT('',(2.29,-3.853073361412,5.642103264893));
#8399 = CIRCLE('',#8400,0.15);
#8400 = AXIS2_PLACEMENT_3D('',#8401,#8402,#8403);
#8401 = CARTESIAN_POINT('',(2.29,-3.84,5.791532469607));
#8402 = DIRECTION('',(-1.,1.260463816602E-14,1.178329365949E-14));
#8403 = DIRECTION('',(-1.283702127106E-14,-8.715574274766E-02,
    -0.996194698092));
#8404 = ORIENTED_EDGE('',*,*,#8405,.T.);
#8405 = EDGE_CURVE('',#8397,#8406,#8408,.T.);
#8406 = VERTEX_POINT('',#8407);
#8407 = CARTESIAN_POINT('',(2.29,-3.874862297099,5.39305459037));
#8408 = LINE('',#8409,#8410);
#8409 = CARTESIAN_POINT('',(2.29,-3.853073361412,5.642103264893));
#8410 = VECTOR('',#8411,1.);
#8411 = DIRECTION('',(-1.086641582115E-18,-8.715574274766E-02,
    -0.996194698092));
#8412 = ORIENTED_EDGE('',*,*,#8413,.F.);
#8413 = EDGE_CURVE('',#8358,#8406,#8414,.T.);
#8414 = CIRCLE('',#8415,0.4);
#8415 = AXIS2_PLACEMENT_3D('',#8416,#8417,#8418);
#8416 = CARTESIAN_POINT('',(2.29,-3.84,5.791532469607));
#8417 = DIRECTION('',(1.,-1.260463816602E-14,-1.178329365949E-14));
#8418 = DIRECTION('',(-1.283702127106E-14,-8.715574274766E-02,
    -0.996194698092));
#8419 = PLANE('',#8420);
#8420 = AXIS2_PLACEMENT_3D('',#8421,#8422,#8423);
#8421 = CARTESIAN_POINT('',(2.29,-4.042751267623,5.605745162513));
#8422 = DIRECTION('',(-1.,1.260463816602E-14,1.178329365949E-14));
#8423 = DIRECTION('',(1.178329365949E-14,7.718683209433E-16,1.));
#8424 = ADVANCED_FACE('',(#8425),#8450,.F.);
#8425 = FACE_BOUND('',#8426,.T.);
#8426 = EDGE_LOOP('',(#8427,#8435,#8436,#8444));
#8427 = ORIENTED_EDGE('',*,*,#8428,.F.);
#8428 = EDGE_CURVE('',#8406,#8429,#8431,.T.);
#8429 = VERTEX_POINT('',#8430);
#8430 = CARTESIAN_POINT('',(2.29,-3.081350766039,5.323631327025));
#8431 = LINE('',#8432,#8433);
#8432 = CARTESIAN_POINT('',(2.29,-2.42672667066,5.266359139809));
#8433 = VECTOR('',#8434,1.);
#8434 = DIRECTION('',(-2.659992731983E-16,0.996194698092,
    -8.715574274766E-02));
#8435 = ORIENTED_EDGE('',*,*,#8405,.F.);
#8436 = ORIENTED_EDGE('',*,*,#8437,.F.);
#8437 = EDGE_CURVE('',#8438,#8397,#8440,.T.);
#8438 = VERTEX_POINT('',#8439);
#8439 = CARTESIAN_POINT('',(2.29,-3.059561830352,5.572680001548));
#8440 = LINE('',#8441,#8442);
#8441 = CARTESIAN_POINT('',(2.29,-2.404937734973,5.515407814332));
#8442 = VECTOR('',#8443,1.);
#8443 = DIRECTION('',(2.659992731983E-16,-0.996194698092,
    8.715574274766E-02));
#8444 = ORIENTED_EDGE('',*,*,#8445,.T.);
#8445 = EDGE_CURVE('',#8438,#8429,#8446,.T.);
#8446 = LINE('',#8447,#8448);
#8447 = CARTESIAN_POINT('',(2.29,-3.059561830352,5.572680001548));
#8448 = VECTOR('',#8449,1.);
#8449 = DIRECTION('',(-1.086641582115E-18,-8.715574274766E-02,
    -0.996194698092));
#8450 = PLANE('',#8451);
#8451 = AXIS2_PLACEMENT_3D('',#8452,#8453,#8454);
#8452 = CARTESIAN_POINT('',(2.29,-3.853073361412,5.642103264893));
#8453 = DIRECTION('',(1.,2.648923586022E-16,-2.426587080876E-17));
#8454 = DIRECTION('',(-2.426587080876E-17,-7.718683209433E-16,-1.));
#8455 = ADVANCED_FACE('',(#8456),#8481,.F.);
#8456 = FACE_BOUND('',#8457,.T.);
#8457 = EDGE_LOOP('',(#8458,#8466,#8467,#8475));
#8458 = ORIENTED_EDGE('',*,*,#8459,.F.);
#8459 = EDGE_CURVE('',#8429,#8460,#8462,.T.);
#8460 = VERTEX_POINT('',#8461);
#8461 = CARTESIAN_POINT('',(1.89,-2.682872886802,5.288769029926));
#8462 = LINE('',#8463,#8464);
#8463 = CARTESIAN_POINT('',(1.824802019413,-2.617923004215,
    5.283086651503));
#8464 = VECTOR('',#8465,1.);
#8465 = DIRECTION('',(-0.707106781187,0.704416026403,-6.162841671622E-02
    ));
#8466 = ORIENTED_EDGE('',*,*,#8445,.F.);
#8467 = ORIENTED_EDGE('',*,*,#8468,.F.);
#8468 = EDGE_CURVE('',#8469,#8438,#8471,.T.);
#8469 = VERTEX_POINT('',#8470);
#8470 = CARTESIAN_POINT('',(1.89,-2.661083951115,5.537817704449));
#8471 = LINE('',#8472,#8473);
#8472 = CARTESIAN_POINT('',(1.824802019413,-2.596134068528,
    5.532135326026));
#8473 = VECTOR('',#8474,1.);
#8474 = DIRECTION('',(0.707106781187,-0.704416026403,6.162841671622E-02)
  );
#8475 = ORIENTED_EDGE('',*,*,#8476,.F.);
#8476 = EDGE_CURVE('',#8460,#8469,#8477,.T.);
#8477 = LINE('',#8478,#8479);
#8478 = CARTESIAN_POINT('',(1.89,-2.671978418958,5.413293367188));
#8479 = VECTOR('',#8480,1.);
#8480 = DIRECTION('',(1.086641582115E-18,8.715574274766E-02,
    0.996194698092));
#8481 = PLANE('',#8482);
#8482 = AXIS2_PLACEMENT_3D('',#8483,#8484,#8485);
#8483 = CARTESIAN_POINT('',(2.29,-3.059561830352,5.572680001548));
#8484 = DIRECTION('',(0.707106781187,0.704416026403,-6.162841671622E-02)
  );
#8485 = DIRECTION('',(-8.682659386425E-02,-8.105866774151E-16,
    -0.996223440097));
#8486 = ADVANCED_FACE('',(#8487),#8521,.F.);
#8487 = FACE_BOUND('',#8488,.T.);
#8488 = EDGE_LOOP('',(#8489,#8499,#8507,#8515));
#8489 = ORIENTED_EDGE('',*,*,#8490,.F.);
#8490 = EDGE_CURVE('',#8491,#8493,#8495,.T.);
#8491 = VERTEX_POINT('',#8492);
#8492 = CARTESIAN_POINT('',(2.79,-4.24,5.791532469607));
#8493 = VERTEX_POINT('',#8494);
#8494 = CARTESIAN_POINT('',(2.79,-4.24,6.174999998916));
#8495 = LINE('',#8496,#8497);
#8496 = CARTESIAN_POINT('',(2.79,-4.24,4.145006317989));
#8497 = VECTOR('',#8498,1.);
#8498 = DIRECTION('',(-2.648134120021E-16,5.380737588059E-17,1.));
#8499 = ORIENTED_EDGE('',*,*,#8500,.T.);
#8500 = EDGE_CURVE('',#8491,#8501,#8503,.T.);
#8501 = VERTEX_POINT('',#8502);
#8502 = CARTESIAN_POINT('',(2.79,-3.99,5.791532469607));
#8503 = LINE('',#8504,#8505);
#8504 = CARTESIAN_POINT('',(2.79,-4.078875633811,5.791532469607));
#8505 = VECTOR('',#8506,1.);
#8506 = DIRECTION('',(-3.270613655116E-15,1.,-7.718683209433E-16));
#8507 = ORIENTED_EDGE('',*,*,#8508,.F.);
#8508 = EDGE_CURVE('',#8509,#8501,#8511,.T.);
#8509 = VERTEX_POINT('',#8510);
#8510 = CARTESIAN_POINT('',(2.79,-3.99,6.174999998916));
#8511 = LINE('',#8512,#8513);
#8512 = CARTESIAN_POINT('',(2.79,-3.99,4.145006317989));
#8513 = VECTOR('',#8514,1.);
#8514 = DIRECTION('',(2.648134120021E-16,-5.380737588059E-17,-1.));
#8515 = ORIENTED_EDGE('',*,*,#8516,.F.);
#8516 = EDGE_CURVE('',#8493,#8509,#8517,.T.);
#8517 = LINE('',#8518,#8519);
#8518 = CARTESIAN_POINT('',(2.79,-4.115,6.175));
#8519 = VECTOR('',#8520,1.);
#8520 = DIRECTION('',(2.055878745393E-32,1.,2.62113426588E-16));
#8521 = PLANE('',#8522);
#8522 = AXIS2_PLACEMENT_3D('',#8523,#8524,#8525);
#8523 = CARTESIAN_POINT('',(2.79,-3.99,5.791532469607));
#8524 = DIRECTION('',(-1.,8.996993828026E-32,-2.648134120021E-16));
#8525 = DIRECTION('',(-2.648134120021E-16,7.718683209433E-16,1.));
#8526 = ADVANCED_FACE('',(#8527),#8554,.T.);
#8527 = FACE_BOUND('',#8528,.T.);
#8528 = EDGE_LOOP('',(#8529,#8539,#8546,#8547));
#8529 = ORIENTED_EDGE('',*,*,#8530,.F.);
#8530 = EDGE_CURVE('',#8531,#8533,#8535,.T.);
#8531 = VERTEX_POINT('',#8532);
#8532 = CARTESIAN_POINT('',(2.79,-3.853073361412,5.642103264893));
#8533 = VERTEX_POINT('',#8534);
#8534 = CARTESIAN_POINT('',(2.79,-3.874862297099,5.39305459037));
#8535 = LINE('',#8536,#8537);
#8536 = CARTESIAN_POINT('',(2.79,-3.853073361412,5.642103264893));
#8537 = VECTOR('',#8538,1.);
#8538 = DIRECTION('',(-1.086641582115E-18,-8.715574274766E-02,
    -0.996194698092));
#8539 = ORIENTED_EDGE('',*,*,#8540,.F.);
#8540 = EDGE_CURVE('',#8501,#8531,#8541,.T.);
#8541 = CIRCLE('',#8542,0.15);
#8542 = AXIS2_PLACEMENT_3D('',#8543,#8544,#8545);
#8543 = CARTESIAN_POINT('',(2.79,-3.84,5.791532469607));
#8544 = DIRECTION('',(1.,3.270613655116E-15,2.299334522838E-15));
#8545 = DIRECTION('',(2.575637623143E-15,-8.715574274766E-02,
    -0.996194698092));
#8546 = ORIENTED_EDGE('',*,*,#8500,.F.);
#8547 = ORIENTED_EDGE('',*,*,#8548,.F.);
#8548 = EDGE_CURVE('',#8533,#8491,#8549,.T.);
#8549 = CIRCLE('',#8550,0.4);
#8550 = AXIS2_PLACEMENT_3D('',#8551,#8552,#8553);
#8551 = CARTESIAN_POINT('',(2.79,-3.84,5.791532469607));
#8552 = DIRECTION('',(-1.,-3.270613655116E-15,-2.299334522838E-15));
#8553 = DIRECTION('',(2.575637623143E-15,-8.715574274766E-02,
    -0.996194698092));
#8554 = PLANE('',#8555);
#8555 = AXIS2_PLACEMENT_3D('',#8556,#8557,#8558);
#8556 = CARTESIAN_POINT('',(2.79,-4.042751267623,5.605745162513));
#8557 = DIRECTION('',(1.,3.270613655116E-15,2.299334522838E-15));
#8558 = DIRECTION('',(2.299334522838E-15,-7.718683209433E-16,-1.));
#8559 = ADVANCED_FACE('',(#8560),#8594,.F.);
#8560 = FACE_BOUND('',#8561,.T.);
#8561 = EDGE_LOOP('',(#8562,#8572,#8580,#8588));
#8562 = ORIENTED_EDGE('',*,*,#8563,.F.);
#8563 = EDGE_CURVE('',#8564,#8566,#8568,.T.);
#8564 = VERTEX_POINT('',#8565);
#8565 = CARTESIAN_POINT('',(3.19,-2.682872886802,5.288769029926));
#8566 = VERTEX_POINT('',#8567);
#8567 = CARTESIAN_POINT('',(2.79,-3.081350766039,5.323631327025));
#8568 = LINE('',#8569,#8570);
#8569 = CARTESIAN_POINT('',(3.455197980587,-2.418684064597,
    5.265655502953));
#8570 = VECTOR('',#8571,1.);
#8571 = DIRECTION('',(-0.707106781187,-0.704416026403,6.162841671622E-02
    ));
#8572 = ORIENTED_EDGE('',*,*,#8573,.F.);
#8573 = EDGE_CURVE('',#8574,#8564,#8576,.T.);
#8574 = VERTEX_POINT('',#8575);
#8575 = CARTESIAN_POINT('',(3.19,-2.661083951115,5.537817704449));
#8576 = LINE('',#8577,#8578);
#8577 = CARTESIAN_POINT('',(3.19,-2.671978418958,5.413293367188));
#8578 = VECTOR('',#8579,1.);
#8579 = DIRECTION('',(-1.086641582115E-18,-8.715574274766E-02,
    -0.996194698092));
#8580 = ORIENTED_EDGE('',*,*,#8581,.F.);
#8581 = EDGE_CURVE('',#8582,#8574,#8584,.T.);
#8582 = VERTEX_POINT('',#8583);
#8583 = CARTESIAN_POINT('',(2.79,-3.059561830352,5.572680001548));
#8584 = LINE('',#8585,#8586);
#8585 = CARTESIAN_POINT('',(3.455197980587,-2.39689512891,5.514704177476
    ));
#8586 = VECTOR('',#8587,1.);
#8587 = DIRECTION('',(0.707106781187,0.704416026403,-6.162841671622E-02)
  );
#8588 = ORIENTED_EDGE('',*,*,#8589,.T.);
#8589 = EDGE_CURVE('',#8582,#8566,#8590,.T.);
#8590 = LINE('',#8591,#8592);
#8591 = CARTESIAN_POINT('',(2.79,-3.059561830352,5.572680001548));
#8592 = VECTOR('',#8593,1.);
#8593 = DIRECTION('',(-1.086641582115E-18,-8.715574274766E-02,
    -0.996194698092));
#8594 = PLANE('',#8595);
#8595 = AXIS2_PLACEMENT_3D('',#8596,#8597,#8598);
#8596 = CARTESIAN_POINT('',(3.19,-2.661083951115,5.537817704449));
#8597 = DIRECTION('',(-0.707106781187,0.704416026403,-6.162841671622E-02
    ));
#8598 = DIRECTION('',(-8.682659386425E-02,8.105866774151E-16,
    0.996223440097));
#8599 = ADVANCED_FACE('',(#8600),#8616,.F.);
#8600 = FACE_BOUND('',#8601,.T.);
#8601 = EDGE_LOOP('',(#8602,#8608,#8609,#8615));
#8602 = ORIENTED_EDGE('',*,*,#8603,.F.);
#8603 = EDGE_CURVE('',#8566,#8533,#8604,.T.);
#8604 = LINE('',#8605,#8606);
#8605 = CARTESIAN_POINT('',(2.79,-2.02997090513,5.231647508136));
#8606 = VECTOR('',#8607,1.);
#8607 = DIRECTION('',(-2.658091355588E-16,-0.996194698092,
    8.715574274766E-02));
#8608 = ORIENTED_EDGE('',*,*,#8589,.F.);
#8609 = ORIENTED_EDGE('',*,*,#8610,.F.);
#8610 = EDGE_CURVE('',#8531,#8582,#8611,.T.);
#8611 = LINE('',#8612,#8613);
#8612 = CARTESIAN_POINT('',(2.79,-2.008181969443,5.480696182659));
#8613 = VECTOR('',#8614,1.);
#8614 = DIRECTION('',(2.658091355588E-16,0.996194698092,
    -8.715574274766E-02));
#8615 = ORIENTED_EDGE('',*,*,#8530,.T.);
#8616 = PLANE('',#8617);
#8617 = AXIS2_PLACEMENT_3D('',#8618,#8619,#8620);
#8618 = CARTESIAN_POINT('',(2.79,-3.059561830352,5.572680001548));
#8619 = DIRECTION('',(-1.,2.648923586022E-16,-2.208428605591E-17));
#8620 = DIRECTION('',(-2.208428605591E-17,7.718683209433E-16,1.));
#8621 = ADVANCED_FACE('',(#8622),#8647,.T.);
#8622 = FACE_BOUND('',#8623,.T.);
#8623 = EDGE_LOOP('',(#8624,#8625,#8633,#8641));
#8624 = ORIENTED_EDGE('',*,*,#8573,.T.);
#8625 = ORIENTED_EDGE('',*,*,#8626,.F.);
#8626 = EDGE_CURVE('',#8627,#8564,#8629,.T.);
#8627 = VERTEX_POINT('',#8628);
#8628 = CARTESIAN_POINT('',(3.19,-0.386926638588,5.087899761143));
#8629 = LINE('',#8630,#8631);
#8630 = CARTESIAN_POINT('',(3.19,2.68393852147,4.819233872421));
#8631 = VECTOR('',#8632,1.);
#8632 = DIRECTION('',(9.506881975092E-20,-0.996194698092,
    8.715574274766E-02));
#8633 = ORIENTED_EDGE('',*,*,#8634,.T.);
#8634 = EDGE_CURVE('',#8627,#8635,#8637,.T.);
#8635 = VERTEX_POINT('',#8636);
#8636 = CARTESIAN_POINT('',(3.19,-0.365137702901,5.336948435666));
#8637 = LINE('',#8638,#8639);
#8638 = CARTESIAN_POINT('',(3.19,-0.382133072737,5.142690469538));
#8639 = VECTOR('',#8640,1.);
#8640 = DIRECTION('',(1.086641582115E-18,8.715574274766E-02,
    0.996194698092));
#8641 = ORIENTED_EDGE('',*,*,#8642,.T.);
#8642 = EDGE_CURVE('',#8635,#8574,#8643,.T.);
#8643 = LINE('',#8644,#8645);
#8644 = CARTESIAN_POINT('',(3.19,-4.237323353557,5.675720783166));
#8645 = VECTOR('',#8646,1.);
#8646 = DIRECTION('',(9.506881975092E-20,-0.996194698092,
    8.715574274766E-02));
#8647 = PLANE('',#8648);
#8648 = AXIS2_PLACEMENT_3D('',#8649,#8650,#8651);
#8649 = CARTESIAN_POINT('',(3.19,-4.259112289244,5.426672108643));
#8650 = DIRECTION('',(1.,0.,-1.090792376426E-18));
#8651 = DIRECTION('',(1.086641582115E-18,8.715574274766E-02,
    0.996194698092));
#8652 = ADVANCED_FACE('',(#8653),#8680,.F.);
#8653 = FACE_BOUND('',#8654,.T.);
#8654 = EDGE_LOOP('',(#8655,#8656,#8657,#8665,#8671,#8672,#8673,#8674));
#8655 = ORIENTED_EDGE('',*,*,#8428,.T.);
#8656 = ORIENTED_EDGE('',*,*,#8459,.T.);
#8657 = ORIENTED_EDGE('',*,*,#8658,.F.);
#8658 = EDGE_CURVE('',#8659,#8460,#8661,.T.);
#8659 = VERTEX_POINT('',#8660);
#8660 = CARTESIAN_POINT('',(1.89,-0.386926638588,5.087899761143));
#8661 = LINE('',#8662,#8663);
#8662 = CARTESIAN_POINT('',(1.89,2.68393852147,4.819233872421));
#8663 = VECTOR('',#8664,1.);
#8664 = DIRECTION('',(9.506881975092E-20,-0.996194698092,
    8.715574274766E-02));
#8665 = ORIENTED_EDGE('',*,*,#8666,.T.);
#8666 = EDGE_CURVE('',#8659,#8627,#8667,.T.);
#8667 = LINE('',#8668,#8669);
#8668 = CARTESIAN_POINT('',(2.54,-0.386926638588,5.087899761143));
#8669 = VECTOR('',#8670,1.);
#8670 = DIRECTION('',(1.,-4.119648855873E-19,-5.799572565591E-18));
#8671 = ORIENTED_EDGE('',*,*,#8626,.T.);
#8672 = ORIENTED_EDGE('',*,*,#8563,.T.);
#8673 = ORIENTED_EDGE('',*,*,#8603,.T.);
#8674 = ORIENTED_EDGE('',*,*,#8675,.F.);
#8675 = EDGE_CURVE('',#8406,#8533,#8676,.T.);
#8676 = LINE('',#8677,#8678);
#8677 = CARTESIAN_POINT('',(2.54,-3.874862297099,5.39305459037));
#8678 = VECTOR('',#8679,1.);
#8679 = DIRECTION('',(1.,-4.119648855873E-19,-5.799572565591E-18));
#8680 = PLANE('',#8681);
#8681 = AXIS2_PLACEMENT_3D('',#8682,#8683,#8684);
#8682 = CARTESIAN_POINT('',(2.54,-0.978591044221,5.139663689247));
#8683 = DIRECTION('',(5.813408546629E-18,8.715574274766E-02,
    0.996194698092));
#8684 = DIRECTION('',(-1.,4.119648855873E-19,5.799572565591E-18));
#8685 = ADVANCED_FACE('',(#8686),#8702,.F.);
#8686 = FACE_BOUND('',#8687,.F.);
#8687 = EDGE_LOOP('',(#8688,#8694,#8695,#8701));
#8688 = ORIENTED_EDGE('',*,*,#8689,.F.);
#8689 = EDGE_CURVE('',#8531,#8397,#8690,.T.);
#8690 = LINE('',#8691,#8692);
#8691 = CARTESIAN_POINT('',(2.54,-3.853073361412,5.642103264893));
#8692 = VECTOR('',#8693,1.);
#8693 = DIRECTION('',(-1.,-4.119648855873E-19,-3.617987812738E-18));
#8694 = ORIENTED_EDGE('',*,*,#8540,.F.);
#8695 = ORIENTED_EDGE('',*,*,#8696,.T.);
#8696 = EDGE_CURVE('',#8501,#8374,#8697,.T.);
#8697 = LINE('',#8698,#8699);
#8698 = CARTESIAN_POINT('',(2.54,-3.99,5.791532469607));
#8699 = VECTOR('',#8700,1.);
#8700 = DIRECTION('',(-1.,-4.726766964514E-18,1.090792376426E-18));
#8701 = ORIENTED_EDGE('',*,*,#8396,.F.);
#8702 = CYLINDRICAL_SURFACE('',#8703,0.15);
#8703 = AXIS2_PLACEMENT_3D('',#8704,#8705,#8706);
#8704 = CARTESIAN_POINT('',(2.54,-3.84,5.791532469607));
#8705 = DIRECTION('',(-1.,0.,1.090792376426E-18));
#8706 = DIRECTION('',(-1.086641582115E-18,-8.715574274766E-02,
    -0.996194698092));
#8707 = ADVANCED_FACE('',(#8708),#8719,.T.);
#8708 = FACE_BOUND('',#8709,.T.);
#8709 = EDGE_LOOP('',(#8710,#8711,#8717,#8718));
#8710 = ORIENTED_EDGE('',*,*,#8373,.T.);
#8711 = ORIENTED_EDGE('',*,*,#8712,.F.);
#8712 = EDGE_CURVE('',#8509,#8366,#8713,.T.);
#8713 = LINE('',#8714,#8715);
#8714 = CARTESIAN_POINT('',(3.19,-3.99,6.175));
#8715 = VECTOR('',#8716,1.);
#8716 = DIRECTION('',(-1.,0.,1.090792376426E-18));
#8717 = ORIENTED_EDGE('',*,*,#8508,.T.);
#8718 = ORIENTED_EDGE('',*,*,#8696,.T.);
#8719 = PLANE('',#8720);
#8720 = AXIS2_PLACEMENT_3D('',#8721,#8722,#8723);
#8721 = CARTESIAN_POINT('',(2.54,-3.99,2.498480166371));
#8722 = DIRECTION('',(-4.726766964514E-18,1.,-5.380737588059E-17));
#8723 = DIRECTION('',(-1.,-4.726766964514E-18,1.090792376426E-18));
#8724 = ADVANCED_FACE('',(#8725),#8741,.F.);
#8725 = FACE_BOUND('',#8726,.T.);
#8726 = EDGE_LOOP('',(#8727,#8728,#8734,#8735));
#8727 = ORIENTED_EDGE('',*,*,#8355,.T.);
#8728 = ORIENTED_EDGE('',*,*,#8729,.T.);
#8729 = EDGE_CURVE('',#8358,#8491,#8730,.T.);
#8730 = LINE('',#8731,#8732);
#8731 = CARTESIAN_POINT('',(2.54,-4.24,5.791532469607));
#8732 = VECTOR('',#8733,1.);
#8733 = DIRECTION('',(1.,-4.726766964514E-18,-1.090792376426E-18));
#8734 = ORIENTED_EDGE('',*,*,#8490,.T.);
#8735 = ORIENTED_EDGE('',*,*,#8736,.T.);
#8736 = EDGE_CURVE('',#8493,#8356,#8737,.T.);
#8737 = LINE('',#8738,#8739);
#8738 = CARTESIAN_POINT('',(3.19,-4.24,6.175));
#8739 = VECTOR('',#8740,1.);
#8740 = DIRECTION('',(-1.,0.,1.090792376426E-18));
#8741 = PLANE('',#8742);
#8742 = AXIS2_PLACEMENT_3D('',#8743,#8744,#8745);
#8743 = CARTESIAN_POINT('',(2.54,-4.24,2.498480166371));
#8744 = DIRECTION('',(4.726766964514E-18,1.,-5.380737588059E-17));
#8745 = DIRECTION('',(-1.,4.726766964514E-18,1.090792376426E-18));
#8746 = ADVANCED_FACE('',(#8747),#8753,.T.);
#8747 = FACE_BOUND('',#8748,.T.);
#8748 = EDGE_LOOP('',(#8749,#8750,#8751,#8752));
#8749 = ORIENTED_EDGE('',*,*,#8365,.T.);
#8750 = ORIENTED_EDGE('',*,*,#8736,.F.);
#8751 = ORIENTED_EDGE('',*,*,#8516,.T.);
#8752 = ORIENTED_EDGE('',*,*,#8712,.T.);
#8753 = PLANE('',#8754);
#8754 = AXIS2_PLACEMENT_3D('',#8755,#8756,#8757);
#8755 = CARTESIAN_POINT('',(3.19,-4.24,6.175));
#8756 = DIRECTION('',(1.090792376426E-18,-2.62113426588E-16,1.));
#8757 = DIRECTION('',(2.859113274812E-34,1.,2.62113426588E-16));
#8758 = ADVANCED_FACE('',(#8759),#8765,.T.);
#8759 = FACE_BOUND('',#8760,.T.);
#8760 = EDGE_LOOP('',(#8761,#8762,#8763,#8764));
#8761 = ORIENTED_EDGE('',*,*,#8413,.T.);
#8762 = ORIENTED_EDGE('',*,*,#8675,.T.);
#8763 = ORIENTED_EDGE('',*,*,#8548,.T.);
#8764 = ORIENTED_EDGE('',*,*,#8729,.F.);
#8765 = CYLINDRICAL_SURFACE('',#8766,0.4);
#8766 = AXIS2_PLACEMENT_3D('',#8767,#8768,#8769);
#8767 = CARTESIAN_POINT('',(2.54,-3.84,5.791532469607));
#8768 = DIRECTION('',(-1.,0.,1.090792376426E-18));
#8769 = DIRECTION('',(-1.086641582115E-18,-8.715574274766E-02,
    -0.996194698092));
#8770 = ADVANCED_FACE('',(#8771),#8793,.T.);
#8771 = FACE_BOUND('',#8772,.T.);
#8772 = EDGE_LOOP('',(#8773,#8774,#8775,#8776,#8777,#8778,#8786,#8792));
#8773 = ORIENTED_EDGE('',*,*,#8437,.T.);
#8774 = ORIENTED_EDGE('',*,*,#8689,.F.);
#8775 = ORIENTED_EDGE('',*,*,#8610,.T.);
#8776 = ORIENTED_EDGE('',*,*,#8581,.T.);
#8777 = ORIENTED_EDGE('',*,*,#8642,.F.);
#8778 = ORIENTED_EDGE('',*,*,#8779,.T.);
#8779 = EDGE_CURVE('',#8635,#8780,#8782,.T.);
#8780 = VERTEX_POINT('',#8781);
#8781 = CARTESIAN_POINT('',(1.89,-0.365137702901,5.336948435666));
#8782 = LINE('',#8783,#8784);
#8783 = CARTESIAN_POINT('',(2.54,-0.365137702901,5.336948435666));
#8784 = VECTOR('',#8785,1.);
#8785 = DIRECTION('',(-1.,-4.119648855873E-19,-3.617987812738E-18));
#8786 = ORIENTED_EDGE('',*,*,#8787,.F.);
#8787 = EDGE_CURVE('',#8469,#8780,#8788,.T.);
#8788 = LINE('',#8789,#8790);
#8789 = CARTESIAN_POINT('',(1.89,2.705727457156,5.068282546944));
#8790 = VECTOR('',#8791,1.);
#8791 = DIRECTION('',(-9.506881975092E-20,0.996194698092,
    -8.715574274766E-02));
#8792 = ORIENTED_EDGE('',*,*,#8468,.T.);
#8793 = PLANE('',#8794);
#8794 = AXIS2_PLACEMENT_3D('',#8795,#8796,#8797);
#8795 = CARTESIAN_POINT('',(2.54,-0.956802108534,5.38871236377));
#8796 = DIRECTION('',(-3.6401253824E-18,8.715574274766E-02,
    0.996194698092));
#8797 = DIRECTION('',(-1.,-4.119648855873E-19,-3.617987812738E-18));
#8798 = ADVANCED_FACE('',(#8799),#8826,.F.);
#8799 = FACE_BOUND('',#8800,.F.);
#8800 = EDGE_LOOP('',(#8801,#8810,#8818,#8825));
#8801 = ORIENTED_EDGE('',*,*,#8802,.F.);
#8802 = EDGE_CURVE('',#8803,#8627,#8805,.T.);
#8803 = VERTEX_POINT('',#8804);
#8804 = CARTESIAN_POINT('',(3.19,-0.25,4.938470556429));
#8805 = CIRCLE('',#8806,0.15);
#8806 = AXIS2_PLACEMENT_3D('',#8807,#8808,#8809);
#8807 = CARTESIAN_POINT('',(3.19,-0.4,4.938470556429));
#8808 = DIRECTION('',(1.,-4.276423536148E-50,-1.090792376426E-18));
#8809 = DIRECTION('',(1.672375960718E-34,1.,1.53317532911E-16));
#8810 = ORIENTED_EDGE('',*,*,#8811,.F.);
#8811 = EDGE_CURVE('',#8812,#8803,#8814,.T.);
#8812 = VERTEX_POINT('',#8813);
#8813 = CARTESIAN_POINT('',(1.89,-0.25,4.938470556429));
#8814 = LINE('',#8815,#8816);
#8815 = CARTESIAN_POINT('',(2.54,-0.25,4.938470556429));
#8816 = VECTOR('',#8817,1.);
#8817 = DIRECTION('',(1.,-4.726766964514E-18,-1.090792376426E-18));
#8818 = ORIENTED_EDGE('',*,*,#8819,.T.);
#8819 = EDGE_CURVE('',#8812,#8659,#8820,.T.);
#8820 = CIRCLE('',#8821,0.15);
#8821 = AXIS2_PLACEMENT_3D('',#8822,#8823,#8824);
#8822 = CARTESIAN_POINT('',(1.89,-0.4,4.938470556429));
#8823 = DIRECTION('',(1.,-4.276423536148E-50,-1.090792376426E-18));
#8824 = DIRECTION('',(1.672375960718E-34,1.,1.53317532911E-16));
#8825 = ORIENTED_EDGE('',*,*,#8666,.T.);
#8826 = CYLINDRICAL_SURFACE('',#8827,0.15);
#8827 = AXIS2_PLACEMENT_3D('',#8828,#8829,#8830);
#8828 = CARTESIAN_POINT('',(2.54,-0.4,4.938470556429));
#8829 = DIRECTION('',(1.,0.,-1.090792376426E-18));
#8830 = DIRECTION('',(-5.094296254086E-34,1.,-4.670271230513E-16));
#8831 = ADVANCED_FACE('',(#8832),#8856,.T.);
#8832 = FACE_BOUND('',#8833,.T.);
#8833 = EDGE_LOOP('',(#8834,#8840,#8849,#8855));
#8834 = ORIENTED_EDGE('',*,*,#8835,.F.);
#8835 = EDGE_CURVE('',#8780,#8659,#8836,.T.);
#8836 = LINE('',#8837,#8838);
#8837 = CARTESIAN_POINT('',(1.89,-0.382133072737,5.142690469538));
#8838 = VECTOR('',#8839,1.);
#8839 = DIRECTION('',(-1.086641582115E-18,-8.715574274766E-02,
    -0.996194698092));
#8840 = ORIENTED_EDGE('',*,*,#8841,.T.);
#8841 = EDGE_CURVE('',#8780,#8842,#8844,.T.);
#8842 = VERTEX_POINT('',#8843);
#8843 = CARTESIAN_POINT('',(1.89,2.235186280162E-16,4.938470556429));
#8844 = CIRCLE('',#8845,0.4);
#8845 = AXIS2_PLACEMENT_3D('',#8846,#8847,#8848);
#8846 = CARTESIAN_POINT('',(1.89,-0.4,4.938470556429));
#8847 = DIRECTION('',(-1.,0.,1.090792376426E-18));
#8848 = DIRECTION('',(1.086641582115E-18,8.715574274766E-02,
    0.996194698092));
#8849 = ORIENTED_EDGE('',*,*,#8850,.T.);
#8850 = EDGE_CURVE('',#8842,#8812,#8851,.T.);
#8851 = LINE('',#8852,#8853);
#8852 = CARTESIAN_POINT('',(1.89,-0.195,4.938470556429));
#8853 = VECTOR('',#8854,1.);
#8854 = DIRECTION('',(5.094296254086E-34,-1.,4.670271230513E-16));
#8855 = ORIENTED_EDGE('',*,*,#8819,.T.);
#8856 = PLANE('',#8857);
#8857 = AXIS2_PLACEMENT_3D('',#8858,#8859,#8860);
#8858 = CARTESIAN_POINT('',(1.89,-0.365137702901,5.336948435666));
#8859 = DIRECTION('',(-1.,0.,1.090792376426E-18));
#8860 = DIRECTION('',(1.090792376426E-18,7.718683209433E-16,1.));
#8861 = ADVANCED_FACE('',(#8862),#8868,.T.);
#8862 = FACE_BOUND('',#8863,.T.);
#8863 = EDGE_LOOP('',(#8864,#8865,#8866,#8867));
#8864 = ORIENTED_EDGE('',*,*,#8476,.T.);
#8865 = ORIENTED_EDGE('',*,*,#8787,.T.);
#8866 = ORIENTED_EDGE('',*,*,#8835,.T.);
#8867 = ORIENTED_EDGE('',*,*,#8658,.T.);
#8868 = PLANE('',#8869);
#8869 = AXIS2_PLACEMENT_3D('',#8870,#8871,#8872);
#8870 = CARTESIAN_POINT('',(1.89,0.990407534714,4.967398635092));
#8871 = DIRECTION('',(-1.,0.,1.090792376426E-18));
#8872 = DIRECTION('',(-1.086641582115E-18,-8.715574274766E-02,
    -0.996194698092));
#8873 = ADVANCED_FACE('',(#8874),#8906,.T.);
#8874 = FACE_BOUND('',#8875,.T.);
#8875 = EDGE_LOOP('',(#8876,#8884,#8892,#8900));
#8876 = ORIENTED_EDGE('',*,*,#8877,.F.);
#8877 = EDGE_CURVE('',#8878,#8842,#8880,.T.);
#8878 = VERTEX_POINT('',#8879);
#8879 = CARTESIAN_POINT('',(3.19,3.873674013444E-16,4.938470556429));
#8880 = LINE('',#8881,#8882);
#8881 = CARTESIAN_POINT('',(2.54,1.081821784974E-16,4.938470556429));
#8882 = VECTOR('',#8883,1.);
#8883 = DIRECTION('',(-1.,-4.726766964514E-18,1.090792376426E-18));
#8884 = ORIENTED_EDGE('',*,*,#8885,.F.);
#8885 = EDGE_CURVE('',#8886,#8878,#8888,.T.);
#8886 = VERTEX_POINT('',#8887);
#8887 = CARTESIAN_POINT('',(3.19,1.12535690375E-16,4.35));
#8888 = LINE('',#8889,#8890);
#8889 = CARTESIAN_POINT('',(3.19,2.382831637922E-15,9.211165091899));
#8890 = VECTOR('',#8891,1.);
#8891 = DIRECTION('',(1.090792376426E-18,4.670271230513E-16,1.));
#8892 = ORIENTED_EDGE('',*,*,#8893,.T.);
#8893 = EDGE_CURVE('',#8886,#8894,#8896,.T.);
#8894 = VERTEX_POINT('',#8895);
#8895 = CARTESIAN_POINT('',(1.89,-5.13130829532E-17,4.35));
#8896 = LINE('',#8897,#8898);
#8897 = CARTESIAN_POINT('',(2.54,-1.722188593249E-16,4.35));
#8898 = VECTOR('',#8899,1.);
#8899 = DIRECTION('',(-1.,-4.726766964514E-18,1.090792376426E-18));
#8900 = ORIENTED_EDGE('',*,*,#8901,.F.);
#8901 = EDGE_CURVE('',#8842,#8894,#8902,.T.);
#8902 = LINE('',#8903,#8904);
#8903 = CARTESIAN_POINT('',(1.89,-1.035996359385E-15,2.241592955033));
#8904 = VECTOR('',#8905,1.);
#8905 = DIRECTION('',(-1.090792376426E-18,-4.670271230513E-16,-1.));
#8906 = PLANE('',#8907);
#8907 = AXIS2_PLACEMENT_3D('',#8908,#8909,#8910);
#8908 = CARTESIAN_POINT('',(2.54,5.840001780206E-16,5.918112788663));
#8909 = DIRECTION('',(-4.726766964514E-18,1.,-4.828876485942E-16));
#8910 = DIRECTION('',(-1.,-4.726766964514E-18,1.090792376426E-18));
#8911 = ADVANCED_FACE('',(#8912),#8935,.T.);
#8912 = FACE_BOUND('',#8913,.T.);
#8913 = EDGE_LOOP('',(#8914,#8920,#8928,#8934));
#8914 = ORIENTED_EDGE('',*,*,#8915,.F.);
#8915 = EDGE_CURVE('',#8803,#8878,#8916,.T.);
#8916 = LINE('',#8917,#8918);
#8917 = CARTESIAN_POINT('',(3.19,-0.195,4.938470556429));
#8918 = VECTOR('',#8919,1.);
#8919 = DIRECTION('',(-5.094296254086E-34,1.,-4.670271230513E-16));
#8920 = ORIENTED_EDGE('',*,*,#8921,.F.);
#8921 = EDGE_CURVE('',#8922,#8803,#8924,.T.);
#8922 = VERTEX_POINT('',#8923);
#8923 = CARTESIAN_POINT('',(3.19,-0.25,4.35));
#8924 = LINE('',#8925,#8926);
#8925 = CARTESIAN_POINT('',(3.19,-0.25,2.241592955033));
#8926 = VECTOR('',#8927,1.);
#8927 = DIRECTION('',(1.090792376426E-18,4.670271230513E-16,1.));
#8928 = ORIENTED_EDGE('',*,*,#8929,.T.);
#8929 = EDGE_CURVE('',#8922,#8886,#8930,.T.);
#8930 = LINE('',#8931,#8932);
#8931 = CARTESIAN_POINT('',(3.19,-0.195,4.35));
#8932 = VECTOR('',#8933,1.);
#8933 = DIRECTION('',(-5.094296254086E-34,1.,-4.670271230513E-16));
#8934 = ORIENTED_EDGE('',*,*,#8885,.T.);
#8935 = PLANE('',#8936);
#8936 = AXIS2_PLACEMENT_3D('',#8937,#8938,#8939);
#8937 = CARTESIAN_POINT('',(3.19,-0.25,9.211165091899));
#8938 = DIRECTION('',(1.,0.,-1.090792376426E-18));
#8939 = DIRECTION('',(-1.637753057092E-34,1.,-1.501434271532E-16));
#8940 = ADVANCED_FACE('',(#8941),#8953,.T.);
#8941 = FACE_BOUND('',#8942,.T.);
#8942 = EDGE_LOOP('',(#8943,#8944,#8945,#8946));
#8943 = ORIENTED_EDGE('',*,*,#8634,.F.);
#8944 = ORIENTED_EDGE('',*,*,#8802,.F.);
#8945 = ORIENTED_EDGE('',*,*,#8915,.T.);
#8946 = ORIENTED_EDGE('',*,*,#8947,.T.);
#8947 = EDGE_CURVE('',#8878,#8635,#8948,.T.);
#8948 = CIRCLE('',#8949,0.4);
#8949 = AXIS2_PLACEMENT_3D('',#8950,#8951,#8952);
#8950 = CARTESIAN_POINT('',(3.19,-0.4,4.938470556429));
#8951 = DIRECTION('',(1.,4.276423536148E-50,-1.090792376426E-18));
#8952 = DIRECTION('',(2.93385805592E-34,1.,2.689657646428E-16));
#8953 = PLANE('',#8954);
#8954 = AXIS2_PLACEMENT_3D('',#8955,#8956,#8957);
#8955 = CARTESIAN_POINT('',(3.19,-0.386926638588,5.087899761143));
#8956 = DIRECTION('',(1.,0.,-1.090792376426E-18));
#8957 = DIRECTION('',(-1.090792376426E-18,-7.718683209433E-16,-1.));
#8958 = ADVANCED_FACE('',(#8959),#8991,.F.);
#8959 = FACE_BOUND('',#8960,.F.);
#8960 = EDGE_LOOP('',(#8961,#8968,#8976,#8985));
#8961 = ORIENTED_EDGE('',*,*,#8962,.F.);
#8962 = EDGE_CURVE('',#8301,#8922,#8963,.T.);
#8963 = CIRCLE('',#8964,0.15);
#8964 = AXIS2_PLACEMENT_3D('',#8965,#8966,#8967);
#8965 = CARTESIAN_POINT('',(3.19,-0.4,4.35));
#8966 = DIRECTION('',(1.,0.,-1.090792376426E-18));
#8967 = DIRECTION('',(-1.090792376426E-18,-7.718683209433E-16,-1.));
#8968 = ORIENTED_EDGE('',*,*,#8969,.F.);
#8969 = EDGE_CURVE('',#8970,#8301,#8972,.T.);
#8970 = VERTEX_POINT('',#8971);
#8971 = CARTESIAN_POINT('',(1.89,-0.4,4.2));
#8972 = LINE('',#8973,#8974);
#8973 = CARTESIAN_POINT('',(2.54,-0.4,4.2));
#8974 = VECTOR('',#8975,1.);
#8975 = DIRECTION('',(1.,5.066756684725E-33,3.635974588088E-18));
#8976 = ORIENTED_EDGE('',*,*,#8977,.T.);
#8977 = EDGE_CURVE('',#8970,#8978,#8980,.T.);
#8978 = VERTEX_POINT('',#8979);
#8979 = CARTESIAN_POINT('',(1.89,-0.25,4.35));
#8980 = CIRCLE('',#8981,0.15);
#8981 = AXIS2_PLACEMENT_3D('',#8982,#8983,#8984);
#8982 = CARTESIAN_POINT('',(1.89,-0.4,4.35));
#8983 = DIRECTION('',(1.,0.,-1.090792376426E-18));
#8984 = DIRECTION('',(-1.090792376426E-18,-7.718683209433E-16,-1.));
#8985 = ORIENTED_EDGE('',*,*,#8986,.T.);
#8986 = EDGE_CURVE('',#8978,#8922,#8987,.T.);
#8987 = LINE('',#8988,#8989);
#8988 = CARTESIAN_POINT('',(2.54,-0.25,4.35));
#8989 = VECTOR('',#8990,1.);
#8990 = DIRECTION('',(1.,-4.726766964514E-18,-1.090792376426E-18));
#8991 = CYLINDRICAL_SURFACE('',#8992,0.15);
#8992 = AXIS2_PLACEMENT_3D('',#8993,#8994,#8995);
#8993 = CARTESIAN_POINT('',(2.54,-0.4,4.35));
#8994 = DIRECTION('',(1.,0.,-1.090792376426E-18));
#8995 = DIRECTION('',(-1.090792376426E-18,-1.071928597869E-15,-1.));
#8996 = ADVANCED_FACE('',(#8997),#9003,.T.);
#8997 = FACE_BOUND('',#8998,.T.);
#8998 = EDGE_LOOP('',(#8999,#9000,#9001,#9002));
#8999 = ORIENTED_EDGE('',*,*,#8779,.F.);
#9000 = ORIENTED_EDGE('',*,*,#8947,.F.);
#9001 = ORIENTED_EDGE('',*,*,#8877,.T.);
#9002 = ORIENTED_EDGE('',*,*,#8841,.F.);
#9003 = CYLINDRICAL_SURFACE('',#9004,0.4);
#9004 = AXIS2_PLACEMENT_3D('',#9005,#9006,#9007);
#9005 = CARTESIAN_POINT('',(2.54,-0.4,4.938470556429));
#9006 = DIRECTION('',(1.,0.,-1.090792376426E-18));
#9007 = DIRECTION('',(-5.094296254086E-34,1.,-4.670271230513E-16));
#9008 = ADVANCED_FACE('',(#9009),#9031,.T.);
#9009 = FACE_BOUND('',#9010,.T.);
#9010 = EDGE_LOOP('',(#9011,#9017,#9024,#9030));
#9011 = ORIENTED_EDGE('',*,*,#9012,.F.);
#9012 = EDGE_CURVE('',#8894,#8978,#9013,.T.);
#9013 = LINE('',#9014,#9015);
#9014 = CARTESIAN_POINT('',(1.89,-0.195,4.35));
#9015 = VECTOR('',#9016,1.);
#9016 = DIRECTION('',(5.094296254086E-34,-1.,4.670271230513E-16));
#9017 = ORIENTED_EDGE('',*,*,#9018,.T.);
#9018 = EDGE_CURVE('',#8894,#8333,#9019,.T.);
#9019 = CIRCLE('',#9020,0.4);
#9020 = AXIS2_PLACEMENT_3D('',#9021,#9022,#9023);
#9021 = CARTESIAN_POINT('',(1.89,-0.4,4.35));
#9022 = DIRECTION('',(-1.,4.276423536148E-50,1.090792376426E-18));
#9023 = DIRECTION('',(-2.742811372489E-34,1.,-2.514512781502E-16));
#9024 = ORIENTED_EDGE('',*,*,#9025,.T.);
#9025 = EDGE_CURVE('',#8333,#8970,#9026,.T.);
#9026 = LINE('',#9027,#9028);
#9027 = CARTESIAN_POINT('',(1.89,-0.4,4.145));
#9028 = VECTOR('',#9029,1.);
#9029 = DIRECTION('',(1.090792376426E-18,1.071928597869E-15,1.));
#9030 = ORIENTED_EDGE('',*,*,#8977,.T.);
#9031 = PLANE('',#9032);
#9032 = AXIS2_PLACEMENT_3D('',#9033,#9034,#9035);
#9033 = CARTESIAN_POINT('',(1.89,-2.334695207885E-18,4.35));
#9034 = DIRECTION('',(-1.,0.,1.090792376426E-18));
#9035 = DIRECTION('',(1.090792376426E-18,7.718683209433E-16,1.));
#9036 = ADVANCED_FACE('',(#9037),#9048,.T.);
#9037 = FACE_BOUND('',#9038,.T.);
#9038 = EDGE_LOOP('',(#9039,#9040,#9041,#9042));
#9039 = ORIENTED_EDGE('',*,*,#8850,.F.);
#9040 = ORIENTED_EDGE('',*,*,#8901,.T.);
#9041 = ORIENTED_EDGE('',*,*,#9012,.T.);
#9042 = ORIENTED_EDGE('',*,*,#9043,.T.);
#9043 = EDGE_CURVE('',#8978,#8812,#9044,.T.);
#9044 = LINE('',#9045,#9046);
#9045 = CARTESIAN_POINT('',(1.89,-0.25,2.241592955033));
#9046 = VECTOR('',#9047,1.);
#9047 = DIRECTION('',(1.090792376426E-18,4.670271230513E-16,1.));
#9048 = PLANE('',#9049);
#9049 = AXIS2_PLACEMENT_3D('',#9050,#9051,#9052);
#9050 = CARTESIAN_POINT('',(1.89,-0.25,3.941592955033));
#9051 = DIRECTION('',(-1.,0.,1.090792376426E-18));
#9052 = DIRECTION('',(1.821298701944E-34,-1.,1.669702448702E-16));
#9053 = ADVANCED_FACE('',(#9054),#9060,.F.);
#9054 = FACE_BOUND('',#9055,.T.);
#9055 = EDGE_LOOP('',(#9056,#9057,#9058,#9059));
#9056 = ORIENTED_EDGE('',*,*,#8811,.F.);
#9057 = ORIENTED_EDGE('',*,*,#9043,.F.);
#9058 = ORIENTED_EDGE('',*,*,#8986,.T.);
#9059 = ORIENTED_EDGE('',*,*,#8921,.T.);
#9060 = PLANE('',#9061);
#9061 = AXIS2_PLACEMENT_3D('',#9062,#9063,#9064);
#9062 = CARTESIAN_POINT('',(2.54,-0.25,5.918112788663));
#9063 = DIRECTION('',(4.726766964514E-18,1.,-4.828876485942E-16));
#9064 = DIRECTION('',(-1.,4.726766964514E-18,1.090792376426E-18));
#9065 = ADVANCED_FACE('',(#9066),#9077,.T.);
#9066 = FACE_BOUND('',#9067,.T.);
#9067 = EDGE_LOOP('',(#9068,#9069,#9075,#9076));
#9068 = ORIENTED_EDGE('',*,*,#8246,.T.);
#9069 = ORIENTED_EDGE('',*,*,#9070,.T.);
#9070 = EDGE_CURVE('',#8239,#8970,#9071,.T.);
#9071 = LINE('',#9072,#9073);
#9072 = CARTESIAN_POINT('',(1.89,-2.1,4.2));
#9073 = VECTOR('',#9074,1.);
#9074 = DIRECTION('',(-1.169251542629E-33,1.,-1.071928597869E-15));
#9075 = ORIENTED_EDGE('',*,*,#9025,.F.);
#9076 = ORIENTED_EDGE('',*,*,#8332,.T.);
#9077 = PLANE('',#9078);
#9078 = AXIS2_PLACEMENT_3D('',#9079,#9080,#9081);
#9079 = CARTESIAN_POINT('',(1.89,-0.4,4.2));
#9080 = DIRECTION('',(-1.,0.,1.090792376426E-18));
#9081 = DIRECTION('',(1.090792376426E-18,7.718683209433E-16,1.));
#9082 = ADVANCED_FACE('',(#9083),#9094,.T.);
#9083 = FACE_BOUND('',#9084,.T.);
#9084 = EDGE_LOOP('',(#9085,#9086,#9092,#9093));
#9085 = ORIENTED_EDGE('',*,*,#8175,.T.);
#9086 = ORIENTED_EDGE('',*,*,#9087,.T.);
#9087 = EDGE_CURVE('',#8168,#8269,#9088,.T.);
#9088 = LINE('',#9089,#9090);
#9089 = CARTESIAN_POINT('',(3.19,-2.1,4.2));
#9090 = VECTOR('',#9091,1.);
#9091 = DIRECTION('',(-1.,0.,1.090792376426E-18));
#9092 = ORIENTED_EDGE('',*,*,#8268,.T.);
#9093 = ORIENTED_EDGE('',*,*,#8324,.T.);
#9094 = PLANE('',#9095);
#9095 = AXIS2_PLACEMENT_3D('',#9096,#9097,#9098);
#9096 = CARTESIAN_POINT('',(1.89,-2.1,4.2));
#9097 = DIRECTION('',(8.419480800899E-34,-1.,7.718683209433E-16));
#9098 = DIRECTION('',(1.090792376426E-18,7.718683209433E-16,1.));
#9099 = ADVANCED_FACE('',(#9100),#9112,.T.);
#9100 = FACE_BOUND('',#9101,.T.);
#9101 = EDGE_LOOP('',(#9102,#9103,#9104,#9105));
#9102 = ORIENTED_EDGE('',*,*,#8929,.F.);
#9103 = ORIENTED_EDGE('',*,*,#8962,.F.);
#9104 = ORIENTED_EDGE('',*,*,#8300,.T.);
#9105 = ORIENTED_EDGE('',*,*,#9106,.T.);
#9106 = EDGE_CURVE('',#8293,#8886,#9107,.T.);
#9107 = CIRCLE('',#9108,0.4);
#9108 = AXIS2_PLACEMENT_3D('',#9109,#9110,#9111);
#9109 = CARTESIAN_POINT('',(3.19,-0.4,4.35));
#9110 = DIRECTION('',(1.,0.,-1.090792376426E-18));
#9111 = DIRECTION('',(-1.090792376426E-18,-5.983959733456E-16,-1.));
#9112 = PLANE('',#9113);
#9113 = AXIS2_PLACEMENT_3D('',#9114,#9115,#9116);
#9114 = CARTESIAN_POINT('',(3.19,-0.25,4.35));
#9115 = DIRECTION('',(1.,0.,-1.090792376426E-18));
#9116 = DIRECTION('',(-1.090792376426E-18,-7.718683209433E-16,-1.));
#9117 = ADVANCED_FACE('',(#9118),#9124,.T.);
#9118 = FACE_BOUND('',#9119,.T.);
#9119 = EDGE_LOOP('',(#9120,#9121,#9122,#9123));
#9120 = ORIENTED_EDGE('',*,*,#8893,.F.);
#9121 = ORIENTED_EDGE('',*,*,#9106,.F.);
#9122 = ORIENTED_EDGE('',*,*,#8340,.T.);
#9123 = ORIENTED_EDGE('',*,*,#9018,.F.);
#9124 = CYLINDRICAL_SURFACE('',#9125,0.4);
#9125 = AXIS2_PLACEMENT_3D('',#9126,#9127,#9128);
#9126 = CARTESIAN_POINT('',(2.54,-0.4,4.35));
#9127 = DIRECTION('',(1.,0.,-1.090792376426E-18));
#9128 = DIRECTION('',(-1.090792376426E-18,-1.071928597869E-15,-1.));
#9129 = ADVANCED_FACE('',(#9130),#9140,.F.);
#9130 = FACE_BOUND('',#9131,.T.);
#9131 = EDGE_LOOP('',(#9132,#9133,#9134,#9135,#9136,#9137,#9138,#9139));
#9132 = ORIENTED_EDGE('',*,*,#8205,.T.);
#9133 = ORIENTED_EDGE('',*,*,#8308,.T.);
#9134 = ORIENTED_EDGE('',*,*,#8969,.F.);
#9135 = ORIENTED_EDGE('',*,*,#9070,.F.);
#9136 = ORIENTED_EDGE('',*,*,#8238,.T.);
#9137 = ORIENTED_EDGE('',*,*,#8276,.T.);
#9138 = ORIENTED_EDGE('',*,*,#9087,.F.);
#9139 = ORIENTED_EDGE('',*,*,#8167,.T.);
#9140 = PLANE('',#9141);
#9141 = AXIS2_PLACEMENT_3D('',#9142,#9143,#9144);
#9142 = CARTESIAN_POINT('',(2.54,1.576519833629,4.2));
#9143 = DIRECTION('',(3.635974588088E-18,-1.087789123412E-15,-1.));
#9144 = DIRECTION('',(-1.,-3.388012948608E-33,-3.635974588088E-18));
#9145 = ( GEOMETRIC_REPRESENTATION_CONTEXT(3) 
GLOBAL_UNCERTAINTY_ASSIGNED_CONTEXT((#9149)) 
GLOBAL_UNIT_ASSIGNED_CONTEXT((#9146,#9147,#9148)) REPRESENTATION_CONTEXT
('Context #1','3D Context with UNIT and UNCERTAINTY') );
#9146 = ( LENGTH_UNIT() NAMED_UNIT(*) SI_UNIT(.MILLI.,.METRE.) );
#9147 = ( NAMED_UNIT(*) PLANE_ANGLE_UNIT() SI_UNIT($,.RADIAN.) );
#9148 = ( NAMED_UNIT(*) SI_UNIT($,.STERADIAN.) SOLID_ANGLE_UNIT() );
#9149 = UNCERTAINTY_MEASURE_WITH_UNIT(LENGTH_MEASURE(1.E-07),#9146,
  'distance_accuracy_value','confusion accuracy');
#9150 = PRODUCT_RELATED_PRODUCT_CATEGORY('part',$,(#8139));
#9151 = SHAPE_DEFINITION_REPRESENTATION(#9152,#9158);
#9152 = PRODUCT_DEFINITION_SHAPE('','',#9153);
#9153 = PRODUCT_DEFINITION('design','',#9154,#9157);
#9154 = PRODUCT_DEFINITION_FORMATION('','',#9155);
#9155 = PRODUCT('R-78AA-1.0SMD_pin5(+Vout)','R-78AA-1.0SMD_pin5(+Vout)',
  '',(#9156));
#9156 = PRODUCT_CONTEXT('',#2,'mechanical');
#9157 = PRODUCT_DEFINITION_CONTEXT('part definition',#2,'design');
#9158 = ADVANCED_BREP_SHAPE_REPRESENTATION('',(#11,#9159),#10161);
#9159 = MANIFOLD_SOLID_BREP('',#9160);
#9160 = CLOSED_SHELL('',(#9161,#9201,#9232,#9272,#9303,#9334,#9367,#9407
    ,#9440,#9471,#9502,#9542,#9575,#9615,#9637,#9668,#9701,#9723,#9740,
    #9762,#9774,#9786,#9814,#9847,#9877,#9889,#9927,#9956,#9974,#10012,
    #10024,#10052,#10069,#10081,#10098,#10115,#10133,#10145));
#9161 = ADVANCED_FACE('',(#9162),#9196,.F.);
#9162 = FACE_BOUND('',#9163,.T.);
#9163 = EDGE_LOOP('',(#9164,#9174,#9182,#9190));
#9164 = ORIENTED_EDGE('',*,*,#9165,.F.);
#9165 = EDGE_CURVE('',#9166,#9168,#9170,.T.);
#9166 = VERTEX_POINT('',#9167);
#9167 = CARTESIAN_POINT('',(5.33,-0.6,3.95));
#9168 = VERTEX_POINT('',#9169);
#9169 = CARTESIAN_POINT('',(5.33,-2.1,3.95));
#9170 = LINE('',#9171,#9172);
#9171 = CARTESIAN_POINT('',(5.33,0.488259916815,3.95));
#9172 = VECTOR('',#9173,1.);
#9173 = DIRECTION('',(-2.775557561563E-16,-1.,1.087789123412E-15));
#9174 = ORIENTED_EDGE('',*,*,#9175,.T.);
#9175 = EDGE_CURVE('',#9166,#9176,#9178,.T.);
#9176 = VERTEX_POINT('',#9177);
#9177 = CARTESIAN_POINT('',(5.33,-0.6,4.2));
#9178 = LINE('',#9179,#9180);
#9179 = CARTESIAN_POINT('',(5.33,-0.6,3.95));
#9180 = VECTOR('',#9181,1.);
#9181 = DIRECTION('',(1.090792376426E-18,7.718683209433E-16,1.));
#9182 = ORIENTED_EDGE('',*,*,#9183,.F.);
#9183 = EDGE_CURVE('',#9184,#9176,#9186,.T.);
#9184 = VERTEX_POINT('',#9185);
#9185 = CARTESIAN_POINT('',(5.33,-2.1,4.2));
#9186 = LINE('',#9187,#9188);
#9187 = CARTESIAN_POINT('',(5.33,0.488259916815,4.2));
#9188 = VECTOR('',#9189,1.);
#9189 = DIRECTION('',(2.775557561563E-16,1.,-1.087789123412E-15));
#9190 = ORIENTED_EDGE('',*,*,#9191,.F.);
#9191 = EDGE_CURVE('',#9168,#9184,#9192,.T.);
#9192 = LINE('',#9193,#9194);
#9193 = CARTESIAN_POINT('',(5.33,-2.1,4.075));
#9194 = VECTOR('',#9195,1.);
#9195 = DIRECTION('',(1.090792376426E-18,7.718683209433E-16,1.));
#9196 = PLANE('',#9197);
#9197 = AXIS2_PLACEMENT_3D('',#9198,#9199,#9200);
#9198 = CARTESIAN_POINT('',(5.33,-0.6,3.95));
#9199 = DIRECTION('',(-1.,2.775557561563E-16,1.090792376426E-18));
#9200 = DIRECTION('',(-2.775557561563E-16,-1.,1.087789123412E-15));
#9201 = ADVANCED_FACE('',(#9202),#9227,.F.);
#9202 = FACE_BOUND('',#9203,.T.);
#9203 = EDGE_LOOP('',(#9204,#9212,#9220,#9226));
#9204 = ORIENTED_EDGE('',*,*,#9205,.F.);
#9205 = EDGE_CURVE('',#9206,#9166,#9208,.T.);
#9206 = VERTEX_POINT('',#9207);
#9207 = CARTESIAN_POINT('',(5.73,-0.6,3.95));
#9208 = LINE('',#9209,#9210);
#9209 = CARTESIAN_POINT('',(5.405,-0.6,3.95));
#9210 = VECTOR('',#9211,1.);
#9211 = DIRECTION('',(-1.,-3.289585577741E-33,5.817559340941E-18));
#9212 = ORIENTED_EDGE('',*,*,#9213,.F.);
#9213 = EDGE_CURVE('',#9214,#9206,#9216,.T.);
#9214 = VERTEX_POINT('',#9215);
#9215 = CARTESIAN_POINT('',(5.73,-0.6,4.2));
#9216 = LINE('',#9217,#9218);
#9217 = CARTESIAN_POINT('',(5.73,-0.6,4.075));
#9218 = VECTOR('',#9219,1.);
#9219 = DIRECTION('',(-1.090792376426E-18,-7.718683209433E-16,-1.));
#9220 = ORIENTED_EDGE('',*,*,#9221,.F.);
#9221 = EDGE_CURVE('',#9176,#9214,#9222,.T.);
#9222 = LINE('',#9223,#9224);
#9223 = CARTESIAN_POINT('',(5.405,-0.6,4.2));
#9224 = VECTOR('',#9225,1.);
#9225 = DIRECTION('',(1.,1.058646893852E-32,3.635974588088E-18));
#9226 = ORIENTED_EDGE('',*,*,#9175,.F.);
#9227 = PLANE('',#9228);
#9228 = AXIS2_PLACEMENT_3D('',#9229,#9230,#9231);
#9229 = CARTESIAN_POINT('',(5.73,-0.6,3.95));
#9230 = DIRECTION('',(-7.77997533822E-33,1.,-7.718683209433E-16));
#9231 = DIRECTION('',(-1.,-3.289585577741E-33,5.817559340941E-18));
#9232 = ADVANCED_FACE('',(#9233),#9267,.F.);
#9233 = FACE_BOUND('',#9234,.T.);
#9234 = EDGE_LOOP('',(#9235,#9245,#9253,#9261));
#9235 = ORIENTED_EDGE('',*,*,#9236,.F.);
#9236 = EDGE_CURVE('',#9237,#9239,#9241,.T.);
#9237 = VERTEX_POINT('',#9238);
#9238 = CARTESIAN_POINT('',(4.83,-0.6,3.95));
#9239 = VERTEX_POINT('',#9240);
#9240 = CARTESIAN_POINT('',(4.43,-0.6,3.95));
#9241 = LINE('',#9242,#9243);
#9242 = CARTESIAN_POINT('',(4.955,-0.6,3.95));
#9243 = VECTOR('',#9244,1.);
#9244 = DIRECTION('',(-1.,-3.289585577741E-33,5.817559340941E-18));
#9245 = ORIENTED_EDGE('',*,*,#9246,.T.);
#9246 = EDGE_CURVE('',#9237,#9247,#9249,.T.);
#9247 = VERTEX_POINT('',#9248);
#9248 = CARTESIAN_POINT('',(4.83,-0.6,4.2));
#9249 = LINE('',#9250,#9251);
#9250 = CARTESIAN_POINT('',(4.83,-0.6,3.95));
#9251 = VECTOR('',#9252,1.);
#9252 = DIRECTION('',(1.090792376426E-18,7.718683209433E-16,1.));
#9253 = ORIENTED_EDGE('',*,*,#9254,.F.);
#9254 = EDGE_CURVE('',#9255,#9247,#9257,.T.);
#9255 = VERTEX_POINT('',#9256);
#9256 = CARTESIAN_POINT('',(4.43,-0.6,4.2));
#9257 = LINE('',#9258,#9259);
#9258 = CARTESIAN_POINT('',(4.955,-0.6,4.2));
#9259 = VECTOR('',#9260,1.);
#9260 = DIRECTION('',(1.,1.058646893852E-32,3.635974588088E-18));
#9261 = ORIENTED_EDGE('',*,*,#9262,.F.);
#9262 = EDGE_CURVE('',#9239,#9255,#9263,.T.);
#9263 = LINE('',#9264,#9265);
#9264 = CARTESIAN_POINT('',(4.43,-0.6,4.075));
#9265 = VECTOR('',#9266,1.);
#9266 = DIRECTION('',(1.090792376426E-18,7.718683209433E-16,1.));
#9267 = PLANE('',#9268);
#9268 = AXIS2_PLACEMENT_3D('',#9269,#9270,#9271);
#9269 = CARTESIAN_POINT('',(4.83,-0.6,3.95));
#9270 = DIRECTION('',(-7.77997533822E-33,1.,-7.718683209433E-16));
#9271 = DIRECTION('',(-1.,-3.289585577741E-33,5.817559340941E-18));
#9272 = ADVANCED_FACE('',(#9273),#9298,.F.);
#9273 = FACE_BOUND('',#9274,.T.);
#9274 = EDGE_LOOP('',(#9275,#9283,#9291,#9297));
#9275 = ORIENTED_EDGE('',*,*,#9276,.F.);
#9276 = EDGE_CURVE('',#9277,#9237,#9279,.T.);
#9277 = VERTEX_POINT('',#9278);
#9278 = CARTESIAN_POINT('',(4.83,-2.1,3.95));
#9279 = LINE('',#9280,#9281);
#9280 = CARTESIAN_POINT('',(4.83,-0.261740083185,3.95));
#9281 = VECTOR('',#9282,1.);
#9282 = DIRECTION('',(-2.775557561563E-16,1.,-1.087789123412E-15));
#9283 = ORIENTED_EDGE('',*,*,#9284,.F.);
#9284 = EDGE_CURVE('',#9285,#9277,#9287,.T.);
#9285 = VERTEX_POINT('',#9286);
#9286 = CARTESIAN_POINT('',(4.83,-2.1,4.2));
#9287 = LINE('',#9288,#9289);
#9288 = CARTESIAN_POINT('',(4.83,-2.1,4.075));
#9289 = VECTOR('',#9290,1.);
#9290 = DIRECTION('',(-1.090792376426E-18,-7.718683209433E-16,-1.));
#9291 = ORIENTED_EDGE('',*,*,#9292,.F.);
#9292 = EDGE_CURVE('',#9247,#9285,#9293,.T.);
#9293 = LINE('',#9294,#9295);
#9294 = CARTESIAN_POINT('',(4.83,-0.261740083185,4.2));
#9295 = VECTOR('',#9296,1.);
#9296 = DIRECTION('',(2.775557561563E-16,-1.,1.087789123412E-15));
#9297 = ORIENTED_EDGE('',*,*,#9246,.F.);
#9298 = PLANE('',#9299);
#9299 = AXIS2_PLACEMENT_3D('',#9300,#9301,#9302);
#9300 = CARTESIAN_POINT('',(4.83,-2.1,3.95));
#9301 = DIRECTION('',(1.,2.775557561563E-16,-1.090792376427E-18));
#9302 = DIRECTION('',(-2.775557561563E-16,1.,-1.087789123412E-15));
#9303 = ADVANCED_FACE('',(#9304),#9329,.T.);
#9304 = FACE_BOUND('',#9305,.T.);
#9305 = EDGE_LOOP('',(#9306,#9307,#9315,#9323));
#9306 = ORIENTED_EDGE('',*,*,#9213,.T.);
#9307 = ORIENTED_EDGE('',*,*,#9308,.T.);
#9308 = EDGE_CURVE('',#9206,#9309,#9311,.T.);
#9309 = VERTEX_POINT('',#9310);
#9310 = CARTESIAN_POINT('',(5.73,-0.4,3.95));
#9311 = LINE('',#9312,#9313);
#9312 = CARTESIAN_POINT('',(5.73,4.869572136865,3.95));
#9313 = VECTOR('',#9314,1.);
#9314 = DIRECTION('',(-1.169251542629E-33,1.,-1.071928597869E-15));
#9315 = ORIENTED_EDGE('',*,*,#9316,.F.);
#9316 = EDGE_CURVE('',#9317,#9309,#9319,.T.);
#9317 = VERTEX_POINT('',#9318);
#9318 = CARTESIAN_POINT('',(5.73,-0.4,4.2));
#9319 = LINE('',#9320,#9321);
#9320 = CARTESIAN_POINT('',(5.73,-0.4,4.145));
#9321 = VECTOR('',#9322,1.);
#9322 = DIRECTION('',(-1.090792376426E-18,-1.071928597869E-15,-1.));
#9323 = ORIENTED_EDGE('',*,*,#9324,.F.);
#9324 = EDGE_CURVE('',#9214,#9317,#9325,.T.);
#9325 = LINE('',#9326,#9327);
#9326 = CARTESIAN_POINT('',(5.73,-2.1,4.2));
#9327 = VECTOR('',#9328,1.);
#9328 = DIRECTION('',(-1.169251542629E-33,1.,-1.071928597869E-15));
#9329 = PLANE('',#9330);
#9330 = AXIS2_PLACEMENT_3D('',#9331,#9332,#9333);
#9331 = CARTESIAN_POINT('',(5.73,4.869572136865,4.2));
#9332 = DIRECTION('',(1.,0.,-1.090792376426E-18));
#9333 = DIRECTION('',(-1.090792376426E-18,-7.718683209433E-16,-1.));
#9334 = ADVANCED_FACE('',(#9335),#9362,.T.);
#9335 = FACE_BOUND('',#9336,.T.);
#9336 = EDGE_LOOP('',(#9337,#9338,#9339,#9345,#9346,#9347,#9355,#9361));
#9337 = ORIENTED_EDGE('',*,*,#9205,.T.);
#9338 = ORIENTED_EDGE('',*,*,#9165,.T.);
#9339 = ORIENTED_EDGE('',*,*,#9340,.F.);
#9340 = EDGE_CURVE('',#9277,#9168,#9341,.T.);
#9341 = LINE('',#9342,#9343);
#9342 = CARTESIAN_POINT('',(5.73,-2.1,3.95));
#9343 = VECTOR('',#9344,1.);
#9344 = DIRECTION('',(1.,0.,-1.090792376426E-18));
#9345 = ORIENTED_EDGE('',*,*,#9276,.T.);
#9346 = ORIENTED_EDGE('',*,*,#9236,.T.);
#9347 = ORIENTED_EDGE('',*,*,#9348,.F.);
#9348 = EDGE_CURVE('',#9349,#9239,#9351,.T.);
#9349 = VERTEX_POINT('',#9350);
#9350 = CARTESIAN_POINT('',(4.43,-0.4,3.95));
#9351 = LINE('',#9352,#9353);
#9352 = CARTESIAN_POINT('',(4.43,-2.1,3.95));
#9353 = VECTOR('',#9354,1.);
#9354 = DIRECTION('',(1.169251542629E-33,-1.,1.071928597869E-15));
#9355 = ORIENTED_EDGE('',*,*,#9356,.F.);
#9356 = EDGE_CURVE('',#9309,#9349,#9357,.T.);
#9357 = LINE('',#9358,#9359);
#9358 = CARTESIAN_POINT('',(5.08,-0.4,3.95));
#9359 = VECTOR('',#9360,1.);
#9360 = DIRECTION('',(-1.,5.066756684725E-33,5.817559340941E-18));
#9361 = ORIENTED_EDGE('',*,*,#9308,.F.);
#9362 = PLANE('',#9363);
#9363 = AXIS2_PLACEMENT_3D('',#9364,#9365,#9366);
#9364 = CARTESIAN_POINT('',(5.08,1.576519833629,3.95));
#9365 = DIRECTION('',(-5.817559340941E-18,-1.087789123412E-15,-1.));
#9366 = DIRECTION('',(-1.,3.64844168039E-33,5.817559340941E-18));
#9367 = ADVANCED_FACE('',(#9368),#9402,.F.);
#9368 = FACE_BOUND('',#9369,.T.);
#9369 = EDGE_LOOP('',(#9370,#9380,#9388,#9396));
#9370 = ORIENTED_EDGE('',*,*,#9371,.F.);
#9371 = EDGE_CURVE('',#9372,#9374,#9376,.T.);
#9372 = VERTEX_POINT('',#9373);
#9373 = CARTESIAN_POINT('',(4.83,-4.24,6.174999998916));
#9374 = VERTEX_POINT('',#9375);
#9375 = CARTESIAN_POINT('',(4.83,-4.24,5.791532469607));
#9376 = LINE('',#9377,#9378);
#9377 = CARTESIAN_POINT('',(4.83,-4.24,4.336740082643));
#9378 = VECTOR('',#9379,1.);
#9379 = DIRECTION('',(-2.66994996755E-16,-5.380737588059E-17,-1.));
#9380 = ORIENTED_EDGE('',*,*,#9381,.F.);
#9381 = EDGE_CURVE('',#9382,#9372,#9384,.T.);
#9382 = VERTEX_POINT('',#9383);
#9383 = CARTESIAN_POINT('',(4.83,-3.99,6.174999998916));
#9384 = LINE('',#9385,#9386);
#9385 = CARTESIAN_POINT('',(4.83,-4.115,6.175));
#9386 = VECTOR('',#9387,1.);
#9387 = DIRECTION('',(1.998696479897E-32,-1.,-2.62113426588E-16));
#9388 = ORIENTED_EDGE('',*,*,#9389,.F.);
#9389 = EDGE_CURVE('',#9390,#9382,#9392,.T.);
#9390 = VERTEX_POINT('',#9391);
#9391 = CARTESIAN_POINT('',(4.83,-3.99,5.791532469607));
#9392 = LINE('',#9393,#9394);
#9393 = CARTESIAN_POINT('',(4.83,-3.99,4.336740082643));
#9394 = VECTOR('',#9395,1.);
#9395 = DIRECTION('',(2.66994996755E-16,5.380737588059E-17,1.));
#9396 = ORIENTED_EDGE('',*,*,#9397,.T.);
#9397 = EDGE_CURVE('',#9390,#9374,#9398,.T.);
#9398 = LINE('',#9399,#9400);
#9399 = CARTESIAN_POINT('',(4.83,-4.078875633811,5.791532469607));
#9400 = VECTOR('',#9401,1.);
#9401 = DIRECTION('',(-1.260463816602E-14,-1.,7.718683209433E-16));
#9402 = PLANE('',#9403);
#9403 = AXIS2_PLACEMENT_3D('',#9404,#9405,#9406);
#9404 = CARTESIAN_POINT('',(4.83,-3.99,6.174999998916));
#9405 = DIRECTION('',(1.,8.996993828026E-32,-2.66994996755E-16));
#9406 = DIRECTION('',(-2.66994996755E-16,-7.718683209433E-16,-1.));
#9407 = ADVANCED_FACE('',(#9408),#9435,.T.);
#9408 = FACE_BOUND('',#9409,.T.);
#9409 = EDGE_LOOP('',(#9410,#9411,#9420,#9428));
#9410 = ORIENTED_EDGE('',*,*,#9397,.F.);
#9411 = ORIENTED_EDGE('',*,*,#9412,.F.);
#9412 = EDGE_CURVE('',#9413,#9390,#9415,.T.);
#9413 = VERTEX_POINT('',#9414);
#9414 = CARTESIAN_POINT('',(4.83,-3.853073361412,5.642103264893));
#9415 = CIRCLE('',#9416,0.15);
#9416 = AXIS2_PLACEMENT_3D('',#9417,#9418,#9419);
#9417 = CARTESIAN_POINT('',(4.83,-3.84,5.791532469607));
#9418 = DIRECTION('',(-1.,1.260463816602E-14,1.178329365949E-14));
#9419 = DIRECTION('',(-1.283702127106E-14,-8.715574274766E-02,
    -0.996194698092));
#9420 = ORIENTED_EDGE('',*,*,#9421,.T.);
#9421 = EDGE_CURVE('',#9413,#9422,#9424,.T.);
#9422 = VERTEX_POINT('',#9423);
#9423 = CARTESIAN_POINT('',(4.83,-3.874862297099,5.39305459037));
#9424 = LINE('',#9425,#9426);
#9425 = CARTESIAN_POINT('',(4.83,-3.853073361412,5.642103264893));
#9426 = VECTOR('',#9427,1.);
#9427 = DIRECTION('',(-1.086641582115E-18,-8.715574274766E-02,
    -0.996194698092));
#9428 = ORIENTED_EDGE('',*,*,#9429,.F.);
#9429 = EDGE_CURVE('',#9374,#9422,#9430,.T.);
#9430 = CIRCLE('',#9431,0.4);
#9431 = AXIS2_PLACEMENT_3D('',#9432,#9433,#9434);
#9432 = CARTESIAN_POINT('',(4.83,-3.84,5.791532469607));
#9433 = DIRECTION('',(1.,-1.260463816602E-14,-1.178329365949E-14));
#9434 = DIRECTION('',(-1.283702127106E-14,-8.715574274766E-02,
    -0.996194698092));
#9435 = PLANE('',#9436);
#9436 = AXIS2_PLACEMENT_3D('',#9437,#9438,#9439);
#9437 = CARTESIAN_POINT('',(4.83,-4.042751267623,5.605745162513));
#9438 = DIRECTION('',(-1.,1.260463816602E-14,1.178329365949E-14));
#9439 = DIRECTION('',(1.178329365949E-14,7.718683209433E-16,1.));
#9440 = ADVANCED_FACE('',(#9441),#9466,.F.);
#9441 = FACE_BOUND('',#9442,.T.);
#9442 = EDGE_LOOP('',(#9443,#9451,#9452,#9460));
#9443 = ORIENTED_EDGE('',*,*,#9444,.F.);
#9444 = EDGE_CURVE('',#9422,#9445,#9447,.T.);
#9445 = VERTEX_POINT('',#9446);
#9446 = CARTESIAN_POINT('',(4.83,-3.081350766039,5.323631327025));
#9447 = LINE('',#9448,#9449);
#9448 = CARTESIAN_POINT('',(4.83,-2.42672667066,5.266359139809));
#9449 = VECTOR('',#9450,1.);
#9450 = DIRECTION('',(-2.659992731983E-16,0.996194698092,
    -8.715574274766E-02));
#9451 = ORIENTED_EDGE('',*,*,#9421,.F.);
#9452 = ORIENTED_EDGE('',*,*,#9453,.F.);
#9453 = EDGE_CURVE('',#9454,#9413,#9456,.T.);
#9454 = VERTEX_POINT('',#9455);
#9455 = CARTESIAN_POINT('',(4.83,-3.059561830352,5.572680001548));
#9456 = LINE('',#9457,#9458);
#9457 = CARTESIAN_POINT('',(4.83,-2.404937734973,5.515407814332));
#9458 = VECTOR('',#9459,1.);
#9459 = DIRECTION('',(2.659992731983E-16,-0.996194698092,
    8.715574274766E-02));
#9460 = ORIENTED_EDGE('',*,*,#9461,.T.);
#9461 = EDGE_CURVE('',#9454,#9445,#9462,.T.);
#9462 = LINE('',#9463,#9464);
#9463 = CARTESIAN_POINT('',(4.83,-3.059561830352,5.572680001548));
#9464 = VECTOR('',#9465,1.);
#9465 = DIRECTION('',(-1.086641582115E-18,-8.715574274766E-02,
    -0.996194698092));
#9466 = PLANE('',#9467);
#9467 = AXIS2_PLACEMENT_3D('',#9468,#9469,#9470);
#9468 = CARTESIAN_POINT('',(4.83,-3.853073361412,5.642103264893));
#9469 = DIRECTION('',(1.,2.648923586022E-16,-2.426587080876E-17));
#9470 = DIRECTION('',(-2.426587080876E-17,-7.718683209433E-16,-1.));
#9471 = ADVANCED_FACE('',(#9472),#9497,.F.);
#9472 = FACE_BOUND('',#9473,.T.);
#9473 = EDGE_LOOP('',(#9474,#9482,#9483,#9491));
#9474 = ORIENTED_EDGE('',*,*,#9475,.F.);
#9475 = EDGE_CURVE('',#9445,#9476,#9478,.T.);
#9476 = VERTEX_POINT('',#9477);
#9477 = CARTESIAN_POINT('',(4.43,-2.682872886802,5.288769029926));
#9478 = LINE('',#9479,#9480);
#9479 = CARTESIAN_POINT('',(4.364802019413,-2.617923004215,
    5.283086651503));
#9480 = VECTOR('',#9481,1.);
#9481 = DIRECTION('',(-0.707106781187,0.704416026403,-6.162841671622E-02
    ));
#9482 = ORIENTED_EDGE('',*,*,#9461,.F.);
#9483 = ORIENTED_EDGE('',*,*,#9484,.F.);
#9484 = EDGE_CURVE('',#9485,#9454,#9487,.T.);
#9485 = VERTEX_POINT('',#9486);
#9486 = CARTESIAN_POINT('',(4.43,-2.661083951115,5.537817704449));
#9487 = LINE('',#9488,#9489);
#9488 = CARTESIAN_POINT('',(4.364802019413,-2.596134068528,
    5.532135326026));
#9489 = VECTOR('',#9490,1.);
#9490 = DIRECTION('',(0.707106781187,-0.704416026403,6.162841671622E-02)
  );
#9491 = ORIENTED_EDGE('',*,*,#9492,.F.);
#9492 = EDGE_CURVE('',#9476,#9485,#9493,.T.);
#9493 = LINE('',#9494,#9495);
#9494 = CARTESIAN_POINT('',(4.43,-2.671978418958,5.413293367188));
#9495 = VECTOR('',#9496,1.);
#9496 = DIRECTION('',(1.086641582115E-18,8.715574274766E-02,
    0.996194698092));
#9497 = PLANE('',#9498);
#9498 = AXIS2_PLACEMENT_3D('',#9499,#9500,#9501);
#9499 = CARTESIAN_POINT('',(4.83,-3.059561830352,5.572680001548));
#9500 = DIRECTION('',(0.707106781187,0.704416026403,-6.162841671622E-02)
  );
#9501 = DIRECTION('',(-8.682659386425E-02,-8.105866774151E-16,
    -0.996223440097));
#9502 = ADVANCED_FACE('',(#9503),#9537,.F.);
#9503 = FACE_BOUND('',#9504,.T.);
#9504 = EDGE_LOOP('',(#9505,#9515,#9523,#9531));
#9505 = ORIENTED_EDGE('',*,*,#9506,.F.);
#9506 = EDGE_CURVE('',#9507,#9509,#9511,.T.);
#9507 = VERTEX_POINT('',#9508);
#9508 = CARTESIAN_POINT('',(5.33,-4.24,5.791532469607));
#9509 = VERTEX_POINT('',#9510);
#9510 = CARTESIAN_POINT('',(5.33,-4.24,6.174999998916));
#9511 = LINE('',#9512,#9513);
#9512 = CARTESIAN_POINT('',(5.33,-4.24,4.145006317989));
#9513 = VECTOR('',#9514,1.);
#9514 = DIRECTION('',(-2.648134120021E-16,5.380737588059E-17,1.));
#9515 = ORIENTED_EDGE('',*,*,#9516,.T.);
#9516 = EDGE_CURVE('',#9507,#9517,#9519,.T.);
#9517 = VERTEX_POINT('',#9518);
#9518 = CARTESIAN_POINT('',(5.33,-3.99,5.791532469607));
#9519 = LINE('',#9520,#9521);
#9520 = CARTESIAN_POINT('',(5.33,-4.078875633811,5.791532469607));
#9521 = VECTOR('',#9522,1.);
#9522 = DIRECTION('',(-3.270613655116E-15,1.,-7.718683209433E-16));
#9523 = ORIENTED_EDGE('',*,*,#9524,.F.);
#9524 = EDGE_CURVE('',#9525,#9517,#9527,.T.);
#9525 = VERTEX_POINT('',#9526);
#9526 = CARTESIAN_POINT('',(5.33,-3.99,6.174999998916));
#9527 = LINE('',#9528,#9529);
#9528 = CARTESIAN_POINT('',(5.33,-3.99,4.145006317989));
#9529 = VECTOR('',#9530,1.);
#9530 = DIRECTION('',(2.648134120021E-16,-5.380737588059E-17,-1.));
#9531 = ORIENTED_EDGE('',*,*,#9532,.F.);
#9532 = EDGE_CURVE('',#9509,#9525,#9533,.T.);
#9533 = LINE('',#9534,#9535);
#9534 = CARTESIAN_POINT('',(5.33,-4.115,6.175));
#9535 = VECTOR('',#9536,1.);
#9536 = DIRECTION('',(2.055878745393E-32,1.,2.62113426588E-16));
#9537 = PLANE('',#9538);
#9538 = AXIS2_PLACEMENT_3D('',#9539,#9540,#9541);
#9539 = CARTESIAN_POINT('',(5.33,-3.99,5.791532469607));
#9540 = DIRECTION('',(-1.,8.996993828026E-32,-2.648134120021E-16));
#9541 = DIRECTION('',(-2.648134120021E-16,7.718683209433E-16,1.));
#9542 = ADVANCED_FACE('',(#9543),#9570,.T.);
#9543 = FACE_BOUND('',#9544,.T.);
#9544 = EDGE_LOOP('',(#9545,#9555,#9562,#9563));
#9545 = ORIENTED_EDGE('',*,*,#9546,.F.);
#9546 = EDGE_CURVE('',#9547,#9549,#9551,.T.);
#9547 = VERTEX_POINT('',#9548);
#9548 = CARTESIAN_POINT('',(5.33,-3.853073361412,5.642103264893));
#9549 = VERTEX_POINT('',#9550);
#9550 = CARTESIAN_POINT('',(5.33,-3.874862297099,5.39305459037));
#9551 = LINE('',#9552,#9553);
#9552 = CARTESIAN_POINT('',(5.33,-3.853073361412,5.642103264893));
#9553 = VECTOR('',#9554,1.);
#9554 = DIRECTION('',(-1.086641582115E-18,-8.715574274766E-02,
    -0.996194698092));
#9555 = ORIENTED_EDGE('',*,*,#9556,.F.);
#9556 = EDGE_CURVE('',#9517,#9547,#9557,.T.);
#9557 = CIRCLE('',#9558,0.15);
#9558 = AXIS2_PLACEMENT_3D('',#9559,#9560,#9561);
#9559 = CARTESIAN_POINT('',(5.33,-3.84,5.791532469607));
#9560 = DIRECTION('',(1.,3.270613655116E-15,2.299334522838E-15));
#9561 = DIRECTION('',(2.575637623143E-15,-8.715574274766E-02,
    -0.996194698092));
#9562 = ORIENTED_EDGE('',*,*,#9516,.F.);
#9563 = ORIENTED_EDGE('',*,*,#9564,.F.);
#9564 = EDGE_CURVE('',#9549,#9507,#9565,.T.);
#9565 = CIRCLE('',#9566,0.4);
#9566 = AXIS2_PLACEMENT_3D('',#9567,#9568,#9569);
#9567 = CARTESIAN_POINT('',(5.33,-3.84,5.791532469607));
#9568 = DIRECTION('',(-1.,-3.270613655116E-15,-2.299334522838E-15));
#9569 = DIRECTION('',(2.575637623143E-15,-8.715574274766E-02,
    -0.996194698092));
#9570 = PLANE('',#9571);
#9571 = AXIS2_PLACEMENT_3D('',#9572,#9573,#9574);
#9572 = CARTESIAN_POINT('',(5.33,-4.042751267623,5.605745162513));
#9573 = DIRECTION('',(1.,3.270613655116E-15,2.299334522838E-15));
#9574 = DIRECTION('',(2.299334522838E-15,-7.718683209433E-16,-1.));
#9575 = ADVANCED_FACE('',(#9576),#9610,.F.);
#9576 = FACE_BOUND('',#9577,.T.);
#9577 = EDGE_LOOP('',(#9578,#9588,#9596,#9604));
#9578 = ORIENTED_EDGE('',*,*,#9579,.F.);
#9579 = EDGE_CURVE('',#9580,#9582,#9584,.T.);
#9580 = VERTEX_POINT('',#9581);
#9581 = CARTESIAN_POINT('',(5.73,-2.682872886802,5.288769029926));
#9582 = VERTEX_POINT('',#9583);
#9583 = CARTESIAN_POINT('',(5.33,-3.081350766039,5.323631327025));
#9584 = LINE('',#9585,#9586);
#9585 = CARTESIAN_POINT('',(5.995197980587,-2.418684064597,
    5.265655502953));
#9586 = VECTOR('',#9587,1.);
#9587 = DIRECTION('',(-0.707106781187,-0.704416026403,6.162841671622E-02
    ));
#9588 = ORIENTED_EDGE('',*,*,#9589,.F.);
#9589 = EDGE_CURVE('',#9590,#9580,#9592,.T.);
#9590 = VERTEX_POINT('',#9591);
#9591 = CARTESIAN_POINT('',(5.73,-2.661083951115,5.537817704449));
#9592 = LINE('',#9593,#9594);
#9593 = CARTESIAN_POINT('',(5.73,-2.671978418958,5.413293367188));
#9594 = VECTOR('',#9595,1.);
#9595 = DIRECTION('',(-1.086641582115E-18,-8.715574274766E-02,
    -0.996194698092));
#9596 = ORIENTED_EDGE('',*,*,#9597,.F.);
#9597 = EDGE_CURVE('',#9598,#9590,#9600,.T.);
#9598 = VERTEX_POINT('',#9599);
#9599 = CARTESIAN_POINT('',(5.33,-3.059561830352,5.572680001548));
#9600 = LINE('',#9601,#9602);
#9601 = CARTESIAN_POINT('',(5.995197980587,-2.39689512891,5.514704177476
    ));
#9602 = VECTOR('',#9603,1.);
#9603 = DIRECTION('',(0.707106781187,0.704416026403,-6.162841671622E-02)
  );
#9604 = ORIENTED_EDGE('',*,*,#9605,.T.);
#9605 = EDGE_CURVE('',#9598,#9582,#9606,.T.);
#9606 = LINE('',#9607,#9608);
#9607 = CARTESIAN_POINT('',(5.33,-3.059561830352,5.572680001548));
#9608 = VECTOR('',#9609,1.);
#9609 = DIRECTION('',(-1.086641582115E-18,-8.715574274766E-02,
    -0.996194698092));
#9610 = PLANE('',#9611);
#9611 = AXIS2_PLACEMENT_3D('',#9612,#9613,#9614);
#9612 = CARTESIAN_POINT('',(5.73,-2.661083951115,5.537817704449));
#9613 = DIRECTION('',(-0.707106781187,0.704416026403,-6.162841671622E-02
    ));
#9614 = DIRECTION('',(-8.682659386425E-02,8.105866774151E-16,
    0.996223440097));
#9615 = ADVANCED_FACE('',(#9616),#9632,.F.);
#9616 = FACE_BOUND('',#9617,.T.);
#9617 = EDGE_LOOP('',(#9618,#9624,#9625,#9631));
#9618 = ORIENTED_EDGE('',*,*,#9619,.F.);
#9619 = EDGE_CURVE('',#9582,#9549,#9620,.T.);
#9620 = LINE('',#9621,#9622);
#9621 = CARTESIAN_POINT('',(5.33,-2.02997090513,5.231647508136));
#9622 = VECTOR('',#9623,1.);
#9623 = DIRECTION('',(-2.658091355588E-16,-0.996194698092,
    8.715574274766E-02));
#9624 = ORIENTED_EDGE('',*,*,#9605,.F.);
#9625 = ORIENTED_EDGE('',*,*,#9626,.F.);
#9626 = EDGE_CURVE('',#9547,#9598,#9627,.T.);
#9627 = LINE('',#9628,#9629);
#9628 = CARTESIAN_POINT('',(5.33,-2.008181969443,5.480696182659));
#9629 = VECTOR('',#9630,1.);
#9630 = DIRECTION('',(2.658091355588E-16,0.996194698092,
    -8.715574274766E-02));
#9631 = ORIENTED_EDGE('',*,*,#9546,.T.);
#9632 = PLANE('',#9633);
#9633 = AXIS2_PLACEMENT_3D('',#9634,#9635,#9636);
#9634 = CARTESIAN_POINT('',(5.33,-3.059561830352,5.572680001548));
#9635 = DIRECTION('',(-1.,2.648923586022E-16,-2.208428605591E-17));
#9636 = DIRECTION('',(-2.208428605591E-17,7.718683209433E-16,1.));
#9637 = ADVANCED_FACE('',(#9638),#9663,.T.);
#9638 = FACE_BOUND('',#9639,.T.);
#9639 = EDGE_LOOP('',(#9640,#9641,#9649,#9657));
#9640 = ORIENTED_EDGE('',*,*,#9589,.T.);
#9641 = ORIENTED_EDGE('',*,*,#9642,.F.);
#9642 = EDGE_CURVE('',#9643,#9580,#9645,.T.);
#9643 = VERTEX_POINT('',#9644);
#9644 = CARTESIAN_POINT('',(5.73,-0.386926638588,5.087899761143));
#9645 = LINE('',#9646,#9647);
#9646 = CARTESIAN_POINT('',(5.73,2.68393852147,4.819233872421));
#9647 = VECTOR('',#9648,1.);
#9648 = DIRECTION('',(9.506881975092E-20,-0.996194698092,
    8.715574274766E-02));
#9649 = ORIENTED_EDGE('',*,*,#9650,.T.);
#9650 = EDGE_CURVE('',#9643,#9651,#9653,.T.);
#9651 = VERTEX_POINT('',#9652);
#9652 = CARTESIAN_POINT('',(5.73,-0.365137702901,5.336948435666));
#9653 = LINE('',#9654,#9655);
#9654 = CARTESIAN_POINT('',(5.73,-0.382133072737,5.142690469538));
#9655 = VECTOR('',#9656,1.);
#9656 = DIRECTION('',(1.086641582115E-18,8.715574274766E-02,
    0.996194698092));
#9657 = ORIENTED_EDGE('',*,*,#9658,.T.);
#9658 = EDGE_CURVE('',#9651,#9590,#9659,.T.);
#9659 = LINE('',#9660,#9661);
#9660 = CARTESIAN_POINT('',(5.73,-4.237323353557,5.675720783166));
#9661 = VECTOR('',#9662,1.);
#9662 = DIRECTION('',(9.506881975092E-20,-0.996194698092,
    8.715574274766E-02));
#9663 = PLANE('',#9664);
#9664 = AXIS2_PLACEMENT_3D('',#9665,#9666,#9667);
#9665 = CARTESIAN_POINT('',(5.73,-4.259112289244,5.426672108643));
#9666 = DIRECTION('',(1.,0.,-1.090792376426E-18));
#9667 = DIRECTION('',(1.086641582115E-18,8.715574274766E-02,
    0.996194698092));
#9668 = ADVANCED_FACE('',(#9669),#9696,.F.);
#9669 = FACE_BOUND('',#9670,.T.);
#9670 = EDGE_LOOP('',(#9671,#9672,#9673,#9681,#9687,#9688,#9689,#9690));
#9671 = ORIENTED_EDGE('',*,*,#9444,.T.);
#9672 = ORIENTED_EDGE('',*,*,#9475,.T.);
#9673 = ORIENTED_EDGE('',*,*,#9674,.F.);
#9674 = EDGE_CURVE('',#9675,#9476,#9677,.T.);
#9675 = VERTEX_POINT('',#9676);
#9676 = CARTESIAN_POINT('',(4.43,-0.386926638588,5.087899761143));
#9677 = LINE('',#9678,#9679);
#9678 = CARTESIAN_POINT('',(4.43,2.68393852147,4.819233872421));
#9679 = VECTOR('',#9680,1.);
#9680 = DIRECTION('',(9.506881975092E-20,-0.996194698092,
    8.715574274766E-02));
#9681 = ORIENTED_EDGE('',*,*,#9682,.T.);
#9682 = EDGE_CURVE('',#9675,#9643,#9683,.T.);
#9683 = LINE('',#9684,#9685);
#9684 = CARTESIAN_POINT('',(5.08,-0.386926638588,5.087899761143));
#9685 = VECTOR('',#9686,1.);
#9686 = DIRECTION('',(1.,-4.119648855873E-19,-5.799572565591E-18));
#9687 = ORIENTED_EDGE('',*,*,#9642,.T.);
#9688 = ORIENTED_EDGE('',*,*,#9579,.T.);
#9689 = ORIENTED_EDGE('',*,*,#9619,.T.);
#9690 = ORIENTED_EDGE('',*,*,#9691,.F.);
#9691 = EDGE_CURVE('',#9422,#9549,#9692,.T.);
#9692 = LINE('',#9693,#9694);
#9693 = CARTESIAN_POINT('',(5.08,-3.874862297099,5.39305459037));
#9694 = VECTOR('',#9695,1.);
#9695 = DIRECTION('',(1.,-4.119648855873E-19,-5.799572565591E-18));
#9696 = PLANE('',#9697);
#9697 = AXIS2_PLACEMENT_3D('',#9698,#9699,#9700);
#9698 = CARTESIAN_POINT('',(5.08,-0.978591044221,5.139663689247));
#9699 = DIRECTION('',(5.813408546629E-18,8.715574274766E-02,
    0.996194698092));
#9700 = DIRECTION('',(-1.,4.119648855873E-19,5.799572565591E-18));
#9701 = ADVANCED_FACE('',(#9702),#9718,.F.);
#9702 = FACE_BOUND('',#9703,.F.);
#9703 = EDGE_LOOP('',(#9704,#9710,#9711,#9717));
#9704 = ORIENTED_EDGE('',*,*,#9705,.F.);
#9705 = EDGE_CURVE('',#9547,#9413,#9706,.T.);
#9706 = LINE('',#9707,#9708);
#9707 = CARTESIAN_POINT('',(5.08,-3.853073361412,5.642103264893));
#9708 = VECTOR('',#9709,1.);
#9709 = DIRECTION('',(-1.,-4.119648855873E-19,-3.617987812738E-18));
#9710 = ORIENTED_EDGE('',*,*,#9556,.F.);
#9711 = ORIENTED_EDGE('',*,*,#9712,.T.);
#9712 = EDGE_CURVE('',#9517,#9390,#9713,.T.);
#9713 = LINE('',#9714,#9715);
#9714 = CARTESIAN_POINT('',(5.08,-3.99,5.791532469607));
#9715 = VECTOR('',#9716,1.);
#9716 = DIRECTION('',(-1.,-4.726766964514E-18,1.090792376426E-18));
#9717 = ORIENTED_EDGE('',*,*,#9412,.F.);
#9718 = CYLINDRICAL_SURFACE('',#9719,0.15);
#9719 = AXIS2_PLACEMENT_3D('',#9720,#9721,#9722);
#9720 = CARTESIAN_POINT('',(5.08,-3.84,5.791532469607));
#9721 = DIRECTION('',(-1.,0.,1.090792376426E-18));
#9722 = DIRECTION('',(-1.086641582115E-18,-8.715574274766E-02,
    -0.996194698092));
#9723 = ADVANCED_FACE('',(#9724),#9735,.T.);
#9724 = FACE_BOUND('',#9725,.T.);
#9725 = EDGE_LOOP('',(#9726,#9727,#9733,#9734));
#9726 = ORIENTED_EDGE('',*,*,#9389,.T.);
#9727 = ORIENTED_EDGE('',*,*,#9728,.F.);
#9728 = EDGE_CURVE('',#9525,#9382,#9729,.T.);
#9729 = LINE('',#9730,#9731);
#9730 = CARTESIAN_POINT('',(5.73,-3.99,6.175));
#9731 = VECTOR('',#9732,1.);
#9732 = DIRECTION('',(-1.,0.,1.090792376426E-18));
#9733 = ORIENTED_EDGE('',*,*,#9524,.T.);
#9734 = ORIENTED_EDGE('',*,*,#9712,.T.);
#9735 = PLANE('',#9736);
#9736 = AXIS2_PLACEMENT_3D('',#9737,#9738,#9739);
#9737 = CARTESIAN_POINT('',(5.08,-3.99,2.498480166371));
#9738 = DIRECTION('',(-4.726766964514E-18,1.,-5.380737588059E-17));
#9739 = DIRECTION('',(-1.,-4.726766964514E-18,1.090792376426E-18));
#9740 = ADVANCED_FACE('',(#9741),#9757,.F.);
#9741 = FACE_BOUND('',#9742,.T.);
#9742 = EDGE_LOOP('',(#9743,#9744,#9750,#9751));
#9743 = ORIENTED_EDGE('',*,*,#9371,.T.);
#9744 = ORIENTED_EDGE('',*,*,#9745,.T.);
#9745 = EDGE_CURVE('',#9374,#9507,#9746,.T.);
#9746 = LINE('',#9747,#9748);
#9747 = CARTESIAN_POINT('',(5.08,-4.24,5.791532469607));
#9748 = VECTOR('',#9749,1.);
#9749 = DIRECTION('',(1.,-4.726766964514E-18,-1.090792376426E-18));
#9750 = ORIENTED_EDGE('',*,*,#9506,.T.);
#9751 = ORIENTED_EDGE('',*,*,#9752,.T.);
#9752 = EDGE_CURVE('',#9509,#9372,#9753,.T.);
#9753 = LINE('',#9754,#9755);
#9754 = CARTESIAN_POINT('',(5.73,-4.24,6.175));
#9755 = VECTOR('',#9756,1.);
#9756 = DIRECTION('',(-1.,0.,1.090792376426E-18));
#9757 = PLANE('',#9758);
#9758 = AXIS2_PLACEMENT_3D('',#9759,#9760,#9761);
#9759 = CARTESIAN_POINT('',(5.08,-4.24,2.498480166371));
#9760 = DIRECTION('',(4.726766964514E-18,1.,-5.380737588059E-17));
#9761 = DIRECTION('',(-1.,4.726766964514E-18,1.090792376426E-18));
#9762 = ADVANCED_FACE('',(#9763),#9769,.T.);
#9763 = FACE_BOUND('',#9764,.T.);
#9764 = EDGE_LOOP('',(#9765,#9766,#9767,#9768));
#9765 = ORIENTED_EDGE('',*,*,#9381,.T.);
#9766 = ORIENTED_EDGE('',*,*,#9752,.F.);
#9767 = ORIENTED_EDGE('',*,*,#9532,.T.);
#9768 = ORIENTED_EDGE('',*,*,#9728,.T.);
#9769 = PLANE('',#9770);
#9770 = AXIS2_PLACEMENT_3D('',#9771,#9772,#9773);
#9771 = CARTESIAN_POINT('',(5.73,-4.24,6.175));
#9772 = DIRECTION('',(1.090792376426E-18,-2.62113426588E-16,1.));
#9773 = DIRECTION('',(2.859113274812E-34,1.,2.62113426588E-16));
#9774 = ADVANCED_FACE('',(#9775),#9781,.T.);
#9775 = FACE_BOUND('',#9776,.T.);
#9776 = EDGE_LOOP('',(#9777,#9778,#9779,#9780));
#9777 = ORIENTED_EDGE('',*,*,#9429,.T.);
#9778 = ORIENTED_EDGE('',*,*,#9691,.T.);
#9779 = ORIENTED_EDGE('',*,*,#9564,.T.);
#9780 = ORIENTED_EDGE('',*,*,#9745,.F.);
#9781 = CYLINDRICAL_SURFACE('',#9782,0.4);
#9782 = AXIS2_PLACEMENT_3D('',#9783,#9784,#9785);
#9783 = CARTESIAN_POINT('',(5.08,-3.84,5.791532469607));
#9784 = DIRECTION('',(-1.,0.,1.090792376426E-18));
#9785 = DIRECTION('',(-1.086641582115E-18,-8.715574274766E-02,
    -0.996194698092));
#9786 = ADVANCED_FACE('',(#9787),#9809,.T.);
#9787 = FACE_BOUND('',#9788,.T.);
#9788 = EDGE_LOOP('',(#9789,#9790,#9791,#9792,#9793,#9794,#9802,#9808));
#9789 = ORIENTED_EDGE('',*,*,#9453,.T.);
#9790 = ORIENTED_EDGE('',*,*,#9705,.F.);
#9791 = ORIENTED_EDGE('',*,*,#9626,.T.);
#9792 = ORIENTED_EDGE('',*,*,#9597,.T.);
#9793 = ORIENTED_EDGE('',*,*,#9658,.F.);
#9794 = ORIENTED_EDGE('',*,*,#9795,.T.);
#9795 = EDGE_CURVE('',#9651,#9796,#9798,.T.);
#9796 = VERTEX_POINT('',#9797);
#9797 = CARTESIAN_POINT('',(4.43,-0.365137702901,5.336948435666));
#9798 = LINE('',#9799,#9800);
#9799 = CARTESIAN_POINT('',(5.08,-0.365137702901,5.336948435666));
#9800 = VECTOR('',#9801,1.);
#9801 = DIRECTION('',(-1.,-4.119648855873E-19,-3.617987812738E-18));
#9802 = ORIENTED_EDGE('',*,*,#9803,.F.);
#9803 = EDGE_CURVE('',#9485,#9796,#9804,.T.);
#9804 = LINE('',#9805,#9806);
#9805 = CARTESIAN_POINT('',(4.43,2.705727457156,5.068282546944));
#9806 = VECTOR('',#9807,1.);
#9807 = DIRECTION('',(-9.506881975092E-20,0.996194698092,
    -8.715574274766E-02));
#9808 = ORIENTED_EDGE('',*,*,#9484,.T.);
#9809 = PLANE('',#9810);
#9810 = AXIS2_PLACEMENT_3D('',#9811,#9812,#9813);
#9811 = CARTESIAN_POINT('',(5.08,-0.956802108534,5.38871236377));
#9812 = DIRECTION('',(-3.6401253824E-18,8.715574274766E-02,
    0.996194698092));
#9813 = DIRECTION('',(-1.,-4.119648855873E-19,-3.617987812738E-18));
#9814 = ADVANCED_FACE('',(#9815),#9842,.F.);
#9815 = FACE_BOUND('',#9816,.F.);
#9816 = EDGE_LOOP('',(#9817,#9826,#9834,#9841));
#9817 = ORIENTED_EDGE('',*,*,#9818,.F.);
#9818 = EDGE_CURVE('',#9819,#9643,#9821,.T.);
#9819 = VERTEX_POINT('',#9820);
#9820 = CARTESIAN_POINT('',(5.73,-0.25,4.938470556429));
#9821 = CIRCLE('',#9822,0.15);
#9822 = AXIS2_PLACEMENT_3D('',#9823,#9824,#9825);
#9823 = CARTESIAN_POINT('',(5.73,-0.4,4.938470556429));
#9824 = DIRECTION('',(1.,-4.276423536148E-50,-1.090792376426E-18));
#9825 = DIRECTION('',(1.672375960718E-34,1.,1.53317532911E-16));
#9826 = ORIENTED_EDGE('',*,*,#9827,.F.);
#9827 = EDGE_CURVE('',#9828,#9819,#9830,.T.);
#9828 = VERTEX_POINT('',#9829);
#9829 = CARTESIAN_POINT('',(4.43,-0.25,4.938470556429));
#9830 = LINE('',#9831,#9832);
#9831 = CARTESIAN_POINT('',(5.08,-0.25,4.938470556429));
#9832 = VECTOR('',#9833,1.);
#9833 = DIRECTION('',(1.,-4.726766964514E-18,-1.090792376426E-18));
#9834 = ORIENTED_EDGE('',*,*,#9835,.T.);
#9835 = EDGE_CURVE('',#9828,#9675,#9836,.T.);
#9836 = CIRCLE('',#9837,0.15);
#9837 = AXIS2_PLACEMENT_3D('',#9838,#9839,#9840);
#9838 = CARTESIAN_POINT('',(4.43,-0.4,4.938470556429));
#9839 = DIRECTION('',(1.,-4.276423536148E-50,-1.090792376426E-18));
#9840 = DIRECTION('',(1.672375960718E-34,1.,1.53317532911E-16));
#9841 = ORIENTED_EDGE('',*,*,#9682,.T.);
#9842 = CYLINDRICAL_SURFACE('',#9843,0.15);
#9843 = AXIS2_PLACEMENT_3D('',#9844,#9845,#9846);
#9844 = CARTESIAN_POINT('',(5.08,-0.4,4.938470556429));
#9845 = DIRECTION('',(1.,0.,-1.090792376426E-18));
#9846 = DIRECTION('',(-5.094296254086E-34,1.,-4.670271230513E-16));
#9847 = ADVANCED_FACE('',(#9848),#9872,.T.);
#9848 = FACE_BOUND('',#9849,.T.);
#9849 = EDGE_LOOP('',(#9850,#9856,#9865,#9871));
#9850 = ORIENTED_EDGE('',*,*,#9851,.F.);
#9851 = EDGE_CURVE('',#9796,#9675,#9852,.T.);
#9852 = LINE('',#9853,#9854);
#9853 = CARTESIAN_POINT('',(4.43,-0.382133072737,5.142690469538));
#9854 = VECTOR('',#9855,1.);
#9855 = DIRECTION('',(-1.086641582115E-18,-8.715574274766E-02,
    -0.996194698092));
#9856 = ORIENTED_EDGE('',*,*,#9857,.T.);
#9857 = EDGE_CURVE('',#9796,#9858,#9860,.T.);
#9858 = VERTEX_POINT('',#9859);
#9859 = CARTESIAN_POINT('',(4.43,2.235186280162E-16,4.938470556429));
#9860 = CIRCLE('',#9861,0.4);
#9861 = AXIS2_PLACEMENT_3D('',#9862,#9863,#9864);
#9862 = CARTESIAN_POINT('',(4.43,-0.4,4.938470556429));
#9863 = DIRECTION('',(-1.,0.,1.090792376426E-18));
#9864 = DIRECTION('',(1.086641582115E-18,8.715574274766E-02,
    0.996194698092));
#9865 = ORIENTED_EDGE('',*,*,#9866,.T.);
#9866 = EDGE_CURVE('',#9858,#9828,#9867,.T.);
#9867 = LINE('',#9868,#9869);
#9868 = CARTESIAN_POINT('',(4.43,-0.195,4.938470556429));
#9869 = VECTOR('',#9870,1.);
#9870 = DIRECTION('',(5.094296254086E-34,-1.,4.670271230513E-16));
#9871 = ORIENTED_EDGE('',*,*,#9835,.T.);
#9872 = PLANE('',#9873);
#9873 = AXIS2_PLACEMENT_3D('',#9874,#9875,#9876);
#9874 = CARTESIAN_POINT('',(4.43,-0.365137702901,5.336948435666));
#9875 = DIRECTION('',(-1.,0.,1.090792376426E-18));
#9876 = DIRECTION('',(1.090792376426E-18,7.718683209433E-16,1.));
#9877 = ADVANCED_FACE('',(#9878),#9884,.T.);
#9878 = FACE_BOUND('',#9879,.T.);
#9879 = EDGE_LOOP('',(#9880,#9881,#9882,#9883));
#9880 = ORIENTED_EDGE('',*,*,#9492,.T.);
#9881 = ORIENTED_EDGE('',*,*,#9803,.T.);
#9882 = ORIENTED_EDGE('',*,*,#9851,.T.);
#9883 = ORIENTED_EDGE('',*,*,#9674,.T.);
#9884 = PLANE('',#9885);
#9885 = AXIS2_PLACEMENT_3D('',#9886,#9887,#9888);
#9886 = CARTESIAN_POINT('',(4.43,0.990407534714,4.967398635092));
#9887 = DIRECTION('',(-1.,0.,1.090792376426E-18));
#9888 = DIRECTION('',(-1.086641582115E-18,-8.715574274766E-02,
    -0.996194698092));
#9889 = ADVANCED_FACE('',(#9890),#9922,.T.);
#9890 = FACE_BOUND('',#9891,.T.);
#9891 = EDGE_LOOP('',(#9892,#9900,#9908,#9916));
#9892 = ORIENTED_EDGE('',*,*,#9893,.F.);
#9893 = EDGE_CURVE('',#9894,#9858,#9896,.T.);
#9894 = VERTEX_POINT('',#9895);
#9895 = CARTESIAN_POINT('',(5.73,3.873674013444E-16,4.938470556429));
#9896 = LINE('',#9897,#9898);
#9897 = CARTESIAN_POINT('',(5.08,1.081821784974E-16,4.938470556429));
#9898 = VECTOR('',#9899,1.);
#9899 = DIRECTION('',(-1.,-4.726766964514E-18,1.090792376426E-18));
#9900 = ORIENTED_EDGE('',*,*,#9901,.F.);
#9901 = EDGE_CURVE('',#9902,#9894,#9904,.T.);
#9902 = VERTEX_POINT('',#9903);
#9903 = CARTESIAN_POINT('',(5.73,1.12535690375E-16,4.35));
#9904 = LINE('',#9905,#9906);
#9905 = CARTESIAN_POINT('',(5.73,2.382831637922E-15,9.211165091899));
#9906 = VECTOR('',#9907,1.);
#9907 = DIRECTION('',(1.090792376426E-18,4.670271230513E-16,1.));
#9908 = ORIENTED_EDGE('',*,*,#9909,.T.);
#9909 = EDGE_CURVE('',#9902,#9910,#9912,.T.);
#9910 = VERTEX_POINT('',#9911);
#9911 = CARTESIAN_POINT('',(4.43,-5.13130829532E-17,4.35));
#9912 = LINE('',#9913,#9914);
#9913 = CARTESIAN_POINT('',(5.08,-1.722188593249E-16,4.35));
#9914 = VECTOR('',#9915,1.);
#9915 = DIRECTION('',(-1.,-4.726766964514E-18,1.090792376426E-18));
#9916 = ORIENTED_EDGE('',*,*,#9917,.F.);
#9917 = EDGE_CURVE('',#9858,#9910,#9918,.T.);
#9918 = LINE('',#9919,#9920);
#9919 = CARTESIAN_POINT('',(4.43,-1.035996359385E-15,2.241592955033));
#9920 = VECTOR('',#9921,1.);
#9921 = DIRECTION('',(-1.090792376426E-18,-4.670271230513E-16,-1.));
#9922 = PLANE('',#9923);
#9923 = AXIS2_PLACEMENT_3D('',#9924,#9925,#9926);
#9924 = CARTESIAN_POINT('',(5.08,5.840001780206E-16,5.918112788663));
#9925 = DIRECTION('',(-4.726766964514E-18,1.,-4.828876485942E-16));
#9926 = DIRECTION('',(-1.,-4.726766964514E-18,1.090792376426E-18));
#9927 = ADVANCED_FACE('',(#9928),#9951,.T.);
#9928 = FACE_BOUND('',#9929,.T.);
#9929 = EDGE_LOOP('',(#9930,#9936,#9944,#9950));
#9930 = ORIENTED_EDGE('',*,*,#9931,.F.);
#9931 = EDGE_CURVE('',#9819,#9894,#9932,.T.);
#9932 = LINE('',#9933,#9934);
#9933 = CARTESIAN_POINT('',(5.73,-0.195,4.938470556429));
#9934 = VECTOR('',#9935,1.);
#9935 = DIRECTION('',(-5.094296254086E-34,1.,-4.670271230513E-16));
#9936 = ORIENTED_EDGE('',*,*,#9937,.F.);
#9937 = EDGE_CURVE('',#9938,#9819,#9940,.T.);
#9938 = VERTEX_POINT('',#9939);
#9939 = CARTESIAN_POINT('',(5.73,-0.25,4.35));
#9940 = LINE('',#9941,#9942);
#9941 = CARTESIAN_POINT('',(5.73,-0.25,2.241592955033));
#9942 = VECTOR('',#9943,1.);
#9943 = DIRECTION('',(1.090792376426E-18,4.670271230513E-16,1.));
#9944 = ORIENTED_EDGE('',*,*,#9945,.T.);
#9945 = EDGE_CURVE('',#9938,#9902,#9946,.T.);
#9946 = LINE('',#9947,#9948);
#9947 = CARTESIAN_POINT('',(5.73,-0.195,4.35));
#9948 = VECTOR('',#9949,1.);
#9949 = DIRECTION('',(-5.094296254086E-34,1.,-4.670271230513E-16));
#9950 = ORIENTED_EDGE('',*,*,#9901,.T.);
#9951 = PLANE('',#9952);
#9952 = AXIS2_PLACEMENT_3D('',#9953,#9954,#9955);
#9953 = CARTESIAN_POINT('',(5.73,-0.25,9.211165091899));
#9954 = DIRECTION('',(1.,0.,-1.090792376426E-18));
#9955 = DIRECTION('',(-1.637753057092E-34,1.,-1.501434271532E-16));
#9956 = ADVANCED_FACE('',(#9957),#9969,.T.);
#9957 = FACE_BOUND('',#9958,.T.);
#9958 = EDGE_LOOP('',(#9959,#9960,#9961,#9962));
#9959 = ORIENTED_EDGE('',*,*,#9650,.F.);
#9960 = ORIENTED_EDGE('',*,*,#9818,.F.);
#9961 = ORIENTED_EDGE('',*,*,#9931,.T.);
#9962 = ORIENTED_EDGE('',*,*,#9963,.T.);
#9963 = EDGE_CURVE('',#9894,#9651,#9964,.T.);
#9964 = CIRCLE('',#9965,0.4);
#9965 = AXIS2_PLACEMENT_3D('',#9966,#9967,#9968);
#9966 = CARTESIAN_POINT('',(5.73,-0.4,4.938470556429));
#9967 = DIRECTION('',(1.,4.276423536148E-50,-1.090792376426E-18));
#9968 = DIRECTION('',(2.93385805592E-34,1.,2.689657646428E-16));
#9969 = PLANE('',#9970);
#9970 = AXIS2_PLACEMENT_3D('',#9971,#9972,#9973);
#9971 = CARTESIAN_POINT('',(5.73,-0.386926638588,5.087899761143));
#9972 = DIRECTION('',(1.,0.,-1.090792376426E-18));
#9973 = DIRECTION('',(-1.090792376426E-18,-7.718683209433E-16,-1.));
#9974 = ADVANCED_FACE('',(#9975),#10007,.F.);
#9975 = FACE_BOUND('',#9976,.F.);
#9976 = EDGE_LOOP('',(#9977,#9984,#9992,#10001));
#9977 = ORIENTED_EDGE('',*,*,#9978,.F.);
#9978 = EDGE_CURVE('',#9317,#9938,#9979,.T.);
#9979 = CIRCLE('',#9980,0.15);
#9980 = AXIS2_PLACEMENT_3D('',#9981,#9982,#9983);
#9981 = CARTESIAN_POINT('',(5.73,-0.4,4.35));
#9982 = DIRECTION('',(1.,0.,-1.090792376426E-18));
#9983 = DIRECTION('',(-1.090792376426E-18,-7.718683209433E-16,-1.));
#9984 = ORIENTED_EDGE('',*,*,#9985,.F.);
#9985 = EDGE_CURVE('',#9986,#9317,#9988,.T.);
#9986 = VERTEX_POINT('',#9987);
#9987 = CARTESIAN_POINT('',(4.43,-0.4,4.2));
#9988 = LINE('',#9989,#9990);
#9989 = CARTESIAN_POINT('',(5.08,-0.4,4.2));
#9990 = VECTOR('',#9991,1.);
#9991 = DIRECTION('',(1.,5.066756684725E-33,3.635974588088E-18));
#9992 = ORIENTED_EDGE('',*,*,#9993,.T.);
#9993 = EDGE_CURVE('',#9986,#9994,#9996,.T.);
#9994 = VERTEX_POINT('',#9995);
#9995 = CARTESIAN_POINT('',(4.43,-0.25,4.35));
#9996 = CIRCLE('',#9997,0.15);
#9997 = AXIS2_PLACEMENT_3D('',#9998,#9999,#10000);
#9998 = CARTESIAN_POINT('',(4.43,-0.4,4.35));
#9999 = DIRECTION('',(1.,0.,-1.090792376426E-18));
#10000 = DIRECTION('',(-1.090792376426E-18,-7.718683209433E-16,-1.));
#10001 = ORIENTED_EDGE('',*,*,#10002,.T.);
#10002 = EDGE_CURVE('',#9994,#9938,#10003,.T.);
#10003 = LINE('',#10004,#10005);
#10004 = CARTESIAN_POINT('',(5.08,-0.25,4.35));
#10005 = VECTOR('',#10006,1.);
#10006 = DIRECTION('',(1.,-4.726766964514E-18,-1.090792376426E-18));
#10007 = CYLINDRICAL_SURFACE('',#10008,0.15);
#10008 = AXIS2_PLACEMENT_3D('',#10009,#10010,#10011);
#10009 = CARTESIAN_POINT('',(5.08,-0.4,4.35));
#10010 = DIRECTION('',(1.,0.,-1.090792376426E-18));
#10011 = DIRECTION('',(-1.090792376426E-18,-1.071928597869E-15,-1.));
#10012 = ADVANCED_FACE('',(#10013),#10019,.T.);
#10013 = FACE_BOUND('',#10014,.T.);
#10014 = EDGE_LOOP('',(#10015,#10016,#10017,#10018));
#10015 = ORIENTED_EDGE('',*,*,#9795,.F.);
#10016 = ORIENTED_EDGE('',*,*,#9963,.F.);
#10017 = ORIENTED_EDGE('',*,*,#9893,.T.);
#10018 = ORIENTED_EDGE('',*,*,#9857,.F.);
#10019 = CYLINDRICAL_SURFACE('',#10020,0.4);
#10020 = AXIS2_PLACEMENT_3D('',#10021,#10022,#10023);
#10021 = CARTESIAN_POINT('',(5.08,-0.4,4.938470556429));
#10022 = DIRECTION('',(1.,0.,-1.090792376426E-18));
#10023 = DIRECTION('',(-5.094296254086E-34,1.,-4.670271230513E-16));
#10024 = ADVANCED_FACE('',(#10025),#10047,.T.);
#10025 = FACE_BOUND('',#10026,.T.);
#10026 = EDGE_LOOP('',(#10027,#10033,#10040,#10046));
#10027 = ORIENTED_EDGE('',*,*,#10028,.F.);
#10028 = EDGE_CURVE('',#9910,#9994,#10029,.T.);
#10029 = LINE('',#10030,#10031);
#10030 = CARTESIAN_POINT('',(4.43,-0.195,4.35));
#10031 = VECTOR('',#10032,1.);
#10032 = DIRECTION('',(5.094296254086E-34,-1.,4.670271230513E-16));
#10033 = ORIENTED_EDGE('',*,*,#10034,.T.);
#10034 = EDGE_CURVE('',#9910,#9349,#10035,.T.);
#10035 = CIRCLE('',#10036,0.4);
#10036 = AXIS2_PLACEMENT_3D('',#10037,#10038,#10039);
#10037 = CARTESIAN_POINT('',(4.43,-0.4,4.35));
#10038 = DIRECTION('',(-1.,4.276423536148E-50,1.090792376426E-18));
#10039 = DIRECTION('',(-2.742811372489E-34,1.,-2.514512781502E-16));
#10040 = ORIENTED_EDGE('',*,*,#10041,.T.);
#10041 = EDGE_CURVE('',#9349,#9986,#10042,.T.);
#10042 = LINE('',#10043,#10044);
#10043 = CARTESIAN_POINT('',(4.43,-0.4,4.145));
#10044 = VECTOR('',#10045,1.);
#10045 = DIRECTION('',(1.090792376426E-18,1.071928597869E-15,1.));
#10046 = ORIENTED_EDGE('',*,*,#9993,.T.);
#10047 = PLANE('',#10048);
#10048 = AXIS2_PLACEMENT_3D('',#10049,#10050,#10051);
#10049 = CARTESIAN_POINT('',(4.43,-2.334695207885E-18,4.35));
#10050 = DIRECTION('',(-1.,0.,1.090792376426E-18));
#10051 = DIRECTION('',(1.090792376426E-18,7.718683209433E-16,1.));
#10052 = ADVANCED_FACE('',(#10053),#10064,.T.);
#10053 = FACE_BOUND('',#10054,.T.);
#10054 = EDGE_LOOP('',(#10055,#10056,#10057,#10058));
#10055 = ORIENTED_EDGE('',*,*,#9866,.F.);
#10056 = ORIENTED_EDGE('',*,*,#9917,.T.);
#10057 = ORIENTED_EDGE('',*,*,#10028,.T.);
#10058 = ORIENTED_EDGE('',*,*,#10059,.T.);
#10059 = EDGE_CURVE('',#9994,#9828,#10060,.T.);
#10060 = LINE('',#10061,#10062);
#10061 = CARTESIAN_POINT('',(4.43,-0.25,2.241592955033));
#10062 = VECTOR('',#10063,1.);
#10063 = DIRECTION('',(1.090792376426E-18,4.670271230513E-16,1.));
#10064 = PLANE('',#10065);
#10065 = AXIS2_PLACEMENT_3D('',#10066,#10067,#10068);
#10066 = CARTESIAN_POINT('',(4.43,-0.25,3.941592955033));
#10067 = DIRECTION('',(-1.,0.,1.090792376426E-18));
#10068 = DIRECTION('',(1.821298701944E-34,-1.,1.669702448702E-16));
#10069 = ADVANCED_FACE('',(#10070),#10076,.F.);
#10070 = FACE_BOUND('',#10071,.T.);
#10071 = EDGE_LOOP('',(#10072,#10073,#10074,#10075));
#10072 = ORIENTED_EDGE('',*,*,#9827,.F.);
#10073 = ORIENTED_EDGE('',*,*,#10059,.F.);
#10074 = ORIENTED_EDGE('',*,*,#10002,.T.);
#10075 = ORIENTED_EDGE('',*,*,#9937,.T.);
#10076 = PLANE('',#10077);
#10077 = AXIS2_PLACEMENT_3D('',#10078,#10079,#10080);
#10078 = CARTESIAN_POINT('',(5.08,-0.25,5.918112788663));
#10079 = DIRECTION('',(4.726766964514E-18,1.,-4.828876485942E-16));
#10080 = DIRECTION('',(-1.,4.726766964514E-18,1.090792376426E-18));
#10081 = ADVANCED_FACE('',(#10082),#10093,.T.);
#10082 = FACE_BOUND('',#10083,.T.);
#10083 = EDGE_LOOP('',(#10084,#10085,#10091,#10092));
#10084 = ORIENTED_EDGE('',*,*,#9262,.T.);
#10085 = ORIENTED_EDGE('',*,*,#10086,.T.);
#10086 = EDGE_CURVE('',#9255,#9986,#10087,.T.);
#10087 = LINE('',#10088,#10089);
#10088 = CARTESIAN_POINT('',(4.43,-2.1,4.2));
#10089 = VECTOR('',#10090,1.);
#10090 = DIRECTION('',(-1.169251542629E-33,1.,-1.071928597869E-15));
#10091 = ORIENTED_EDGE('',*,*,#10041,.F.);
#10092 = ORIENTED_EDGE('',*,*,#9348,.T.);
#10093 = PLANE('',#10094);
#10094 = AXIS2_PLACEMENT_3D('',#10095,#10096,#10097);
#10095 = CARTESIAN_POINT('',(4.43,-0.4,4.2));
#10096 = DIRECTION('',(-1.,0.,1.090792376426E-18));
#10097 = DIRECTION('',(1.090792376426E-18,7.718683209433E-16,1.));
#10098 = ADVANCED_FACE('',(#10099),#10110,.T.);
#10099 = FACE_BOUND('',#10100,.T.);
#10100 = EDGE_LOOP('',(#10101,#10102,#10108,#10109));
#10101 = ORIENTED_EDGE('',*,*,#9191,.T.);
#10102 = ORIENTED_EDGE('',*,*,#10103,.T.);
#10103 = EDGE_CURVE('',#9184,#9285,#10104,.T.);
#10104 = LINE('',#10105,#10106);
#10105 = CARTESIAN_POINT('',(5.73,-2.1,4.2));
#10106 = VECTOR('',#10107,1.);
#10107 = DIRECTION('',(-1.,0.,1.090792376426E-18));
#10108 = ORIENTED_EDGE('',*,*,#9284,.T.);
#10109 = ORIENTED_EDGE('',*,*,#9340,.T.);
#10110 = PLANE('',#10111);
#10111 = AXIS2_PLACEMENT_3D('',#10112,#10113,#10114);
#10112 = CARTESIAN_POINT('',(4.43,-2.1,4.2));
#10113 = DIRECTION('',(8.419480800899E-34,-1.,7.718683209433E-16));
#10114 = DIRECTION('',(1.090792376426E-18,7.718683209433E-16,1.));
#10115 = ADVANCED_FACE('',(#10116),#10128,.T.);
#10116 = FACE_BOUND('',#10117,.T.);
#10117 = EDGE_LOOP('',(#10118,#10119,#10120,#10121));
#10118 = ORIENTED_EDGE('',*,*,#9945,.F.);
#10119 = ORIENTED_EDGE('',*,*,#9978,.F.);
#10120 = ORIENTED_EDGE('',*,*,#9316,.T.);
#10121 = ORIENTED_EDGE('',*,*,#10122,.T.);
#10122 = EDGE_CURVE('',#9309,#9902,#10123,.T.);
#10123 = CIRCLE('',#10124,0.4);
#10124 = AXIS2_PLACEMENT_3D('',#10125,#10126,#10127);
#10125 = CARTESIAN_POINT('',(5.73,-0.4,4.35));
#10126 = DIRECTION('',(1.,0.,-1.090792376426E-18));
#10127 = DIRECTION('',(-1.090792376426E-18,-5.983959733456E-16,-1.));
#10128 = PLANE('',#10129);
#10129 = AXIS2_PLACEMENT_3D('',#10130,#10131,#10132);
#10130 = CARTESIAN_POINT('',(5.73,-0.25,4.35));
#10131 = DIRECTION('',(1.,0.,-1.090792376426E-18));
#10132 = DIRECTION('',(-1.090792376426E-18,-7.718683209433E-16,-1.));
#10133 = ADVANCED_FACE('',(#10134),#10140,.T.);
#10134 = FACE_BOUND('',#10135,.T.);
#10135 = EDGE_LOOP('',(#10136,#10137,#10138,#10139));
#10136 = ORIENTED_EDGE('',*,*,#9909,.F.);
#10137 = ORIENTED_EDGE('',*,*,#10122,.F.);
#10138 = ORIENTED_EDGE('',*,*,#9356,.T.);
#10139 = ORIENTED_EDGE('',*,*,#10034,.F.);
#10140 = CYLINDRICAL_SURFACE('',#10141,0.4);
#10141 = AXIS2_PLACEMENT_3D('',#10142,#10143,#10144);
#10142 = CARTESIAN_POINT('',(5.08,-0.4,4.35));
#10143 = DIRECTION('',(1.,0.,-1.090792376426E-18));
#10144 = DIRECTION('',(-1.090792376426E-18,-1.071928597869E-15,-1.));
#10145 = ADVANCED_FACE('',(#10146),#10156,.F.);
#10146 = FACE_BOUND('',#10147,.T.);
#10147 = EDGE_LOOP('',(#10148,#10149,#10150,#10151,#10152,#10153,#10154,
    #10155));
#10148 = ORIENTED_EDGE('',*,*,#9221,.T.);
#10149 = ORIENTED_EDGE('',*,*,#9324,.T.);
#10150 = ORIENTED_EDGE('',*,*,#9985,.F.);
#10151 = ORIENTED_EDGE('',*,*,#10086,.F.);
#10152 = ORIENTED_EDGE('',*,*,#9254,.T.);
#10153 = ORIENTED_EDGE('',*,*,#9292,.T.);
#10154 = ORIENTED_EDGE('',*,*,#10103,.F.);
#10155 = ORIENTED_EDGE('',*,*,#9183,.T.);
#10156 = PLANE('',#10157);
#10157 = AXIS2_PLACEMENT_3D('',#10158,#10159,#10160);
#10158 = CARTESIAN_POINT('',(5.08,1.576519833629,4.2));
#10159 = DIRECTION('',(3.635974588088E-18,-1.087789123412E-15,-1.));
#10160 = DIRECTION('',(-1.,-3.388012948608E-33,-3.635974588088E-18));
#10161 = ( GEOMETRIC_REPRESENTATION_CONTEXT(3) 
GLOBAL_UNCERTAINTY_ASSIGNED_CONTEXT((#10165)) 
GLOBAL_UNIT_ASSIGNED_CONTEXT((#10162,#10163,#10164)) 
REPRESENTATION_CONTEXT('Context #1',
  '3D Context with UNIT and UNCERTAINTY') );
#10162 = ( LENGTH_UNIT() NAMED_UNIT(*) SI_UNIT(.MILLI.,.METRE.) );
#10163 = ( NAMED_UNIT(*) PLANE_ANGLE_UNIT() SI_UNIT($,.RADIAN.) );
#10164 = ( NAMED_UNIT(*) SI_UNIT($,.STERADIAN.) SOLID_ANGLE_UNIT() );
#10165 = UNCERTAINTY_MEASURE_WITH_UNIT(LENGTH_MEASURE(1.E-07),#10162,
  'distance_accuracy_value','confusion accuracy');
#10166 = PRODUCT_RELATED_PRODUCT_CATEGORY('part',$,(#9155));
#10167 = SHAPE_DEFINITION_REPRESENTATION(#10168,#10174);
#10168 = PRODUCT_DEFINITION_SHAPE('','',#10169);
#10169 = PRODUCT_DEFINITION('design','',#10170,#10173);
#10170 = PRODUCT_DEFINITION_FORMATION('','',#10171);
#10171 = PRODUCT('R-78AA-1.0SMD_case','R-78AA-1.0SMD_case','',(#10172));
#10172 = PRODUCT_CONTEXT('',#2,'mechanical');
#10173 = PRODUCT_DEFINITION_CONTEXT('part definition',#2,'design');
#10174 = ADVANCED_BREP_SHAPE_REPRESENTATION('',(#11,#10175),#15349);
#10175 = MANIFOLD_SOLID_BREP('',#10176);
#10176 = CLOSED_SHELL('',(#10177,#10217,#10257,#10279,#10301,#10334,
    #10367,#10384,#10415,#10432,#10463,#10494,#10525,#10560,#10584,
    #10612,#10629,#10669,#10709,#10731,#10753,#10786,#10819,#10836,
    #10867,#10884,#10915,#10946,#10977,#11012,#11036,#11064,#11081,
    #11121,#11161,#11183,#11205,#11238,#11271,#11288,#11319,#11336,
    #11367,#11398,#11429,#11464,#11488,#11516,#11533,#11573,#11613,
    #11635,#11657,#11690,#11723,#11740,#11771,#11788,#11819,#11850,
    #11881,#11916,#11940,#11968,#11985,#12025,#12065,#12087,#12109,
    #12142,#12175,#12192,#12223,#12240,#12271,#12302,#12333,#12368,
    #12392,#12420,#12437,#12477,#12517,#12539,#12561,#12594,#12627,
    #12644,#12675,#12692,#12723,#12754,#12785,#12820,#12844,#12872,
    #12889,#12929,#12969,#12991,#13013,#13046,#13079,#13096,#13127,
    #13144,#13175,#13206,#13237,#13272,#13296,#13324,#13341,#13381,
    #13421,#13443,#13465,#13498,#13531,#13548,#13579,#13596,#13627,
    #13658,#13689,#13724,#13748,#13776,#13793,#13833,#13896,#13936,
    #13967,#13991,#14022,#14046,#14070,#14101,#14123,#14154,#14177,
    #14194,#14212,#14224,#14245,#14285,#14348,#14388,#14419,#14443,
    #14474,#14498,#14522,#14553,#14575,#14606,#14629,#14646,#14664,
    #14676,#14697,#14737,#14777,#14799,#14848,#14897,#14958,#15005,
    #15059,#15099,#15178,#15202,#15274,#15291,#15313,#15337));
#10177 = ADVANCED_FACE('',(#10178),#10212,.F.);
#10178 = FACE_BOUND('',#10179,.T.);
#10179 = EDGE_LOOP('',(#10180,#10190,#10198,#10206));
#10180 = ORIENTED_EDGE('',*,*,#10181,.F.);
#10181 = EDGE_CURVE('',#10182,#10184,#10186,.T.);
#10182 = VERTEX_POINT('',#10183);
#10183 = CARTESIAN_POINT('',(5.73,3.025308154345E-16,4.756818181818));
#10184 = VERTEX_POINT('',#10185);
#10185 = CARTESIAN_POINT('',(5.73,-0.25,4.759659090909));
#10186 = LINE('',#10187,#10188);
#10187 = CARTESIAN_POINT('',(5.73,-2.050289382059,4.780116924796));
#10188 = VECTOR('',#10189,1.);
#10189 = DIRECTION('',(1.239456767068E-20,-0.999935440137,
    1.136290272883E-02));
#10190 = ORIENTED_EDGE('',*,*,#10191,.F.);
#10191 = EDGE_CURVE('',#10192,#10182,#10194,.T.);
#10192 = VERTEX_POINT('',#10193);
#10193 = CARTESIAN_POINT('',(5.73,1.12535690375E-16,4.35));
#10194 = LINE('',#10195,#10196);
#10195 = CARTESIAN_POINT('',(5.73,2.382831637922E-15,9.211165091899));
#10196 = VECTOR('',#10197,1.);
#10197 = DIRECTION('',(1.090792376426E-18,4.670271230513E-16,1.));
#10198 = ORIENTED_EDGE('',*,*,#10199,.F.);
#10199 = EDGE_CURVE('',#10200,#10192,#10202,.T.);
#10200 = VERTEX_POINT('',#10201);
#10201 = CARTESIAN_POINT('',(5.73,-0.25,4.35));
#10202 = LINE('',#10203,#10204);
#10203 = CARTESIAN_POINT('',(5.73,-0.195,4.35));
#10204 = VECTOR('',#10205,1.);
#10205 = DIRECTION('',(-5.094296254086E-34,1.,-4.670271230513E-16));
#10206 = ORIENTED_EDGE('',*,*,#10207,.T.);
#10207 = EDGE_CURVE('',#10200,#10184,#10208,.T.);
#10208 = LINE('',#10209,#10210);
#10209 = CARTESIAN_POINT('',(5.73,-0.25,2.241592955033));
#10210 = VECTOR('',#10211,1.);
#10211 = DIRECTION('',(1.090792376426E-18,4.670271230513E-16,1.));
#10212 = PLANE('',#10213);
#10213 = AXIS2_PLACEMENT_3D('',#10214,#10215,#10216);
#10214 = CARTESIAN_POINT('',(5.73,-0.25,9.211165091899));
#10215 = DIRECTION('',(1.,0.,-1.090792376426E-18));
#10216 = DIRECTION('',(-1.937636498231E-34,1.,-1.7763568394E-16));
#10217 = ADVANCED_FACE('',(#10218),#10252,.F.);
#10218 = FACE_BOUND('',#10219,.T.);
#10219 = EDGE_LOOP('',(#10220,#10230,#10238,#10246));
#10220 = ORIENTED_EDGE('',*,*,#10221,.F.);
#10221 = EDGE_CURVE('',#10222,#10224,#10226,.T.);
#10222 = VERTEX_POINT('',#10223);
#10223 = CARTESIAN_POINT('',(4.43,-0.25,4.759659090909));
#10224 = VERTEX_POINT('',#10225);
#10225 = CARTESIAN_POINT('',(4.43,1.386820421063E-16,4.756818181818));
#10226 = LINE('',#10227,#10228);
#10227 = CARTESIAN_POINT('',(4.43,-2.020352497098,4.779776732922));
#10228 = VECTOR('',#10229,1.);
#10229 = DIRECTION('',(-1.239456767068E-20,0.999935440137,
    -1.136290272883E-02));
#10230 = ORIENTED_EDGE('',*,*,#10231,.F.);
#10231 = EDGE_CURVE('',#10232,#10222,#10234,.T.);
#10232 = VERTEX_POINT('',#10233);
#10233 = CARTESIAN_POINT('',(4.43,-0.25,4.35));
#10234 = LINE('',#10235,#10236);
#10235 = CARTESIAN_POINT('',(4.43,-0.25,2.241592955033));
#10236 = VECTOR('',#10237,1.);
#10237 = DIRECTION('',(1.090792376426E-18,4.670271230513E-16,1.));
#10238 = ORIENTED_EDGE('',*,*,#10239,.F.);
#10239 = EDGE_CURVE('',#10240,#10232,#10242,.T.);
#10240 = VERTEX_POINT('',#10241);
#10241 = CARTESIAN_POINT('',(4.43,-5.13130829532E-17,4.35));
#10242 = LINE('',#10243,#10244);
#10243 = CARTESIAN_POINT('',(4.43,-0.195,4.35));
#10244 = VECTOR('',#10245,1.);
#10245 = DIRECTION('',(5.094296254086E-34,-1.,4.670271230513E-16));
#10246 = ORIENTED_EDGE('',*,*,#10247,.F.);
#10247 = EDGE_CURVE('',#10224,#10240,#10248,.T.);
#10248 = LINE('',#10249,#10250);
#10249 = CARTESIAN_POINT('',(4.43,-1.035996359385E-15,2.241592955033));
#10250 = VECTOR('',#10251,1.);
#10251 = DIRECTION('',(-1.090792376426E-18,-4.670271230513E-16,-1.));
#10252 = PLANE('',#10253);
#10253 = AXIS2_PLACEMENT_3D('',#10254,#10255,#10256);
#10254 = CARTESIAN_POINT('',(4.43,-0.25,3.941592955033));
#10255 = DIRECTION('',(-1.,0.,1.090792376426E-18));
#10256 = DIRECTION('',(1.937636498231E-34,-1.,1.7763568394E-16));
#10257 = ADVANCED_FACE('',(#10258),#10274,.T.);
#10258 = FACE_BOUND('',#10259,.T.);
#10259 = EDGE_LOOP('',(#10260,#10266,#10267,#10273));
#10260 = ORIENTED_EDGE('',*,*,#10261,.F.);
#10261 = EDGE_CURVE('',#10184,#10222,#10262,.T.);
#10262 = LINE('',#10263,#10264);
#10263 = CARTESIAN_POINT('',(2.54,-0.25,4.759659090909));
#10264 = VECTOR('',#10265,1.);
#10265 = DIRECTION('',(-1.,4.726766964514E-18,-5.371326096039E-20));
#10266 = ORIENTED_EDGE('',*,*,#10207,.F.);
#10267 = ORIENTED_EDGE('',*,*,#10268,.F.);
#10268 = EDGE_CURVE('',#10232,#10200,#10269,.T.);
#10269 = LINE('',#10270,#10271);
#10270 = CARTESIAN_POINT('',(5.08,-0.25,4.35));
#10271 = VECTOR('',#10272,1.);
#10272 = DIRECTION('',(1.,-4.726766964514E-18,-1.090792376426E-18));
#10273 = ORIENTED_EDGE('',*,*,#10231,.T.);
#10274 = PLANE('',#10275);
#10275 = AXIS2_PLACEMENT_3D('',#10276,#10277,#10278);
#10276 = CARTESIAN_POINT('',(5.08,-0.25,5.918112788663));
#10277 = DIRECTION('',(4.726766964514E-18,1.,-4.828876485942E-16));
#10278 = DIRECTION('',(-1.,4.726766964514E-18,3.980675439348E-34));
#10279 = ADVANCED_FACE('',(#10280),#10296,.F.);
#10280 = FACE_BOUND('',#10281,.T.);
#10281 = EDGE_LOOP('',(#10282,#10288,#10289,#10295));
#10282 = ORIENTED_EDGE('',*,*,#10283,.F.);
#10283 = EDGE_CURVE('',#10224,#10182,#10284,.T.);
#10284 = LINE('',#10285,#10286);
#10285 = CARTESIAN_POINT('',(2.54,-1.325763817771E-17,4.756818181818));
#10286 = VECTOR('',#10287,1.);
#10287 = DIRECTION('',(1.,4.726766964514E-18,-5.371326096039E-20));
#10288 = ORIENTED_EDGE('',*,*,#10247,.T.);
#10289 = ORIENTED_EDGE('',*,*,#10290,.F.);
#10290 = EDGE_CURVE('',#10192,#10240,#10291,.T.);
#10291 = LINE('',#10292,#10293);
#10292 = CARTESIAN_POINT('',(5.08,-1.722188593249E-16,4.35));
#10293 = VECTOR('',#10294,1.);
#10294 = DIRECTION('',(-1.,-4.726766964514E-18,1.090792376426E-18));
#10295 = ORIENTED_EDGE('',*,*,#10191,.T.);
#10296 = PLANE('',#10297);
#10297 = AXIS2_PLACEMENT_3D('',#10298,#10299,#10300);
#10298 = CARTESIAN_POINT('',(5.08,5.840001780206E-16,5.918112788663));
#10299 = DIRECTION('',(-4.726766964514E-18,1.,-4.828876485942E-16));
#10300 = DIRECTION('',(-1.,-4.726766964514E-18,0.));
#10301 = ADVANCED_FACE('',(#10302),#10329,.F.);
#10302 = FACE_BOUND('',#10303,.T.);
#10303 = EDGE_LOOP('',(#10304,#10305,#10314,#10322));
#10304 = ORIENTED_EDGE('',*,*,#10199,.T.);
#10305 = ORIENTED_EDGE('',*,*,#10306,.F.);
#10306 = EDGE_CURVE('',#10307,#10192,#10309,.T.);
#10307 = VERTEX_POINT('',#10308);
#10308 = CARTESIAN_POINT('',(5.73,-0.4,3.95));
#10309 = CIRCLE('',#10310,0.4);
#10310 = AXIS2_PLACEMENT_3D('',#10311,#10312,#10313);
#10311 = CARTESIAN_POINT('',(5.73,-0.4,4.35));
#10312 = DIRECTION('',(1.,0.,-1.090792376426E-18));
#10313 = DIRECTION('',(-1.090792376426E-18,-5.983959733456E-16,-1.));
#10314 = ORIENTED_EDGE('',*,*,#10315,.F.);
#10315 = EDGE_CURVE('',#10316,#10307,#10318,.T.);
#10316 = VERTEX_POINT('',#10317);
#10317 = CARTESIAN_POINT('',(5.73,-0.4,4.2));
#10318 = LINE('',#10319,#10320);
#10319 = CARTESIAN_POINT('',(5.73,-0.4,4.145));
#10320 = VECTOR('',#10321,1.);
#10321 = DIRECTION('',(-1.090792376426E-18,-1.071928597869E-15,-1.));
#10322 = ORIENTED_EDGE('',*,*,#10323,.T.);
#10323 = EDGE_CURVE('',#10316,#10200,#10324,.T.);
#10324 = CIRCLE('',#10325,0.15);
#10325 = AXIS2_PLACEMENT_3D('',#10326,#10327,#10328);
#10326 = CARTESIAN_POINT('',(5.73,-0.4,4.35));
#10327 = DIRECTION('',(1.,0.,-1.090792376426E-18));
#10328 = DIRECTION('',(-1.090792376426E-18,-7.718683209433E-16,-1.));
#10329 = PLANE('',#10330);
#10330 = AXIS2_PLACEMENT_3D('',#10331,#10332,#10333);
#10331 = CARTESIAN_POINT('',(5.73,-0.25,4.35));
#10332 = DIRECTION('',(1.,0.,-1.090792376426E-18));
#10333 = DIRECTION('',(-1.090792376426E-18,-7.716050021145E-16,-1.));
#10334 = ADVANCED_FACE('',(#10335),#10362,.F.);
#10335 = FACE_BOUND('',#10336,.T.);
#10336 = EDGE_LOOP('',(#10337,#10338,#10347,#10355));
#10337 = ORIENTED_EDGE('',*,*,#10239,.T.);
#10338 = ORIENTED_EDGE('',*,*,#10339,.F.);
#10339 = EDGE_CURVE('',#10340,#10232,#10342,.T.);
#10340 = VERTEX_POINT('',#10341);
#10341 = CARTESIAN_POINT('',(4.43,-0.4,4.2));
#10342 = CIRCLE('',#10343,0.15);
#10343 = AXIS2_PLACEMENT_3D('',#10344,#10345,#10346);
#10344 = CARTESIAN_POINT('',(4.43,-0.4,4.35));
#10345 = DIRECTION('',(1.,0.,-1.090792376426E-18));
#10346 = DIRECTION('',(-1.090792376426E-18,-7.718683209433E-16,-1.));
#10347 = ORIENTED_EDGE('',*,*,#10348,.F.);
#10348 = EDGE_CURVE('',#10349,#10340,#10351,.T.);
#10349 = VERTEX_POINT('',#10350);
#10350 = CARTESIAN_POINT('',(4.43,-0.4,3.95));
#10351 = LINE('',#10352,#10353);
#10352 = CARTESIAN_POINT('',(4.43,-0.4,4.145));
#10353 = VECTOR('',#10354,1.);
#10354 = DIRECTION('',(1.090792376426E-18,1.071928597869E-15,1.));
#10355 = ORIENTED_EDGE('',*,*,#10356,.F.);
#10356 = EDGE_CURVE('',#10240,#10349,#10357,.T.);
#10357 = CIRCLE('',#10358,0.4);
#10358 = AXIS2_PLACEMENT_3D('',#10359,#10360,#10361);
#10359 = CARTESIAN_POINT('',(4.43,-0.4,4.35));
#10360 = DIRECTION('',(-1.,0.,1.090792376426E-18));
#10361 = DIRECTION('',(-2.742811372489E-34,1.,-2.514512781502E-16));
#10362 = PLANE('',#10363);
#10363 = AXIS2_PLACEMENT_3D('',#10364,#10365,#10366);
#10364 = CARTESIAN_POINT('',(4.43,-2.334695207885E-18,4.35));
#10365 = DIRECTION('',(-1.,0.,1.090792376426E-18));
#10366 = DIRECTION('',(1.090792376426E-18,7.718683209433E-16,1.));
#10367 = ADVANCED_FACE('',(#10368),#10379,.T.);
#10368 = FACE_BOUND('',#10369,.T.);
#10369 = EDGE_LOOP('',(#10370,#10371,#10372,#10378));
#10370 = ORIENTED_EDGE('',*,*,#10268,.T.);
#10371 = ORIENTED_EDGE('',*,*,#10323,.F.);
#10372 = ORIENTED_EDGE('',*,*,#10373,.F.);
#10373 = EDGE_CURVE('',#10340,#10316,#10374,.T.);
#10374 = LINE('',#10375,#10376);
#10375 = CARTESIAN_POINT('',(5.08,-0.4,4.2));
#10376 = VECTOR('',#10377,1.);
#10377 = DIRECTION('',(1.,5.066756684725E-33,3.635974588088E-18));
#10378 = ORIENTED_EDGE('',*,*,#10339,.T.);
#10379 = CYLINDRICAL_SURFACE('',#10380,0.15);
#10380 = AXIS2_PLACEMENT_3D('',#10381,#10382,#10383);
#10381 = CARTESIAN_POINT('',(5.08,-0.4,4.35));
#10382 = DIRECTION('',(1.,0.,-1.090792376426E-18));
#10383 = DIRECTION('',(-1.090792376426E-18,-1.071928597869E-15,-1.));
#10384 = ADVANCED_FACE('',(#10385),#10410,.F.);
#10385 = FACE_BOUND('',#10386,.T.);
#10386 = EDGE_LOOP('',(#10387,#10397,#10403,#10404));
#10387 = ORIENTED_EDGE('',*,*,#10388,.F.);
#10388 = EDGE_CURVE('',#10389,#10391,#10393,.T.);
#10389 = VERTEX_POINT('',#10390);
#10390 = CARTESIAN_POINT('',(5.73,-0.6,4.2));
#10391 = VERTEX_POINT('',#10392);
#10392 = CARTESIAN_POINT('',(5.73,-0.6,3.95));
#10393 = LINE('',#10394,#10395);
#10394 = CARTESIAN_POINT('',(5.73,-0.6,4.075));
#10395 = VECTOR('',#10396,1.);
#10396 = DIRECTION('',(-1.090792376426E-18,-7.718683209433E-16,-1.));
#10397 = ORIENTED_EDGE('',*,*,#10398,.T.);
#10398 = EDGE_CURVE('',#10389,#10316,#10399,.T.);
#10399 = LINE('',#10400,#10401);
#10400 = CARTESIAN_POINT('',(5.73,-2.1,4.2));
#10401 = VECTOR('',#10402,1.);
#10402 = DIRECTION('',(-1.169251542629E-33,1.,-1.071928597869E-15));
#10403 = ORIENTED_EDGE('',*,*,#10315,.T.);
#10404 = ORIENTED_EDGE('',*,*,#10405,.F.);
#10405 = EDGE_CURVE('',#10391,#10307,#10406,.T.);
#10406 = LINE('',#10407,#10408);
#10407 = CARTESIAN_POINT('',(5.73,4.869572136865,3.95));
#10408 = VECTOR('',#10409,1.);
#10409 = DIRECTION('',(-1.169251542629E-33,1.,-1.071928597869E-15));
#10410 = PLANE('',#10411);
#10411 = AXIS2_PLACEMENT_3D('',#10412,#10413,#10414);
#10412 = CARTESIAN_POINT('',(5.73,4.869572136865,4.2));
#10413 = DIRECTION('',(1.,0.,-1.090792376426E-18));
#10414 = DIRECTION('',(-1.090792376426E-18,-7.993605777301E-16,-1.));
#10415 = ADVANCED_FACE('',(#10416),#10427,.F.);
#10416 = FACE_BOUND('',#10417,.F.);
#10417 = EDGE_LOOP('',(#10418,#10419,#10425,#10426));
#10418 = ORIENTED_EDGE('',*,*,#10306,.F.);
#10419 = ORIENTED_EDGE('',*,*,#10420,.T.);
#10420 = EDGE_CURVE('',#10307,#10349,#10421,.T.);
#10421 = LINE('',#10422,#10423);
#10422 = CARTESIAN_POINT('',(5.08,-0.4,3.95));
#10423 = VECTOR('',#10424,1.);
#10424 = DIRECTION('',(-1.,5.066756684725E-33,5.817559340941E-18));
#10425 = ORIENTED_EDGE('',*,*,#10356,.F.);
#10426 = ORIENTED_EDGE('',*,*,#10290,.F.);
#10427 = CYLINDRICAL_SURFACE('',#10428,0.4);
#10428 = AXIS2_PLACEMENT_3D('',#10429,#10430,#10431);
#10429 = CARTESIAN_POINT('',(5.08,-0.4,4.35));
#10430 = DIRECTION('',(1.,0.,-1.090792376426E-18));
#10431 = DIRECTION('',(-1.090792376426E-18,-1.071928597869E-15,-1.));
#10432 = ADVANCED_FACE('',(#10433),#10458,.F.);
#10433 = FACE_BOUND('',#10434,.T.);
#10434 = EDGE_LOOP('',(#10435,#10445,#10451,#10452));
#10435 = ORIENTED_EDGE('',*,*,#10436,.F.);
#10436 = EDGE_CURVE('',#10437,#10439,#10441,.T.);
#10437 = VERTEX_POINT('',#10438);
#10438 = CARTESIAN_POINT('',(4.43,-0.6,3.95));
#10439 = VERTEX_POINT('',#10440);
#10440 = CARTESIAN_POINT('',(4.43,-0.6,4.2));
#10441 = LINE('',#10442,#10443);
#10442 = CARTESIAN_POINT('',(4.43,-0.6,4.075));
#10443 = VECTOR('',#10444,1.);
#10444 = DIRECTION('',(1.090792376426E-18,7.718683209433E-16,1.));
#10445 = ORIENTED_EDGE('',*,*,#10446,.F.);
#10446 = EDGE_CURVE('',#10349,#10437,#10447,.T.);
#10447 = LINE('',#10448,#10449);
#10448 = CARTESIAN_POINT('',(4.43,-2.1,3.95));
#10449 = VECTOR('',#10450,1.);
#10450 = DIRECTION('',(1.169251542629E-33,-1.,1.071928597869E-15));
#10451 = ORIENTED_EDGE('',*,*,#10348,.T.);
#10452 = ORIENTED_EDGE('',*,*,#10453,.F.);
#10453 = EDGE_CURVE('',#10439,#10340,#10454,.T.);
#10454 = LINE('',#10455,#10456);
#10455 = CARTESIAN_POINT('',(4.43,-2.1,4.2));
#10456 = VECTOR('',#10457,1.);
#10457 = DIRECTION('',(-1.169251542629E-33,1.,-1.071928597869E-15));
#10458 = PLANE('',#10459);
#10459 = AXIS2_PLACEMENT_3D('',#10460,#10461,#10462);
#10460 = CARTESIAN_POINT('',(4.43,-0.4,4.2));
#10461 = DIRECTION('',(-1.,0.,1.090792376426E-18));
#10462 = DIRECTION('',(1.090792376426E-18,7.716050021145E-16,1.));
#10463 = ADVANCED_FACE('',(#10464),#10489,.T.);
#10464 = FACE_BOUND('',#10465,.T.);
#10465 = EDGE_LOOP('',(#10466,#10474,#10475,#10483));
#10466 = ORIENTED_EDGE('',*,*,#10467,.T.);
#10467 = EDGE_CURVE('',#10468,#10437,#10470,.T.);
#10468 = VERTEX_POINT('',#10469);
#10469 = CARTESIAN_POINT('',(4.83,-0.6,3.95));
#10470 = LINE('',#10471,#10472);
#10471 = CARTESIAN_POINT('',(4.955,-0.6,3.95));
#10472 = VECTOR('',#10473,1.);
#10473 = DIRECTION('',(-1.,-3.289585577741E-33,5.817559340941E-18));
#10474 = ORIENTED_EDGE('',*,*,#10436,.T.);
#10475 = ORIENTED_EDGE('',*,*,#10476,.T.);
#10476 = EDGE_CURVE('',#10439,#10477,#10479,.T.);
#10477 = VERTEX_POINT('',#10478);
#10478 = CARTESIAN_POINT('',(4.83,-0.6,4.2));
#10479 = LINE('',#10480,#10481);
#10480 = CARTESIAN_POINT('',(4.955,-0.6,4.2));
#10481 = VECTOR('',#10482,1.);
#10482 = DIRECTION('',(1.,1.058646893852E-32,3.635974588088E-18));
#10483 = ORIENTED_EDGE('',*,*,#10484,.F.);
#10484 = EDGE_CURVE('',#10468,#10477,#10485,.T.);
#10485 = LINE('',#10486,#10487);
#10486 = CARTESIAN_POINT('',(4.83,-0.6,3.95));
#10487 = VECTOR('',#10488,1.);
#10488 = DIRECTION('',(1.090792376426E-18,7.718683209433E-16,1.));
#10489 = PLANE('',#10490);
#10490 = AXIS2_PLACEMENT_3D('',#10491,#10492,#10493);
#10491 = CARTESIAN_POINT('',(4.83,-0.6,3.95));
#10492 = DIRECTION('',(-7.77997533822E-33,1.,-7.718683209433E-16));
#10493 = DIRECTION('',(-1.,-7.77997533822E-33,6.005116501292E-48));
#10494 = ADVANCED_FACE('',(#10495),#10520,.T.);
#10495 = FACE_BOUND('',#10496,.T.);
#10496 = EDGE_LOOP('',(#10497,#10507,#10513,#10514));
#10497 = ORIENTED_EDGE('',*,*,#10498,.F.);
#10498 = EDGE_CURVE('',#10499,#10501,#10503,.T.);
#10499 = VERTEX_POINT('',#10500);
#10500 = CARTESIAN_POINT('',(4.83,-1.1,3.95));
#10501 = VERTEX_POINT('',#10502);
#10502 = CARTESIAN_POINT('',(4.83,-1.1,4.2));
#10503 = LINE('',#10504,#10505);
#10504 = CARTESIAN_POINT('',(4.83,-1.1,1.975));
#10505 = VECTOR('',#10506,1.);
#10506 = DIRECTION('',(1.090792376427E-18,0.,1.));
#10507 = ORIENTED_EDGE('',*,*,#10508,.T.);
#10508 = EDGE_CURVE('',#10499,#10468,#10509,.T.);
#10509 = LINE('',#10510,#10511);
#10510 = CARTESIAN_POINT('',(4.83,-0.261740083185,3.95));
#10511 = VECTOR('',#10512,1.);
#10512 = DIRECTION('',(-2.775557561563E-16,1.,-1.087789123412E-15));
#10513 = ORIENTED_EDGE('',*,*,#10484,.T.);
#10514 = ORIENTED_EDGE('',*,*,#10515,.T.);
#10515 = EDGE_CURVE('',#10477,#10501,#10516,.T.);
#10516 = LINE('',#10517,#10518);
#10517 = CARTESIAN_POINT('',(4.83,-0.261740083185,4.2));
#10518 = VECTOR('',#10519,1.);
#10519 = DIRECTION('',(2.775557561563E-16,-1.,1.087789123412E-15));
#10520 = PLANE('',#10521);
#10521 = AXIS2_PLACEMENT_3D('',#10522,#10523,#10524);
#10522 = CARTESIAN_POINT('',(4.83,-2.1,3.95));
#10523 = DIRECTION('',(1.,2.775557561563E-16,-1.090792376427E-18));
#10524 = DIRECTION('',(-2.775557561563E-16,1.,-1.06581410364E-15));
#10525 = ADVANCED_FACE('',(#10526),#10555,.T.);
#10526 = FACE_BOUND('',#10527,.T.);
#10527 = EDGE_LOOP('',(#10528,#10536,#10537,#10538,#10539,#10540,#10541,
    #10549));
#10528 = ORIENTED_EDGE('',*,*,#10529,.F.);
#10529 = EDGE_CURVE('',#10501,#10530,#10532,.T.);
#10530 = VERTEX_POINT('',#10531);
#10531 = CARTESIAN_POINT('',(5.33,-1.1,4.2));
#10532 = LINE('',#10533,#10534);
#10533 = CARTESIAN_POINT('',(6.04,-1.1,4.2));
#10534 = VECTOR('',#10535,1.);
#10535 = DIRECTION('',(1.,0.,3.635974588088E-18));
#10536 = ORIENTED_EDGE('',*,*,#10515,.F.);
#10537 = ORIENTED_EDGE('',*,*,#10476,.F.);
#10538 = ORIENTED_EDGE('',*,*,#10453,.T.);
#10539 = ORIENTED_EDGE('',*,*,#10373,.T.);
#10540 = ORIENTED_EDGE('',*,*,#10398,.F.);
#10541 = ORIENTED_EDGE('',*,*,#10542,.F.);
#10542 = EDGE_CURVE('',#10543,#10389,#10545,.T.);
#10543 = VERTEX_POINT('',#10544);
#10544 = CARTESIAN_POINT('',(5.33,-0.6,4.2));
#10545 = LINE('',#10546,#10547);
#10546 = CARTESIAN_POINT('',(5.405,-0.6,4.2));
#10547 = VECTOR('',#10548,1.);
#10548 = DIRECTION('',(1.,1.058646893852E-32,3.635974588088E-18));
#10549 = ORIENTED_EDGE('',*,*,#10550,.F.);
#10550 = EDGE_CURVE('',#10530,#10543,#10551,.T.);
#10551 = LINE('',#10552,#10553);
#10552 = CARTESIAN_POINT('',(5.33,0.488259916815,4.2));
#10553 = VECTOR('',#10554,1.);
#10554 = DIRECTION('',(2.775557561563E-16,1.,-1.087789123412E-15));
#10555 = PLANE('',#10556);
#10556 = AXIS2_PLACEMENT_3D('',#10557,#10558,#10559);
#10557 = CARTESIAN_POINT('',(5.08,1.576519833629,4.2));
#10558 = DIRECTION('',(3.635974588088E-18,-1.087789123412E-15,-1.));
#10559 = DIRECTION('',(-1.,-3.955173609924E-33,-3.635974588088E-18));
#10560 = ADVANCED_FACE('',(#10561),#10579,.T.);
#10561 = FACE_BOUND('',#10562,.T.);
#10562 = EDGE_LOOP('',(#10563,#10571,#10577,#10578));
#10563 = ORIENTED_EDGE('',*,*,#10564,.T.);
#10564 = EDGE_CURVE('',#10391,#10565,#10567,.T.);
#10565 = VERTEX_POINT('',#10566);
#10566 = CARTESIAN_POINT('',(5.33,-0.6,3.95));
#10567 = LINE('',#10568,#10569);
#10568 = CARTESIAN_POINT('',(5.405,-0.6,3.95));
#10569 = VECTOR('',#10570,1.);
#10570 = DIRECTION('',(-1.,-3.289585577741E-33,5.817559340941E-18));
#10571 = ORIENTED_EDGE('',*,*,#10572,.T.);
#10572 = EDGE_CURVE('',#10565,#10543,#10573,.T.);
#10573 = LINE('',#10574,#10575);
#10574 = CARTESIAN_POINT('',(5.33,-0.6,3.95));
#10575 = VECTOR('',#10576,1.);
#10576 = DIRECTION('',(1.090792376426E-18,7.718683209433E-16,1.));
#10577 = ORIENTED_EDGE('',*,*,#10542,.T.);
#10578 = ORIENTED_EDGE('',*,*,#10388,.T.);
#10579 = PLANE('',#10580);
#10580 = AXIS2_PLACEMENT_3D('',#10581,#10582,#10583);
#10581 = CARTESIAN_POINT('',(5.73,-0.6,3.95));
#10582 = DIRECTION('',(-7.77997533822E-33,1.,-7.718683209433E-16));
#10583 = DIRECTION('',(-1.,-7.77997533822E-33,6.005116501292E-48));
#10584 = ADVANCED_FACE('',(#10585),#10607,.F.);
#10585 = FACE_BOUND('',#10586,.T.);
#10586 = EDGE_LOOP('',(#10587,#10595,#10601,#10602,#10603,#10604,#10605,
    #10606));
#10587 = ORIENTED_EDGE('',*,*,#10588,.F.);
#10588 = EDGE_CURVE('',#10589,#10499,#10591,.T.);
#10589 = VERTEX_POINT('',#10590);
#10590 = CARTESIAN_POINT('',(5.33,-1.1,3.95));
#10591 = LINE('',#10592,#10593);
#10592 = CARTESIAN_POINT('',(6.04,-1.1,3.95));
#10593 = VECTOR('',#10594,1.);
#10594 = DIRECTION('',(-1.,0.,5.817559340941E-18));
#10595 = ORIENTED_EDGE('',*,*,#10596,.F.);
#10596 = EDGE_CURVE('',#10565,#10589,#10597,.T.);
#10597 = LINE('',#10598,#10599);
#10598 = CARTESIAN_POINT('',(5.33,0.488259916815,3.95));
#10599 = VECTOR('',#10600,1.);
#10600 = DIRECTION('',(-2.775557561563E-16,-1.,1.087789123412E-15));
#10601 = ORIENTED_EDGE('',*,*,#10564,.F.);
#10602 = ORIENTED_EDGE('',*,*,#10405,.T.);
#10603 = ORIENTED_EDGE('',*,*,#10420,.T.);
#10604 = ORIENTED_EDGE('',*,*,#10446,.T.);
#10605 = ORIENTED_EDGE('',*,*,#10467,.F.);
#10606 = ORIENTED_EDGE('',*,*,#10508,.F.);
#10607 = PLANE('',#10608);
#10608 = AXIS2_PLACEMENT_3D('',#10609,#10610,#10611);
#10609 = CARTESIAN_POINT('',(5.08,1.576519833629,3.95));
#10610 = DIRECTION('',(-5.817559340941E-18,-1.087789123412E-15,-1.));
#10611 = DIRECTION('',(-1.,6.328277775878E-33,5.817559340941E-18));
#10612 = ADVANCED_FACE('',(#10613),#10624,.T.);
#10613 = FACE_BOUND('',#10614,.T.);
#10614 = EDGE_LOOP('',(#10615,#10621,#10622,#10623));
#10615 = ORIENTED_EDGE('',*,*,#10616,.F.);
#10616 = EDGE_CURVE('',#10530,#10589,#10617,.T.);
#10617 = LINE('',#10618,#10619);
#10618 = CARTESIAN_POINT('',(5.33,-1.1,1.975));
#10619 = VECTOR('',#10620,1.);
#10620 = DIRECTION('',(-1.090792376426E-18,0.,-1.));
#10621 = ORIENTED_EDGE('',*,*,#10550,.T.);
#10622 = ORIENTED_EDGE('',*,*,#10572,.F.);
#10623 = ORIENTED_EDGE('',*,*,#10596,.T.);
#10624 = PLANE('',#10625);
#10625 = AXIS2_PLACEMENT_3D('',#10626,#10627,#10628);
#10626 = CARTESIAN_POINT('',(5.33,-0.6,3.95));
#10627 = DIRECTION('',(-1.,2.775557561563E-16,1.090792376426E-18));
#10628 = DIRECTION('',(-2.775557561563E-16,-1.,1.06581410364E-15));
#10629 = ADVANCED_FACE('',(#10630),#10664,.F.);
#10630 = FACE_BOUND('',#10631,.T.);
#10631 = EDGE_LOOP('',(#10632,#10642,#10650,#10658));
#10632 = ORIENTED_EDGE('',*,*,#10633,.F.);
#10633 = EDGE_CURVE('',#10634,#10636,#10638,.T.);
#10634 = VERTEX_POINT('',#10635);
#10635 = CARTESIAN_POINT('',(4.43,8.062023933143E-16,-4.756818181818));
#10636 = VERTEX_POINT('',#10637);
#10637 = CARTESIAN_POINT('',(4.43,-0.25,-4.759659090909));
#10638 = LINE('',#10639,#10640);
#10639 = CARTESIAN_POINT('',(4.43,2.349710617941,-4.730116924796));
#10640 = VECTOR('',#10641,1.);
#10641 = DIRECTION('',(1.671020735193E-16,-0.999935440137,
    -1.136290272883E-02));
#10642 = ORIENTED_EDGE('',*,*,#10643,.F.);
#10643 = EDGE_CURVE('',#10644,#10634,#10646,.T.);
#10644 = VERTEX_POINT('',#10645);
#10645 = CARTESIAN_POINT('',(4.43,9.30972168668E-16,-4.35));
#10646 = LINE('',#10647,#10648);
#10647 = CARTESIAN_POINT('',(4.43,-5.599309019923E-16,-9.211165091899));
#10648 = VECTOR('',#10649,1.);
#10649 = DIRECTION('',(5.098795759653E-17,-3.066966545005E-16,-1.));
#10650 = ORIENTED_EDGE('',*,*,#10651,.F.);
#10651 = EDGE_CURVE('',#10652,#10644,#10654,.T.);
#10652 = VERTEX_POINT('',#10653);
#10653 = CARTESIAN_POINT('',(4.43,-0.25,-4.35));
#10654 = LINE('',#10655,#10656);
#10655 = CARTESIAN_POINT('',(4.43,-0.195,-4.35));
#10656 = VECTOR('',#10657,1.);
#10657 = DIRECTION('',(-1.665334536938E-16,1.,-3.066966545005E-16));
#10658 = ORIENTED_EDGE('',*,*,#10659,.T.);
#10659 = EDGE_CURVE('',#10652,#10636,#10660,.T.);
#10660 = LINE('',#10661,#10662);
#10661 = CARTESIAN_POINT('',(4.43,-0.25,-2.241592955033));
#10662 = VECTOR('',#10663,1.);
#10663 = DIRECTION('',(5.098795759653E-17,-3.066966545005E-16,-1.));
#10664 = PLANE('',#10665);
#10665 = AXIS2_PLACEMENT_3D('',#10666,#10667,#10668);
#10666 = CARTESIAN_POINT('',(4.43,-0.25,-9.211165091899));
#10667 = DIRECTION('',(-1.,-1.665334536938E-16,-5.098795759653E-17));
#10668 = DIRECTION('',(-1.665334536938E-16,1.,-5.329070518201E-16));
#10669 = ADVANCED_FACE('',(#10670),#10704,.F.);
#10670 = FACE_BOUND('',#10671,.T.);
#10671 = EDGE_LOOP('',(#10672,#10682,#10690,#10698));
#10672 = ORIENTED_EDGE('',*,*,#10673,.F.);
#10673 = EDGE_CURVE('',#10674,#10676,#10678,.T.);
#10674 = VERTEX_POINT('',#10675);
#10675 = CARTESIAN_POINT('',(5.73,-0.25,-4.759659090909));
#10676 = VERTEX_POINT('',#10677);
#10677 = CARTESIAN_POINT('',(5.73,8.58847109788E-16,-4.756818181818));
#10678 = LINE('',#10679,#10680);
#10679 = CARTESIAN_POINT('',(5.73,2.379647502902,-4.729776732922));
#10680 = VECTOR('',#10681,1.);
#10681 = DIRECTION('',(-1.671020735193E-16,0.999935440137,
    1.136290272883E-02));
#10682 = ORIENTED_EDGE('',*,*,#10683,.F.);
#10683 = EDGE_CURVE('',#10684,#10674,#10686,.T.);
#10684 = VERTEX_POINT('',#10685);
#10685 = CARTESIAN_POINT('',(5.73,-0.25,-4.35));
#10686 = LINE('',#10687,#10688);
#10687 = CARTESIAN_POINT('',(5.73,-0.25,-2.241592955033));
#10688 = VECTOR('',#10689,1.);
#10689 = DIRECTION('',(5.098795759653E-17,-3.066966545005E-16,-1.));
#10690 = ORIENTED_EDGE('',*,*,#10691,.F.);
#10691 = EDGE_CURVE('',#10692,#10684,#10694,.T.);
#10692 = VERTEX_POINT('',#10693);
#10693 = CARTESIAN_POINT('',(5.73,9.836168851416E-16,-4.35));
#10694 = LINE('',#10695,#10696);
#10695 = CARTESIAN_POINT('',(5.73,-0.195,-4.35));
#10696 = VECTOR('',#10697,1.);
#10697 = DIRECTION('',(1.665334536938E-16,-1.,3.066966545005E-16));
#10698 = ORIENTED_EDGE('',*,*,#10699,.F.);
#10699 = EDGE_CURVE('',#10676,#10692,#10700,.T.);
#10700 = LINE('',#10701,#10702);
#10701 = CARTESIAN_POINT('',(5.73,1.630258272158E-15,-2.241592955033));
#10702 = VECTOR('',#10703,1.);
#10703 = DIRECTION('',(-5.098795759653E-17,3.066966545005E-16,1.));
#10704 = PLANE('',#10705);
#10705 = AXIS2_PLACEMENT_3D('',#10706,#10707,#10708);
#10706 = CARTESIAN_POINT('',(5.73,-0.25,-3.941592955033));
#10707 = DIRECTION('',(1.,1.665334536938E-16,5.098795759653E-17));
#10708 = DIRECTION('',(1.665334536938E-16,-1.,6.217248937901E-16));
#10709 = ADVANCED_FACE('',(#10710),#10726,.T.);
#10710 = FACE_BOUND('',#10711,.T.);
#10711 = EDGE_LOOP('',(#10712,#10718,#10719,#10725));
#10712 = ORIENTED_EDGE('',*,*,#10713,.F.);
#10713 = EDGE_CURVE('',#10636,#10674,#10714,.T.);
#10714 = LINE('',#10715,#10716);
#10715 = CARTESIAN_POINT('',(2.54,-0.25,-4.759659090909));
#10716 = VECTOR('',#10717,1.);
#10717 = DIRECTION('',(1.,1.712602206583E-16,1.946138871117E-18));
#10718 = ORIENTED_EDGE('',*,*,#10659,.F.);
#10719 = ORIENTED_EDGE('',*,*,#10720,.F.);
#10720 = EDGE_CURVE('',#10684,#10652,#10721,.T.);
#10721 = LINE('',#10722,#10723);
#10722 = CARTESIAN_POINT('',(5.08,-0.25,-4.35));
#10723 = VECTOR('',#10724,1.);
#10724 = DIRECTION('',(-1.,-1.712602206583E-16,-5.098795759653E-17));
#10725 = ORIENTED_EDGE('',*,*,#10683,.T.);
#10726 = PLANE('',#10727);
#10727 = AXIS2_PLACEMENT_3D('',#10728,#10729,#10730);
#10728 = CARTESIAN_POINT('',(5.08,-0.25,-5.918112788663));
#10729 = DIRECTION('',(-1.712602206583E-16,1.,-2.908361289577E-16));
#10730 = DIRECTION('',(1.,1.712602206583E-16,8.881784197001E-17));
#10731 = ADVANCED_FACE('',(#10732),#10748,.F.);
#10732 = FACE_BOUND('',#10733,.T.);
#10733 = EDGE_LOOP('',(#10734,#10740,#10741,#10747));
#10734 = ORIENTED_EDGE('',*,*,#10735,.F.);
#10735 = EDGE_CURVE('',#10676,#10634,#10736,.T.);
#10736 = LINE('',#10737,#10738);
#10737 = CARTESIAN_POINT('',(2.54,4.381665801461E-16,-4.756818181818));
#10738 = VECTOR('',#10739,1.);
#10739 = DIRECTION('',(-1.,-1.618066867293E-16,-1.838712349196E-18));
#10740 = ORIENTED_EDGE('',*,*,#10699,.T.);
#10741 = ORIENTED_EDGE('',*,*,#10742,.F.);
#10742 = EDGE_CURVE('',#10644,#10692,#10743,.T.);
#10743 = LINE('',#10744,#10745);
#10744 = CARTESIAN_POINT('',(5.08,7.54464363869E-16,-4.35));
#10745 = VECTOR('',#10746,1.);
#10746 = DIRECTION('',(1.,1.618066867293E-16,5.098795759653E-17));
#10747 = ORIENTED_EDGE('',*,*,#10643,.T.);
#10748 = PLANE('',#10749);
#10749 = AXIS2_PLACEMENT_3D('',#10750,#10751,#10752);
#10750 = CARTESIAN_POINT('',(5.08,2.973972507432E-16,-5.918112788663));
#10751 = DIRECTION('',(-1.618066867293E-16,1.,-2.908361289577E-16));
#10752 = DIRECTION('',(1.,1.618066867293E-16,8.881784197001E-17));
#10753 = ADVANCED_FACE('',(#10754),#10781,.F.);
#10754 = FACE_BOUND('',#10755,.T.);
#10755 = EDGE_LOOP('',(#10756,#10757,#10766,#10774));
#10756 = ORIENTED_EDGE('',*,*,#10651,.T.);
#10757 = ORIENTED_EDGE('',*,*,#10758,.F.);
#10758 = EDGE_CURVE('',#10759,#10644,#10761,.T.);
#10759 = VERTEX_POINT('',#10760);
#10760 = CARTESIAN_POINT('',(4.43,-0.4,-3.95));
#10761 = CIRCLE('',#10762,0.4);
#10762 = AXIS2_PLACEMENT_3D('',#10763,#10764,#10765);
#10763 = CARTESIAN_POINT('',(4.43,-0.4,-4.35));
#10764 = DIRECTION('',(-1.,-1.665334536938E-16,-5.098795759653E-17));
#10765 = DIRECTION('',(-5.098795759653E-17,1.753278042062E-16,1.));
#10766 = ORIENTED_EDGE('',*,*,#10767,.F.);
#10767 = EDGE_CURVE('',#10768,#10759,#10770,.T.);
#10768 = VERTEX_POINT('',#10769);
#10769 = CARTESIAN_POINT('',(4.43,-0.4,-4.2));
#10770 = LINE('',#10771,#10772);
#10771 = CARTESIAN_POINT('',(4.43,-0.4,-4.145));
#10772 = VECTOR('',#10773,1.);
#10773 = DIRECTION('',(-5.098795759653E-17,-2.982048203172E-16,1.));
#10774 = ORIENTED_EDGE('',*,*,#10775,.T.);
#10775 = EDGE_CURVE('',#10768,#10652,#10776,.T.);
#10776 = CIRCLE('',#10777,0.15);
#10777 = AXIS2_PLACEMENT_3D('',#10778,#10779,#10780);
#10778 = CARTESIAN_POINT('',(4.43,-0.4,-4.35));
#10779 = DIRECTION('',(-1.,-1.665334536938E-16,-5.098795759653E-17));
#10780 = DIRECTION('',(-5.098795759653E-17,1.855456608539E-18,1.));
#10781 = PLANE('',#10782);
#10782 = AXIS2_PLACEMENT_3D('',#10783,#10784,#10785);
#10783 = CARTESIAN_POINT('',(4.43,-0.25,-4.35));
#10784 = DIRECTION('',(-1.,-1.665334536938E-16,-5.098795759653E-17));
#10785 = DIRECTION('',(-5.098795759653E-17,2.775557561563E-18,1.));
#10786 = ADVANCED_FACE('',(#10787),#10814,.F.);
#10787 = FACE_BOUND('',#10788,.T.);
#10788 = EDGE_LOOP('',(#10789,#10790,#10799,#10807));
#10789 = ORIENTED_EDGE('',*,*,#10691,.T.);
#10790 = ORIENTED_EDGE('',*,*,#10791,.F.);
#10791 = EDGE_CURVE('',#10792,#10684,#10794,.T.);
#10792 = VERTEX_POINT('',#10793);
#10793 = CARTESIAN_POINT('',(5.73,-0.4,-4.2));
#10794 = CIRCLE('',#10795,0.15);
#10795 = AXIS2_PLACEMENT_3D('',#10796,#10797,#10798);
#10796 = CARTESIAN_POINT('',(5.73,-0.4,-4.35));
#10797 = DIRECTION('',(-1.,-1.665334536938E-16,-5.098795759653E-17));
#10798 = DIRECTION('',(-5.098795759653E-17,1.855456608539E-18,1.));
#10799 = ORIENTED_EDGE('',*,*,#10800,.F.);
#10800 = EDGE_CURVE('',#10801,#10792,#10803,.T.);
#10801 = VERTEX_POINT('',#10802);
#10802 = CARTESIAN_POINT('',(5.73,-0.4,-3.95));
#10803 = LINE('',#10804,#10805);
#10804 = CARTESIAN_POINT('',(5.73,-0.4,-4.145));
#10805 = VECTOR('',#10806,1.);
#10806 = DIRECTION('',(5.098795759653E-17,2.982048203172E-16,-1.));
#10807 = ORIENTED_EDGE('',*,*,#10808,.F.);
#10808 = EDGE_CURVE('',#10692,#10801,#10809,.T.);
#10809 = CIRCLE('',#10810,0.4);
#10810 = AXIS2_PLACEMENT_3D('',#10811,#10812,#10813);
#10811 = CARTESIAN_POINT('',(5.73,-0.4,-4.35));
#10812 = DIRECTION('',(1.,1.665334536938E-16,5.098795759653E-17));
#10813 = DIRECTION('',(-1.665334536938E-16,1.,-5.222724994016E-16));
#10814 = PLANE('',#10815);
#10815 = AXIS2_PLACEMENT_3D('',#10816,#10817,#10818);
#10816 = CARTESIAN_POINT('',(5.73,1.032595272887E-15,-4.35));
#10817 = DIRECTION('',(1.,1.665334536938E-16,5.098795759653E-17));
#10818 = DIRECTION('',(5.098795759653E-17,-1.855456608539E-18,-1.));
#10819 = ADVANCED_FACE('',(#10820),#10831,.T.);
#10820 = FACE_BOUND('',#10821,.T.);
#10821 = EDGE_LOOP('',(#10822,#10823,#10824,#10830));
#10822 = ORIENTED_EDGE('',*,*,#10720,.T.);
#10823 = ORIENTED_EDGE('',*,*,#10775,.F.);
#10824 = ORIENTED_EDGE('',*,*,#10825,.F.);
#10825 = EDGE_CURVE('',#10792,#10768,#10826,.T.);
#10826 = LINE('',#10827,#10828);
#10827 = CARTESIAN_POINT('',(5.08,-0.4,-4.2));
#10828 = VECTOR('',#10829,1.);
#10829 = DIRECTION('',(-1.,-1.665334536938E-16,-5.571472456105E-17));
#10830 = ORIENTED_EDGE('',*,*,#10791,.T.);
#10831 = CYLINDRICAL_SURFACE('',#10832,0.15);
#10832 = AXIS2_PLACEMENT_3D('',#10833,#10834,#10835);
#10833 = CARTESIAN_POINT('',(5.08,-0.4,-4.35));
#10834 = DIRECTION('',(-1.,-1.665334536938E-16,-5.098795759653E-17));
#10835 = DIRECTION('',(-5.098795759653E-17,-2.982048203172E-16,1.));
#10836 = ADVANCED_FACE('',(#10837),#10862,.F.);
#10837 = FACE_BOUND('',#10838,.T.);
#10838 = EDGE_LOOP('',(#10839,#10849,#10855,#10856));
#10839 = ORIENTED_EDGE('',*,*,#10840,.F.);
#10840 = EDGE_CURVE('',#10841,#10843,#10845,.T.);
#10841 = VERTEX_POINT('',#10842);
#10842 = CARTESIAN_POINT('',(4.43,-0.6,-4.2));
#10843 = VERTEX_POINT('',#10844);
#10844 = CARTESIAN_POINT('',(4.43,-0.6,-3.95));
#10845 = LINE('',#10846,#10847);
#10846 = CARTESIAN_POINT('',(4.43,-0.6,-4.075));
#10847 = VECTOR('',#10848,1.);
#10848 = DIRECTION('',(-5.098795759653E-17,1.855456608539E-18,1.));
#10849 = ORIENTED_EDGE('',*,*,#10850,.T.);
#10850 = EDGE_CURVE('',#10841,#10768,#10851,.T.);
#10851 = LINE('',#10852,#10853);
#10852 = CARTESIAN_POINT('',(4.43,-2.1,-4.2));
#10853 = VECTOR('',#10854,1.);
#10854 = DIRECTION('',(-1.665334536938E-16,1.,2.982048203172E-16));
#10855 = ORIENTED_EDGE('',*,*,#10767,.T.);
#10856 = ORIENTED_EDGE('',*,*,#10857,.F.);
#10857 = EDGE_CURVE('',#10843,#10759,#10858,.T.);
#10858 = LINE('',#10859,#10860);
#10859 = CARTESIAN_POINT('',(4.43,4.869572136865,-3.95));
#10860 = VECTOR('',#10861,1.);
#10861 = DIRECTION('',(-1.665334536938E-16,1.,2.982048203172E-16));
#10862 = PLANE('',#10863);
#10863 = AXIS2_PLACEMENT_3D('',#10864,#10865,#10866);
#10864 = CARTESIAN_POINT('',(4.43,4.869572136865,-4.2));
#10865 = DIRECTION('',(-1.,-1.665334536938E-16,-5.098795759653E-17));
#10866 = DIRECTION('',(-5.098795759653E-17,6.299941297552E-33,1.));
#10867 = ADVANCED_FACE('',(#10868),#10879,.F.);
#10868 = FACE_BOUND('',#10869,.F.);
#10869 = EDGE_LOOP('',(#10870,#10871,#10877,#10878));
#10870 = ORIENTED_EDGE('',*,*,#10758,.F.);
#10871 = ORIENTED_EDGE('',*,*,#10872,.T.);
#10872 = EDGE_CURVE('',#10759,#10801,#10873,.T.);
#10873 = LINE('',#10874,#10875);
#10874 = CARTESIAN_POINT('',(5.08,-0.4,-3.95));
#10875 = VECTOR('',#10876,1.);
#10876 = DIRECTION('',(1.,1.665334536938E-16,4.626119063202E-17));
#10877 = ORIENTED_EDGE('',*,*,#10808,.F.);
#10878 = ORIENTED_EDGE('',*,*,#10742,.F.);
#10879 = CYLINDRICAL_SURFACE('',#10880,0.4);
#10880 = AXIS2_PLACEMENT_3D('',#10881,#10882,#10883);
#10881 = CARTESIAN_POINT('',(5.08,-0.4,-4.35));
#10882 = DIRECTION('',(-1.,-1.665334536938E-16,-5.098795759653E-17));
#10883 = DIRECTION('',(-5.098795759653E-17,-2.982048203172E-16,1.));
#10884 = ADVANCED_FACE('',(#10885),#10910,.F.);
#10885 = FACE_BOUND('',#10886,.T.);
#10886 = EDGE_LOOP('',(#10887,#10897,#10903,#10904));
#10887 = ORIENTED_EDGE('',*,*,#10888,.F.);
#10888 = EDGE_CURVE('',#10889,#10891,#10893,.T.);
#10889 = VERTEX_POINT('',#10890);
#10890 = CARTESIAN_POINT('',(5.73,-0.6,-3.95));
#10891 = VERTEX_POINT('',#10892);
#10892 = CARTESIAN_POINT('',(5.73,-0.6,-4.2));
#10893 = LINE('',#10894,#10895);
#10894 = CARTESIAN_POINT('',(5.73,-0.6,-4.075));
#10895 = VECTOR('',#10896,1.);
#10896 = DIRECTION('',(5.098795759653E-17,-1.855456608539E-18,-1.));
#10897 = ORIENTED_EDGE('',*,*,#10898,.F.);
#10898 = EDGE_CURVE('',#10801,#10889,#10899,.T.);
#10899 = LINE('',#10900,#10901);
#10900 = CARTESIAN_POINT('',(5.73,-2.1,-3.95));
#10901 = VECTOR('',#10902,1.);
#10902 = DIRECTION('',(1.665334536938E-16,-1.,-2.982048203172E-16));
#10903 = ORIENTED_EDGE('',*,*,#10800,.T.);
#10904 = ORIENTED_EDGE('',*,*,#10905,.F.);
#10905 = EDGE_CURVE('',#10891,#10792,#10906,.T.);
#10906 = LINE('',#10907,#10908);
#10907 = CARTESIAN_POINT('',(5.73,-2.1,-4.2));
#10908 = VECTOR('',#10909,1.);
#10909 = DIRECTION('',(-1.665334536938E-16,1.,2.982048203172E-16));
#10910 = PLANE('',#10911);
#10911 = AXIS2_PLACEMENT_3D('',#10912,#10913,#10914);
#10912 = CARTESIAN_POINT('',(5.73,-0.4,-4.2));
#10913 = DIRECTION('',(1.,1.665334536938E-16,5.098795759653E-17));
#10914 = DIRECTION('',(5.098795759653E-17,-6.299941297552E-33,-1.));
#10915 = ADVANCED_FACE('',(#10916),#10941,.T.);
#10916 = FACE_BOUND('',#10917,.T.);
#10917 = EDGE_LOOP('',(#10918,#10926,#10927,#10935));
#10918 = ORIENTED_EDGE('',*,*,#10919,.T.);
#10919 = EDGE_CURVE('',#10920,#10889,#10922,.T.);
#10920 = VERTEX_POINT('',#10921);
#10921 = CARTESIAN_POINT('',(5.33,-0.6,-3.95));
#10922 = LINE('',#10923,#10924);
#10923 = CARTESIAN_POINT('',(5.205,-0.6,-3.95));
#10924 = VECTOR('',#10925,1.);
#10925 = DIRECTION('',(1.,1.665334536938E-16,4.626119063202E-17));
#10926 = ORIENTED_EDGE('',*,*,#10888,.T.);
#10927 = ORIENTED_EDGE('',*,*,#10928,.T.);
#10928 = EDGE_CURVE('',#10891,#10929,#10931,.T.);
#10929 = VERTEX_POINT('',#10930);
#10930 = CARTESIAN_POINT('',(5.33,-0.6,-4.2));
#10931 = LINE('',#10932,#10933);
#10932 = CARTESIAN_POINT('',(5.205,-0.6,-4.2));
#10933 = VECTOR('',#10934,1.);
#10934 = DIRECTION('',(-1.,-1.665334536938E-16,-5.571472456105E-17));
#10935 = ORIENTED_EDGE('',*,*,#10936,.F.);
#10936 = EDGE_CURVE('',#10920,#10929,#10937,.T.);
#10937 = LINE('',#10938,#10939);
#10938 = CARTESIAN_POINT('',(5.33,-0.6,-3.95));
#10939 = VECTOR('',#10940,1.);
#10940 = DIRECTION('',(5.098795759653E-17,-1.855456608539E-18,-1.));
#10941 = PLANE('',#10942);
#10942 = AXIS2_PLACEMENT_3D('',#10943,#10944,#10945);
#10943 = CARTESIAN_POINT('',(5.33,-0.6,-3.95));
#10944 = DIRECTION('',(-1.665334536938E-16,1.,-1.855456608539E-18));
#10945 = DIRECTION('',(1.,1.665334536938E-16,4.440892098501E-17));
#10946 = ADVANCED_FACE('',(#10947),#10972,.T.);
#10947 = FACE_BOUND('',#10948,.T.);
#10948 = EDGE_LOOP('',(#10949,#10959,#10965,#10966));
#10949 = ORIENTED_EDGE('',*,*,#10950,.F.);
#10950 = EDGE_CURVE('',#10951,#10953,#10955,.T.);
#10951 = VERTEX_POINT('',#10952);
#10952 = CARTESIAN_POINT('',(5.33,-1.1,-3.95));
#10953 = VERTEX_POINT('',#10954);
#10954 = CARTESIAN_POINT('',(5.33,-1.1,-4.2));
#10955 = LINE('',#10956,#10957);
#10956 = CARTESIAN_POINT('',(5.33,-1.1,-1.975));
#10957 = VECTOR('',#10958,1.);
#10958 = DIRECTION('',(5.098795759653E-17,0.,-1.));
#10959 = ORIENTED_EDGE('',*,*,#10960,.T.);
#10960 = EDGE_CURVE('',#10951,#10920,#10961,.T.);
#10961 = LINE('',#10962,#10963);
#10962 = CARTESIAN_POINT('',(5.33,-0.261740083185,-3.95));
#10963 = VECTOR('',#10964,1.);
#10964 = DIRECTION('',(1.110223024625E-16,1.,3.140653458601E-16));
#10965 = ORIENTED_EDGE('',*,*,#10936,.T.);
#10966 = ORIENTED_EDGE('',*,*,#10967,.T.);
#10967 = EDGE_CURVE('',#10929,#10953,#10968,.T.);
#10968 = LINE('',#10969,#10970);
#10969 = CARTESIAN_POINT('',(5.33,-0.261740083185,-4.2));
#10970 = VECTOR('',#10971,1.);
#10971 = DIRECTION('',(-1.110223024625E-16,-1.,-3.140653458601E-16));
#10972 = PLANE('',#10973);
#10973 = AXIS2_PLACEMENT_3D('',#10974,#10975,#10976);
#10974 = CARTESIAN_POINT('',(5.33,-2.1,-3.95));
#10975 = DIRECTION('',(-1.,1.110223024625E-16,-5.098795759653E-17));
#10976 = DIRECTION('',(1.110223024625E-16,1.,3.10862446895E-16));
#10977 = ADVANCED_FACE('',(#10978),#11007,.T.);
#10978 = FACE_BOUND('',#10979,.T.);
#10979 = EDGE_LOOP('',(#10980,#10988,#10989,#10990,#10991,#10992,#10993,
    #11001));
#10980 = ORIENTED_EDGE('',*,*,#10981,.F.);
#10981 = EDGE_CURVE('',#10953,#10982,#10984,.T.);
#10982 = VERTEX_POINT('',#10983);
#10983 = CARTESIAN_POINT('',(4.83,-1.1,-4.2));
#10984 = LINE('',#10985,#10986);
#10985 = CARTESIAN_POINT('',(6.04,-1.1,-4.2));
#10986 = VECTOR('',#10987,1.);
#10987 = DIRECTION('',(-1.,0.,-5.571472456105E-17));
#10988 = ORIENTED_EDGE('',*,*,#10967,.F.);
#10989 = ORIENTED_EDGE('',*,*,#10928,.F.);
#10990 = ORIENTED_EDGE('',*,*,#10905,.T.);
#10991 = ORIENTED_EDGE('',*,*,#10825,.T.);
#10992 = ORIENTED_EDGE('',*,*,#10850,.F.);
#10993 = ORIENTED_EDGE('',*,*,#10994,.F.);
#10994 = EDGE_CURVE('',#10995,#10841,#10997,.T.);
#10995 = VERTEX_POINT('',#10996);
#10996 = CARTESIAN_POINT('',(4.83,-0.6,-4.2));
#10997 = LINE('',#10998,#10999);
#10998 = CARTESIAN_POINT('',(4.755,-0.6,-4.2));
#10999 = VECTOR('',#11000,1.);
#11000 = DIRECTION('',(-1.,-1.665334536938E-16,-5.571472456105E-17));
#11001 = ORIENTED_EDGE('',*,*,#11002,.F.);
#11002 = EDGE_CURVE('',#10982,#10995,#11003,.T.);
#11003 = LINE('',#11004,#11005);
#11004 = CARTESIAN_POINT('',(4.83,0.488259916815,-4.2));
#11005 = VECTOR('',#11006,1.);
#11006 = DIRECTION('',(-4.440892098501E-16,1.,3.140653458601E-16));
#11007 = PLANE('',#11008);
#11008 = AXIS2_PLACEMENT_3D('',#11009,#11010,#11011);
#11009 = CARTESIAN_POINT('',(5.08,1.576519833629,-4.2));
#11010 = DIRECTION('',(-5.571472456105E-17,-3.140653458601E-16,1.));
#11011 = DIRECTION('',(1.,1.7763568394E-16,5.571472456105E-17));
#11012 = ADVANCED_FACE('',(#11013),#11031,.T.);
#11013 = FACE_BOUND('',#11014,.T.);
#11014 = EDGE_LOOP('',(#11015,#11023,#11029,#11030));
#11015 = ORIENTED_EDGE('',*,*,#11016,.T.);
#11016 = EDGE_CURVE('',#10843,#11017,#11019,.T.);
#11017 = VERTEX_POINT('',#11018);
#11018 = CARTESIAN_POINT('',(4.83,-0.6,-3.95));
#11019 = LINE('',#11020,#11021);
#11020 = CARTESIAN_POINT('',(4.755,-0.6,-3.95));
#11021 = VECTOR('',#11022,1.);
#11022 = DIRECTION('',(1.,1.665334536938E-16,4.626119063202E-17));
#11023 = ORIENTED_EDGE('',*,*,#11024,.T.);
#11024 = EDGE_CURVE('',#11017,#10995,#11025,.T.);
#11025 = LINE('',#11026,#11027);
#11026 = CARTESIAN_POINT('',(4.83,-0.6,-3.95));
#11027 = VECTOR('',#11028,1.);
#11028 = DIRECTION('',(5.098795759653E-17,-1.855456608539E-18,-1.));
#11029 = ORIENTED_EDGE('',*,*,#10994,.T.);
#11030 = ORIENTED_EDGE('',*,*,#10840,.T.);
#11031 = PLANE('',#11032);
#11032 = AXIS2_PLACEMENT_3D('',#11033,#11034,#11035);
#11033 = CARTESIAN_POINT('',(4.43,-0.6,-3.95));
#11034 = DIRECTION('',(-1.665334536938E-16,1.,-1.855456608539E-18));
#11035 = DIRECTION('',(1.,1.665334536938E-16,4.440892098501E-17));
#11036 = ADVANCED_FACE('',(#11037),#11059,.F.);
#11037 = FACE_BOUND('',#11038,.T.);
#11038 = EDGE_LOOP('',(#11039,#11047,#11053,#11054,#11055,#11056,#11057,
    #11058));
#11039 = ORIENTED_EDGE('',*,*,#11040,.F.);
#11040 = EDGE_CURVE('',#11041,#10951,#11043,.T.);
#11041 = VERTEX_POINT('',#11042);
#11042 = CARTESIAN_POINT('',(4.83,-1.1,-3.95));
#11043 = LINE('',#11044,#11045);
#11044 = CARTESIAN_POINT('',(6.04,-1.1,-3.95));
#11045 = VECTOR('',#11046,1.);
#11046 = DIRECTION('',(1.,0.,4.626119063202E-17));
#11047 = ORIENTED_EDGE('',*,*,#11048,.F.);
#11048 = EDGE_CURVE('',#11017,#11041,#11049,.T.);
#11049 = LINE('',#11050,#11051);
#11050 = CARTESIAN_POINT('',(4.83,0.488259916815,-3.95));
#11051 = VECTOR('',#11052,1.);
#11052 = DIRECTION('',(4.440892098501E-16,-1.,-3.140653458601E-16));
#11053 = ORIENTED_EDGE('',*,*,#11016,.F.);
#11054 = ORIENTED_EDGE('',*,*,#10857,.T.);
#11055 = ORIENTED_EDGE('',*,*,#10872,.T.);
#11056 = ORIENTED_EDGE('',*,*,#10898,.T.);
#11057 = ORIENTED_EDGE('',*,*,#10919,.F.);
#11058 = ORIENTED_EDGE('',*,*,#10960,.F.);
#11059 = PLANE('',#11060);
#11060 = AXIS2_PLACEMENT_3D('',#11061,#11062,#11063);
#11061 = CARTESIAN_POINT('',(5.08,1.576519833629,-3.95));
#11062 = DIRECTION('',(-4.626119063202E-17,-3.140653458601E-16,1.));
#11063 = DIRECTION('',(1.,1.7763568394E-16,4.626119063202E-17));
#11064 = ADVANCED_FACE('',(#11065),#11076,.T.);
#11065 = FACE_BOUND('',#11066,.T.);
#11066 = EDGE_LOOP('',(#11067,#11073,#11074,#11075));
#11067 = ORIENTED_EDGE('',*,*,#11068,.F.);
#11068 = EDGE_CURVE('',#10982,#11041,#11069,.T.);
#11069 = LINE('',#11070,#11071);
#11070 = CARTESIAN_POINT('',(4.83,-1.1,-1.975));
#11071 = VECTOR('',#11072,1.);
#11072 = DIRECTION('',(-5.098795759653E-17,0.,1.));
#11073 = ORIENTED_EDGE('',*,*,#11002,.T.);
#11074 = ORIENTED_EDGE('',*,*,#11024,.F.);
#11075 = ORIENTED_EDGE('',*,*,#11048,.T.);
#11076 = PLANE('',#11077);
#11077 = AXIS2_PLACEMENT_3D('',#11078,#11079,#11080);
#11078 = CARTESIAN_POINT('',(4.83,-0.6,-3.95));
#11079 = DIRECTION('',(1.,4.440892098501E-16,5.098795759653E-17));
#11080 = DIRECTION('',(4.440892098501E-16,-1.,-3.10862446895E-16));
#11081 = ADVANCED_FACE('',(#11082),#11116,.F.);
#11082 = FACE_BOUND('',#11083,.T.);
#11083 = EDGE_LOOP('',(#11084,#11094,#11102,#11110));
#11084 = ORIENTED_EDGE('',*,*,#11085,.F.);
#11085 = EDGE_CURVE('',#11086,#11088,#11090,.T.);
#11086 = VERTEX_POINT('',#11087);
#11087 = CARTESIAN_POINT('',(3.19,3.025308154345E-16,4.756818181818));
#11088 = VERTEX_POINT('',#11089);
#11089 = CARTESIAN_POINT('',(3.19,-0.25,4.759659090909));
#11090 = LINE('',#11091,#11092);
#11091 = CARTESIAN_POINT('',(3.19,-2.050289382059,4.780116924796));
#11092 = VECTOR('',#11093,1.);
#11093 = DIRECTION('',(1.239456767068E-20,-0.999935440137,
    1.136290272883E-02));
#11094 = ORIENTED_EDGE('',*,*,#11095,.F.);
#11095 = EDGE_CURVE('',#11096,#11086,#11098,.T.);
#11096 = VERTEX_POINT('',#11097);
#11097 = CARTESIAN_POINT('',(3.19,1.12535690375E-16,4.35));
#11098 = LINE('',#11099,#11100);
#11099 = CARTESIAN_POINT('',(3.19,2.382831637922E-15,9.211165091899));
#11100 = VECTOR('',#11101,1.);
#11101 = DIRECTION('',(1.090792376426E-18,4.670271230513E-16,1.));
#11102 = ORIENTED_EDGE('',*,*,#11103,.F.);
#11103 = EDGE_CURVE('',#11104,#11096,#11106,.T.);
#11104 = VERTEX_POINT('',#11105);
#11105 = CARTESIAN_POINT('',(3.19,-0.25,4.35));
#11106 = LINE('',#11107,#11108);
#11107 = CARTESIAN_POINT('',(3.19,-0.195,4.35));
#11108 = VECTOR('',#11109,1.);
#11109 = DIRECTION('',(-5.094296254086E-34,1.,-4.670271230513E-16));
#11110 = ORIENTED_EDGE('',*,*,#11111,.T.);
#11111 = EDGE_CURVE('',#11104,#11088,#11112,.T.);
#11112 = LINE('',#11113,#11114);
#11113 = CARTESIAN_POINT('',(3.19,-0.25,2.241592955033));
#11114 = VECTOR('',#11115,1.);
#11115 = DIRECTION('',(1.090792376426E-18,4.670271230513E-16,1.));
#11116 = PLANE('',#11117);
#11117 = AXIS2_PLACEMENT_3D('',#11118,#11119,#11120);
#11118 = CARTESIAN_POINT('',(3.19,-0.25,9.211165091899));
#11119 = DIRECTION('',(1.,0.,-1.090792376426E-18));
#11120 = DIRECTION('',(-1.937636498231E-34,1.,-1.7763568394E-16));
#11121 = ADVANCED_FACE('',(#11122),#11156,.F.);
#11122 = FACE_BOUND('',#11123,.T.);
#11123 = EDGE_LOOP('',(#11124,#11134,#11142,#11150));
#11124 = ORIENTED_EDGE('',*,*,#11125,.F.);
#11125 = EDGE_CURVE('',#11126,#11128,#11130,.T.);
#11126 = VERTEX_POINT('',#11127);
#11127 = CARTESIAN_POINT('',(1.89,-0.25,4.759659090909));
#11128 = VERTEX_POINT('',#11129);
#11129 = CARTESIAN_POINT('',(1.89,1.386820421063E-16,4.756818181818));
#11130 = LINE('',#11131,#11132);
#11131 = CARTESIAN_POINT('',(1.89,-2.020352497098,4.779776732922));
#11132 = VECTOR('',#11133,1.);
#11133 = DIRECTION('',(-1.239456767068E-20,0.999935440137,
    -1.136290272883E-02));
#11134 = ORIENTED_EDGE('',*,*,#11135,.F.);
#11135 = EDGE_CURVE('',#11136,#11126,#11138,.T.);
#11136 = VERTEX_POINT('',#11137);
#11137 = CARTESIAN_POINT('',(1.89,-0.25,4.35));
#11138 = LINE('',#11139,#11140);
#11139 = CARTESIAN_POINT('',(1.89,-0.25,2.241592955033));
#11140 = VECTOR('',#11141,1.);
#11141 = DIRECTION('',(1.090792376426E-18,4.670271230513E-16,1.));
#11142 = ORIENTED_EDGE('',*,*,#11143,.F.);
#11143 = EDGE_CURVE('',#11144,#11136,#11146,.T.);
#11144 = VERTEX_POINT('',#11145);
#11145 = CARTESIAN_POINT('',(1.89,-5.13130829532E-17,4.35));
#11146 = LINE('',#11147,#11148);
#11147 = CARTESIAN_POINT('',(1.89,-0.195,4.35));
#11148 = VECTOR('',#11149,1.);
#11149 = DIRECTION('',(5.094296254086E-34,-1.,4.670271230513E-16));
#11150 = ORIENTED_EDGE('',*,*,#11151,.F.);
#11151 = EDGE_CURVE('',#11128,#11144,#11152,.T.);
#11152 = LINE('',#11153,#11154);
#11153 = CARTESIAN_POINT('',(1.89,-1.035996359385E-15,2.241592955033));
#11154 = VECTOR('',#11155,1.);
#11155 = DIRECTION('',(-1.090792376426E-18,-4.670271230513E-16,-1.));
#11156 = PLANE('',#11157);
#11157 = AXIS2_PLACEMENT_3D('',#11158,#11159,#11160);
#11158 = CARTESIAN_POINT('',(1.89,-0.25,3.941592955033));
#11159 = DIRECTION('',(-1.,0.,1.090792376426E-18));
#11160 = DIRECTION('',(1.937636498231E-34,-1.,1.7763568394E-16));
#11161 = ADVANCED_FACE('',(#11162),#11178,.T.);
#11162 = FACE_BOUND('',#11163,.T.);
#11163 = EDGE_LOOP('',(#11164,#11170,#11171,#11177));
#11164 = ORIENTED_EDGE('',*,*,#11165,.F.);
#11165 = EDGE_CURVE('',#11088,#11126,#11166,.T.);
#11166 = LINE('',#11167,#11168);
#11167 = CARTESIAN_POINT('',(1.27,-0.25,4.759659090909));
#11168 = VECTOR('',#11169,1.);
#11169 = DIRECTION('',(-1.,4.726766964514E-18,-5.371326096039E-20));
#11170 = ORIENTED_EDGE('',*,*,#11111,.F.);
#11171 = ORIENTED_EDGE('',*,*,#11172,.F.);
#11172 = EDGE_CURVE('',#11136,#11104,#11173,.T.);
#11173 = LINE('',#11174,#11175);
#11174 = CARTESIAN_POINT('',(2.54,-0.25,4.35));
#11175 = VECTOR('',#11176,1.);
#11176 = DIRECTION('',(1.,-4.726766964514E-18,-1.090792376426E-18));
#11177 = ORIENTED_EDGE('',*,*,#11135,.T.);
#11178 = PLANE('',#11179);
#11179 = AXIS2_PLACEMENT_3D('',#11180,#11181,#11182);
#11180 = CARTESIAN_POINT('',(2.54,-0.25,5.918112788663));
#11181 = DIRECTION('',(4.726766964514E-18,1.,-4.828876485942E-16));
#11182 = DIRECTION('',(-1.,4.726766964514E-18,3.980675439348E-34));
#11183 = ADVANCED_FACE('',(#11184),#11200,.F.);
#11184 = FACE_BOUND('',#11185,.T.);
#11185 = EDGE_LOOP('',(#11186,#11192,#11193,#11199));
#11186 = ORIENTED_EDGE('',*,*,#11187,.F.);
#11187 = EDGE_CURVE('',#11128,#11086,#11188,.T.);
#11188 = LINE('',#11189,#11190);
#11189 = CARTESIAN_POINT('',(1.27,-1.325763817771E-17,4.756818181818));
#11190 = VECTOR('',#11191,1.);
#11191 = DIRECTION('',(1.,4.726766964514E-18,-5.371326096039E-20));
#11192 = ORIENTED_EDGE('',*,*,#11151,.T.);
#11193 = ORIENTED_EDGE('',*,*,#11194,.F.);
#11194 = EDGE_CURVE('',#11096,#11144,#11195,.T.);
#11195 = LINE('',#11196,#11197);
#11196 = CARTESIAN_POINT('',(2.54,-1.722188593249E-16,4.35));
#11197 = VECTOR('',#11198,1.);
#11198 = DIRECTION('',(-1.,-4.726766964514E-18,1.090792376426E-18));
#11199 = ORIENTED_EDGE('',*,*,#11095,.T.);
#11200 = PLANE('',#11201);
#11201 = AXIS2_PLACEMENT_3D('',#11202,#11203,#11204);
#11202 = CARTESIAN_POINT('',(2.54,5.840001780206E-16,5.918112788663));
#11203 = DIRECTION('',(-4.726766964514E-18,1.,-4.828876485942E-16));
#11204 = DIRECTION('',(-1.,-4.726766964514E-18,0.));
#11205 = ADVANCED_FACE('',(#11206),#11233,.F.);
#11206 = FACE_BOUND('',#11207,.T.);
#11207 = EDGE_LOOP('',(#11208,#11209,#11218,#11226));
#11208 = ORIENTED_EDGE('',*,*,#11103,.T.);
#11209 = ORIENTED_EDGE('',*,*,#11210,.F.);
#11210 = EDGE_CURVE('',#11211,#11096,#11213,.T.);
#11211 = VERTEX_POINT('',#11212);
#11212 = CARTESIAN_POINT('',(3.19,-0.4,3.95));
#11213 = CIRCLE('',#11214,0.4);
#11214 = AXIS2_PLACEMENT_3D('',#11215,#11216,#11217);
#11215 = CARTESIAN_POINT('',(3.19,-0.4,4.35));
#11216 = DIRECTION('',(1.,0.,-1.090792376426E-18));
#11217 = DIRECTION('',(-1.090792376426E-18,-5.983959733456E-16,-1.));
#11218 = ORIENTED_EDGE('',*,*,#11219,.F.);
#11219 = EDGE_CURVE('',#11220,#11211,#11222,.T.);
#11220 = VERTEX_POINT('',#11221);
#11221 = CARTESIAN_POINT('',(3.19,-0.4,4.2));
#11222 = LINE('',#11223,#11224);
#11223 = CARTESIAN_POINT('',(3.19,-0.4,4.145));
#11224 = VECTOR('',#11225,1.);
#11225 = DIRECTION('',(-1.090792376426E-18,-1.071928597869E-15,-1.));
#11226 = ORIENTED_EDGE('',*,*,#11227,.T.);
#11227 = EDGE_CURVE('',#11220,#11104,#11228,.T.);
#11228 = CIRCLE('',#11229,0.15);
#11229 = AXIS2_PLACEMENT_3D('',#11230,#11231,#11232);
#11230 = CARTESIAN_POINT('',(3.19,-0.4,4.35));
#11231 = DIRECTION('',(1.,0.,-1.090792376426E-18));
#11232 = DIRECTION('',(-1.090792376426E-18,-7.718683209433E-16,-1.));
#11233 = PLANE('',#11234);
#11234 = AXIS2_PLACEMENT_3D('',#11235,#11236,#11237);
#11235 = CARTESIAN_POINT('',(3.19,-0.25,4.35));
#11236 = DIRECTION('',(1.,0.,-1.090792376426E-18));
#11237 = DIRECTION('',(-1.090792376426E-18,-7.716050021145E-16,-1.));
#11238 = ADVANCED_FACE('',(#11239),#11266,.F.);
#11239 = FACE_BOUND('',#11240,.T.);
#11240 = EDGE_LOOP('',(#11241,#11242,#11251,#11259));
#11241 = ORIENTED_EDGE('',*,*,#11143,.T.);
#11242 = ORIENTED_EDGE('',*,*,#11243,.F.);
#11243 = EDGE_CURVE('',#11244,#11136,#11246,.T.);
#11244 = VERTEX_POINT('',#11245);
#11245 = CARTESIAN_POINT('',(1.89,-0.4,4.2));
#11246 = CIRCLE('',#11247,0.15);
#11247 = AXIS2_PLACEMENT_3D('',#11248,#11249,#11250);
#11248 = CARTESIAN_POINT('',(1.89,-0.4,4.35));
#11249 = DIRECTION('',(1.,0.,-1.090792376426E-18));
#11250 = DIRECTION('',(-1.090792376426E-18,-7.718683209433E-16,-1.));
#11251 = ORIENTED_EDGE('',*,*,#11252,.F.);
#11252 = EDGE_CURVE('',#11253,#11244,#11255,.T.);
#11253 = VERTEX_POINT('',#11254);
#11254 = CARTESIAN_POINT('',(1.89,-0.4,3.95));
#11255 = LINE('',#11256,#11257);
#11256 = CARTESIAN_POINT('',(1.89,-0.4,4.145));
#11257 = VECTOR('',#11258,1.);
#11258 = DIRECTION('',(1.090792376426E-18,1.071928597869E-15,1.));
#11259 = ORIENTED_EDGE('',*,*,#11260,.F.);
#11260 = EDGE_CURVE('',#11144,#11253,#11261,.T.);
#11261 = CIRCLE('',#11262,0.4);
#11262 = AXIS2_PLACEMENT_3D('',#11263,#11264,#11265);
#11263 = CARTESIAN_POINT('',(1.89,-0.4,4.35));
#11264 = DIRECTION('',(-1.,0.,1.090792376426E-18));
#11265 = DIRECTION('',(-2.742811372489E-34,1.,-2.514512781502E-16));
#11266 = PLANE('',#11267);
#11267 = AXIS2_PLACEMENT_3D('',#11268,#11269,#11270);
#11268 = CARTESIAN_POINT('',(1.89,-2.334695207885E-18,4.35));
#11269 = DIRECTION('',(-1.,0.,1.090792376426E-18));
#11270 = DIRECTION('',(1.090792376426E-18,7.718683209433E-16,1.));
#11271 = ADVANCED_FACE('',(#11272),#11283,.T.);
#11272 = FACE_BOUND('',#11273,.T.);
#11273 = EDGE_LOOP('',(#11274,#11275,#11276,#11282));
#11274 = ORIENTED_EDGE('',*,*,#11172,.T.);
#11275 = ORIENTED_EDGE('',*,*,#11227,.F.);
#11276 = ORIENTED_EDGE('',*,*,#11277,.F.);
#11277 = EDGE_CURVE('',#11244,#11220,#11278,.T.);
#11278 = LINE('',#11279,#11280);
#11279 = CARTESIAN_POINT('',(2.54,-0.4,4.2));
#11280 = VECTOR('',#11281,1.);
#11281 = DIRECTION('',(1.,5.066756684725E-33,3.635974588088E-18));
#11282 = ORIENTED_EDGE('',*,*,#11243,.T.);
#11283 = CYLINDRICAL_SURFACE('',#11284,0.15);
#11284 = AXIS2_PLACEMENT_3D('',#11285,#11286,#11287);
#11285 = CARTESIAN_POINT('',(2.54,-0.4,4.35));
#11286 = DIRECTION('',(1.,0.,-1.090792376426E-18));
#11287 = DIRECTION('',(-1.090792376426E-18,-1.071928597869E-15,-1.));
#11288 = ADVANCED_FACE('',(#11289),#11314,.F.);
#11289 = FACE_BOUND('',#11290,.T.);
#11290 = EDGE_LOOP('',(#11291,#11301,#11307,#11308));
#11291 = ORIENTED_EDGE('',*,*,#11292,.F.);
#11292 = EDGE_CURVE('',#11293,#11295,#11297,.T.);
#11293 = VERTEX_POINT('',#11294);
#11294 = CARTESIAN_POINT('',(3.19,-0.6,4.2));
#11295 = VERTEX_POINT('',#11296);
#11296 = CARTESIAN_POINT('',(3.19,-0.6,3.95));
#11297 = LINE('',#11298,#11299);
#11298 = CARTESIAN_POINT('',(3.19,-0.6,4.075));
#11299 = VECTOR('',#11300,1.);
#11300 = DIRECTION('',(-1.090792376426E-18,-7.718683209433E-16,-1.));
#11301 = ORIENTED_EDGE('',*,*,#11302,.T.);
#11302 = EDGE_CURVE('',#11293,#11220,#11303,.T.);
#11303 = LINE('',#11304,#11305);
#11304 = CARTESIAN_POINT('',(3.19,-2.1,4.2));
#11305 = VECTOR('',#11306,1.);
#11306 = DIRECTION('',(-1.169251542629E-33,1.,-1.071928597869E-15));
#11307 = ORIENTED_EDGE('',*,*,#11219,.T.);
#11308 = ORIENTED_EDGE('',*,*,#11309,.F.);
#11309 = EDGE_CURVE('',#11295,#11211,#11310,.T.);
#11310 = LINE('',#11311,#11312);
#11311 = CARTESIAN_POINT('',(3.19,4.869572136865,3.95));
#11312 = VECTOR('',#11313,1.);
#11313 = DIRECTION('',(-1.169251542629E-33,1.,-1.071928597869E-15));
#11314 = PLANE('',#11315);
#11315 = AXIS2_PLACEMENT_3D('',#11316,#11317,#11318);
#11316 = CARTESIAN_POINT('',(3.19,4.869572136865,4.2));
#11317 = DIRECTION('',(1.,0.,-1.090792376426E-18));
#11318 = DIRECTION('',(-1.090792376426E-18,-7.993605777301E-16,-1.));
#11319 = ADVANCED_FACE('',(#11320),#11331,.F.);
#11320 = FACE_BOUND('',#11321,.F.);
#11321 = EDGE_LOOP('',(#11322,#11323,#11329,#11330));
#11322 = ORIENTED_EDGE('',*,*,#11210,.F.);
#11323 = ORIENTED_EDGE('',*,*,#11324,.T.);
#11324 = EDGE_CURVE('',#11211,#11253,#11325,.T.);
#11325 = LINE('',#11326,#11327);
#11326 = CARTESIAN_POINT('',(2.54,-0.4,3.95));
#11327 = VECTOR('',#11328,1.);
#11328 = DIRECTION('',(-1.,5.066756684725E-33,5.817559340941E-18));
#11329 = ORIENTED_EDGE('',*,*,#11260,.F.);
#11330 = ORIENTED_EDGE('',*,*,#11194,.F.);
#11331 = CYLINDRICAL_SURFACE('',#11332,0.4);
#11332 = AXIS2_PLACEMENT_3D('',#11333,#11334,#11335);
#11333 = CARTESIAN_POINT('',(2.54,-0.4,4.35));
#11334 = DIRECTION('',(1.,0.,-1.090792376426E-18));
#11335 = DIRECTION('',(-1.090792376426E-18,-1.071928597869E-15,-1.));
#11336 = ADVANCED_FACE('',(#11337),#11362,.F.);
#11337 = FACE_BOUND('',#11338,.T.);
#11338 = EDGE_LOOP('',(#11339,#11349,#11355,#11356));
#11339 = ORIENTED_EDGE('',*,*,#11340,.F.);
#11340 = EDGE_CURVE('',#11341,#11343,#11345,.T.);
#11341 = VERTEX_POINT('',#11342);
#11342 = CARTESIAN_POINT('',(1.89,-0.6,3.95));
#11343 = VERTEX_POINT('',#11344);
#11344 = CARTESIAN_POINT('',(1.89,-0.6,4.2));
#11345 = LINE('',#11346,#11347);
#11346 = CARTESIAN_POINT('',(1.89,-0.6,4.075));
#11347 = VECTOR('',#11348,1.);
#11348 = DIRECTION('',(1.090792376426E-18,7.718683209433E-16,1.));
#11349 = ORIENTED_EDGE('',*,*,#11350,.F.);
#11350 = EDGE_CURVE('',#11253,#11341,#11351,.T.);
#11351 = LINE('',#11352,#11353);
#11352 = CARTESIAN_POINT('',(1.89,-2.1,3.95));
#11353 = VECTOR('',#11354,1.);
#11354 = DIRECTION('',(1.169251542629E-33,-1.,1.071928597869E-15));
#11355 = ORIENTED_EDGE('',*,*,#11252,.T.);
#11356 = ORIENTED_EDGE('',*,*,#11357,.F.);
#11357 = EDGE_CURVE('',#11343,#11244,#11358,.T.);
#11358 = LINE('',#11359,#11360);
#11359 = CARTESIAN_POINT('',(1.89,-2.1,4.2));
#11360 = VECTOR('',#11361,1.);
#11361 = DIRECTION('',(-1.169251542629E-33,1.,-1.071928597869E-15));
#11362 = PLANE('',#11363);
#11363 = AXIS2_PLACEMENT_3D('',#11364,#11365,#11366);
#11364 = CARTESIAN_POINT('',(1.89,-0.4,4.2));
#11365 = DIRECTION('',(-1.,0.,1.090792376426E-18));
#11366 = DIRECTION('',(1.090792376426E-18,7.716050021145E-16,1.));
#11367 = ADVANCED_FACE('',(#11368),#11393,.T.);
#11368 = FACE_BOUND('',#11369,.T.);
#11369 = EDGE_LOOP('',(#11370,#11378,#11379,#11387));
#11370 = ORIENTED_EDGE('',*,*,#11371,.T.);
#11371 = EDGE_CURVE('',#11372,#11341,#11374,.T.);
#11372 = VERTEX_POINT('',#11373);
#11373 = CARTESIAN_POINT('',(2.29,-0.6,3.95));
#11374 = LINE('',#11375,#11376);
#11375 = CARTESIAN_POINT('',(2.415,-0.6,3.95));
#11376 = VECTOR('',#11377,1.);
#11377 = DIRECTION('',(-1.,-3.289585577741E-33,5.817559340941E-18));
#11378 = ORIENTED_EDGE('',*,*,#11340,.T.);
#11379 = ORIENTED_EDGE('',*,*,#11380,.T.);
#11380 = EDGE_CURVE('',#11343,#11381,#11383,.T.);
#11381 = VERTEX_POINT('',#11382);
#11382 = CARTESIAN_POINT('',(2.29,-0.6,4.2));
#11383 = LINE('',#11384,#11385);
#11384 = CARTESIAN_POINT('',(2.415,-0.6,4.2));
#11385 = VECTOR('',#11386,1.);
#11386 = DIRECTION('',(1.,1.058646893852E-32,3.635974588088E-18));
#11387 = ORIENTED_EDGE('',*,*,#11388,.F.);
#11388 = EDGE_CURVE('',#11372,#11381,#11389,.T.);
#11389 = LINE('',#11390,#11391);
#11390 = CARTESIAN_POINT('',(2.29,-0.6,3.95));
#11391 = VECTOR('',#11392,1.);
#11392 = DIRECTION('',(1.090792376426E-18,7.718683209433E-16,1.));
#11393 = PLANE('',#11394);
#11394 = AXIS2_PLACEMENT_3D('',#11395,#11396,#11397);
#11395 = CARTESIAN_POINT('',(2.29,-0.6,3.95));
#11396 = DIRECTION('',(-7.77997533822E-33,1.,-7.718683209433E-16));
#11397 = DIRECTION('',(-1.,-7.77997533822E-33,6.005116501292E-48));
#11398 = ADVANCED_FACE('',(#11399),#11424,.T.);
#11399 = FACE_BOUND('',#11400,.T.);
#11400 = EDGE_LOOP('',(#11401,#11411,#11417,#11418));
#11401 = ORIENTED_EDGE('',*,*,#11402,.F.);
#11402 = EDGE_CURVE('',#11403,#11405,#11407,.T.);
#11403 = VERTEX_POINT('',#11404);
#11404 = CARTESIAN_POINT('',(2.29,-1.1,3.95));
#11405 = VERTEX_POINT('',#11406);
#11406 = CARTESIAN_POINT('',(2.29,-1.1,4.2));
#11407 = LINE('',#11408,#11409);
#11408 = CARTESIAN_POINT('',(2.29,-1.1,1.975));
#11409 = VECTOR('',#11410,1.);
#11410 = DIRECTION('',(1.090792376427E-18,0.,1.));
#11411 = ORIENTED_EDGE('',*,*,#11412,.T.);
#11412 = EDGE_CURVE('',#11403,#11372,#11413,.T.);
#11413 = LINE('',#11414,#11415);
#11414 = CARTESIAN_POINT('',(2.29,-0.261740083185,3.95));
#11415 = VECTOR('',#11416,1.);
#11416 = DIRECTION('',(-2.775557561563E-16,1.,-1.087789123412E-15));
#11417 = ORIENTED_EDGE('',*,*,#11388,.T.);
#11418 = ORIENTED_EDGE('',*,*,#11419,.T.);
#11419 = EDGE_CURVE('',#11381,#11405,#11420,.T.);
#11420 = LINE('',#11421,#11422);
#11421 = CARTESIAN_POINT('',(2.29,-0.261740083185,4.2));
#11422 = VECTOR('',#11423,1.);
#11423 = DIRECTION('',(2.775557561563E-16,-1.,1.087789123412E-15));
#11424 = PLANE('',#11425);
#11425 = AXIS2_PLACEMENT_3D('',#11426,#11427,#11428);
#11426 = CARTESIAN_POINT('',(2.29,-2.1,3.95));
#11427 = DIRECTION('',(1.,2.775557561563E-16,-1.090792376427E-18));
#11428 = DIRECTION('',(-2.775557561563E-16,1.,-1.06581410364E-15));
#11429 = ADVANCED_FACE('',(#11430),#11459,.T.);
#11430 = FACE_BOUND('',#11431,.T.);
#11431 = EDGE_LOOP('',(#11432,#11440,#11441,#11442,#11443,#11444,#11445,
    #11453));
#11432 = ORIENTED_EDGE('',*,*,#11433,.F.);
#11433 = EDGE_CURVE('',#11405,#11434,#11436,.T.);
#11434 = VERTEX_POINT('',#11435);
#11435 = CARTESIAN_POINT('',(2.79,-1.1,4.2));
#11436 = LINE('',#11437,#11438);
#11437 = CARTESIAN_POINT('',(4.77,-1.1,4.2));
#11438 = VECTOR('',#11439,1.);
#11439 = DIRECTION('',(1.,0.,3.635974588088E-18));
#11440 = ORIENTED_EDGE('',*,*,#11419,.F.);
#11441 = ORIENTED_EDGE('',*,*,#11380,.F.);
#11442 = ORIENTED_EDGE('',*,*,#11357,.T.);
#11443 = ORIENTED_EDGE('',*,*,#11277,.T.);
#11444 = ORIENTED_EDGE('',*,*,#11302,.F.);
#11445 = ORIENTED_EDGE('',*,*,#11446,.F.);
#11446 = EDGE_CURVE('',#11447,#11293,#11449,.T.);
#11447 = VERTEX_POINT('',#11448);
#11448 = CARTESIAN_POINT('',(2.79,-0.6,4.2));
#11449 = LINE('',#11450,#11451);
#11450 = CARTESIAN_POINT('',(2.865,-0.6,4.2));
#11451 = VECTOR('',#11452,1.);
#11452 = DIRECTION('',(1.,1.058646893852E-32,3.635974588088E-18));
#11453 = ORIENTED_EDGE('',*,*,#11454,.F.);
#11454 = EDGE_CURVE('',#11434,#11447,#11455,.T.);
#11455 = LINE('',#11456,#11457);
#11456 = CARTESIAN_POINT('',(2.79,0.488259916815,4.2));
#11457 = VECTOR('',#11458,1.);
#11458 = DIRECTION('',(2.775557561563E-16,1.,-1.087789123412E-15));
#11459 = PLANE('',#11460);
#11460 = AXIS2_PLACEMENT_3D('',#11461,#11462,#11463);
#11461 = CARTESIAN_POINT('',(2.54,1.576519833629,4.2));
#11462 = DIRECTION('',(3.635974588088E-18,-1.087789123412E-15,-1.));
#11463 = DIRECTION('',(-1.,-3.955173609924E-33,-3.635974588088E-18));
#11464 = ADVANCED_FACE('',(#11465),#11483,.T.);
#11465 = FACE_BOUND('',#11466,.T.);
#11466 = EDGE_LOOP('',(#11467,#11475,#11481,#11482));
#11467 = ORIENTED_EDGE('',*,*,#11468,.T.);
#11468 = EDGE_CURVE('',#11295,#11469,#11471,.T.);
#11469 = VERTEX_POINT('',#11470);
#11470 = CARTESIAN_POINT('',(2.79,-0.6,3.95));
#11471 = LINE('',#11472,#11473);
#11472 = CARTESIAN_POINT('',(2.865,-0.6,3.95));
#11473 = VECTOR('',#11474,1.);
#11474 = DIRECTION('',(-1.,-3.289585577741E-33,5.817559340941E-18));
#11475 = ORIENTED_EDGE('',*,*,#11476,.T.);
#11476 = EDGE_CURVE('',#11469,#11447,#11477,.T.);
#11477 = LINE('',#11478,#11479);
#11478 = CARTESIAN_POINT('',(2.79,-0.6,3.95));
#11479 = VECTOR('',#11480,1.);
#11480 = DIRECTION('',(1.090792376426E-18,7.718683209433E-16,1.));
#11481 = ORIENTED_EDGE('',*,*,#11446,.T.);
#11482 = ORIENTED_EDGE('',*,*,#11292,.T.);
#11483 = PLANE('',#11484);
#11484 = AXIS2_PLACEMENT_3D('',#11485,#11486,#11487);
#11485 = CARTESIAN_POINT('',(3.19,-0.6,3.95));
#11486 = DIRECTION('',(-7.77997533822E-33,1.,-7.718683209433E-16));
#11487 = DIRECTION('',(-1.,-7.77997533822E-33,6.005116501292E-48));
#11488 = ADVANCED_FACE('',(#11489),#11511,.F.);
#11489 = FACE_BOUND('',#11490,.T.);
#11490 = EDGE_LOOP('',(#11491,#11499,#11505,#11506,#11507,#11508,#11509,
    #11510));
#11491 = ORIENTED_EDGE('',*,*,#11492,.F.);
#11492 = EDGE_CURVE('',#11493,#11403,#11495,.T.);
#11493 = VERTEX_POINT('',#11494);
#11494 = CARTESIAN_POINT('',(2.79,-1.1,3.95));
#11495 = LINE('',#11496,#11497);
#11496 = CARTESIAN_POINT('',(4.77,-1.1,3.95));
#11497 = VECTOR('',#11498,1.);
#11498 = DIRECTION('',(-1.,0.,5.817559340941E-18));
#11499 = ORIENTED_EDGE('',*,*,#11500,.F.);
#11500 = EDGE_CURVE('',#11469,#11493,#11501,.T.);
#11501 = LINE('',#11502,#11503);
#11502 = CARTESIAN_POINT('',(2.79,0.488259916815,3.95));
#11503 = VECTOR('',#11504,1.);
#11504 = DIRECTION('',(-2.775557561563E-16,-1.,1.087789123412E-15));
#11505 = ORIENTED_EDGE('',*,*,#11468,.F.);
#11506 = ORIENTED_EDGE('',*,*,#11309,.T.);
#11507 = ORIENTED_EDGE('',*,*,#11324,.T.);
#11508 = ORIENTED_EDGE('',*,*,#11350,.T.);
#11509 = ORIENTED_EDGE('',*,*,#11371,.F.);
#11510 = ORIENTED_EDGE('',*,*,#11412,.F.);
#11511 = PLANE('',#11512);
#11512 = AXIS2_PLACEMENT_3D('',#11513,#11514,#11515);
#11513 = CARTESIAN_POINT('',(2.54,1.576519833629,3.95));
#11514 = DIRECTION('',(-5.817559340941E-18,-1.087789123412E-15,-1.));
#11515 = DIRECTION('',(-1.,6.328277775878E-33,5.817559340941E-18));
#11516 = ADVANCED_FACE('',(#11517),#11528,.T.);
#11517 = FACE_BOUND('',#11518,.T.);
#11518 = EDGE_LOOP('',(#11519,#11525,#11526,#11527));
#11519 = ORIENTED_EDGE('',*,*,#11520,.F.);
#11520 = EDGE_CURVE('',#11434,#11493,#11521,.T.);
#11521 = LINE('',#11522,#11523);
#11522 = CARTESIAN_POINT('',(2.79,-1.1,1.975));
#11523 = VECTOR('',#11524,1.);
#11524 = DIRECTION('',(-1.090792376426E-18,0.,-1.));
#11525 = ORIENTED_EDGE('',*,*,#11454,.T.);
#11526 = ORIENTED_EDGE('',*,*,#11476,.F.);
#11527 = ORIENTED_EDGE('',*,*,#11500,.T.);
#11528 = PLANE('',#11529);
#11529 = AXIS2_PLACEMENT_3D('',#11530,#11531,#11532);
#11530 = CARTESIAN_POINT('',(2.79,-0.6,3.95));
#11531 = DIRECTION('',(-1.,2.775557561563E-16,1.090792376426E-18));
#11532 = DIRECTION('',(-2.775557561563E-16,-1.,1.06581410364E-15));
#11533 = ADVANCED_FACE('',(#11534),#11568,.F.);
#11534 = FACE_BOUND('',#11535,.T.);
#11535 = EDGE_LOOP('',(#11536,#11546,#11554,#11562));
#11536 = ORIENTED_EDGE('',*,*,#11537,.F.);
#11537 = EDGE_CURVE('',#11538,#11540,#11542,.T.);
#11538 = VERTEX_POINT('',#11539);
#11539 = CARTESIAN_POINT('',(1.89,8.062023933143E-16,-4.756818181818));
#11540 = VERTEX_POINT('',#11541);
#11541 = CARTESIAN_POINT('',(1.89,-0.25,-4.759659090909));
#11542 = LINE('',#11543,#11544);
#11543 = CARTESIAN_POINT('',(1.89,2.349710617941,-4.730116924796));
#11544 = VECTOR('',#11545,1.);
#11545 = DIRECTION('',(1.671020735193E-16,-0.999935440137,
    -1.136290272883E-02));
#11546 = ORIENTED_EDGE('',*,*,#11547,.F.);
#11547 = EDGE_CURVE('',#11548,#11538,#11550,.T.);
#11548 = VERTEX_POINT('',#11549);
#11549 = CARTESIAN_POINT('',(1.89,9.30972168668E-16,-4.35));
#11550 = LINE('',#11551,#11552);
#11551 = CARTESIAN_POINT('',(1.89,-5.599309019923E-16,-9.211165091899));
#11552 = VECTOR('',#11553,1.);
#11553 = DIRECTION('',(5.098795759653E-17,-3.066966545005E-16,-1.));
#11554 = ORIENTED_EDGE('',*,*,#11555,.F.);
#11555 = EDGE_CURVE('',#11556,#11548,#11558,.T.);
#11556 = VERTEX_POINT('',#11557);
#11557 = CARTESIAN_POINT('',(1.89,-0.25,-4.35));
#11558 = LINE('',#11559,#11560);
#11559 = CARTESIAN_POINT('',(1.89,-0.195,-4.35));
#11560 = VECTOR('',#11561,1.);
#11561 = DIRECTION('',(-1.665334536938E-16,1.,-3.066966545005E-16));
#11562 = ORIENTED_EDGE('',*,*,#11563,.T.);
#11563 = EDGE_CURVE('',#11556,#11540,#11564,.T.);
#11564 = LINE('',#11565,#11566);
#11565 = CARTESIAN_POINT('',(1.89,-0.25,-2.241592955033));
#11566 = VECTOR('',#11567,1.);
#11567 = DIRECTION('',(5.098795759653E-17,-3.066966545005E-16,-1.));
#11568 = PLANE('',#11569);
#11569 = AXIS2_PLACEMENT_3D('',#11570,#11571,#11572);
#11570 = CARTESIAN_POINT('',(1.89,-0.25,-9.211165091899));
#11571 = DIRECTION('',(-1.,-1.665334536938E-16,-5.098795759653E-17));
#11572 = DIRECTION('',(-1.665334536938E-16,1.,-5.329070518201E-16));
#11573 = ADVANCED_FACE('',(#11574),#11608,.F.);
#11574 = FACE_BOUND('',#11575,.T.);
#11575 = EDGE_LOOP('',(#11576,#11586,#11594,#11602));
#11576 = ORIENTED_EDGE('',*,*,#11577,.F.);
#11577 = EDGE_CURVE('',#11578,#11580,#11582,.T.);
#11578 = VERTEX_POINT('',#11579);
#11579 = CARTESIAN_POINT('',(3.19,-0.25,-4.759659090909));
#11580 = VERTEX_POINT('',#11581);
#11581 = CARTESIAN_POINT('',(3.19,8.58847109788E-16,-4.756818181818));
#11582 = LINE('',#11583,#11584);
#11583 = CARTESIAN_POINT('',(3.19,2.379647502902,-4.729776732922));
#11584 = VECTOR('',#11585,1.);
#11585 = DIRECTION('',(-1.671020735193E-16,0.999935440137,
    1.136290272883E-02));
#11586 = ORIENTED_EDGE('',*,*,#11587,.F.);
#11587 = EDGE_CURVE('',#11588,#11578,#11590,.T.);
#11588 = VERTEX_POINT('',#11589);
#11589 = CARTESIAN_POINT('',(3.19,-0.25,-4.35));
#11590 = LINE('',#11591,#11592);
#11591 = CARTESIAN_POINT('',(3.19,-0.25,-2.241592955033));
#11592 = VECTOR('',#11593,1.);
#11593 = DIRECTION('',(5.098795759653E-17,-3.066966545005E-16,-1.));
#11594 = ORIENTED_EDGE('',*,*,#11595,.F.);
#11595 = EDGE_CURVE('',#11596,#11588,#11598,.T.);
#11596 = VERTEX_POINT('',#11597);
#11597 = CARTESIAN_POINT('',(3.19,9.836168851416E-16,-4.35));
#11598 = LINE('',#11599,#11600);
#11599 = CARTESIAN_POINT('',(3.19,-0.195,-4.35));
#11600 = VECTOR('',#11601,1.);
#11601 = DIRECTION('',(1.665334536938E-16,-1.,3.066966545005E-16));
#11602 = ORIENTED_EDGE('',*,*,#11603,.F.);
#11603 = EDGE_CURVE('',#11580,#11596,#11604,.T.);
#11604 = LINE('',#11605,#11606);
#11605 = CARTESIAN_POINT('',(3.19,1.630258272158E-15,-2.241592955033));
#11606 = VECTOR('',#11607,1.);
#11607 = DIRECTION('',(-5.098795759653E-17,3.066966545005E-16,1.));
#11608 = PLANE('',#11609);
#11609 = AXIS2_PLACEMENT_3D('',#11610,#11611,#11612);
#11610 = CARTESIAN_POINT('',(3.19,-0.25,-3.941592955033));
#11611 = DIRECTION('',(1.,1.665334536938E-16,5.098795759653E-17));
#11612 = DIRECTION('',(1.665334536938E-16,-1.,6.217248937901E-16));
#11613 = ADVANCED_FACE('',(#11614),#11630,.T.);
#11614 = FACE_BOUND('',#11615,.T.);
#11615 = EDGE_LOOP('',(#11616,#11622,#11623,#11629));
#11616 = ORIENTED_EDGE('',*,*,#11617,.F.);
#11617 = EDGE_CURVE('',#11540,#11578,#11618,.T.);
#11618 = LINE('',#11619,#11620);
#11619 = CARTESIAN_POINT('',(1.27,-0.25,-4.759659090909));
#11620 = VECTOR('',#11621,1.);
#11621 = DIRECTION('',(1.,1.712602206583E-16,1.946138871117E-18));
#11622 = ORIENTED_EDGE('',*,*,#11563,.F.);
#11623 = ORIENTED_EDGE('',*,*,#11624,.F.);
#11624 = EDGE_CURVE('',#11588,#11556,#11625,.T.);
#11625 = LINE('',#11626,#11627);
#11626 = CARTESIAN_POINT('',(2.54,-0.25,-4.35));
#11627 = VECTOR('',#11628,1.);
#11628 = DIRECTION('',(-1.,-1.712602206583E-16,-5.098795759653E-17));
#11629 = ORIENTED_EDGE('',*,*,#11587,.T.);
#11630 = PLANE('',#11631);
#11631 = AXIS2_PLACEMENT_3D('',#11632,#11633,#11634);
#11632 = CARTESIAN_POINT('',(2.54,-0.25,-5.918112788663));
#11633 = DIRECTION('',(-1.712602206583E-16,1.,-2.908361289577E-16));
#11634 = DIRECTION('',(1.,1.712602206583E-16,8.881784197001E-17));
#11635 = ADVANCED_FACE('',(#11636),#11652,.F.);
#11636 = FACE_BOUND('',#11637,.T.);
#11637 = EDGE_LOOP('',(#11638,#11644,#11645,#11651));
#11638 = ORIENTED_EDGE('',*,*,#11639,.F.);
#11639 = EDGE_CURVE('',#11580,#11538,#11640,.T.);
#11640 = LINE('',#11641,#11642);
#11641 = CARTESIAN_POINT('',(1.27,4.381665801461E-16,-4.756818181818));
#11642 = VECTOR('',#11643,1.);
#11643 = DIRECTION('',(-1.,-1.618066867293E-16,-1.838712349196E-18));
#11644 = ORIENTED_EDGE('',*,*,#11603,.T.);
#11645 = ORIENTED_EDGE('',*,*,#11646,.F.);
#11646 = EDGE_CURVE('',#11548,#11596,#11647,.T.);
#11647 = LINE('',#11648,#11649);
#11648 = CARTESIAN_POINT('',(2.54,7.54464363869E-16,-4.35));
#11649 = VECTOR('',#11650,1.);
#11650 = DIRECTION('',(1.,1.618066867293E-16,5.098795759653E-17));
#11651 = ORIENTED_EDGE('',*,*,#11547,.T.);
#11652 = PLANE('',#11653);
#11653 = AXIS2_PLACEMENT_3D('',#11654,#11655,#11656);
#11654 = CARTESIAN_POINT('',(2.54,2.973972507432E-16,-5.918112788663));
#11655 = DIRECTION('',(-1.618066867293E-16,1.,-2.908361289577E-16));
#11656 = DIRECTION('',(1.,1.618066867293E-16,8.881784197001E-17));
#11657 = ADVANCED_FACE('',(#11658),#11685,.F.);
#11658 = FACE_BOUND('',#11659,.T.);
#11659 = EDGE_LOOP('',(#11660,#11661,#11670,#11678));
#11660 = ORIENTED_EDGE('',*,*,#11555,.T.);
#11661 = ORIENTED_EDGE('',*,*,#11662,.F.);
#11662 = EDGE_CURVE('',#11663,#11548,#11665,.T.);
#11663 = VERTEX_POINT('',#11664);
#11664 = CARTESIAN_POINT('',(1.89,-0.4,-3.95));
#11665 = CIRCLE('',#11666,0.4);
#11666 = AXIS2_PLACEMENT_3D('',#11667,#11668,#11669);
#11667 = CARTESIAN_POINT('',(1.89,-0.4,-4.35));
#11668 = DIRECTION('',(-1.,-1.665334536938E-16,-5.098795759653E-17));
#11669 = DIRECTION('',(-5.098795759653E-17,1.753278042062E-16,1.));
#11670 = ORIENTED_EDGE('',*,*,#11671,.F.);
#11671 = EDGE_CURVE('',#11672,#11663,#11674,.T.);
#11672 = VERTEX_POINT('',#11673);
#11673 = CARTESIAN_POINT('',(1.89,-0.4,-4.2));
#11674 = LINE('',#11675,#11676);
#11675 = CARTESIAN_POINT('',(1.89,-0.4,-4.145));
#11676 = VECTOR('',#11677,1.);
#11677 = DIRECTION('',(-5.098795759653E-17,-2.982048203172E-16,1.));
#11678 = ORIENTED_EDGE('',*,*,#11679,.T.);
#11679 = EDGE_CURVE('',#11672,#11556,#11680,.T.);
#11680 = CIRCLE('',#11681,0.15);
#11681 = AXIS2_PLACEMENT_3D('',#11682,#11683,#11684);
#11682 = CARTESIAN_POINT('',(1.89,-0.4,-4.35));
#11683 = DIRECTION('',(-1.,-1.665334536938E-16,-5.098795759653E-17));
#11684 = DIRECTION('',(-5.098795759653E-17,1.855456608539E-18,1.));
#11685 = PLANE('',#11686);
#11686 = AXIS2_PLACEMENT_3D('',#11687,#11688,#11689);
#11687 = CARTESIAN_POINT('',(1.89,-0.25,-4.35));
#11688 = DIRECTION('',(-1.,-1.665334536938E-16,-5.098795759653E-17));
#11689 = DIRECTION('',(-5.098795759653E-17,2.775557561563E-18,1.));
#11690 = ADVANCED_FACE('',(#11691),#11718,.F.);
#11691 = FACE_BOUND('',#11692,.T.);
#11692 = EDGE_LOOP('',(#11693,#11694,#11703,#11711));
#11693 = ORIENTED_EDGE('',*,*,#11595,.T.);
#11694 = ORIENTED_EDGE('',*,*,#11695,.F.);
#11695 = EDGE_CURVE('',#11696,#11588,#11698,.T.);
#11696 = VERTEX_POINT('',#11697);
#11697 = CARTESIAN_POINT('',(3.19,-0.4,-4.2));
#11698 = CIRCLE('',#11699,0.15);
#11699 = AXIS2_PLACEMENT_3D('',#11700,#11701,#11702);
#11700 = CARTESIAN_POINT('',(3.19,-0.4,-4.35));
#11701 = DIRECTION('',(-1.,-1.665334536938E-16,-5.098795759653E-17));
#11702 = DIRECTION('',(-5.098795759653E-17,1.855456608539E-18,1.));
#11703 = ORIENTED_EDGE('',*,*,#11704,.F.);
#11704 = EDGE_CURVE('',#11705,#11696,#11707,.T.);
#11705 = VERTEX_POINT('',#11706);
#11706 = CARTESIAN_POINT('',(3.19,-0.4,-3.95));
#11707 = LINE('',#11708,#11709);
#11708 = CARTESIAN_POINT('',(3.19,-0.4,-4.145));
#11709 = VECTOR('',#11710,1.);
#11710 = DIRECTION('',(5.098795759653E-17,2.982048203172E-16,-1.));
#11711 = ORIENTED_EDGE('',*,*,#11712,.F.);
#11712 = EDGE_CURVE('',#11596,#11705,#11713,.T.);
#11713 = CIRCLE('',#11714,0.4);
#11714 = AXIS2_PLACEMENT_3D('',#11715,#11716,#11717);
#11715 = CARTESIAN_POINT('',(3.19,-0.4,-4.35));
#11716 = DIRECTION('',(1.,1.665334536938E-16,5.098795759653E-17));
#11717 = DIRECTION('',(-1.665334536938E-16,1.,-5.222724994016E-16));
#11718 = PLANE('',#11719);
#11719 = AXIS2_PLACEMENT_3D('',#11720,#11721,#11722);
#11720 = CARTESIAN_POINT('',(3.19,1.032595272887E-15,-4.35));
#11721 = DIRECTION('',(1.,1.665334536938E-16,5.098795759653E-17));
#11722 = DIRECTION('',(5.098795759653E-17,-1.855456608539E-18,-1.));
#11723 = ADVANCED_FACE('',(#11724),#11735,.T.);
#11724 = FACE_BOUND('',#11725,.T.);
#11725 = EDGE_LOOP('',(#11726,#11727,#11728,#11734));
#11726 = ORIENTED_EDGE('',*,*,#11624,.T.);
#11727 = ORIENTED_EDGE('',*,*,#11679,.F.);
#11728 = ORIENTED_EDGE('',*,*,#11729,.F.);
#11729 = EDGE_CURVE('',#11696,#11672,#11730,.T.);
#11730 = LINE('',#11731,#11732);
#11731 = CARTESIAN_POINT('',(2.54,-0.4,-4.2));
#11732 = VECTOR('',#11733,1.);
#11733 = DIRECTION('',(-1.,-1.665334536938E-16,-5.571472456105E-17));
#11734 = ORIENTED_EDGE('',*,*,#11695,.T.);
#11735 = CYLINDRICAL_SURFACE('',#11736,0.15);
#11736 = AXIS2_PLACEMENT_3D('',#11737,#11738,#11739);
#11737 = CARTESIAN_POINT('',(2.54,-0.4,-4.35));
#11738 = DIRECTION('',(-1.,-1.665334536938E-16,-5.098795759653E-17));
#11739 = DIRECTION('',(-5.098795759653E-17,-2.982048203172E-16,1.));
#11740 = ADVANCED_FACE('',(#11741),#11766,.F.);
#11741 = FACE_BOUND('',#11742,.T.);
#11742 = EDGE_LOOP('',(#11743,#11753,#11759,#11760));
#11743 = ORIENTED_EDGE('',*,*,#11744,.F.);
#11744 = EDGE_CURVE('',#11745,#11747,#11749,.T.);
#11745 = VERTEX_POINT('',#11746);
#11746 = CARTESIAN_POINT('',(1.89,-0.6,-4.2));
#11747 = VERTEX_POINT('',#11748);
#11748 = CARTESIAN_POINT('',(1.89,-0.6,-3.95));
#11749 = LINE('',#11750,#11751);
#11750 = CARTESIAN_POINT('',(1.89,-0.6,-4.075));
#11751 = VECTOR('',#11752,1.);
#11752 = DIRECTION('',(-5.098795759653E-17,1.855456608539E-18,1.));
#11753 = ORIENTED_EDGE('',*,*,#11754,.T.);
#11754 = EDGE_CURVE('',#11745,#11672,#11755,.T.);
#11755 = LINE('',#11756,#11757);
#11756 = CARTESIAN_POINT('',(1.89,-2.1,-4.2));
#11757 = VECTOR('',#11758,1.);
#11758 = DIRECTION('',(-1.665334536938E-16,1.,2.982048203172E-16));
#11759 = ORIENTED_EDGE('',*,*,#11671,.T.);
#11760 = ORIENTED_EDGE('',*,*,#11761,.F.);
#11761 = EDGE_CURVE('',#11747,#11663,#11762,.T.);
#11762 = LINE('',#11763,#11764);
#11763 = CARTESIAN_POINT('',(1.89,4.869572136865,-3.95));
#11764 = VECTOR('',#11765,1.);
#11765 = DIRECTION('',(-1.665334536938E-16,1.,2.982048203172E-16));
#11766 = PLANE('',#11767);
#11767 = AXIS2_PLACEMENT_3D('',#11768,#11769,#11770);
#11768 = CARTESIAN_POINT('',(1.89,4.869572136865,-4.2));
#11769 = DIRECTION('',(-1.,-1.665334536938E-16,-5.098795759653E-17));
#11770 = DIRECTION('',(-5.098795759653E-17,-1.095629688895E-33,1.));
#11771 = ADVANCED_FACE('',(#11772),#11783,.F.);
#11772 = FACE_BOUND('',#11773,.F.);
#11773 = EDGE_LOOP('',(#11774,#11775,#11781,#11782));
#11774 = ORIENTED_EDGE('',*,*,#11662,.F.);
#11775 = ORIENTED_EDGE('',*,*,#11776,.T.);
#11776 = EDGE_CURVE('',#11663,#11705,#11777,.T.);
#11777 = LINE('',#11778,#11779);
#11778 = CARTESIAN_POINT('',(2.54,-0.4,-3.95));
#11779 = VECTOR('',#11780,1.);
#11780 = DIRECTION('',(1.,1.665334536938E-16,4.626119063202E-17));
#11781 = ORIENTED_EDGE('',*,*,#11712,.F.);
#11782 = ORIENTED_EDGE('',*,*,#11646,.F.);
#11783 = CYLINDRICAL_SURFACE('',#11784,0.4);
#11784 = AXIS2_PLACEMENT_3D('',#11785,#11786,#11787);
#11785 = CARTESIAN_POINT('',(2.54,-0.4,-4.35));
#11786 = DIRECTION('',(-1.,-1.665334536938E-16,-5.098795759653E-17));
#11787 = DIRECTION('',(-5.098795759653E-17,-2.982048203172E-16,1.));
#11788 = ADVANCED_FACE('',(#11789),#11814,.F.);
#11789 = FACE_BOUND('',#11790,.T.);
#11790 = EDGE_LOOP('',(#11791,#11801,#11807,#11808));
#11791 = ORIENTED_EDGE('',*,*,#11792,.F.);
#11792 = EDGE_CURVE('',#11793,#11795,#11797,.T.);
#11793 = VERTEX_POINT('',#11794);
#11794 = CARTESIAN_POINT('',(3.19,-0.6,-3.95));
#11795 = VERTEX_POINT('',#11796);
#11796 = CARTESIAN_POINT('',(3.19,-0.6,-4.2));
#11797 = LINE('',#11798,#11799);
#11798 = CARTESIAN_POINT('',(3.19,-0.6,-4.075));
#11799 = VECTOR('',#11800,1.);
#11800 = DIRECTION('',(5.098795759653E-17,-1.855456608539E-18,-1.));
#11801 = ORIENTED_EDGE('',*,*,#11802,.F.);
#11802 = EDGE_CURVE('',#11705,#11793,#11803,.T.);
#11803 = LINE('',#11804,#11805);
#11804 = CARTESIAN_POINT('',(3.19,-2.1,-3.95));
#11805 = VECTOR('',#11806,1.);
#11806 = DIRECTION('',(1.665334536938E-16,-1.,-2.982048203172E-16));
#11807 = ORIENTED_EDGE('',*,*,#11704,.T.);
#11808 = ORIENTED_EDGE('',*,*,#11809,.F.);
#11809 = EDGE_CURVE('',#11795,#11696,#11810,.T.);
#11810 = LINE('',#11811,#11812);
#11811 = CARTESIAN_POINT('',(3.19,-2.1,-4.2));
#11812 = VECTOR('',#11813,1.);
#11813 = DIRECTION('',(-1.665334536938E-16,1.,2.982048203172E-16));
#11814 = PLANE('',#11815);
#11815 = AXIS2_PLACEMENT_3D('',#11816,#11817,#11818);
#11816 = CARTESIAN_POINT('',(3.19,-0.4,-4.2));
#11817 = DIRECTION('',(1.,1.665334536938E-16,5.098795759653E-17));
#11818 = DIRECTION('',(5.098795759653E-17,1.095629688895E-33,-1.));
#11819 = ADVANCED_FACE('',(#11820),#11845,.T.);
#11820 = FACE_BOUND('',#11821,.T.);
#11821 = EDGE_LOOP('',(#11822,#11830,#11831,#11839));
#11822 = ORIENTED_EDGE('',*,*,#11823,.T.);
#11823 = EDGE_CURVE('',#11824,#11793,#11826,.T.);
#11824 = VERTEX_POINT('',#11825);
#11825 = CARTESIAN_POINT('',(2.79,-0.6,-3.95));
#11826 = LINE('',#11827,#11828);
#11827 = CARTESIAN_POINT('',(2.665,-0.6,-3.95));
#11828 = VECTOR('',#11829,1.);
#11829 = DIRECTION('',(1.,1.665334536938E-16,4.626119063202E-17));
#11830 = ORIENTED_EDGE('',*,*,#11792,.T.);
#11831 = ORIENTED_EDGE('',*,*,#11832,.T.);
#11832 = EDGE_CURVE('',#11795,#11833,#11835,.T.);
#11833 = VERTEX_POINT('',#11834);
#11834 = CARTESIAN_POINT('',(2.79,-0.6,-4.2));
#11835 = LINE('',#11836,#11837);
#11836 = CARTESIAN_POINT('',(2.665,-0.6,-4.2));
#11837 = VECTOR('',#11838,1.);
#11838 = DIRECTION('',(-1.,-1.665334536938E-16,-5.571472456105E-17));
#11839 = ORIENTED_EDGE('',*,*,#11840,.F.);
#11840 = EDGE_CURVE('',#11824,#11833,#11841,.T.);
#11841 = LINE('',#11842,#11843);
#11842 = CARTESIAN_POINT('',(2.79,-0.6,-3.95));
#11843 = VECTOR('',#11844,1.);
#11844 = DIRECTION('',(5.098795759653E-17,-1.855456608539E-18,-1.));
#11845 = PLANE('',#11846);
#11846 = AXIS2_PLACEMENT_3D('',#11847,#11848,#11849);
#11847 = CARTESIAN_POINT('',(2.79,-0.6,-3.95));
#11848 = DIRECTION('',(-1.665334536938E-16,1.,-1.855456608539E-18));
#11849 = DIRECTION('',(1.,1.665334536938E-16,4.440892098501E-17));
#11850 = ADVANCED_FACE('',(#11851),#11876,.T.);
#11851 = FACE_BOUND('',#11852,.T.);
#11852 = EDGE_LOOP('',(#11853,#11863,#11869,#11870));
#11853 = ORIENTED_EDGE('',*,*,#11854,.F.);
#11854 = EDGE_CURVE('',#11855,#11857,#11859,.T.);
#11855 = VERTEX_POINT('',#11856);
#11856 = CARTESIAN_POINT('',(2.79,-1.1,-3.95));
#11857 = VERTEX_POINT('',#11858);
#11858 = CARTESIAN_POINT('',(2.79,-1.1,-4.2));
#11859 = LINE('',#11860,#11861);
#11860 = CARTESIAN_POINT('',(2.79,-1.1,-1.975));
#11861 = VECTOR('',#11862,1.);
#11862 = DIRECTION('',(5.098795759653E-17,0.,-1.));
#11863 = ORIENTED_EDGE('',*,*,#11864,.T.);
#11864 = EDGE_CURVE('',#11855,#11824,#11865,.T.);
#11865 = LINE('',#11866,#11867);
#11866 = CARTESIAN_POINT('',(2.79,-0.261740083185,-3.95));
#11867 = VECTOR('',#11868,1.);
#11868 = DIRECTION('',(1.110223024625E-16,1.,3.140653458601E-16));
#11869 = ORIENTED_EDGE('',*,*,#11840,.T.);
#11870 = ORIENTED_EDGE('',*,*,#11871,.T.);
#11871 = EDGE_CURVE('',#11833,#11857,#11872,.T.);
#11872 = LINE('',#11873,#11874);
#11873 = CARTESIAN_POINT('',(2.79,-0.261740083185,-4.2));
#11874 = VECTOR('',#11875,1.);
#11875 = DIRECTION('',(-1.110223024625E-16,-1.,-3.140653458601E-16));
#11876 = PLANE('',#11877);
#11877 = AXIS2_PLACEMENT_3D('',#11878,#11879,#11880);
#11878 = CARTESIAN_POINT('',(2.79,-2.1,-3.95));
#11879 = DIRECTION('',(-1.,1.110223024625E-16,-5.098795759653E-17));
#11880 = DIRECTION('',(1.110223024625E-16,1.,3.10862446895E-16));
#11881 = ADVANCED_FACE('',(#11882),#11911,.T.);
#11882 = FACE_BOUND('',#11883,.T.);
#11883 = EDGE_LOOP('',(#11884,#11892,#11893,#11894,#11895,#11896,#11897,
    #11905));
#11884 = ORIENTED_EDGE('',*,*,#11885,.F.);
#11885 = EDGE_CURVE('',#11857,#11886,#11888,.T.);
#11886 = VERTEX_POINT('',#11887);
#11887 = CARTESIAN_POINT('',(2.29,-1.1,-4.2));
#11888 = LINE('',#11889,#11890);
#11889 = CARTESIAN_POINT('',(4.77,-1.1,-4.2));
#11890 = VECTOR('',#11891,1.);
#11891 = DIRECTION('',(-1.,0.,-5.571472456105E-17));
#11892 = ORIENTED_EDGE('',*,*,#11871,.F.);
#11893 = ORIENTED_EDGE('',*,*,#11832,.F.);
#11894 = ORIENTED_EDGE('',*,*,#11809,.T.);
#11895 = ORIENTED_EDGE('',*,*,#11729,.T.);
#11896 = ORIENTED_EDGE('',*,*,#11754,.F.);
#11897 = ORIENTED_EDGE('',*,*,#11898,.F.);
#11898 = EDGE_CURVE('',#11899,#11745,#11901,.T.);
#11899 = VERTEX_POINT('',#11900);
#11900 = CARTESIAN_POINT('',(2.29,-0.6,-4.2));
#11901 = LINE('',#11902,#11903);
#11902 = CARTESIAN_POINT('',(2.215,-0.6,-4.2));
#11903 = VECTOR('',#11904,1.);
#11904 = DIRECTION('',(-1.,-1.665334536938E-16,-5.571472456105E-17));
#11905 = ORIENTED_EDGE('',*,*,#11906,.F.);
#11906 = EDGE_CURVE('',#11886,#11899,#11907,.T.);
#11907 = LINE('',#11908,#11909);
#11908 = CARTESIAN_POINT('',(2.29,0.488259916815,-4.2));
#11909 = VECTOR('',#11910,1.);
#11910 = DIRECTION('',(-4.440892098501E-16,1.,3.140653458601E-16));
#11911 = PLANE('',#11912);
#11912 = AXIS2_PLACEMENT_3D('',#11913,#11914,#11915);
#11913 = CARTESIAN_POINT('',(2.54,1.576519833629,-4.2));
#11914 = DIRECTION('',(-5.571472456105E-17,-3.140653458601E-16,1.));
#11915 = DIRECTION('',(1.,1.7763568394E-16,5.571472456105E-17));
#11916 = ADVANCED_FACE('',(#11917),#11935,.T.);
#11917 = FACE_BOUND('',#11918,.T.);
#11918 = EDGE_LOOP('',(#11919,#11927,#11933,#11934));
#11919 = ORIENTED_EDGE('',*,*,#11920,.T.);
#11920 = EDGE_CURVE('',#11747,#11921,#11923,.T.);
#11921 = VERTEX_POINT('',#11922);
#11922 = CARTESIAN_POINT('',(2.29,-0.6,-3.95));
#11923 = LINE('',#11924,#11925);
#11924 = CARTESIAN_POINT('',(2.215,-0.6,-3.95));
#11925 = VECTOR('',#11926,1.);
#11926 = DIRECTION('',(1.,1.665334536938E-16,4.626119063202E-17));
#11927 = ORIENTED_EDGE('',*,*,#11928,.T.);
#11928 = EDGE_CURVE('',#11921,#11899,#11929,.T.);
#11929 = LINE('',#11930,#11931);
#11930 = CARTESIAN_POINT('',(2.29,-0.6,-3.95));
#11931 = VECTOR('',#11932,1.);
#11932 = DIRECTION('',(5.098795759653E-17,-1.855456608539E-18,-1.));
#11933 = ORIENTED_EDGE('',*,*,#11898,.T.);
#11934 = ORIENTED_EDGE('',*,*,#11744,.T.);
#11935 = PLANE('',#11936);
#11936 = AXIS2_PLACEMENT_3D('',#11937,#11938,#11939);
#11937 = CARTESIAN_POINT('',(1.89,-0.6,-3.95));
#11938 = DIRECTION('',(-1.665334536938E-16,1.,-1.855456608539E-18));
#11939 = DIRECTION('',(1.,1.665334536938E-16,4.440892098501E-17));
#11940 = ADVANCED_FACE('',(#11941),#11963,.F.);
#11941 = FACE_BOUND('',#11942,.T.);
#11942 = EDGE_LOOP('',(#11943,#11951,#11957,#11958,#11959,#11960,#11961,
    #11962));
#11943 = ORIENTED_EDGE('',*,*,#11944,.F.);
#11944 = EDGE_CURVE('',#11945,#11855,#11947,.T.);
#11945 = VERTEX_POINT('',#11946);
#11946 = CARTESIAN_POINT('',(2.29,-1.1,-3.95));
#11947 = LINE('',#11948,#11949);
#11948 = CARTESIAN_POINT('',(4.77,-1.1,-3.95));
#11949 = VECTOR('',#11950,1.);
#11950 = DIRECTION('',(1.,0.,4.626119063202E-17));
#11951 = ORIENTED_EDGE('',*,*,#11952,.F.);
#11952 = EDGE_CURVE('',#11921,#11945,#11953,.T.);
#11953 = LINE('',#11954,#11955);
#11954 = CARTESIAN_POINT('',(2.29,0.488259916815,-3.95));
#11955 = VECTOR('',#11956,1.);
#11956 = DIRECTION('',(4.440892098501E-16,-1.,-3.140653458601E-16));
#11957 = ORIENTED_EDGE('',*,*,#11920,.F.);
#11958 = ORIENTED_EDGE('',*,*,#11761,.T.);
#11959 = ORIENTED_EDGE('',*,*,#11776,.T.);
#11960 = ORIENTED_EDGE('',*,*,#11802,.T.);
#11961 = ORIENTED_EDGE('',*,*,#11823,.F.);
#11962 = ORIENTED_EDGE('',*,*,#11864,.F.);
#11963 = PLANE('',#11964);
#11964 = AXIS2_PLACEMENT_3D('',#11965,#11966,#11967);
#11965 = CARTESIAN_POINT('',(2.54,1.576519833629,-3.95));
#11966 = DIRECTION('',(-4.626119063202E-17,-3.140653458601E-16,1.));
#11967 = DIRECTION('',(1.,1.7763568394E-16,4.626119063202E-17));
#11968 = ADVANCED_FACE('',(#11969),#11980,.T.);
#11969 = FACE_BOUND('',#11970,.T.);
#11970 = EDGE_LOOP('',(#11971,#11977,#11978,#11979));
#11971 = ORIENTED_EDGE('',*,*,#11972,.F.);
#11972 = EDGE_CURVE('',#11886,#11945,#11973,.T.);
#11973 = LINE('',#11974,#11975);
#11974 = CARTESIAN_POINT('',(2.29,-1.1,-1.975));
#11975 = VECTOR('',#11976,1.);
#11976 = DIRECTION('',(-5.098795759653E-17,0.,1.));
#11977 = ORIENTED_EDGE('',*,*,#11906,.T.);
#11978 = ORIENTED_EDGE('',*,*,#11928,.F.);
#11979 = ORIENTED_EDGE('',*,*,#11952,.T.);
#11980 = PLANE('',#11981);
#11981 = AXIS2_PLACEMENT_3D('',#11982,#11983,#11984);
#11982 = CARTESIAN_POINT('',(2.29,-0.6,-3.95));
#11983 = DIRECTION('',(1.,4.440892098501E-16,5.098795759653E-17));
#11984 = DIRECTION('',(4.440892098501E-16,-1.,-3.10862446895E-16));
#11985 = ADVANCED_FACE('',(#11986),#12020,.F.);
#11986 = FACE_BOUND('',#11987,.T.);
#11987 = EDGE_LOOP('',(#11988,#11998,#12006,#12014));
#11988 = ORIENTED_EDGE('',*,*,#11989,.F.);
#11989 = EDGE_CURVE('',#11990,#11992,#11994,.T.);
#11990 = VERTEX_POINT('',#11991);
#11991 = CARTESIAN_POINT('',(0.65,3.025308154345E-16,4.756818181818));
#11992 = VERTEX_POINT('',#11993);
#11993 = CARTESIAN_POINT('',(0.65,-0.25,4.759659090909));
#11994 = LINE('',#11995,#11996);
#11995 = CARTESIAN_POINT('',(0.65,-2.050289382059,4.780116924796));
#11996 = VECTOR('',#11997,1.);
#11997 = DIRECTION('',(1.239456767068E-20,-0.999935440137,
    1.136290272883E-02));
#11998 = ORIENTED_EDGE('',*,*,#11999,.F.);
#11999 = EDGE_CURVE('',#12000,#11990,#12002,.T.);
#12000 = VERTEX_POINT('',#12001);
#12001 = CARTESIAN_POINT('',(0.65,1.12535690375E-16,4.35));
#12002 = LINE('',#12003,#12004);
#12003 = CARTESIAN_POINT('',(0.65,2.382831637922E-15,9.211165091899));
#12004 = VECTOR('',#12005,1.);
#12005 = DIRECTION('',(1.090792376426E-18,4.670271230513E-16,1.));
#12006 = ORIENTED_EDGE('',*,*,#12007,.F.);
#12007 = EDGE_CURVE('',#12008,#12000,#12010,.T.);
#12008 = VERTEX_POINT('',#12009);
#12009 = CARTESIAN_POINT('',(0.65,-0.25,4.35));
#12010 = LINE('',#12011,#12012);
#12011 = CARTESIAN_POINT('',(0.65,-0.195,4.35));
#12012 = VECTOR('',#12013,1.);
#12013 = DIRECTION('',(-5.094296254086E-34,1.,-4.670271230513E-16));
#12014 = ORIENTED_EDGE('',*,*,#12015,.T.);
#12015 = EDGE_CURVE('',#12008,#11992,#12016,.T.);
#12016 = LINE('',#12017,#12018);
#12017 = CARTESIAN_POINT('',(0.65,-0.25,2.241592955033));
#12018 = VECTOR('',#12019,1.);
#12019 = DIRECTION('',(1.090792376426E-18,4.670271230513E-16,1.));
#12020 = PLANE('',#12021);
#12021 = AXIS2_PLACEMENT_3D('',#12022,#12023,#12024);
#12022 = CARTESIAN_POINT('',(0.65,-0.25,9.211165091899));
#12023 = DIRECTION('',(1.,0.,-1.090792376426E-18));
#12024 = DIRECTION('',(-1.937636498231E-34,1.,-1.7763568394E-16));
#12025 = ADVANCED_FACE('',(#12026),#12060,.F.);
#12026 = FACE_BOUND('',#12027,.T.);
#12027 = EDGE_LOOP('',(#12028,#12038,#12046,#12054));
#12028 = ORIENTED_EDGE('',*,*,#12029,.F.);
#12029 = EDGE_CURVE('',#12030,#12032,#12034,.T.);
#12030 = VERTEX_POINT('',#12031);
#12031 = CARTESIAN_POINT('',(-0.65,-0.25,4.759659090909));
#12032 = VERTEX_POINT('',#12033);
#12033 = CARTESIAN_POINT('',(-0.65,1.386820421063E-16,4.756818181818));
#12034 = LINE('',#12035,#12036);
#12035 = CARTESIAN_POINT('',(-0.65,-2.020352497098,4.779776732922));
#12036 = VECTOR('',#12037,1.);
#12037 = DIRECTION('',(-1.239456767068E-20,0.999935440137,
    -1.136290272883E-02));
#12038 = ORIENTED_EDGE('',*,*,#12039,.F.);
#12039 = EDGE_CURVE('',#12040,#12030,#12042,.T.);
#12040 = VERTEX_POINT('',#12041);
#12041 = CARTESIAN_POINT('',(-0.65,-0.25,4.35));
#12042 = LINE('',#12043,#12044);
#12043 = CARTESIAN_POINT('',(-0.65,-0.25,2.241592955033));
#12044 = VECTOR('',#12045,1.);
#12045 = DIRECTION('',(1.090792376426E-18,4.670271230513E-16,1.));
#12046 = ORIENTED_EDGE('',*,*,#12047,.F.);
#12047 = EDGE_CURVE('',#12048,#12040,#12050,.T.);
#12048 = VERTEX_POINT('',#12049);
#12049 = CARTESIAN_POINT('',(-0.65,-5.13130829532E-17,4.35));
#12050 = LINE('',#12051,#12052);
#12051 = CARTESIAN_POINT('',(-0.65,-0.195,4.35));
#12052 = VECTOR('',#12053,1.);
#12053 = DIRECTION('',(5.094296254086E-34,-1.,4.670271230513E-16));
#12054 = ORIENTED_EDGE('',*,*,#12055,.F.);
#12055 = EDGE_CURVE('',#12032,#12048,#12056,.T.);
#12056 = LINE('',#12057,#12058);
#12057 = CARTESIAN_POINT('',(-0.65,-1.035996359385E-15,2.241592955033));
#12058 = VECTOR('',#12059,1.);
#12059 = DIRECTION('',(-1.090792376426E-18,-4.670271230513E-16,-1.));
#12060 = PLANE('',#12061);
#12061 = AXIS2_PLACEMENT_3D('',#12062,#12063,#12064);
#12062 = CARTESIAN_POINT('',(-0.65,-0.25,3.941592955033));
#12063 = DIRECTION('',(-1.,0.,1.090792376426E-18));
#12064 = DIRECTION('',(1.937636498231E-34,-1.,1.7763568394E-16));
#12065 = ADVANCED_FACE('',(#12066),#12082,.T.);
#12066 = FACE_BOUND('',#12067,.T.);
#12067 = EDGE_LOOP('',(#12068,#12074,#12075,#12081));
#12068 = ORIENTED_EDGE('',*,*,#12069,.F.);
#12069 = EDGE_CURVE('',#11992,#12030,#12070,.T.);
#12070 = LINE('',#12071,#12072);
#12071 = CARTESIAN_POINT('',(8.422206945791E-18,-0.25,4.759659090909));
#12072 = VECTOR('',#12073,1.);
#12073 = DIRECTION('',(-1.,4.726766964514E-18,-5.371326096039E-20));
#12074 = ORIENTED_EDGE('',*,*,#12015,.F.);
#12075 = ORIENTED_EDGE('',*,*,#12076,.F.);
#12076 = EDGE_CURVE('',#12040,#12008,#12077,.T.);
#12077 = LINE('',#12078,#12079);
#12078 = CARTESIAN_POINT('',(0.,-0.25,4.35));
#12079 = VECTOR('',#12080,1.);
#12080 = DIRECTION('',(1.,-4.726766964514E-18,-1.090792376426E-18));
#12081 = ORIENTED_EDGE('',*,*,#12039,.T.);
#12082 = PLANE('',#12083);
#12083 = AXIS2_PLACEMENT_3D('',#12084,#12085,#12086);
#12084 = CARTESIAN_POINT('',(0.,-0.25,5.918112788663));
#12085 = DIRECTION('',(4.726766964514E-18,1.,-4.828876485942E-16));
#12086 = DIRECTION('',(-1.,4.726766964514E-18,3.980675439348E-34));
#12087 = ADVANCED_FACE('',(#12088),#12104,.F.);
#12088 = FACE_BOUND('',#12089,.T.);
#12089 = EDGE_LOOP('',(#12090,#12096,#12097,#12103));
#12090 = ORIENTED_EDGE('',*,*,#12091,.F.);
#12091 = EDGE_CURVE('',#12032,#11990,#12092,.T.);
#12092 = LINE('',#12093,#12094);
#12093 = CARTESIAN_POINT('',(-9.013205410846E-18,-1.325763817771E-17,
    4.756818181818));
#12094 = VECTOR('',#12095,1.);
#12095 = DIRECTION('',(1.,4.726766964514E-18,-5.371326096039E-20));
#12096 = ORIENTED_EDGE('',*,*,#12055,.T.);
#12097 = ORIENTED_EDGE('',*,*,#12098,.F.);
#12098 = EDGE_CURVE('',#12000,#12048,#12099,.T.);
#12099 = LINE('',#12100,#12101);
#12100 = CARTESIAN_POINT('',(0.,-1.722188593249E-16,4.35));
#12101 = VECTOR('',#12102,1.);
#12102 = DIRECTION('',(-1.,-4.726766964514E-18,1.090792376426E-18));
#12103 = ORIENTED_EDGE('',*,*,#11999,.T.);
#12104 = PLANE('',#12105);
#12105 = AXIS2_PLACEMENT_3D('',#12106,#12107,#12108);
#12106 = CARTESIAN_POINT('',(0.,5.840001780206E-16,5.918112788663));
#12107 = DIRECTION('',(-4.726766964514E-18,1.,-4.828876485942E-16));
#12108 = DIRECTION('',(-1.,-4.726766964514E-18,0.));
#12109 = ADVANCED_FACE('',(#12110),#12137,.F.);
#12110 = FACE_BOUND('',#12111,.T.);
#12111 = EDGE_LOOP('',(#12112,#12113,#12122,#12130));
#12112 = ORIENTED_EDGE('',*,*,#12007,.T.);
#12113 = ORIENTED_EDGE('',*,*,#12114,.F.);
#12114 = EDGE_CURVE('',#12115,#12000,#12117,.T.);
#12115 = VERTEX_POINT('',#12116);
#12116 = CARTESIAN_POINT('',(0.65,-0.4,3.95));
#12117 = CIRCLE('',#12118,0.4);
#12118 = AXIS2_PLACEMENT_3D('',#12119,#12120,#12121);
#12119 = CARTESIAN_POINT('',(0.65,-0.4,4.35));
#12120 = DIRECTION('',(1.,0.,-1.090792376426E-18));
#12121 = DIRECTION('',(-1.090792376426E-18,-5.983959733456E-16,-1.));
#12122 = ORIENTED_EDGE('',*,*,#12123,.F.);
#12123 = EDGE_CURVE('',#12124,#12115,#12126,.T.);
#12124 = VERTEX_POINT('',#12125);
#12125 = CARTESIAN_POINT('',(0.65,-0.4,4.2));
#12126 = LINE('',#12127,#12128);
#12127 = CARTESIAN_POINT('',(0.65,-0.4,4.145));
#12128 = VECTOR('',#12129,1.);
#12129 = DIRECTION('',(-1.090792376426E-18,-1.071928597869E-15,-1.));
#12130 = ORIENTED_EDGE('',*,*,#12131,.T.);
#12131 = EDGE_CURVE('',#12124,#12008,#12132,.T.);
#12132 = CIRCLE('',#12133,0.15);
#12133 = AXIS2_PLACEMENT_3D('',#12134,#12135,#12136);
#12134 = CARTESIAN_POINT('',(0.65,-0.4,4.35));
#12135 = DIRECTION('',(1.,0.,-1.090792376426E-18));
#12136 = DIRECTION('',(-1.090792376426E-18,-7.718683209433E-16,-1.));
#12137 = PLANE('',#12138);
#12138 = AXIS2_PLACEMENT_3D('',#12139,#12140,#12141);
#12139 = CARTESIAN_POINT('',(0.65,-0.25,4.35));
#12140 = DIRECTION('',(1.,0.,-1.090792376426E-18));
#12141 = DIRECTION('',(-1.090792376426E-18,-7.716050021145E-16,-1.));
#12142 = ADVANCED_FACE('',(#12143),#12170,.F.);
#12143 = FACE_BOUND('',#12144,.T.);
#12144 = EDGE_LOOP('',(#12145,#12146,#12155,#12163));
#12145 = ORIENTED_EDGE('',*,*,#12047,.T.);
#12146 = ORIENTED_EDGE('',*,*,#12147,.F.);
#12147 = EDGE_CURVE('',#12148,#12040,#12150,.T.);
#12148 = VERTEX_POINT('',#12149);
#12149 = CARTESIAN_POINT('',(-0.65,-0.4,4.2));
#12150 = CIRCLE('',#12151,0.15);
#12151 = AXIS2_PLACEMENT_3D('',#12152,#12153,#12154);
#12152 = CARTESIAN_POINT('',(-0.65,-0.4,4.35));
#12153 = DIRECTION('',(1.,0.,-1.090792376426E-18));
#12154 = DIRECTION('',(-1.090792376426E-18,-7.718683209433E-16,-1.));
#12155 = ORIENTED_EDGE('',*,*,#12156,.F.);
#12156 = EDGE_CURVE('',#12157,#12148,#12159,.T.);
#12157 = VERTEX_POINT('',#12158);
#12158 = CARTESIAN_POINT('',(-0.65,-0.4,3.95));
#12159 = LINE('',#12160,#12161);
#12160 = CARTESIAN_POINT('',(-0.65,-0.4,4.145));
#12161 = VECTOR('',#12162,1.);
#12162 = DIRECTION('',(1.090792376426E-18,1.071928597869E-15,1.));
#12163 = ORIENTED_EDGE('',*,*,#12164,.F.);
#12164 = EDGE_CURVE('',#12048,#12157,#12165,.T.);
#12165 = CIRCLE('',#12166,0.4);
#12166 = AXIS2_PLACEMENT_3D('',#12167,#12168,#12169);
#12167 = CARTESIAN_POINT('',(-0.65,-0.4,4.35));
#12168 = DIRECTION('',(-1.,0.,1.090792376426E-18));
#12169 = DIRECTION('',(-2.742811372489E-34,1.,-2.514512781502E-16));
#12170 = PLANE('',#12171);
#12171 = AXIS2_PLACEMENT_3D('',#12172,#12173,#12174);
#12172 = CARTESIAN_POINT('',(-0.65,-2.334695207885E-18,4.35));
#12173 = DIRECTION('',(-1.,0.,1.090792376426E-18));
#12174 = DIRECTION('',(1.090792376426E-18,7.718683209433E-16,1.));
#12175 = ADVANCED_FACE('',(#12176),#12187,.T.);
#12176 = FACE_BOUND('',#12177,.T.);
#12177 = EDGE_LOOP('',(#12178,#12179,#12180,#12186));
#12178 = ORIENTED_EDGE('',*,*,#12076,.T.);
#12179 = ORIENTED_EDGE('',*,*,#12131,.F.);
#12180 = ORIENTED_EDGE('',*,*,#12181,.F.);
#12181 = EDGE_CURVE('',#12148,#12124,#12182,.T.);
#12182 = LINE('',#12183,#12184);
#12183 = CARTESIAN_POINT('',(0.,-0.4,4.2));
#12184 = VECTOR('',#12185,1.);
#12185 = DIRECTION('',(1.,5.066756684725E-33,3.635974588088E-18));
#12186 = ORIENTED_EDGE('',*,*,#12147,.T.);
#12187 = CYLINDRICAL_SURFACE('',#12188,0.15);
#12188 = AXIS2_PLACEMENT_3D('',#12189,#12190,#12191);
#12189 = CARTESIAN_POINT('',(0.,-0.4,4.35));
#12190 = DIRECTION('',(1.,0.,-1.090792376426E-18));
#12191 = DIRECTION('',(-1.090792376426E-18,-1.071928597869E-15,-1.));
#12192 = ADVANCED_FACE('',(#12193),#12218,.F.);
#12193 = FACE_BOUND('',#12194,.T.);
#12194 = EDGE_LOOP('',(#12195,#12205,#12211,#12212));
#12195 = ORIENTED_EDGE('',*,*,#12196,.F.);
#12196 = EDGE_CURVE('',#12197,#12199,#12201,.T.);
#12197 = VERTEX_POINT('',#12198);
#12198 = CARTESIAN_POINT('',(0.65,-0.6,4.2));
#12199 = VERTEX_POINT('',#12200);
#12200 = CARTESIAN_POINT('',(0.65,-0.6,3.95));
#12201 = LINE('',#12202,#12203);
#12202 = CARTESIAN_POINT('',(0.65,-0.6,4.075));
#12203 = VECTOR('',#12204,1.);
#12204 = DIRECTION('',(-1.090792376426E-18,-7.718683209433E-16,-1.));
#12205 = ORIENTED_EDGE('',*,*,#12206,.T.);
#12206 = EDGE_CURVE('',#12197,#12124,#12207,.T.);
#12207 = LINE('',#12208,#12209);
#12208 = CARTESIAN_POINT('',(0.65,-2.1,4.2));
#12209 = VECTOR('',#12210,1.);
#12210 = DIRECTION('',(-1.169251542629E-33,1.,-1.071928597869E-15));
#12211 = ORIENTED_EDGE('',*,*,#12123,.T.);
#12212 = ORIENTED_EDGE('',*,*,#12213,.F.);
#12213 = EDGE_CURVE('',#12199,#12115,#12214,.T.);
#12214 = LINE('',#12215,#12216);
#12215 = CARTESIAN_POINT('',(0.65,4.869572136865,3.95));
#12216 = VECTOR('',#12217,1.);
#12217 = DIRECTION('',(-1.169251542629E-33,1.,-1.071928597869E-15));
#12218 = PLANE('',#12219);
#12219 = AXIS2_PLACEMENT_3D('',#12220,#12221,#12222);
#12220 = CARTESIAN_POINT('',(0.65,4.869572136865,4.2));
#12221 = DIRECTION('',(1.,0.,-1.090792376426E-18));
#12222 = DIRECTION('',(-1.090792376426E-18,-7.993605777301E-16,-1.));
#12223 = ADVANCED_FACE('',(#12224),#12235,.F.);
#12224 = FACE_BOUND('',#12225,.F.);
#12225 = EDGE_LOOP('',(#12226,#12227,#12233,#12234));
#12226 = ORIENTED_EDGE('',*,*,#12114,.F.);
#12227 = ORIENTED_EDGE('',*,*,#12228,.T.);
#12228 = EDGE_CURVE('',#12115,#12157,#12229,.T.);
#12229 = LINE('',#12230,#12231);
#12230 = CARTESIAN_POINT('',(0.,-0.4,3.95));
#12231 = VECTOR('',#12232,1.);
#12232 = DIRECTION('',(-1.,5.066756684725E-33,5.817559340941E-18));
#12233 = ORIENTED_EDGE('',*,*,#12164,.F.);
#12234 = ORIENTED_EDGE('',*,*,#12098,.F.);
#12235 = CYLINDRICAL_SURFACE('',#12236,0.4);
#12236 = AXIS2_PLACEMENT_3D('',#12237,#12238,#12239);
#12237 = CARTESIAN_POINT('',(0.,-0.4,4.35));
#12238 = DIRECTION('',(1.,0.,-1.090792376426E-18));
#12239 = DIRECTION('',(-1.090792376426E-18,-1.071928597869E-15,-1.));
#12240 = ADVANCED_FACE('',(#12241),#12266,.F.);
#12241 = FACE_BOUND('',#12242,.T.);
#12242 = EDGE_LOOP('',(#12243,#12253,#12259,#12260));
#12243 = ORIENTED_EDGE('',*,*,#12244,.F.);
#12244 = EDGE_CURVE('',#12245,#12247,#12249,.T.);
#12245 = VERTEX_POINT('',#12246);
#12246 = CARTESIAN_POINT('',(-0.65,-0.6,3.95));
#12247 = VERTEX_POINT('',#12248);
#12248 = CARTESIAN_POINT('',(-0.65,-0.6,4.2));
#12249 = LINE('',#12250,#12251);
#12250 = CARTESIAN_POINT('',(-0.65,-0.6,4.075));
#12251 = VECTOR('',#12252,1.);
#12252 = DIRECTION('',(1.090792376426E-18,7.718683209433E-16,1.));
#12253 = ORIENTED_EDGE('',*,*,#12254,.F.);
#12254 = EDGE_CURVE('',#12157,#12245,#12255,.T.);
#12255 = LINE('',#12256,#12257);
#12256 = CARTESIAN_POINT('',(-0.65,-2.1,3.95));
#12257 = VECTOR('',#12258,1.);
#12258 = DIRECTION('',(1.169251542629E-33,-1.,1.071928597869E-15));
#12259 = ORIENTED_EDGE('',*,*,#12156,.T.);
#12260 = ORIENTED_EDGE('',*,*,#12261,.F.);
#12261 = EDGE_CURVE('',#12247,#12148,#12262,.T.);
#12262 = LINE('',#12263,#12264);
#12263 = CARTESIAN_POINT('',(-0.65,-2.1,4.2));
#12264 = VECTOR('',#12265,1.);
#12265 = DIRECTION('',(-1.169251542629E-33,1.,-1.071928597869E-15));
#12266 = PLANE('',#12267);
#12267 = AXIS2_PLACEMENT_3D('',#12268,#12269,#12270);
#12268 = CARTESIAN_POINT('',(-0.65,-0.4,4.2));
#12269 = DIRECTION('',(-1.,0.,1.090792376426E-18));
#12270 = DIRECTION('',(1.090792376426E-18,7.716050021145E-16,1.));
#12271 = ADVANCED_FACE('',(#12272),#12297,.T.);
#12272 = FACE_BOUND('',#12273,.T.);
#12273 = EDGE_LOOP('',(#12274,#12282,#12283,#12291));
#12274 = ORIENTED_EDGE('',*,*,#12275,.T.);
#12275 = EDGE_CURVE('',#12276,#12245,#12278,.T.);
#12276 = VERTEX_POINT('',#12277);
#12277 = CARTESIAN_POINT('',(-0.25,-0.6,3.95));
#12278 = LINE('',#12279,#12280);
#12279 = CARTESIAN_POINT('',(-0.125,-0.6,3.95));
#12280 = VECTOR('',#12281,1.);
#12281 = DIRECTION('',(-1.,-3.289585577741E-33,5.817559340941E-18));
#12282 = ORIENTED_EDGE('',*,*,#12244,.T.);
#12283 = ORIENTED_EDGE('',*,*,#12284,.T.);
#12284 = EDGE_CURVE('',#12247,#12285,#12287,.T.);
#12285 = VERTEX_POINT('',#12286);
#12286 = CARTESIAN_POINT('',(-0.25,-0.6,4.2));
#12287 = LINE('',#12288,#12289);
#12288 = CARTESIAN_POINT('',(-0.125,-0.6,4.2));
#12289 = VECTOR('',#12290,1.);
#12290 = DIRECTION('',(1.,1.058646893852E-32,3.635974588088E-18));
#12291 = ORIENTED_EDGE('',*,*,#12292,.F.);
#12292 = EDGE_CURVE('',#12276,#12285,#12293,.T.);
#12293 = LINE('',#12294,#12295);
#12294 = CARTESIAN_POINT('',(-0.25,-0.6,3.95));
#12295 = VECTOR('',#12296,1.);
#12296 = DIRECTION('',(1.090792376426E-18,7.718683209433E-16,1.));
#12297 = PLANE('',#12298);
#12298 = AXIS2_PLACEMENT_3D('',#12299,#12300,#12301);
#12299 = CARTESIAN_POINT('',(-0.25,-0.6,3.95));
#12300 = DIRECTION('',(-7.77997533822E-33,1.,-7.718683209433E-16));
#12301 = DIRECTION('',(-1.,-7.77997533822E-33,6.005116501292E-48));
#12302 = ADVANCED_FACE('',(#12303),#12328,.T.);
#12303 = FACE_BOUND('',#12304,.T.);
#12304 = EDGE_LOOP('',(#12305,#12315,#12321,#12322));
#12305 = ORIENTED_EDGE('',*,*,#12306,.F.);
#12306 = EDGE_CURVE('',#12307,#12309,#12311,.T.);
#12307 = VERTEX_POINT('',#12308);
#12308 = CARTESIAN_POINT('',(-0.25,-1.1,3.95));
#12309 = VERTEX_POINT('',#12310);
#12310 = CARTESIAN_POINT('',(-0.25,-1.1,4.2));
#12311 = LINE('',#12312,#12313);
#12312 = CARTESIAN_POINT('',(-0.25,-1.1,1.975));
#12313 = VECTOR('',#12314,1.);
#12314 = DIRECTION('',(1.090792376427E-18,0.,1.));
#12315 = ORIENTED_EDGE('',*,*,#12316,.T.);
#12316 = EDGE_CURVE('',#12307,#12276,#12317,.T.);
#12317 = LINE('',#12318,#12319);
#12318 = CARTESIAN_POINT('',(-0.25,-0.261740083185,3.95));
#12319 = VECTOR('',#12320,1.);
#12320 = DIRECTION('',(-2.775557561563E-16,1.,-1.087789123412E-15));
#12321 = ORIENTED_EDGE('',*,*,#12292,.T.);
#12322 = ORIENTED_EDGE('',*,*,#12323,.T.);
#12323 = EDGE_CURVE('',#12285,#12309,#12324,.T.);
#12324 = LINE('',#12325,#12326);
#12325 = CARTESIAN_POINT('',(-0.25,-0.261740083185,4.2));
#12326 = VECTOR('',#12327,1.);
#12327 = DIRECTION('',(2.775557561563E-16,-1.,1.087789123412E-15));
#12328 = PLANE('',#12329);
#12329 = AXIS2_PLACEMENT_3D('',#12330,#12331,#12332);
#12330 = CARTESIAN_POINT('',(-0.25,-2.1,3.95));
#12331 = DIRECTION('',(1.,2.775557561563E-16,-1.090792376427E-18));
#12332 = DIRECTION('',(-2.775557561563E-16,1.,-1.06581410364E-15));
#12333 = ADVANCED_FACE('',(#12334),#12363,.T.);
#12334 = FACE_BOUND('',#12335,.T.);
#12335 = EDGE_LOOP('',(#12336,#12344,#12345,#12346,#12347,#12348,#12349,
    #12357));
#12336 = ORIENTED_EDGE('',*,*,#12337,.F.);
#12337 = EDGE_CURVE('',#12309,#12338,#12340,.T.);
#12338 = VERTEX_POINT('',#12339);
#12339 = CARTESIAN_POINT('',(0.25,-1.1,4.2));
#12340 = LINE('',#12341,#12342);
#12341 = CARTESIAN_POINT('',(3.5,-1.1,4.2));
#12342 = VECTOR('',#12343,1.);
#12343 = DIRECTION('',(1.,0.,3.635974588088E-18));
#12344 = ORIENTED_EDGE('',*,*,#12323,.F.);
#12345 = ORIENTED_EDGE('',*,*,#12284,.F.);
#12346 = ORIENTED_EDGE('',*,*,#12261,.T.);
#12347 = ORIENTED_EDGE('',*,*,#12181,.T.);
#12348 = ORIENTED_EDGE('',*,*,#12206,.F.);
#12349 = ORIENTED_EDGE('',*,*,#12350,.F.);
#12350 = EDGE_CURVE('',#12351,#12197,#12353,.T.);
#12351 = VERTEX_POINT('',#12352);
#12352 = CARTESIAN_POINT('',(0.25,-0.6,4.2));
#12353 = LINE('',#12354,#12355);
#12354 = CARTESIAN_POINT('',(0.325,-0.6,4.2));
#12355 = VECTOR('',#12356,1.);
#12356 = DIRECTION('',(1.,1.058646893852E-32,3.635974588088E-18));
#12357 = ORIENTED_EDGE('',*,*,#12358,.F.);
#12358 = EDGE_CURVE('',#12338,#12351,#12359,.T.);
#12359 = LINE('',#12360,#12361);
#12360 = CARTESIAN_POINT('',(0.25,0.488259916815,4.2));
#12361 = VECTOR('',#12362,1.);
#12362 = DIRECTION('',(2.775557561563E-16,1.,-1.087789123412E-15));
#12363 = PLANE('',#12364);
#12364 = AXIS2_PLACEMENT_3D('',#12365,#12366,#12367);
#12365 = CARTESIAN_POINT('',(0.,1.576519833629,4.2));
#12366 = DIRECTION('',(3.635974588088E-18,-1.087789123412E-15,-1.));
#12367 = DIRECTION('',(-1.,-3.955173609924E-33,-3.635974588088E-18));
#12368 = ADVANCED_FACE('',(#12369),#12387,.T.);
#12369 = FACE_BOUND('',#12370,.T.);
#12370 = EDGE_LOOP('',(#12371,#12379,#12385,#12386));
#12371 = ORIENTED_EDGE('',*,*,#12372,.T.);
#12372 = EDGE_CURVE('',#12199,#12373,#12375,.T.);
#12373 = VERTEX_POINT('',#12374);
#12374 = CARTESIAN_POINT('',(0.25,-0.6,3.95));
#12375 = LINE('',#12376,#12377);
#12376 = CARTESIAN_POINT('',(0.325,-0.6,3.95));
#12377 = VECTOR('',#12378,1.);
#12378 = DIRECTION('',(-1.,-3.289585577741E-33,5.817559340941E-18));
#12379 = ORIENTED_EDGE('',*,*,#12380,.T.);
#12380 = EDGE_CURVE('',#12373,#12351,#12381,.T.);
#12381 = LINE('',#12382,#12383);
#12382 = CARTESIAN_POINT('',(0.25,-0.6,3.95));
#12383 = VECTOR('',#12384,1.);
#12384 = DIRECTION('',(1.090792376426E-18,7.718683209433E-16,1.));
#12385 = ORIENTED_EDGE('',*,*,#12350,.T.);
#12386 = ORIENTED_EDGE('',*,*,#12196,.T.);
#12387 = PLANE('',#12388);
#12388 = AXIS2_PLACEMENT_3D('',#12389,#12390,#12391);
#12389 = CARTESIAN_POINT('',(0.65,-0.6,3.95));
#12390 = DIRECTION('',(-7.77997533822E-33,1.,-7.718683209433E-16));
#12391 = DIRECTION('',(-1.,-7.77997533822E-33,6.005116501292E-48));
#12392 = ADVANCED_FACE('',(#12393),#12415,.F.);
#12393 = FACE_BOUND('',#12394,.T.);
#12394 = EDGE_LOOP('',(#12395,#12403,#12409,#12410,#12411,#12412,#12413,
    #12414));
#12395 = ORIENTED_EDGE('',*,*,#12396,.F.);
#12396 = EDGE_CURVE('',#12397,#12307,#12399,.T.);
#12397 = VERTEX_POINT('',#12398);
#12398 = CARTESIAN_POINT('',(0.25,-1.1,3.95));
#12399 = LINE('',#12400,#12401);
#12400 = CARTESIAN_POINT('',(3.5,-1.1,3.95));
#12401 = VECTOR('',#12402,1.);
#12402 = DIRECTION('',(-1.,0.,5.817559340941E-18));
#12403 = ORIENTED_EDGE('',*,*,#12404,.F.);
#12404 = EDGE_CURVE('',#12373,#12397,#12405,.T.);
#12405 = LINE('',#12406,#12407);
#12406 = CARTESIAN_POINT('',(0.25,0.488259916815,3.95));
#12407 = VECTOR('',#12408,1.);
#12408 = DIRECTION('',(-2.775557561563E-16,-1.,1.087789123412E-15));
#12409 = ORIENTED_EDGE('',*,*,#12372,.F.);
#12410 = ORIENTED_EDGE('',*,*,#12213,.T.);
#12411 = ORIENTED_EDGE('',*,*,#12228,.T.);
#12412 = ORIENTED_EDGE('',*,*,#12254,.T.);
#12413 = ORIENTED_EDGE('',*,*,#12275,.F.);
#12414 = ORIENTED_EDGE('',*,*,#12316,.F.);
#12415 = PLANE('',#12416);
#12416 = AXIS2_PLACEMENT_3D('',#12417,#12418,#12419);
#12417 = CARTESIAN_POINT('',(0.,1.576519833629,3.95));
#12418 = DIRECTION('',(-5.817559340941E-18,-1.087789123412E-15,-1.));
#12419 = DIRECTION('',(-1.,6.328277775878E-33,5.817559340941E-18));
#12420 = ADVANCED_FACE('',(#12421),#12432,.T.);
#12421 = FACE_BOUND('',#12422,.T.);
#12422 = EDGE_LOOP('',(#12423,#12429,#12430,#12431));
#12423 = ORIENTED_EDGE('',*,*,#12424,.F.);
#12424 = EDGE_CURVE('',#12338,#12397,#12425,.T.);
#12425 = LINE('',#12426,#12427);
#12426 = CARTESIAN_POINT('',(0.25,-1.1,1.975));
#12427 = VECTOR('',#12428,1.);
#12428 = DIRECTION('',(-1.090792376426E-18,0.,-1.));
#12429 = ORIENTED_EDGE('',*,*,#12358,.T.);
#12430 = ORIENTED_EDGE('',*,*,#12380,.F.);
#12431 = ORIENTED_EDGE('',*,*,#12404,.T.);
#12432 = PLANE('',#12433);
#12433 = AXIS2_PLACEMENT_3D('',#12434,#12435,#12436);
#12434 = CARTESIAN_POINT('',(0.25,-0.6,3.95));
#12435 = DIRECTION('',(-1.,2.775557561563E-16,1.090792376426E-18));
#12436 = DIRECTION('',(-2.775557561563E-16,-1.,1.06581410364E-15));
#12437 = ADVANCED_FACE('',(#12438),#12472,.F.);
#12438 = FACE_BOUND('',#12439,.T.);
#12439 = EDGE_LOOP('',(#12440,#12450,#12458,#12466));
#12440 = ORIENTED_EDGE('',*,*,#12441,.F.);
#12441 = EDGE_CURVE('',#12442,#12444,#12446,.T.);
#12442 = VERTEX_POINT('',#12443);
#12443 = CARTESIAN_POINT('',(-0.65,8.062023933143E-16,-4.756818181818));
#12444 = VERTEX_POINT('',#12445);
#12445 = CARTESIAN_POINT('',(-0.65,-0.25,-4.759659090909));
#12446 = LINE('',#12447,#12448);
#12447 = CARTESIAN_POINT('',(-0.65,2.349710617941,-4.730116924796));
#12448 = VECTOR('',#12449,1.);
#12449 = DIRECTION('',(1.671020735193E-16,-0.999935440137,
    -1.136290272883E-02));
#12450 = ORIENTED_EDGE('',*,*,#12451,.F.);
#12451 = EDGE_CURVE('',#12452,#12442,#12454,.T.);
#12452 = VERTEX_POINT('',#12453);
#12453 = CARTESIAN_POINT('',(-0.65,9.30972168668E-16,-4.35));
#12454 = LINE('',#12455,#12456);
#12455 = CARTESIAN_POINT('',(-0.65,-5.599309019923E-16,-9.211165091899)
  );
#12456 = VECTOR('',#12457,1.);
#12457 = DIRECTION('',(5.098795759653E-17,-3.066966545005E-16,-1.));
#12458 = ORIENTED_EDGE('',*,*,#12459,.F.);
#12459 = EDGE_CURVE('',#12460,#12452,#12462,.T.);
#12460 = VERTEX_POINT('',#12461);
#12461 = CARTESIAN_POINT('',(-0.65,-0.25,-4.35));
#12462 = LINE('',#12463,#12464);
#12463 = CARTESIAN_POINT('',(-0.65,-0.195,-4.35));
#12464 = VECTOR('',#12465,1.);
#12465 = DIRECTION('',(-1.665334536938E-16,1.,-3.066966545005E-16));
#12466 = ORIENTED_EDGE('',*,*,#12467,.T.);
#12467 = EDGE_CURVE('',#12460,#12444,#12468,.T.);
#12468 = LINE('',#12469,#12470);
#12469 = CARTESIAN_POINT('',(-0.65,-0.25,-2.241592955033));
#12470 = VECTOR('',#12471,1.);
#12471 = DIRECTION('',(5.098795759653E-17,-3.066966545005E-16,-1.));
#12472 = PLANE('',#12473);
#12473 = AXIS2_PLACEMENT_3D('',#12474,#12475,#12476);
#12474 = CARTESIAN_POINT('',(-0.65,-0.25,-9.211165091899));
#12475 = DIRECTION('',(-1.,-1.665334536938E-16,-5.098795759653E-17));
#12476 = DIRECTION('',(-1.665334536938E-16,1.,-5.329070518201E-16));
#12477 = ADVANCED_FACE('',(#12478),#12512,.F.);
#12478 = FACE_BOUND('',#12479,.T.);
#12479 = EDGE_LOOP('',(#12480,#12490,#12498,#12506));
#12480 = ORIENTED_EDGE('',*,*,#12481,.F.);
#12481 = EDGE_CURVE('',#12482,#12484,#12486,.T.);
#12482 = VERTEX_POINT('',#12483);
#12483 = CARTESIAN_POINT('',(0.65,-0.25,-4.759659090909));
#12484 = VERTEX_POINT('',#12485);
#12485 = CARTESIAN_POINT('',(0.65,8.58847109788E-16,-4.756818181818));
#12486 = LINE('',#12487,#12488);
#12487 = CARTESIAN_POINT('',(0.65,2.379647502902,-4.729776732922));
#12488 = VECTOR('',#12489,1.);
#12489 = DIRECTION('',(-1.671020735193E-16,0.999935440137,
    1.136290272883E-02));
#12490 = ORIENTED_EDGE('',*,*,#12491,.F.);
#12491 = EDGE_CURVE('',#12492,#12482,#12494,.T.);
#12492 = VERTEX_POINT('',#12493);
#12493 = CARTESIAN_POINT('',(0.65,-0.25,-4.35));
#12494 = LINE('',#12495,#12496);
#12495 = CARTESIAN_POINT('',(0.65,-0.25,-2.241592955033));
#12496 = VECTOR('',#12497,1.);
#12497 = DIRECTION('',(5.098795759653E-17,-3.066966545005E-16,-1.));
#12498 = ORIENTED_EDGE('',*,*,#12499,.F.);
#12499 = EDGE_CURVE('',#12500,#12492,#12502,.T.);
#12500 = VERTEX_POINT('',#12501);
#12501 = CARTESIAN_POINT('',(0.65,9.836168851416E-16,-4.35));
#12502 = LINE('',#12503,#12504);
#12503 = CARTESIAN_POINT('',(0.65,-0.195,-4.35));
#12504 = VECTOR('',#12505,1.);
#12505 = DIRECTION('',(1.665334536938E-16,-1.,3.066966545005E-16));
#12506 = ORIENTED_EDGE('',*,*,#12507,.F.);
#12507 = EDGE_CURVE('',#12484,#12500,#12508,.T.);
#12508 = LINE('',#12509,#12510);
#12509 = CARTESIAN_POINT('',(0.65,1.630258272158E-15,-2.241592955033));
#12510 = VECTOR('',#12511,1.);
#12511 = DIRECTION('',(-5.098795759653E-17,3.066966545005E-16,1.));
#12512 = PLANE('',#12513);
#12513 = AXIS2_PLACEMENT_3D('',#12514,#12515,#12516);
#12514 = CARTESIAN_POINT('',(0.65,-0.25,-3.941592955033));
#12515 = DIRECTION('',(1.,1.665334536938E-16,5.098795759653E-17));
#12516 = DIRECTION('',(1.665334536938E-16,-1.,6.217248937901E-16));
#12517 = ADVANCED_FACE('',(#12518),#12534,.T.);
#12518 = FACE_BOUND('',#12519,.T.);
#12519 = EDGE_LOOP('',(#12520,#12526,#12527,#12533));
#12520 = ORIENTED_EDGE('',*,*,#12521,.F.);
#12521 = EDGE_CURVE('',#12444,#12482,#12522,.T.);
#12522 = LINE('',#12523,#12524);
#12523 = CARTESIAN_POINT('',(4.484888757801E-16,-0.25,-4.759659090909));
#12524 = VECTOR('',#12525,1.);
#12525 = DIRECTION('',(1.,1.712602206583E-16,1.946138871117E-18));
#12526 = ORIENTED_EDGE('',*,*,#12467,.F.);
#12527 = ORIENTED_EDGE('',*,*,#12528,.F.);
#12528 = EDGE_CURVE('',#12492,#12460,#12529,.T.);
#12529 = LINE('',#12530,#12531);
#12530 = CARTESIAN_POINT('',(0.,-0.25,-4.35));
#12531 = VECTOR('',#12532,1.);
#12532 = DIRECTION('',(-1.,-1.712602206583E-16,-5.098795759653E-17));
#12533 = ORIENTED_EDGE('',*,*,#12491,.T.);
#12534 = PLANE('',#12535);
#12535 = AXIS2_PLACEMENT_3D('',#12536,#12537,#12538);
#12536 = CARTESIAN_POINT('',(0.,-0.25,-5.918112788663));
#12537 = DIRECTION('',(-1.712602206583E-16,1.,-2.908361289577E-16));
#12538 = DIRECTION('',(1.,1.712602206583E-16,8.881784197001E-17));
#12539 = ADVANCED_FACE('',(#12540),#12556,.F.);
#12540 = FACE_BOUND('',#12541,.T.);
#12541 = EDGE_LOOP('',(#12542,#12548,#12549,#12555));
#12542 = ORIENTED_EDGE('',*,*,#12543,.F.);
#12543 = EDGE_CURVE('',#12484,#12442,#12544,.T.);
#12544 = LINE('',#12545,#12546);
#12545 = CARTESIAN_POINT('',(4.035013096021E-16,7.157223363024E-16,
    -4.756818181818));
#12546 = VECTOR('',#12547,1.);
#12547 = DIRECTION('',(-1.,-1.618066867293E-16,-1.838712349196E-18));
#12548 = ORIENTED_EDGE('',*,*,#12507,.T.);
#12549 = ORIENTED_EDGE('',*,*,#12550,.F.);
#12550 = EDGE_CURVE('',#12452,#12500,#12551,.T.);
#12551 = LINE('',#12552,#12553);
#12552 = CARTESIAN_POINT('',(0.,7.54464363869E-16,-4.35));
#12553 = VECTOR('',#12554,1.);
#12554 = DIRECTION('',(1.,1.618066867293E-16,5.098795759653E-17));
#12555 = ORIENTED_EDGE('',*,*,#12451,.T.);
#12556 = PLANE('',#12557);
#12557 = AXIS2_PLACEMENT_3D('',#12558,#12559,#12560);
#12558 = CARTESIAN_POINT('',(0.,2.973972507432E-16,-5.918112788663));
#12559 = DIRECTION('',(-1.618066867293E-16,1.,-2.908361289577E-16));
#12560 = DIRECTION('',(1.,1.618066867293E-16,8.881784197001E-17));
#12561 = ADVANCED_FACE('',(#12562),#12589,.F.);
#12562 = FACE_BOUND('',#12563,.T.);
#12563 = EDGE_LOOP('',(#12564,#12565,#12574,#12582));
#12564 = ORIENTED_EDGE('',*,*,#12459,.T.);
#12565 = ORIENTED_EDGE('',*,*,#12566,.F.);
#12566 = EDGE_CURVE('',#12567,#12452,#12569,.T.);
#12567 = VERTEX_POINT('',#12568);
#12568 = CARTESIAN_POINT('',(-0.65,-0.4,-3.95));
#12569 = CIRCLE('',#12570,0.4);
#12570 = AXIS2_PLACEMENT_3D('',#12571,#12572,#12573);
#12571 = CARTESIAN_POINT('',(-0.65,-0.4,-4.35));
#12572 = DIRECTION('',(-1.,-1.665334536938E-16,-5.098795759653E-17));
#12573 = DIRECTION('',(-5.098795759653E-17,1.753278042062E-16,1.));
#12574 = ORIENTED_EDGE('',*,*,#12575,.F.);
#12575 = EDGE_CURVE('',#12576,#12567,#12578,.T.);
#12576 = VERTEX_POINT('',#12577);
#12577 = CARTESIAN_POINT('',(-0.65,-0.4,-4.2));
#12578 = LINE('',#12579,#12580);
#12579 = CARTESIAN_POINT('',(-0.65,-0.4,-4.145));
#12580 = VECTOR('',#12581,1.);
#12581 = DIRECTION('',(-5.098795759653E-17,-2.982048203172E-16,1.));
#12582 = ORIENTED_EDGE('',*,*,#12583,.T.);
#12583 = EDGE_CURVE('',#12576,#12460,#12584,.T.);
#12584 = CIRCLE('',#12585,0.15);
#12585 = AXIS2_PLACEMENT_3D('',#12586,#12587,#12588);
#12586 = CARTESIAN_POINT('',(-0.65,-0.4,-4.35));
#12587 = DIRECTION('',(-1.,-1.665334536938E-16,-5.098795759653E-17));
#12588 = DIRECTION('',(-5.098795759653E-17,1.855456608539E-18,1.));
#12589 = PLANE('',#12590);
#12590 = AXIS2_PLACEMENT_3D('',#12591,#12592,#12593);
#12591 = CARTESIAN_POINT('',(-0.65,-0.25,-4.35));
#12592 = DIRECTION('',(-1.,-1.665334536938E-16,-5.098795759653E-17));
#12593 = DIRECTION('',(-5.098795759653E-17,2.775557561563E-18,1.));
#12594 = ADVANCED_FACE('',(#12595),#12622,.F.);
#12595 = FACE_BOUND('',#12596,.T.);
#12596 = EDGE_LOOP('',(#12597,#12598,#12607,#12615));
#12597 = ORIENTED_EDGE('',*,*,#12499,.T.);
#12598 = ORIENTED_EDGE('',*,*,#12599,.F.);
#12599 = EDGE_CURVE('',#12600,#12492,#12602,.T.);
#12600 = VERTEX_POINT('',#12601);
#12601 = CARTESIAN_POINT('',(0.65,-0.4,-4.2));
#12602 = CIRCLE('',#12603,0.15);
#12603 = AXIS2_PLACEMENT_3D('',#12604,#12605,#12606);
#12604 = CARTESIAN_POINT('',(0.65,-0.4,-4.35));
#12605 = DIRECTION('',(-1.,-1.665334536938E-16,-5.098795759653E-17));
#12606 = DIRECTION('',(-5.098795759653E-17,1.855456608539E-18,1.));
#12607 = ORIENTED_EDGE('',*,*,#12608,.F.);
#12608 = EDGE_CURVE('',#12609,#12600,#12611,.T.);
#12609 = VERTEX_POINT('',#12610);
#12610 = CARTESIAN_POINT('',(0.65,-0.4,-3.95));
#12611 = LINE('',#12612,#12613);
#12612 = CARTESIAN_POINT('',(0.65,-0.4,-4.145));
#12613 = VECTOR('',#12614,1.);
#12614 = DIRECTION('',(5.098795759653E-17,2.982048203172E-16,-1.));
#12615 = ORIENTED_EDGE('',*,*,#12616,.F.);
#12616 = EDGE_CURVE('',#12500,#12609,#12617,.T.);
#12617 = CIRCLE('',#12618,0.4);
#12618 = AXIS2_PLACEMENT_3D('',#12619,#12620,#12621);
#12619 = CARTESIAN_POINT('',(0.65,-0.4,-4.35));
#12620 = DIRECTION('',(1.,1.665334536938E-16,5.098795759653E-17));
#12621 = DIRECTION('',(-1.665334536938E-16,1.,-5.222724994016E-16));
#12622 = PLANE('',#12623);
#12623 = AXIS2_PLACEMENT_3D('',#12624,#12625,#12626);
#12624 = CARTESIAN_POINT('',(0.65,1.032595272887E-15,-4.35));
#12625 = DIRECTION('',(1.,1.665334536938E-16,5.098795759653E-17));
#12626 = DIRECTION('',(5.098795759653E-17,-1.855456608539E-18,-1.));
#12627 = ADVANCED_FACE('',(#12628),#12639,.T.);
#12628 = FACE_BOUND('',#12629,.T.);
#12629 = EDGE_LOOP('',(#12630,#12631,#12632,#12638));
#12630 = ORIENTED_EDGE('',*,*,#12528,.T.);
#12631 = ORIENTED_EDGE('',*,*,#12583,.F.);
#12632 = ORIENTED_EDGE('',*,*,#12633,.F.);
#12633 = EDGE_CURVE('',#12600,#12576,#12634,.T.);
#12634 = LINE('',#12635,#12636);
#12635 = CARTESIAN_POINT('',(0.,-0.4,-4.2));
#12636 = VECTOR('',#12637,1.);
#12637 = DIRECTION('',(-1.,-1.665334536938E-16,-5.571472456105E-17));
#12638 = ORIENTED_EDGE('',*,*,#12599,.T.);
#12639 = CYLINDRICAL_SURFACE('',#12640,0.15);
#12640 = AXIS2_PLACEMENT_3D('',#12641,#12642,#12643);
#12641 = CARTESIAN_POINT('',(0.,-0.4,-4.35));
#12642 = DIRECTION('',(-1.,-1.665334536938E-16,-5.098795759653E-17));
#12643 = DIRECTION('',(-5.098795759653E-17,-2.982048203172E-16,1.));
#12644 = ADVANCED_FACE('',(#12645),#12670,.F.);
#12645 = FACE_BOUND('',#12646,.T.);
#12646 = EDGE_LOOP('',(#12647,#12657,#12663,#12664));
#12647 = ORIENTED_EDGE('',*,*,#12648,.F.);
#12648 = EDGE_CURVE('',#12649,#12651,#12653,.T.);
#12649 = VERTEX_POINT('',#12650);
#12650 = CARTESIAN_POINT('',(-0.65,-0.6,-4.2));
#12651 = VERTEX_POINT('',#12652);
#12652 = CARTESIAN_POINT('',(-0.65,-0.6,-3.95));
#12653 = LINE('',#12654,#12655);
#12654 = CARTESIAN_POINT('',(-0.65,-0.6,-4.075));
#12655 = VECTOR('',#12656,1.);
#12656 = DIRECTION('',(-5.098795759653E-17,1.855456608539E-18,1.));
#12657 = ORIENTED_EDGE('',*,*,#12658,.T.);
#12658 = EDGE_CURVE('',#12649,#12576,#12659,.T.);
#12659 = LINE('',#12660,#12661);
#12660 = CARTESIAN_POINT('',(-0.65,-2.1,-4.2));
#12661 = VECTOR('',#12662,1.);
#12662 = DIRECTION('',(-1.665334536938E-16,1.,2.982048203172E-16));
#12663 = ORIENTED_EDGE('',*,*,#12575,.T.);
#12664 = ORIENTED_EDGE('',*,*,#12665,.F.);
#12665 = EDGE_CURVE('',#12651,#12567,#12666,.T.);
#12666 = LINE('',#12667,#12668);
#12667 = CARTESIAN_POINT('',(-0.65,4.869572136865,-3.95));
#12668 = VECTOR('',#12669,1.);
#12669 = DIRECTION('',(-1.665334536938E-16,1.,2.982048203172E-16));
#12670 = PLANE('',#12671);
#12671 = AXIS2_PLACEMENT_3D('',#12672,#12673,#12674);
#12672 = CARTESIAN_POINT('',(-0.65,4.869572136865,-4.2));
#12673 = DIRECTION('',(-1.,-1.665334536938E-16,-5.098795759653E-17));
#12674 = DIRECTION('',(-5.098795759653E-17,7.532630577168E-34,1.));
#12675 = ADVANCED_FACE('',(#12676),#12687,.F.);
#12676 = FACE_BOUND('',#12677,.F.);
#12677 = EDGE_LOOP('',(#12678,#12679,#12685,#12686));
#12678 = ORIENTED_EDGE('',*,*,#12566,.F.);
#12679 = ORIENTED_EDGE('',*,*,#12680,.T.);
#12680 = EDGE_CURVE('',#12567,#12609,#12681,.T.);
#12681 = LINE('',#12682,#12683);
#12682 = CARTESIAN_POINT('',(0.,-0.4,-3.95));
#12683 = VECTOR('',#12684,1.);
#12684 = DIRECTION('',(1.,1.665334536938E-16,4.626119063202E-17));
#12685 = ORIENTED_EDGE('',*,*,#12616,.F.);
#12686 = ORIENTED_EDGE('',*,*,#12550,.F.);
#12687 = CYLINDRICAL_SURFACE('',#12688,0.4);
#12688 = AXIS2_PLACEMENT_3D('',#12689,#12690,#12691);
#12689 = CARTESIAN_POINT('',(0.,-0.4,-4.35));
#12690 = DIRECTION('',(-1.,-1.665334536938E-16,-5.098795759653E-17));
#12691 = DIRECTION('',(-5.098795759653E-17,-2.982048203172E-16,1.));
#12692 = ADVANCED_FACE('',(#12693),#12718,.F.);
#12693 = FACE_BOUND('',#12694,.T.);
#12694 = EDGE_LOOP('',(#12695,#12705,#12711,#12712));
#12695 = ORIENTED_EDGE('',*,*,#12696,.F.);
#12696 = EDGE_CURVE('',#12697,#12699,#12701,.T.);
#12697 = VERTEX_POINT('',#12698);
#12698 = CARTESIAN_POINT('',(0.65,-0.6,-3.95));
#12699 = VERTEX_POINT('',#12700);
#12700 = CARTESIAN_POINT('',(0.65,-0.6,-4.2));
#12701 = LINE('',#12702,#12703);
#12702 = CARTESIAN_POINT('',(0.65,-0.6,-4.075));
#12703 = VECTOR('',#12704,1.);
#12704 = DIRECTION('',(5.098795759653E-17,-1.855456608539E-18,-1.));
#12705 = ORIENTED_EDGE('',*,*,#12706,.F.);
#12706 = EDGE_CURVE('',#12609,#12697,#12707,.T.);
#12707 = LINE('',#12708,#12709);
#12708 = CARTESIAN_POINT('',(0.65,-2.1,-3.95));
#12709 = VECTOR('',#12710,1.);
#12710 = DIRECTION('',(1.665334536938E-16,-1.,-2.982048203172E-16));
#12711 = ORIENTED_EDGE('',*,*,#12608,.T.);
#12712 = ORIENTED_EDGE('',*,*,#12713,.F.);
#12713 = EDGE_CURVE('',#12699,#12600,#12714,.T.);
#12714 = LINE('',#12715,#12716);
#12715 = CARTESIAN_POINT('',(0.65,-2.1,-4.2));
#12716 = VECTOR('',#12717,1.);
#12717 = DIRECTION('',(-1.665334536938E-16,1.,2.982048203172E-16));
#12718 = PLANE('',#12719);
#12719 = AXIS2_PLACEMENT_3D('',#12720,#12721,#12722);
#12720 = CARTESIAN_POINT('',(0.65,-0.4,-4.2));
#12721 = DIRECTION('',(1.,1.665334536938E-16,5.098795759653E-17));
#12722 = DIRECTION('',(5.098795759653E-17,-7.532630577168E-34,-1.));
#12723 = ADVANCED_FACE('',(#12724),#12749,.T.);
#12724 = FACE_BOUND('',#12725,.T.);
#12725 = EDGE_LOOP('',(#12726,#12734,#12735,#12743));
#12726 = ORIENTED_EDGE('',*,*,#12727,.T.);
#12727 = EDGE_CURVE('',#12728,#12697,#12730,.T.);
#12728 = VERTEX_POINT('',#12729);
#12729 = CARTESIAN_POINT('',(0.25,-0.6,-3.95));
#12730 = LINE('',#12731,#12732);
#12731 = CARTESIAN_POINT('',(0.125,-0.6,-3.95));
#12732 = VECTOR('',#12733,1.);
#12733 = DIRECTION('',(1.,1.665334536938E-16,4.626119063202E-17));
#12734 = ORIENTED_EDGE('',*,*,#12696,.T.);
#12735 = ORIENTED_EDGE('',*,*,#12736,.T.);
#12736 = EDGE_CURVE('',#12699,#12737,#12739,.T.);
#12737 = VERTEX_POINT('',#12738);
#12738 = CARTESIAN_POINT('',(0.25,-0.6,-4.2));
#12739 = LINE('',#12740,#12741);
#12740 = CARTESIAN_POINT('',(0.125,-0.6,-4.2));
#12741 = VECTOR('',#12742,1.);
#12742 = DIRECTION('',(-1.,-1.665334536938E-16,-5.571472456105E-17));
#12743 = ORIENTED_EDGE('',*,*,#12744,.F.);
#12744 = EDGE_CURVE('',#12728,#12737,#12745,.T.);
#12745 = LINE('',#12746,#12747);
#12746 = CARTESIAN_POINT('',(0.25,-0.6,-3.95));
#12747 = VECTOR('',#12748,1.);
#12748 = DIRECTION('',(5.098795759653E-17,-1.855456608539E-18,-1.));
#12749 = PLANE('',#12750);
#12750 = AXIS2_PLACEMENT_3D('',#12751,#12752,#12753);
#12751 = CARTESIAN_POINT('',(0.25,-0.6,-3.95));
#12752 = DIRECTION('',(-1.665334536938E-16,1.,-1.855456608539E-18));
#12753 = DIRECTION('',(1.,1.665334536938E-16,4.440892098501E-17));
#12754 = ADVANCED_FACE('',(#12755),#12780,.T.);
#12755 = FACE_BOUND('',#12756,.T.);
#12756 = EDGE_LOOP('',(#12757,#12767,#12773,#12774));
#12757 = ORIENTED_EDGE('',*,*,#12758,.F.);
#12758 = EDGE_CURVE('',#12759,#12761,#12763,.T.);
#12759 = VERTEX_POINT('',#12760);
#12760 = CARTESIAN_POINT('',(0.25,-1.1,-3.95));
#12761 = VERTEX_POINT('',#12762);
#12762 = CARTESIAN_POINT('',(0.25,-1.1,-4.2));
#12763 = LINE('',#12764,#12765);
#12764 = CARTESIAN_POINT('',(0.25,-1.1,-1.975));
#12765 = VECTOR('',#12766,1.);
#12766 = DIRECTION('',(5.098795759653E-17,0.,-1.));
#12767 = ORIENTED_EDGE('',*,*,#12768,.T.);
#12768 = EDGE_CURVE('',#12759,#12728,#12769,.T.);
#12769 = LINE('',#12770,#12771);
#12770 = CARTESIAN_POINT('',(0.25,-0.261740083185,-3.95));
#12771 = VECTOR('',#12772,1.);
#12772 = DIRECTION('',(1.110223024625E-16,1.,3.140653458601E-16));
#12773 = ORIENTED_EDGE('',*,*,#12744,.T.);
#12774 = ORIENTED_EDGE('',*,*,#12775,.T.);
#12775 = EDGE_CURVE('',#12737,#12761,#12776,.T.);
#12776 = LINE('',#12777,#12778);
#12777 = CARTESIAN_POINT('',(0.25,-0.261740083185,-4.2));
#12778 = VECTOR('',#12779,1.);
#12779 = DIRECTION('',(-1.110223024625E-16,-1.,-3.140653458601E-16));
#12780 = PLANE('',#12781);
#12781 = AXIS2_PLACEMENT_3D('',#12782,#12783,#12784);
#12782 = CARTESIAN_POINT('',(0.25,-2.1,-3.95));
#12783 = DIRECTION('',(-1.,1.110223024625E-16,-5.098795759653E-17));
#12784 = DIRECTION('',(1.110223024625E-16,1.,3.10862446895E-16));
#12785 = ADVANCED_FACE('',(#12786),#12815,.T.);
#12786 = FACE_BOUND('',#12787,.T.);
#12787 = EDGE_LOOP('',(#12788,#12796,#12797,#12798,#12799,#12800,#12801,
    #12809));
#12788 = ORIENTED_EDGE('',*,*,#12789,.F.);
#12789 = EDGE_CURVE('',#12761,#12790,#12792,.T.);
#12790 = VERTEX_POINT('',#12791);
#12791 = CARTESIAN_POINT('',(-0.25,-1.1,-4.2));
#12792 = LINE('',#12793,#12794);
#12793 = CARTESIAN_POINT('',(3.5,-1.1,-4.2));
#12794 = VECTOR('',#12795,1.);
#12795 = DIRECTION('',(-1.,0.,-5.571472456105E-17));
#12796 = ORIENTED_EDGE('',*,*,#12775,.F.);
#12797 = ORIENTED_EDGE('',*,*,#12736,.F.);
#12798 = ORIENTED_EDGE('',*,*,#12713,.T.);
#12799 = ORIENTED_EDGE('',*,*,#12633,.T.);
#12800 = ORIENTED_EDGE('',*,*,#12658,.F.);
#12801 = ORIENTED_EDGE('',*,*,#12802,.F.);
#12802 = EDGE_CURVE('',#12803,#12649,#12805,.T.);
#12803 = VERTEX_POINT('',#12804);
#12804 = CARTESIAN_POINT('',(-0.25,-0.6,-4.2));
#12805 = LINE('',#12806,#12807);
#12806 = CARTESIAN_POINT('',(-0.325,-0.6,-4.2));
#12807 = VECTOR('',#12808,1.);
#12808 = DIRECTION('',(-1.,-1.665334536938E-16,-5.571472456105E-17));
#12809 = ORIENTED_EDGE('',*,*,#12810,.F.);
#12810 = EDGE_CURVE('',#12790,#12803,#12811,.T.);
#12811 = LINE('',#12812,#12813);
#12812 = CARTESIAN_POINT('',(-0.25,0.488259916815,-4.2));
#12813 = VECTOR('',#12814,1.);
#12814 = DIRECTION('',(-4.440892098501E-16,1.,3.140653458601E-16));
#12815 = PLANE('',#12816);
#12816 = AXIS2_PLACEMENT_3D('',#12817,#12818,#12819);
#12817 = CARTESIAN_POINT('',(0.,1.576519833629,-4.2));
#12818 = DIRECTION('',(-5.571472456105E-17,-3.140653458601E-16,1.));
#12819 = DIRECTION('',(1.,1.7763568394E-16,5.571472456105E-17));
#12820 = ADVANCED_FACE('',(#12821),#12839,.T.);
#12821 = FACE_BOUND('',#12822,.T.);
#12822 = EDGE_LOOP('',(#12823,#12831,#12837,#12838));
#12823 = ORIENTED_EDGE('',*,*,#12824,.T.);
#12824 = EDGE_CURVE('',#12651,#12825,#12827,.T.);
#12825 = VERTEX_POINT('',#12826);
#12826 = CARTESIAN_POINT('',(-0.25,-0.6,-3.95));
#12827 = LINE('',#12828,#12829);
#12828 = CARTESIAN_POINT('',(-0.325,-0.6,-3.95));
#12829 = VECTOR('',#12830,1.);
#12830 = DIRECTION('',(1.,1.665334536938E-16,4.626119063202E-17));
#12831 = ORIENTED_EDGE('',*,*,#12832,.T.);
#12832 = EDGE_CURVE('',#12825,#12803,#12833,.T.);
#12833 = LINE('',#12834,#12835);
#12834 = CARTESIAN_POINT('',(-0.25,-0.6,-3.95));
#12835 = VECTOR('',#12836,1.);
#12836 = DIRECTION('',(5.098795759653E-17,-1.855456608539E-18,-1.));
#12837 = ORIENTED_EDGE('',*,*,#12802,.T.);
#12838 = ORIENTED_EDGE('',*,*,#12648,.T.);
#12839 = PLANE('',#12840);
#12840 = AXIS2_PLACEMENT_3D('',#12841,#12842,#12843);
#12841 = CARTESIAN_POINT('',(-0.65,-0.6,-3.95));
#12842 = DIRECTION('',(-1.665334536938E-16,1.,-1.855456608539E-18));
#12843 = DIRECTION('',(1.,1.665334536938E-16,4.440892098501E-17));
#12844 = ADVANCED_FACE('',(#12845),#12867,.F.);
#12845 = FACE_BOUND('',#12846,.T.);
#12846 = EDGE_LOOP('',(#12847,#12855,#12861,#12862,#12863,#12864,#12865,
    #12866));
#12847 = ORIENTED_EDGE('',*,*,#12848,.F.);
#12848 = EDGE_CURVE('',#12849,#12759,#12851,.T.);
#12849 = VERTEX_POINT('',#12850);
#12850 = CARTESIAN_POINT('',(-0.25,-1.1,-3.95));
#12851 = LINE('',#12852,#12853);
#12852 = CARTESIAN_POINT('',(3.5,-1.1,-3.95));
#12853 = VECTOR('',#12854,1.);
#12854 = DIRECTION('',(1.,0.,4.626119063202E-17));
#12855 = ORIENTED_EDGE('',*,*,#12856,.F.);
#12856 = EDGE_CURVE('',#12825,#12849,#12857,.T.);
#12857 = LINE('',#12858,#12859);
#12858 = CARTESIAN_POINT('',(-0.25,0.488259916815,-3.95));
#12859 = VECTOR('',#12860,1.);
#12860 = DIRECTION('',(4.440892098501E-16,-1.,-3.140653458601E-16));
#12861 = ORIENTED_EDGE('',*,*,#12824,.F.);
#12862 = ORIENTED_EDGE('',*,*,#12665,.T.);
#12863 = ORIENTED_EDGE('',*,*,#12680,.T.);
#12864 = ORIENTED_EDGE('',*,*,#12706,.T.);
#12865 = ORIENTED_EDGE('',*,*,#12727,.F.);
#12866 = ORIENTED_EDGE('',*,*,#12768,.F.);
#12867 = PLANE('',#12868);
#12868 = AXIS2_PLACEMENT_3D('',#12869,#12870,#12871);
#12869 = CARTESIAN_POINT('',(0.,1.576519833629,-3.95));
#12870 = DIRECTION('',(-4.626119063202E-17,-3.140653458601E-16,1.));
#12871 = DIRECTION('',(1.,1.7763568394E-16,4.626119063202E-17));
#12872 = ADVANCED_FACE('',(#12873),#12884,.T.);
#12873 = FACE_BOUND('',#12874,.T.);
#12874 = EDGE_LOOP('',(#12875,#12881,#12882,#12883));
#12875 = ORIENTED_EDGE('',*,*,#12876,.F.);
#12876 = EDGE_CURVE('',#12790,#12849,#12877,.T.);
#12877 = LINE('',#12878,#12879);
#12878 = CARTESIAN_POINT('',(-0.25,-1.1,-1.975));
#12879 = VECTOR('',#12880,1.);
#12880 = DIRECTION('',(-5.098795759653E-17,0.,1.));
#12881 = ORIENTED_EDGE('',*,*,#12810,.T.);
#12882 = ORIENTED_EDGE('',*,*,#12832,.F.);
#12883 = ORIENTED_EDGE('',*,*,#12856,.T.);
#12884 = PLANE('',#12885);
#12885 = AXIS2_PLACEMENT_3D('',#12886,#12887,#12888);
#12886 = CARTESIAN_POINT('',(-0.25,-0.6,-3.95));
#12887 = DIRECTION('',(1.,4.440892098501E-16,5.098795759653E-17));
#12888 = DIRECTION('',(4.440892098501E-16,-1.,-3.10862446895E-16));
#12889 = ADVANCED_FACE('',(#12890),#12924,.F.);
#12890 = FACE_BOUND('',#12891,.T.);
#12891 = EDGE_LOOP('',(#12892,#12902,#12910,#12918));
#12892 = ORIENTED_EDGE('',*,*,#12893,.F.);
#12893 = EDGE_CURVE('',#12894,#12896,#12898,.T.);
#12894 = VERTEX_POINT('',#12895);
#12895 = CARTESIAN_POINT('',(-1.89,3.025308154345E-16,4.756818181818));
#12896 = VERTEX_POINT('',#12897);
#12897 = CARTESIAN_POINT('',(-1.89,-0.25,4.759659090909));
#12898 = LINE('',#12899,#12900);
#12899 = CARTESIAN_POINT('',(-1.89,-2.050289382059,4.780116924796));
#12900 = VECTOR('',#12901,1.);
#12901 = DIRECTION('',(1.239456767068E-20,-0.999935440137,
    1.136290272883E-02));
#12902 = ORIENTED_EDGE('',*,*,#12903,.F.);
#12903 = EDGE_CURVE('',#12904,#12894,#12906,.T.);
#12904 = VERTEX_POINT('',#12905);
#12905 = CARTESIAN_POINT('',(-1.89,1.12535690375E-16,4.35));
#12906 = LINE('',#12907,#12908);
#12907 = CARTESIAN_POINT('',(-1.89,2.382831637922E-15,9.211165091899));
#12908 = VECTOR('',#12909,1.);
#12909 = DIRECTION('',(1.090792376426E-18,4.670271230513E-16,1.));
#12910 = ORIENTED_EDGE('',*,*,#12911,.F.);
#12911 = EDGE_CURVE('',#12912,#12904,#12914,.T.);
#12912 = VERTEX_POINT('',#12913);
#12913 = CARTESIAN_POINT('',(-1.89,-0.25,4.35));
#12914 = LINE('',#12915,#12916);
#12915 = CARTESIAN_POINT('',(-1.89,-0.195,4.35));
#12916 = VECTOR('',#12917,1.);
#12917 = DIRECTION('',(-5.094296254086E-34,1.,-4.670271230513E-16));
#12918 = ORIENTED_EDGE('',*,*,#12919,.T.);
#12919 = EDGE_CURVE('',#12912,#12896,#12920,.T.);
#12920 = LINE('',#12921,#12922);
#12921 = CARTESIAN_POINT('',(-1.89,-0.25,2.241592955033));
#12922 = VECTOR('',#12923,1.);
#12923 = DIRECTION('',(1.090792376426E-18,4.670271230513E-16,1.));
#12924 = PLANE('',#12925);
#12925 = AXIS2_PLACEMENT_3D('',#12926,#12927,#12928);
#12926 = CARTESIAN_POINT('',(-1.89,-0.25,9.211165091899));
#12927 = DIRECTION('',(1.,0.,-1.090792376426E-18));
#12928 = DIRECTION('',(-1.937636498231E-34,1.,-1.7763568394E-16));
#12929 = ADVANCED_FACE('',(#12930),#12964,.F.);
#12930 = FACE_BOUND('',#12931,.T.);
#12931 = EDGE_LOOP('',(#12932,#12942,#12950,#12958));
#12932 = ORIENTED_EDGE('',*,*,#12933,.F.);
#12933 = EDGE_CURVE('',#12934,#12936,#12938,.T.);
#12934 = VERTEX_POINT('',#12935);
#12935 = CARTESIAN_POINT('',(-3.19,-0.25,4.759659090909));
#12936 = VERTEX_POINT('',#12937);
#12937 = CARTESIAN_POINT('',(-3.19,1.386820421063E-16,4.756818181818));
#12938 = LINE('',#12939,#12940);
#12939 = CARTESIAN_POINT('',(-3.19,-2.020352497098,4.779776732922));
#12940 = VECTOR('',#12941,1.);
#12941 = DIRECTION('',(-1.239456767068E-20,0.999935440137,
    -1.136290272883E-02));
#12942 = ORIENTED_EDGE('',*,*,#12943,.F.);
#12943 = EDGE_CURVE('',#12944,#12934,#12946,.T.);
#12944 = VERTEX_POINT('',#12945);
#12945 = CARTESIAN_POINT('',(-3.19,-0.25,4.35));
#12946 = LINE('',#12947,#12948);
#12947 = CARTESIAN_POINT('',(-3.19,-0.25,2.241592955033));
#12948 = VECTOR('',#12949,1.);
#12949 = DIRECTION('',(1.090792376426E-18,4.670271230513E-16,1.));
#12950 = ORIENTED_EDGE('',*,*,#12951,.F.);
#12951 = EDGE_CURVE('',#12952,#12944,#12954,.T.);
#12952 = VERTEX_POINT('',#12953);
#12953 = CARTESIAN_POINT('',(-3.19,-5.13130829532E-17,4.35));
#12954 = LINE('',#12955,#12956);
#12955 = CARTESIAN_POINT('',(-3.19,-0.195,4.35));
#12956 = VECTOR('',#12957,1.);
#12957 = DIRECTION('',(5.094296254086E-34,-1.,4.670271230513E-16));
#12958 = ORIENTED_EDGE('',*,*,#12959,.F.);
#12959 = EDGE_CURVE('',#12936,#12952,#12960,.T.);
#12960 = LINE('',#12961,#12962);
#12961 = CARTESIAN_POINT('',(-3.19,-1.035996359385E-15,2.241592955033));
#12962 = VECTOR('',#12963,1.);
#12963 = DIRECTION('',(-1.090792376426E-18,-4.670271230513E-16,-1.));
#12964 = PLANE('',#12965);
#12965 = AXIS2_PLACEMENT_3D('',#12966,#12967,#12968);
#12966 = CARTESIAN_POINT('',(-3.19,-0.25,3.941592955033));
#12967 = DIRECTION('',(-1.,0.,1.090792376426E-18));
#12968 = DIRECTION('',(1.937636498231E-34,-1.,1.7763568394E-16));
#12969 = ADVANCED_FACE('',(#12970),#12986,.T.);
#12970 = FACE_BOUND('',#12971,.T.);
#12971 = EDGE_LOOP('',(#12972,#12978,#12979,#12985));
#12972 = ORIENTED_EDGE('',*,*,#12973,.F.);
#12973 = EDGE_CURVE('',#12896,#12934,#12974,.T.);
#12974 = LINE('',#12975,#12976);
#12975 = CARTESIAN_POINT('',(-1.27,-0.25,4.759659090909));
#12976 = VECTOR('',#12977,1.);
#12977 = DIRECTION('',(-1.,4.726766964514E-18,-5.371326096039E-20));
#12978 = ORIENTED_EDGE('',*,*,#12919,.F.);
#12979 = ORIENTED_EDGE('',*,*,#12980,.F.);
#12980 = EDGE_CURVE('',#12944,#12912,#12981,.T.);
#12981 = LINE('',#12982,#12983);
#12982 = CARTESIAN_POINT('',(-2.54,-0.25,4.35));
#12983 = VECTOR('',#12984,1.);
#12984 = DIRECTION('',(1.,-4.726766964514E-18,-1.090792376426E-18));
#12985 = ORIENTED_EDGE('',*,*,#12943,.T.);
#12986 = PLANE('',#12987);
#12987 = AXIS2_PLACEMENT_3D('',#12988,#12989,#12990);
#12988 = CARTESIAN_POINT('',(-2.54,-0.25,5.918112788663));
#12989 = DIRECTION('',(4.726766964514E-18,1.,-4.828876485942E-16));
#12990 = DIRECTION('',(-1.,4.726766964514E-18,3.980675439348E-34));
#12991 = ADVANCED_FACE('',(#12992),#13008,.F.);
#12992 = FACE_BOUND('',#12993,.T.);
#12993 = EDGE_LOOP('',(#12994,#13000,#13001,#13007));
#12994 = ORIENTED_EDGE('',*,*,#12995,.F.);
#12995 = EDGE_CURVE('',#12936,#12894,#12996,.T.);
#12996 = LINE('',#12997,#12998);
#12997 = CARTESIAN_POINT('',(-1.27,-1.325763817771E-17,4.756818181818));
#12998 = VECTOR('',#12999,1.);
#12999 = DIRECTION('',(1.,4.726766964514E-18,-5.371326096039E-20));
#13000 = ORIENTED_EDGE('',*,*,#12959,.T.);
#13001 = ORIENTED_EDGE('',*,*,#13002,.F.);
#13002 = EDGE_CURVE('',#12904,#12952,#13003,.T.);
#13003 = LINE('',#13004,#13005);
#13004 = CARTESIAN_POINT('',(-2.54,-1.722188593249E-16,4.35));
#13005 = VECTOR('',#13006,1.);
#13006 = DIRECTION('',(-1.,-4.726766964514E-18,1.090792376426E-18));
#13007 = ORIENTED_EDGE('',*,*,#12903,.T.);
#13008 = PLANE('',#13009);
#13009 = AXIS2_PLACEMENT_3D('',#13010,#13011,#13012);
#13010 = CARTESIAN_POINT('',(-2.54,5.840001780206E-16,5.918112788663));
#13011 = DIRECTION('',(-4.726766964514E-18,1.,-4.828876485942E-16));
#13012 = DIRECTION('',(-1.,-4.726766964514E-18,0.));
#13013 = ADVANCED_FACE('',(#13014),#13041,.F.);
#13014 = FACE_BOUND('',#13015,.T.);
#13015 = EDGE_LOOP('',(#13016,#13017,#13026,#13034));
#13016 = ORIENTED_EDGE('',*,*,#12911,.T.);
#13017 = ORIENTED_EDGE('',*,*,#13018,.F.);
#13018 = EDGE_CURVE('',#13019,#12904,#13021,.T.);
#13019 = VERTEX_POINT('',#13020);
#13020 = CARTESIAN_POINT('',(-1.89,-0.4,3.95));
#13021 = CIRCLE('',#13022,0.4);
#13022 = AXIS2_PLACEMENT_3D('',#13023,#13024,#13025);
#13023 = CARTESIAN_POINT('',(-1.89,-0.4,4.35));
#13024 = DIRECTION('',(1.,0.,-1.090792376426E-18));
#13025 = DIRECTION('',(-1.090792376426E-18,-5.983959733456E-16,-1.));
#13026 = ORIENTED_EDGE('',*,*,#13027,.F.);
#13027 = EDGE_CURVE('',#13028,#13019,#13030,.T.);
#13028 = VERTEX_POINT('',#13029);
#13029 = CARTESIAN_POINT('',(-1.89,-0.4,4.2));
#13030 = LINE('',#13031,#13032);
#13031 = CARTESIAN_POINT('',(-1.89,-0.4,4.145));
#13032 = VECTOR('',#13033,1.);
#13033 = DIRECTION('',(-1.090792376426E-18,-1.071928597869E-15,-1.));
#13034 = ORIENTED_EDGE('',*,*,#13035,.T.);
#13035 = EDGE_CURVE('',#13028,#12912,#13036,.T.);
#13036 = CIRCLE('',#13037,0.15);
#13037 = AXIS2_PLACEMENT_3D('',#13038,#13039,#13040);
#13038 = CARTESIAN_POINT('',(-1.89,-0.4,4.35));
#13039 = DIRECTION('',(1.,0.,-1.090792376426E-18));
#13040 = DIRECTION('',(-1.090792376426E-18,-7.718683209433E-16,-1.));
#13041 = PLANE('',#13042);
#13042 = AXIS2_PLACEMENT_3D('',#13043,#13044,#13045);
#13043 = CARTESIAN_POINT('',(-1.89,-0.25,4.35));
#13044 = DIRECTION('',(1.,0.,-1.090792376426E-18));
#13045 = DIRECTION('',(-1.090792376426E-18,-7.716050021145E-16,-1.));
#13046 = ADVANCED_FACE('',(#13047),#13074,.F.);
#13047 = FACE_BOUND('',#13048,.T.);
#13048 = EDGE_LOOP('',(#13049,#13050,#13059,#13067));
#13049 = ORIENTED_EDGE('',*,*,#12951,.T.);
#13050 = ORIENTED_EDGE('',*,*,#13051,.F.);
#13051 = EDGE_CURVE('',#13052,#12944,#13054,.T.);
#13052 = VERTEX_POINT('',#13053);
#13053 = CARTESIAN_POINT('',(-3.19,-0.4,4.2));
#13054 = CIRCLE('',#13055,0.15);
#13055 = AXIS2_PLACEMENT_3D('',#13056,#13057,#13058);
#13056 = CARTESIAN_POINT('',(-3.19,-0.4,4.35));
#13057 = DIRECTION('',(1.,0.,-1.090792376426E-18));
#13058 = DIRECTION('',(-1.090792376426E-18,-7.718683209433E-16,-1.));
#13059 = ORIENTED_EDGE('',*,*,#13060,.F.);
#13060 = EDGE_CURVE('',#13061,#13052,#13063,.T.);
#13061 = VERTEX_POINT('',#13062);
#13062 = CARTESIAN_POINT('',(-3.19,-0.4,3.95));
#13063 = LINE('',#13064,#13065);
#13064 = CARTESIAN_POINT('',(-3.19,-0.4,4.145));
#13065 = VECTOR('',#13066,1.);
#13066 = DIRECTION('',(1.090792376426E-18,1.071928597869E-15,1.));
#13067 = ORIENTED_EDGE('',*,*,#13068,.F.);
#13068 = EDGE_CURVE('',#12952,#13061,#13069,.T.);
#13069 = CIRCLE('',#13070,0.4);
#13070 = AXIS2_PLACEMENT_3D('',#13071,#13072,#13073);
#13071 = CARTESIAN_POINT('',(-3.19,-0.4,4.35));
#13072 = DIRECTION('',(-1.,0.,1.090792376426E-18));
#13073 = DIRECTION('',(-2.742811372489E-34,1.,-2.514512781502E-16));
#13074 = PLANE('',#13075);
#13075 = AXIS2_PLACEMENT_3D('',#13076,#13077,#13078);
#13076 = CARTESIAN_POINT('',(-3.19,-2.334695207885E-18,4.35));
#13077 = DIRECTION('',(-1.,0.,1.090792376426E-18));
#13078 = DIRECTION('',(1.090792376426E-18,7.718683209433E-16,1.));
#13079 = ADVANCED_FACE('',(#13080),#13091,.T.);
#13080 = FACE_BOUND('',#13081,.T.);
#13081 = EDGE_LOOP('',(#13082,#13083,#13084,#13090));
#13082 = ORIENTED_EDGE('',*,*,#12980,.T.);
#13083 = ORIENTED_EDGE('',*,*,#13035,.F.);
#13084 = ORIENTED_EDGE('',*,*,#13085,.F.);
#13085 = EDGE_CURVE('',#13052,#13028,#13086,.T.);
#13086 = LINE('',#13087,#13088);
#13087 = CARTESIAN_POINT('',(-2.54,-0.4,4.2));
#13088 = VECTOR('',#13089,1.);
#13089 = DIRECTION('',(1.,5.066756684725E-33,3.635974588088E-18));
#13090 = ORIENTED_EDGE('',*,*,#13051,.T.);
#13091 = CYLINDRICAL_SURFACE('',#13092,0.15);
#13092 = AXIS2_PLACEMENT_3D('',#13093,#13094,#13095);
#13093 = CARTESIAN_POINT('',(-2.54,-0.4,4.35));
#13094 = DIRECTION('',(1.,0.,-1.090792376426E-18));
#13095 = DIRECTION('',(-1.090792376426E-18,-1.071928597869E-15,-1.));
#13096 = ADVANCED_FACE('',(#13097),#13122,.F.);
#13097 = FACE_BOUND('',#13098,.T.);
#13098 = EDGE_LOOP('',(#13099,#13109,#13115,#13116));
#13099 = ORIENTED_EDGE('',*,*,#13100,.F.);
#13100 = EDGE_CURVE('',#13101,#13103,#13105,.T.);
#13101 = VERTEX_POINT('',#13102);
#13102 = CARTESIAN_POINT('',(-1.89,-0.6,4.2));
#13103 = VERTEX_POINT('',#13104);
#13104 = CARTESIAN_POINT('',(-1.89,-0.6,3.95));
#13105 = LINE('',#13106,#13107);
#13106 = CARTESIAN_POINT('',(-1.89,-0.6,4.075));
#13107 = VECTOR('',#13108,1.);
#13108 = DIRECTION('',(-1.090792376426E-18,-7.718683209433E-16,-1.));
#13109 = ORIENTED_EDGE('',*,*,#13110,.T.);
#13110 = EDGE_CURVE('',#13101,#13028,#13111,.T.);
#13111 = LINE('',#13112,#13113);
#13112 = CARTESIAN_POINT('',(-1.89,-2.1,4.2));
#13113 = VECTOR('',#13114,1.);
#13114 = DIRECTION('',(-1.169251542629E-33,1.,-1.071928597869E-15));
#13115 = ORIENTED_EDGE('',*,*,#13027,.T.);
#13116 = ORIENTED_EDGE('',*,*,#13117,.F.);
#13117 = EDGE_CURVE('',#13103,#13019,#13118,.T.);
#13118 = LINE('',#13119,#13120);
#13119 = CARTESIAN_POINT('',(-1.89,4.869572136865,3.95));
#13120 = VECTOR('',#13121,1.);
#13121 = DIRECTION('',(-1.169251542629E-33,1.,-1.071928597869E-15));
#13122 = PLANE('',#13123);
#13123 = AXIS2_PLACEMENT_3D('',#13124,#13125,#13126);
#13124 = CARTESIAN_POINT('',(-1.89,4.869572136865,4.2));
#13125 = DIRECTION('',(1.,0.,-1.090792376426E-18));
#13126 = DIRECTION('',(-1.090792376426E-18,-7.993605777301E-16,-1.));
#13127 = ADVANCED_FACE('',(#13128),#13139,.F.);
#13128 = FACE_BOUND('',#13129,.F.);
#13129 = EDGE_LOOP('',(#13130,#13131,#13137,#13138));
#13130 = ORIENTED_EDGE('',*,*,#13018,.F.);
#13131 = ORIENTED_EDGE('',*,*,#13132,.T.);
#13132 = EDGE_CURVE('',#13019,#13061,#13133,.T.);
#13133 = LINE('',#13134,#13135);
#13134 = CARTESIAN_POINT('',(-2.54,-0.4,3.95));
#13135 = VECTOR('',#13136,1.);
#13136 = DIRECTION('',(-1.,5.066756684725E-33,5.817559340941E-18));
#13137 = ORIENTED_EDGE('',*,*,#13068,.F.);
#13138 = ORIENTED_EDGE('',*,*,#13002,.F.);
#13139 = CYLINDRICAL_SURFACE('',#13140,0.4);
#13140 = AXIS2_PLACEMENT_3D('',#13141,#13142,#13143);
#13141 = CARTESIAN_POINT('',(-2.54,-0.4,4.35));
#13142 = DIRECTION('',(1.,0.,-1.090792376426E-18));
#13143 = DIRECTION('',(-1.090792376426E-18,-1.071928597869E-15,-1.));
#13144 = ADVANCED_FACE('',(#13145),#13170,.F.);
#13145 = FACE_BOUND('',#13146,.T.);
#13146 = EDGE_LOOP('',(#13147,#13157,#13163,#13164));
#13147 = ORIENTED_EDGE('',*,*,#13148,.F.);
#13148 = EDGE_CURVE('',#13149,#13151,#13153,.T.);
#13149 = VERTEX_POINT('',#13150);
#13150 = CARTESIAN_POINT('',(-3.19,-0.6,3.95));
#13151 = VERTEX_POINT('',#13152);
#13152 = CARTESIAN_POINT('',(-3.19,-0.6,4.2));
#13153 = LINE('',#13154,#13155);
#13154 = CARTESIAN_POINT('',(-3.19,-0.6,4.075));
#13155 = VECTOR('',#13156,1.);
#13156 = DIRECTION('',(1.090792376426E-18,7.718683209433E-16,1.));
#13157 = ORIENTED_EDGE('',*,*,#13158,.F.);
#13158 = EDGE_CURVE('',#13061,#13149,#13159,.T.);
#13159 = LINE('',#13160,#13161);
#13160 = CARTESIAN_POINT('',(-3.19,-2.1,3.95));
#13161 = VECTOR('',#13162,1.);
#13162 = DIRECTION('',(1.169251542629E-33,-1.,1.071928597869E-15));
#13163 = ORIENTED_EDGE('',*,*,#13060,.T.);
#13164 = ORIENTED_EDGE('',*,*,#13165,.F.);
#13165 = EDGE_CURVE('',#13151,#13052,#13166,.T.);
#13166 = LINE('',#13167,#13168);
#13167 = CARTESIAN_POINT('',(-3.19,-2.1,4.2));
#13168 = VECTOR('',#13169,1.);
#13169 = DIRECTION('',(-1.169251542629E-33,1.,-1.071928597869E-15));
#13170 = PLANE('',#13171);
#13171 = AXIS2_PLACEMENT_3D('',#13172,#13173,#13174);
#13172 = CARTESIAN_POINT('',(-3.19,-0.4,4.2));
#13173 = DIRECTION('',(-1.,0.,1.090792376426E-18));
#13174 = DIRECTION('',(1.090792376426E-18,7.716050021145E-16,1.));
#13175 = ADVANCED_FACE('',(#13176),#13201,.T.);
#13176 = FACE_BOUND('',#13177,.T.);
#13177 = EDGE_LOOP('',(#13178,#13186,#13187,#13195));
#13178 = ORIENTED_EDGE('',*,*,#13179,.T.);
#13179 = EDGE_CURVE('',#13180,#13149,#13182,.T.);
#13180 = VERTEX_POINT('',#13181);
#13181 = CARTESIAN_POINT('',(-2.79,-0.6,3.95));
#13182 = LINE('',#13183,#13184);
#13183 = CARTESIAN_POINT('',(-2.665,-0.6,3.95));
#13184 = VECTOR('',#13185,1.);
#13185 = DIRECTION('',(-1.,-3.289585577741E-33,5.817559340941E-18));
#13186 = ORIENTED_EDGE('',*,*,#13148,.T.);
#13187 = ORIENTED_EDGE('',*,*,#13188,.T.);
#13188 = EDGE_CURVE('',#13151,#13189,#13191,.T.);
#13189 = VERTEX_POINT('',#13190);
#13190 = CARTESIAN_POINT('',(-2.79,-0.6,4.2));
#13191 = LINE('',#13192,#13193);
#13192 = CARTESIAN_POINT('',(-2.665,-0.6,4.2));
#13193 = VECTOR('',#13194,1.);
#13194 = DIRECTION('',(1.,1.058646893852E-32,3.635974588088E-18));
#13195 = ORIENTED_EDGE('',*,*,#13196,.F.);
#13196 = EDGE_CURVE('',#13180,#13189,#13197,.T.);
#13197 = LINE('',#13198,#13199);
#13198 = CARTESIAN_POINT('',(-2.79,-0.6,3.95));
#13199 = VECTOR('',#13200,1.);
#13200 = DIRECTION('',(1.090792376426E-18,7.718683209433E-16,1.));
#13201 = PLANE('',#13202);
#13202 = AXIS2_PLACEMENT_3D('',#13203,#13204,#13205);
#13203 = CARTESIAN_POINT('',(-2.79,-0.6,3.95));
#13204 = DIRECTION('',(-7.77997533822E-33,1.,-7.718683209433E-16));
#13205 = DIRECTION('',(-1.,-7.77997533822E-33,6.005116501292E-48));
#13206 = ADVANCED_FACE('',(#13207),#13232,.T.);
#13207 = FACE_BOUND('',#13208,.T.);
#13208 = EDGE_LOOP('',(#13209,#13219,#13225,#13226));
#13209 = ORIENTED_EDGE('',*,*,#13210,.F.);
#13210 = EDGE_CURVE('',#13211,#13213,#13215,.T.);
#13211 = VERTEX_POINT('',#13212);
#13212 = CARTESIAN_POINT('',(-2.79,-1.1,3.95));
#13213 = VERTEX_POINT('',#13214);
#13214 = CARTESIAN_POINT('',(-2.79,-1.1,4.2));
#13215 = LINE('',#13216,#13217);
#13216 = CARTESIAN_POINT('',(-2.79,-1.1,1.975));
#13217 = VECTOR('',#13218,1.);
#13218 = DIRECTION('',(1.090792376427E-18,0.,1.));
#13219 = ORIENTED_EDGE('',*,*,#13220,.T.);
#13220 = EDGE_CURVE('',#13211,#13180,#13221,.T.);
#13221 = LINE('',#13222,#13223);
#13222 = CARTESIAN_POINT('',(-2.79,-0.261740083185,3.95));
#13223 = VECTOR('',#13224,1.);
#13224 = DIRECTION('',(-2.775557561563E-16,1.,-1.087789123412E-15));
#13225 = ORIENTED_EDGE('',*,*,#13196,.T.);
#13226 = ORIENTED_EDGE('',*,*,#13227,.T.);
#13227 = EDGE_CURVE('',#13189,#13213,#13228,.T.);
#13228 = LINE('',#13229,#13230);
#13229 = CARTESIAN_POINT('',(-2.79,-0.261740083185,4.2));
#13230 = VECTOR('',#13231,1.);
#13231 = DIRECTION('',(2.775557561563E-16,-1.,1.087789123412E-15));
#13232 = PLANE('',#13233);
#13233 = AXIS2_PLACEMENT_3D('',#13234,#13235,#13236);
#13234 = CARTESIAN_POINT('',(-2.79,-2.1,3.95));
#13235 = DIRECTION('',(1.,2.775557561563E-16,-1.090792376427E-18));
#13236 = DIRECTION('',(-2.775557561563E-16,1.,-1.06581410364E-15));
#13237 = ADVANCED_FACE('',(#13238),#13267,.T.);
#13238 = FACE_BOUND('',#13239,.T.);
#13239 = EDGE_LOOP('',(#13240,#13248,#13249,#13250,#13251,#13252,#13253,
    #13261));
#13240 = ORIENTED_EDGE('',*,*,#13241,.F.);
#13241 = EDGE_CURVE('',#13213,#13242,#13244,.T.);
#13242 = VERTEX_POINT('',#13243);
#13243 = CARTESIAN_POINT('',(-2.29,-1.1,4.2));
#13244 = LINE('',#13245,#13246);
#13245 = CARTESIAN_POINT('',(2.23,-1.1,4.2));
#13246 = VECTOR('',#13247,1.);
#13247 = DIRECTION('',(1.,0.,3.635974588088E-18));
#13248 = ORIENTED_EDGE('',*,*,#13227,.F.);
#13249 = ORIENTED_EDGE('',*,*,#13188,.F.);
#13250 = ORIENTED_EDGE('',*,*,#13165,.T.);
#13251 = ORIENTED_EDGE('',*,*,#13085,.T.);
#13252 = ORIENTED_EDGE('',*,*,#13110,.F.);
#13253 = ORIENTED_EDGE('',*,*,#13254,.F.);
#13254 = EDGE_CURVE('',#13255,#13101,#13257,.T.);
#13255 = VERTEX_POINT('',#13256);
#13256 = CARTESIAN_POINT('',(-2.29,-0.6,4.2));
#13257 = LINE('',#13258,#13259);
#13258 = CARTESIAN_POINT('',(-2.215,-0.6,4.2));
#13259 = VECTOR('',#13260,1.);
#13260 = DIRECTION('',(1.,1.058646893852E-32,3.635974588088E-18));
#13261 = ORIENTED_EDGE('',*,*,#13262,.F.);
#13262 = EDGE_CURVE('',#13242,#13255,#13263,.T.);
#13263 = LINE('',#13264,#13265);
#13264 = CARTESIAN_POINT('',(-2.29,0.488259916815,4.2));
#13265 = VECTOR('',#13266,1.);
#13266 = DIRECTION('',(2.775557561563E-16,1.,-1.087789123412E-15));
#13267 = PLANE('',#13268);
#13268 = AXIS2_PLACEMENT_3D('',#13269,#13270,#13271);
#13269 = CARTESIAN_POINT('',(-2.54,1.576519833629,4.2));
#13270 = DIRECTION('',(3.635974588088E-18,-1.087789123412E-15,-1.));
#13271 = DIRECTION('',(-1.,-3.955173609924E-33,-3.635974588088E-18));
#13272 = ADVANCED_FACE('',(#13273),#13291,.T.);
#13273 = FACE_BOUND('',#13274,.T.);
#13274 = EDGE_LOOP('',(#13275,#13283,#13289,#13290));
#13275 = ORIENTED_EDGE('',*,*,#13276,.T.);
#13276 = EDGE_CURVE('',#13103,#13277,#13279,.T.);
#13277 = VERTEX_POINT('',#13278);
#13278 = CARTESIAN_POINT('',(-2.29,-0.6,3.95));
#13279 = LINE('',#13280,#13281);
#13280 = CARTESIAN_POINT('',(-2.215,-0.6,3.95));
#13281 = VECTOR('',#13282,1.);
#13282 = DIRECTION('',(-1.,-3.289585577741E-33,5.817559340941E-18));
#13283 = ORIENTED_EDGE('',*,*,#13284,.T.);
#13284 = EDGE_CURVE('',#13277,#13255,#13285,.T.);
#13285 = LINE('',#13286,#13287);
#13286 = CARTESIAN_POINT('',(-2.29,-0.6,3.95));
#13287 = VECTOR('',#13288,1.);
#13288 = DIRECTION('',(1.090792376426E-18,7.718683209433E-16,1.));
#13289 = ORIENTED_EDGE('',*,*,#13254,.T.);
#13290 = ORIENTED_EDGE('',*,*,#13100,.T.);
#13291 = PLANE('',#13292);
#13292 = AXIS2_PLACEMENT_3D('',#13293,#13294,#13295);
#13293 = CARTESIAN_POINT('',(-1.89,-0.6,3.95));
#13294 = DIRECTION('',(-7.77997533822E-33,1.,-7.718683209433E-16));
#13295 = DIRECTION('',(-1.,-7.77997533822E-33,6.005116501292E-48));
#13296 = ADVANCED_FACE('',(#13297),#13319,.F.);
#13297 = FACE_BOUND('',#13298,.T.);
#13298 = EDGE_LOOP('',(#13299,#13307,#13313,#13314,#13315,#13316,#13317,
    #13318));
#13299 = ORIENTED_EDGE('',*,*,#13300,.F.);
#13300 = EDGE_CURVE('',#13301,#13211,#13303,.T.);
#13301 = VERTEX_POINT('',#13302);
#13302 = CARTESIAN_POINT('',(-2.29,-1.1,3.95));
#13303 = LINE('',#13304,#13305);
#13304 = CARTESIAN_POINT('',(2.23,-1.1,3.95));
#13305 = VECTOR('',#13306,1.);
#13306 = DIRECTION('',(-1.,0.,5.817559340941E-18));
#13307 = ORIENTED_EDGE('',*,*,#13308,.F.);
#13308 = EDGE_CURVE('',#13277,#13301,#13309,.T.);
#13309 = LINE('',#13310,#13311);
#13310 = CARTESIAN_POINT('',(-2.29,0.488259916815,3.95));
#13311 = VECTOR('',#13312,1.);
#13312 = DIRECTION('',(-2.775557561563E-16,-1.,1.087789123412E-15));
#13313 = ORIENTED_EDGE('',*,*,#13276,.F.);
#13314 = ORIENTED_EDGE('',*,*,#13117,.T.);
#13315 = ORIENTED_EDGE('',*,*,#13132,.T.);
#13316 = ORIENTED_EDGE('',*,*,#13158,.T.);
#13317 = ORIENTED_EDGE('',*,*,#13179,.F.);
#13318 = ORIENTED_EDGE('',*,*,#13220,.F.);
#13319 = PLANE('',#13320);
#13320 = AXIS2_PLACEMENT_3D('',#13321,#13322,#13323);
#13321 = CARTESIAN_POINT('',(-2.54,1.576519833629,3.95));
#13322 = DIRECTION('',(-5.817559340941E-18,-1.087789123412E-15,-1.));
#13323 = DIRECTION('',(-1.,6.328277775878E-33,5.817559340941E-18));
#13324 = ADVANCED_FACE('',(#13325),#13336,.T.);
#13325 = FACE_BOUND('',#13326,.T.);
#13326 = EDGE_LOOP('',(#13327,#13333,#13334,#13335));
#13327 = ORIENTED_EDGE('',*,*,#13328,.F.);
#13328 = EDGE_CURVE('',#13242,#13301,#13329,.T.);
#13329 = LINE('',#13330,#13331);
#13330 = CARTESIAN_POINT('',(-2.29,-1.1,1.975));
#13331 = VECTOR('',#13332,1.);
#13332 = DIRECTION('',(-1.090792376426E-18,0.,-1.));
#13333 = ORIENTED_EDGE('',*,*,#13262,.T.);
#13334 = ORIENTED_EDGE('',*,*,#13284,.F.);
#13335 = ORIENTED_EDGE('',*,*,#13308,.T.);
#13336 = PLANE('',#13337);
#13337 = AXIS2_PLACEMENT_3D('',#13338,#13339,#13340);
#13338 = CARTESIAN_POINT('',(-2.29,-0.6,3.95));
#13339 = DIRECTION('',(-1.,2.775557561563E-16,1.090792376426E-18));
#13340 = DIRECTION('',(-2.775557561563E-16,-1.,1.06581410364E-15));
#13341 = ADVANCED_FACE('',(#13342),#13376,.F.);
#13342 = FACE_BOUND('',#13343,.T.);
#13343 = EDGE_LOOP('',(#13344,#13354,#13362,#13370));
#13344 = ORIENTED_EDGE('',*,*,#13345,.F.);
#13345 = EDGE_CURVE('',#13346,#13348,#13350,.T.);
#13346 = VERTEX_POINT('',#13347);
#13347 = CARTESIAN_POINT('',(-3.19,8.062023933143E-16,-4.756818181818));
#13348 = VERTEX_POINT('',#13349);
#13349 = CARTESIAN_POINT('',(-3.19,-0.25,-4.759659090909));
#13350 = LINE('',#13351,#13352);
#13351 = CARTESIAN_POINT('',(-3.19,2.349710617941,-4.730116924796));
#13352 = VECTOR('',#13353,1.);
#13353 = DIRECTION('',(1.671020735193E-16,-0.999935440137,
    -1.136290272883E-02));
#13354 = ORIENTED_EDGE('',*,*,#13355,.F.);
#13355 = EDGE_CURVE('',#13356,#13346,#13358,.T.);
#13356 = VERTEX_POINT('',#13357);
#13357 = CARTESIAN_POINT('',(-3.19,9.30972168668E-16,-4.35));
#13358 = LINE('',#13359,#13360);
#13359 = CARTESIAN_POINT('',(-3.19,-5.599309019923E-16,-9.211165091899)
  );
#13360 = VECTOR('',#13361,1.);
#13361 = DIRECTION('',(5.098795759653E-17,-3.066966545005E-16,-1.));
#13362 = ORIENTED_EDGE('',*,*,#13363,.F.);
#13363 = EDGE_CURVE('',#13364,#13356,#13366,.T.);
#13364 = VERTEX_POINT('',#13365);
#13365 = CARTESIAN_POINT('',(-3.19,-0.25,-4.35));
#13366 = LINE('',#13367,#13368);
#13367 = CARTESIAN_POINT('',(-3.19,-0.195,-4.35));
#13368 = VECTOR('',#13369,1.);
#13369 = DIRECTION('',(-1.665334536938E-16,1.,-3.066966545005E-16));
#13370 = ORIENTED_EDGE('',*,*,#13371,.T.);
#13371 = EDGE_CURVE('',#13364,#13348,#13372,.T.);
#13372 = LINE('',#13373,#13374);
#13373 = CARTESIAN_POINT('',(-3.19,-0.25,-2.241592955033));
#13374 = VECTOR('',#13375,1.);
#13375 = DIRECTION('',(5.098795759653E-17,-3.066966545005E-16,-1.));
#13376 = PLANE('',#13377);
#13377 = AXIS2_PLACEMENT_3D('',#13378,#13379,#13380);
#13378 = CARTESIAN_POINT('',(-3.19,-0.25,-9.211165091899));
#13379 = DIRECTION('',(-1.,-1.665334536938E-16,-5.098795759653E-17));
#13380 = DIRECTION('',(-1.665334536938E-16,1.,-5.329070518201E-16));
#13381 = ADVANCED_FACE('',(#13382),#13416,.F.);
#13382 = FACE_BOUND('',#13383,.T.);
#13383 = EDGE_LOOP('',(#13384,#13394,#13402,#13410));
#13384 = ORIENTED_EDGE('',*,*,#13385,.F.);
#13385 = EDGE_CURVE('',#13386,#13388,#13390,.T.);
#13386 = VERTEX_POINT('',#13387);
#13387 = CARTESIAN_POINT('',(-1.89,-0.25,-4.759659090909));
#13388 = VERTEX_POINT('',#13389);
#13389 = CARTESIAN_POINT('',(-1.89,8.58847109788E-16,-4.756818181818));
#13390 = LINE('',#13391,#13392);
#13391 = CARTESIAN_POINT('',(-1.89,2.379647502902,-4.729776732922));
#13392 = VECTOR('',#13393,1.);
#13393 = DIRECTION('',(-1.671020735193E-16,0.999935440137,
    1.136290272883E-02));
#13394 = ORIENTED_EDGE('',*,*,#13395,.F.);
#13395 = EDGE_CURVE('',#13396,#13386,#13398,.T.);
#13396 = VERTEX_POINT('',#13397);
#13397 = CARTESIAN_POINT('',(-1.89,-0.25,-4.35));
#13398 = LINE('',#13399,#13400);
#13399 = CARTESIAN_POINT('',(-1.89,-0.25,-2.241592955033));
#13400 = VECTOR('',#13401,1.);
#13401 = DIRECTION('',(5.098795759653E-17,-3.066966545005E-16,-1.));
#13402 = ORIENTED_EDGE('',*,*,#13403,.F.);
#13403 = EDGE_CURVE('',#13404,#13396,#13406,.T.);
#13404 = VERTEX_POINT('',#13405);
#13405 = CARTESIAN_POINT('',(-1.89,9.836168851416E-16,-4.35));
#13406 = LINE('',#13407,#13408);
#13407 = CARTESIAN_POINT('',(-1.89,-0.195,-4.35));
#13408 = VECTOR('',#13409,1.);
#13409 = DIRECTION('',(1.665334536938E-16,-1.,3.066966545005E-16));
#13410 = ORIENTED_EDGE('',*,*,#13411,.F.);
#13411 = EDGE_CURVE('',#13388,#13404,#13412,.T.);
#13412 = LINE('',#13413,#13414);
#13413 = CARTESIAN_POINT('',(-1.89,1.630258272158E-15,-2.241592955033));
#13414 = VECTOR('',#13415,1.);
#13415 = DIRECTION('',(-5.098795759653E-17,3.066966545005E-16,1.));
#13416 = PLANE('',#13417);
#13417 = AXIS2_PLACEMENT_3D('',#13418,#13419,#13420);
#13418 = CARTESIAN_POINT('',(-1.89,-0.25,-3.941592955033));
#13419 = DIRECTION('',(1.,1.665334536938E-16,5.098795759653E-17));
#13420 = DIRECTION('',(1.665334536938E-16,-1.,6.217248937901E-16));
#13421 = ADVANCED_FACE('',(#13422),#13438,.T.);
#13422 = FACE_BOUND('',#13423,.T.);
#13423 = EDGE_LOOP('',(#13424,#13430,#13431,#13437));
#13424 = ORIENTED_EDGE('',*,*,#13425,.F.);
#13425 = EDGE_CURVE('',#13348,#13386,#13426,.T.);
#13426 = LINE('',#13427,#13428);
#13427 = CARTESIAN_POINT('',(-1.27,-0.25,-4.759659090909));
#13428 = VECTOR('',#13429,1.);
#13429 = DIRECTION('',(1.,1.712602206583E-16,1.946138871117E-18));
#13430 = ORIENTED_EDGE('',*,*,#13371,.F.);
#13431 = ORIENTED_EDGE('',*,*,#13432,.F.);
#13432 = EDGE_CURVE('',#13396,#13364,#13433,.T.);
#13433 = LINE('',#13434,#13435);
#13434 = CARTESIAN_POINT('',(-2.54,-0.25,-4.35));
#13435 = VECTOR('',#13436,1.);
#13436 = DIRECTION('',(-1.,-1.712602206583E-16,-5.098795759653E-17));
#13437 = ORIENTED_EDGE('',*,*,#13395,.T.);
#13438 = PLANE('',#13439);
#13439 = AXIS2_PLACEMENT_3D('',#13440,#13441,#13442);
#13440 = CARTESIAN_POINT('',(-2.54,-0.25,-5.918112788663));
#13441 = DIRECTION('',(-1.712602206583E-16,1.,-2.908361289577E-16));
#13442 = DIRECTION('',(1.,1.712602206583E-16,8.881784197001E-17));
#13443 = ADVANCED_FACE('',(#13444),#13460,.F.);
#13444 = FACE_BOUND('',#13445,.T.);
#13445 = EDGE_LOOP('',(#13446,#13452,#13453,#13459));
#13446 = ORIENTED_EDGE('',*,*,#13447,.F.);
#13447 = EDGE_CURVE('',#13388,#13346,#13448,.T.);
#13448 = LINE('',#13449,#13450);
#13449 = CARTESIAN_POINT('',(-1.27,9.932780924587E-16,-4.756818181818));
#13450 = VECTOR('',#13451,1.);
#13451 = DIRECTION('',(-1.,-1.618066867293E-16,-1.838712349196E-18));
#13452 = ORIENTED_EDGE('',*,*,#13411,.T.);
#13453 = ORIENTED_EDGE('',*,*,#13454,.F.);
#13454 = EDGE_CURVE('',#13356,#13404,#13455,.T.);
#13455 = LINE('',#13456,#13457);
#13456 = CARTESIAN_POINT('',(-2.54,7.54464363869E-16,-4.35));
#13457 = VECTOR('',#13458,1.);
#13458 = DIRECTION('',(1.,1.618066867293E-16,5.098795759653E-17));
#13459 = ORIENTED_EDGE('',*,*,#13355,.T.);
#13460 = PLANE('',#13461);
#13461 = AXIS2_PLACEMENT_3D('',#13462,#13463,#13464);
#13462 = CARTESIAN_POINT('',(-2.54,2.973972507432E-16,-5.918112788663));
#13463 = DIRECTION('',(-1.618066867293E-16,1.,-2.908361289577E-16));
#13464 = DIRECTION('',(1.,1.618066867293E-16,8.881784197001E-17));
#13465 = ADVANCED_FACE('',(#13466),#13493,.F.);
#13466 = FACE_BOUND('',#13467,.T.);
#13467 = EDGE_LOOP('',(#13468,#13469,#13478,#13486));
#13468 = ORIENTED_EDGE('',*,*,#13363,.T.);
#13469 = ORIENTED_EDGE('',*,*,#13470,.F.);
#13470 = EDGE_CURVE('',#13471,#13356,#13473,.T.);
#13471 = VERTEX_POINT('',#13472);
#13472 = CARTESIAN_POINT('',(-3.19,-0.4,-3.95));
#13473 = CIRCLE('',#13474,0.4);
#13474 = AXIS2_PLACEMENT_3D('',#13475,#13476,#13477);
#13475 = CARTESIAN_POINT('',(-3.19,-0.4,-4.35));
#13476 = DIRECTION('',(-1.,-1.665334536938E-16,-5.098795759653E-17));
#13477 = DIRECTION('',(-5.098795759653E-17,1.753278042062E-16,1.));
#13478 = ORIENTED_EDGE('',*,*,#13479,.F.);
#13479 = EDGE_CURVE('',#13480,#13471,#13482,.T.);
#13480 = VERTEX_POINT('',#13481);
#13481 = CARTESIAN_POINT('',(-3.19,-0.4,-4.2));
#13482 = LINE('',#13483,#13484);
#13483 = CARTESIAN_POINT('',(-3.19,-0.4,-4.145));
#13484 = VECTOR('',#13485,1.);
#13485 = DIRECTION('',(-5.098795759653E-17,-2.982048203172E-16,1.));
#13486 = ORIENTED_EDGE('',*,*,#13487,.T.);
#13487 = EDGE_CURVE('',#13480,#13364,#13488,.T.);
#13488 = CIRCLE('',#13489,0.15);
#13489 = AXIS2_PLACEMENT_3D('',#13490,#13491,#13492);
#13490 = CARTESIAN_POINT('',(-3.19,-0.4,-4.35));
#13491 = DIRECTION('',(-1.,-1.665334536938E-16,-5.098795759653E-17));
#13492 = DIRECTION('',(-5.098795759653E-17,1.855456608539E-18,1.));
#13493 = PLANE('',#13494);
#13494 = AXIS2_PLACEMENT_3D('',#13495,#13496,#13497);
#13495 = CARTESIAN_POINT('',(-3.19,-0.25,-4.35));
#13496 = DIRECTION('',(-1.,-1.665334536938E-16,-5.098795759653E-17));
#13497 = DIRECTION('',(-5.098795759653E-17,2.775557561563E-18,1.));
#13498 = ADVANCED_FACE('',(#13499),#13526,.F.);
#13499 = FACE_BOUND('',#13500,.T.);
#13500 = EDGE_LOOP('',(#13501,#13502,#13511,#13519));
#13501 = ORIENTED_EDGE('',*,*,#13403,.T.);
#13502 = ORIENTED_EDGE('',*,*,#13503,.F.);
#13503 = EDGE_CURVE('',#13504,#13396,#13506,.T.);
#13504 = VERTEX_POINT('',#13505);
#13505 = CARTESIAN_POINT('',(-1.89,-0.4,-4.2));
#13506 = CIRCLE('',#13507,0.15);
#13507 = AXIS2_PLACEMENT_3D('',#13508,#13509,#13510);
#13508 = CARTESIAN_POINT('',(-1.89,-0.4,-4.35));
#13509 = DIRECTION('',(-1.,-1.665334536938E-16,-5.098795759653E-17));
#13510 = DIRECTION('',(-5.098795759653E-17,1.855456608539E-18,1.));
#13511 = ORIENTED_EDGE('',*,*,#13512,.F.);
#13512 = EDGE_CURVE('',#13513,#13504,#13515,.T.);
#13513 = VERTEX_POINT('',#13514);
#13514 = CARTESIAN_POINT('',(-1.89,-0.4,-3.95));
#13515 = LINE('',#13516,#13517);
#13516 = CARTESIAN_POINT('',(-1.89,-0.4,-4.145));
#13517 = VECTOR('',#13518,1.);
#13518 = DIRECTION('',(5.098795759653E-17,2.982048203172E-16,-1.));
#13519 = ORIENTED_EDGE('',*,*,#13520,.F.);
#13520 = EDGE_CURVE('',#13404,#13513,#13521,.T.);
#13521 = CIRCLE('',#13522,0.4);
#13522 = AXIS2_PLACEMENT_3D('',#13523,#13524,#13525);
#13523 = CARTESIAN_POINT('',(-1.89,-0.4,-4.35));
#13524 = DIRECTION('',(1.,1.665334536938E-16,5.098795759653E-17));
#13525 = DIRECTION('',(-1.665334536938E-16,1.,-5.222724994016E-16));
#13526 = PLANE('',#13527);
#13527 = AXIS2_PLACEMENT_3D('',#13528,#13529,#13530);
#13528 = CARTESIAN_POINT('',(-1.89,1.032595272887E-15,-4.35));
#13529 = DIRECTION('',(1.,1.665334536938E-16,5.098795759653E-17));
#13530 = DIRECTION('',(5.098795759653E-17,-1.855456608539E-18,-1.));
#13531 = ADVANCED_FACE('',(#13532),#13543,.T.);
#13532 = FACE_BOUND('',#13533,.T.);
#13533 = EDGE_LOOP('',(#13534,#13535,#13536,#13542));
#13534 = ORIENTED_EDGE('',*,*,#13432,.T.);
#13535 = ORIENTED_EDGE('',*,*,#13487,.F.);
#13536 = ORIENTED_EDGE('',*,*,#13537,.F.);
#13537 = EDGE_CURVE('',#13504,#13480,#13538,.T.);
#13538 = LINE('',#13539,#13540);
#13539 = CARTESIAN_POINT('',(-2.54,-0.4,-4.2));
#13540 = VECTOR('',#13541,1.);
#13541 = DIRECTION('',(-1.,-1.665334536938E-16,-5.571472456105E-17));
#13542 = ORIENTED_EDGE('',*,*,#13503,.T.);
#13543 = CYLINDRICAL_SURFACE('',#13544,0.15);
#13544 = AXIS2_PLACEMENT_3D('',#13545,#13546,#13547);
#13545 = CARTESIAN_POINT('',(-2.54,-0.4,-4.35));
#13546 = DIRECTION('',(-1.,-1.665334536938E-16,-5.098795759653E-17));
#13547 = DIRECTION('',(-5.098795759653E-17,-2.982048203172E-16,1.));
#13548 = ADVANCED_FACE('',(#13549),#13574,.F.);
#13549 = FACE_BOUND('',#13550,.T.);
#13550 = EDGE_LOOP('',(#13551,#13561,#13567,#13568));
#13551 = ORIENTED_EDGE('',*,*,#13552,.F.);
#13552 = EDGE_CURVE('',#13553,#13555,#13557,.T.);
#13553 = VERTEX_POINT('',#13554);
#13554 = CARTESIAN_POINT('',(-3.19,-0.6,-4.2));
#13555 = VERTEX_POINT('',#13556);
#13556 = CARTESIAN_POINT('',(-3.19,-0.6,-3.95));
#13557 = LINE('',#13558,#13559);
#13558 = CARTESIAN_POINT('',(-3.19,-0.6,-4.075));
#13559 = VECTOR('',#13560,1.);
#13560 = DIRECTION('',(-5.098795759653E-17,1.855456608539E-18,1.));
#13561 = ORIENTED_EDGE('',*,*,#13562,.T.);
#13562 = EDGE_CURVE('',#13553,#13480,#13563,.T.);
#13563 = LINE('',#13564,#13565);
#13564 = CARTESIAN_POINT('',(-3.19,-2.1,-4.2));
#13565 = VECTOR('',#13566,1.);
#13566 = DIRECTION('',(-1.665334536938E-16,1.,2.982048203172E-16));
#13567 = ORIENTED_EDGE('',*,*,#13479,.T.);
#13568 = ORIENTED_EDGE('',*,*,#13569,.F.);
#13569 = EDGE_CURVE('',#13555,#13471,#13570,.T.);
#13570 = LINE('',#13571,#13572);
#13571 = CARTESIAN_POINT('',(-3.19,4.869572136865,-3.95));
#13572 = VECTOR('',#13573,1.);
#13573 = DIRECTION('',(-1.665334536938E-16,1.,2.982048203172E-16));
#13574 = PLANE('',#13575);
#13575 = AXIS2_PLACEMENT_3D('',#13576,#13577,#13578);
#13576 = CARTESIAN_POINT('',(-3.19,4.869572136865,-4.2));
#13577 = DIRECTION('',(-1.,-1.665334536938E-16,-5.098795759653E-17));
#13578 = DIRECTION('',(-5.098795759653E-17,-1.095629688895E-33,1.));
#13579 = ADVANCED_FACE('',(#13580),#13591,.F.);
#13580 = FACE_BOUND('',#13581,.F.);
#13581 = EDGE_LOOP('',(#13582,#13583,#13589,#13590));
#13582 = ORIENTED_EDGE('',*,*,#13470,.F.);
#13583 = ORIENTED_EDGE('',*,*,#13584,.T.);
#13584 = EDGE_CURVE('',#13471,#13513,#13585,.T.);
#13585 = LINE('',#13586,#13587);
#13586 = CARTESIAN_POINT('',(-2.54,-0.4,-3.95));
#13587 = VECTOR('',#13588,1.);
#13588 = DIRECTION('',(1.,1.665334536938E-16,4.626119063202E-17));
#13589 = ORIENTED_EDGE('',*,*,#13520,.F.);
#13590 = ORIENTED_EDGE('',*,*,#13454,.F.);
#13591 = CYLINDRICAL_SURFACE('',#13592,0.4);
#13592 = AXIS2_PLACEMENT_3D('',#13593,#13594,#13595);
#13593 = CARTESIAN_POINT('',(-2.54,-0.4,-4.35));
#13594 = DIRECTION('',(-1.,-1.665334536938E-16,-5.098795759653E-17));
#13595 = DIRECTION('',(-5.098795759653E-17,-2.982048203172E-16,1.));
#13596 = ADVANCED_FACE('',(#13597),#13622,.F.);
#13597 = FACE_BOUND('',#13598,.T.);
#13598 = EDGE_LOOP('',(#13599,#13609,#13615,#13616));
#13599 = ORIENTED_EDGE('',*,*,#13600,.F.);
#13600 = EDGE_CURVE('',#13601,#13603,#13605,.T.);
#13601 = VERTEX_POINT('',#13602);
#13602 = CARTESIAN_POINT('',(-1.89,-0.6,-3.95));
#13603 = VERTEX_POINT('',#13604);
#13604 = CARTESIAN_POINT('',(-1.89,-0.6,-4.2));
#13605 = LINE('',#13606,#13607);
#13606 = CARTESIAN_POINT('',(-1.89,-0.6,-4.075));
#13607 = VECTOR('',#13608,1.);
#13608 = DIRECTION('',(5.098795759653E-17,-1.855456608539E-18,-1.));
#13609 = ORIENTED_EDGE('',*,*,#13610,.F.);
#13610 = EDGE_CURVE('',#13513,#13601,#13611,.T.);
#13611 = LINE('',#13612,#13613);
#13612 = CARTESIAN_POINT('',(-1.89,-2.1,-3.95));
#13613 = VECTOR('',#13614,1.);
#13614 = DIRECTION('',(1.665334536938E-16,-1.,-2.982048203172E-16));
#13615 = ORIENTED_EDGE('',*,*,#13512,.T.);
#13616 = ORIENTED_EDGE('',*,*,#13617,.F.);
#13617 = EDGE_CURVE('',#13603,#13504,#13618,.T.);
#13618 = LINE('',#13619,#13620);
#13619 = CARTESIAN_POINT('',(-1.89,-2.1,-4.2));
#13620 = VECTOR('',#13621,1.);
#13621 = DIRECTION('',(-1.665334536938E-16,1.,2.982048203172E-16));
#13622 = PLANE('',#13623);
#13623 = AXIS2_PLACEMENT_3D('',#13624,#13625,#13626);
#13624 = CARTESIAN_POINT('',(-1.89,-0.4,-4.2));
#13625 = DIRECTION('',(1.,1.665334536938E-16,5.098795759653E-17));
#13626 = DIRECTION('',(5.098795759653E-17,1.095629688895E-33,-1.));
#13627 = ADVANCED_FACE('',(#13628),#13653,.T.);
#13628 = FACE_BOUND('',#13629,.T.);
#13629 = EDGE_LOOP('',(#13630,#13638,#13639,#13647));
#13630 = ORIENTED_EDGE('',*,*,#13631,.T.);
#13631 = EDGE_CURVE('',#13632,#13601,#13634,.T.);
#13632 = VERTEX_POINT('',#13633);
#13633 = CARTESIAN_POINT('',(-2.29,-0.6,-3.95));
#13634 = LINE('',#13635,#13636);
#13635 = CARTESIAN_POINT('',(-2.415,-0.6,-3.95));
#13636 = VECTOR('',#13637,1.);
#13637 = DIRECTION('',(1.,1.665334536938E-16,4.626119063202E-17));
#13638 = ORIENTED_EDGE('',*,*,#13600,.T.);
#13639 = ORIENTED_EDGE('',*,*,#13640,.T.);
#13640 = EDGE_CURVE('',#13603,#13641,#13643,.T.);
#13641 = VERTEX_POINT('',#13642);
#13642 = CARTESIAN_POINT('',(-2.29,-0.6,-4.2));
#13643 = LINE('',#13644,#13645);
#13644 = CARTESIAN_POINT('',(-2.415,-0.6,-4.2));
#13645 = VECTOR('',#13646,1.);
#13646 = DIRECTION('',(-1.,-1.665334536938E-16,-5.571472456105E-17));
#13647 = ORIENTED_EDGE('',*,*,#13648,.F.);
#13648 = EDGE_CURVE('',#13632,#13641,#13649,.T.);
#13649 = LINE('',#13650,#13651);
#13650 = CARTESIAN_POINT('',(-2.29,-0.6,-3.95));
#13651 = VECTOR('',#13652,1.);
#13652 = DIRECTION('',(5.098795759653E-17,-1.855456608539E-18,-1.));
#13653 = PLANE('',#13654);
#13654 = AXIS2_PLACEMENT_3D('',#13655,#13656,#13657);
#13655 = CARTESIAN_POINT('',(-2.29,-0.6,-3.95));
#13656 = DIRECTION('',(-1.665334536938E-16,1.,-1.855456608539E-18));
#13657 = DIRECTION('',(1.,1.665334536938E-16,4.440892098501E-17));
#13658 = ADVANCED_FACE('',(#13659),#13684,.T.);
#13659 = FACE_BOUND('',#13660,.T.);
#13660 = EDGE_LOOP('',(#13661,#13671,#13677,#13678));
#13661 = ORIENTED_EDGE('',*,*,#13662,.F.);
#13662 = EDGE_CURVE('',#13663,#13665,#13667,.T.);
#13663 = VERTEX_POINT('',#13664);
#13664 = CARTESIAN_POINT('',(-2.29,-1.1,-3.95));
#13665 = VERTEX_POINT('',#13666);
#13666 = CARTESIAN_POINT('',(-2.29,-1.1,-4.2));
#13667 = LINE('',#13668,#13669);
#13668 = CARTESIAN_POINT('',(-2.29,-1.1,-1.975));
#13669 = VECTOR('',#13670,1.);
#13670 = DIRECTION('',(5.098795759653E-17,0.,-1.));
#13671 = ORIENTED_EDGE('',*,*,#13672,.T.);
#13672 = EDGE_CURVE('',#13663,#13632,#13673,.T.);
#13673 = LINE('',#13674,#13675);
#13674 = CARTESIAN_POINT('',(-2.29,-0.261740083185,-3.95));
#13675 = VECTOR('',#13676,1.);
#13676 = DIRECTION('',(1.110223024625E-16,1.,3.140653458601E-16));
#13677 = ORIENTED_EDGE('',*,*,#13648,.T.);
#13678 = ORIENTED_EDGE('',*,*,#13679,.T.);
#13679 = EDGE_CURVE('',#13641,#13665,#13680,.T.);
#13680 = LINE('',#13681,#13682);
#13681 = CARTESIAN_POINT('',(-2.29,-0.261740083185,-4.2));
#13682 = VECTOR('',#13683,1.);
#13683 = DIRECTION('',(-1.110223024625E-16,-1.,-3.140653458601E-16));
#13684 = PLANE('',#13685);
#13685 = AXIS2_PLACEMENT_3D('',#13686,#13687,#13688);
#13686 = CARTESIAN_POINT('',(-2.29,-2.1,-3.95));
#13687 = DIRECTION('',(-1.,1.110223024625E-16,-5.098795759653E-17));
#13688 = DIRECTION('',(1.110223024625E-16,1.,3.10862446895E-16));
#13689 = ADVANCED_FACE('',(#13690),#13719,.T.);
#13690 = FACE_BOUND('',#13691,.T.);
#13691 = EDGE_LOOP('',(#13692,#13700,#13701,#13702,#13703,#13704,#13705,
    #13713));
#13692 = ORIENTED_EDGE('',*,*,#13693,.F.);
#13693 = EDGE_CURVE('',#13665,#13694,#13696,.T.);
#13694 = VERTEX_POINT('',#13695);
#13695 = CARTESIAN_POINT('',(-2.79,-1.1,-4.2));
#13696 = LINE('',#13697,#13698);
#13697 = CARTESIAN_POINT('',(2.23,-1.1,-4.2));
#13698 = VECTOR('',#13699,1.);
#13699 = DIRECTION('',(-1.,0.,-5.571472456105E-17));
#13700 = ORIENTED_EDGE('',*,*,#13679,.F.);
#13701 = ORIENTED_EDGE('',*,*,#13640,.F.);
#13702 = ORIENTED_EDGE('',*,*,#13617,.T.);
#13703 = ORIENTED_EDGE('',*,*,#13537,.T.);
#13704 = ORIENTED_EDGE('',*,*,#13562,.F.);
#13705 = ORIENTED_EDGE('',*,*,#13706,.F.);
#13706 = EDGE_CURVE('',#13707,#13553,#13709,.T.);
#13707 = VERTEX_POINT('',#13708);
#13708 = CARTESIAN_POINT('',(-2.79,-0.6,-4.2));
#13709 = LINE('',#13710,#13711);
#13710 = CARTESIAN_POINT('',(-2.865,-0.6,-4.2));
#13711 = VECTOR('',#13712,1.);
#13712 = DIRECTION('',(-1.,-1.665334536938E-16,-5.571472456105E-17));
#13713 = ORIENTED_EDGE('',*,*,#13714,.F.);
#13714 = EDGE_CURVE('',#13694,#13707,#13715,.T.);
#13715 = LINE('',#13716,#13717);
#13716 = CARTESIAN_POINT('',(-2.79,0.488259916815,-4.2));
#13717 = VECTOR('',#13718,1.);
#13718 = DIRECTION('',(-4.440892098501E-16,1.,3.140653458601E-16));
#13719 = PLANE('',#13720);
#13720 = AXIS2_PLACEMENT_3D('',#13721,#13722,#13723);
#13721 = CARTESIAN_POINT('',(-2.54,1.576519833629,-4.2));
#13722 = DIRECTION('',(-5.571472456105E-17,-3.140653458601E-16,1.));
#13723 = DIRECTION('',(1.,1.7763568394E-16,5.571472456105E-17));
#13724 = ADVANCED_FACE('',(#13725),#13743,.T.);
#13725 = FACE_BOUND('',#13726,.T.);
#13726 = EDGE_LOOP('',(#13727,#13735,#13741,#13742));
#13727 = ORIENTED_EDGE('',*,*,#13728,.T.);
#13728 = EDGE_CURVE('',#13555,#13729,#13731,.T.);
#13729 = VERTEX_POINT('',#13730);
#13730 = CARTESIAN_POINT('',(-2.79,-0.6,-3.95));
#13731 = LINE('',#13732,#13733);
#13732 = CARTESIAN_POINT('',(-2.865,-0.6,-3.95));
#13733 = VECTOR('',#13734,1.);
#13734 = DIRECTION('',(1.,1.665334536938E-16,4.626119063202E-17));
#13735 = ORIENTED_EDGE('',*,*,#13736,.T.);
#13736 = EDGE_CURVE('',#13729,#13707,#13737,.T.);
#13737 = LINE('',#13738,#13739);
#13738 = CARTESIAN_POINT('',(-2.79,-0.6,-3.95));
#13739 = VECTOR('',#13740,1.);
#13740 = DIRECTION('',(5.098795759653E-17,-1.855456608539E-18,-1.));
#13741 = ORIENTED_EDGE('',*,*,#13706,.T.);
#13742 = ORIENTED_EDGE('',*,*,#13552,.T.);
#13743 = PLANE('',#13744);
#13744 = AXIS2_PLACEMENT_3D('',#13745,#13746,#13747);
#13745 = CARTESIAN_POINT('',(-3.19,-0.6,-3.95));
#13746 = DIRECTION('',(-1.665334536938E-16,1.,-1.855456608539E-18));
#13747 = DIRECTION('',(1.,1.665334536938E-16,4.440892098501E-17));
#13748 = ADVANCED_FACE('',(#13749),#13771,.F.);
#13749 = FACE_BOUND('',#13750,.T.);
#13750 = EDGE_LOOP('',(#13751,#13759,#13765,#13766,#13767,#13768,#13769,
    #13770));
#13751 = ORIENTED_EDGE('',*,*,#13752,.F.);
#13752 = EDGE_CURVE('',#13753,#13663,#13755,.T.);
#13753 = VERTEX_POINT('',#13754);
#13754 = CARTESIAN_POINT('',(-2.79,-1.1,-3.95));
#13755 = LINE('',#13756,#13757);
#13756 = CARTESIAN_POINT('',(2.23,-1.1,-3.95));
#13757 = VECTOR('',#13758,1.);
#13758 = DIRECTION('',(1.,0.,4.626119063202E-17));
#13759 = ORIENTED_EDGE('',*,*,#13760,.F.);
#13760 = EDGE_CURVE('',#13729,#13753,#13761,.T.);
#13761 = LINE('',#13762,#13763);
#13762 = CARTESIAN_POINT('',(-2.79,0.488259916815,-3.95));
#13763 = VECTOR('',#13764,1.);
#13764 = DIRECTION('',(4.440892098501E-16,-1.,-3.140653458601E-16));
#13765 = ORIENTED_EDGE('',*,*,#13728,.F.);
#13766 = ORIENTED_EDGE('',*,*,#13569,.T.);
#13767 = ORIENTED_EDGE('',*,*,#13584,.T.);
#13768 = ORIENTED_EDGE('',*,*,#13610,.T.);
#13769 = ORIENTED_EDGE('',*,*,#13631,.F.);
#13770 = ORIENTED_EDGE('',*,*,#13672,.F.);
#13771 = PLANE('',#13772);
#13772 = AXIS2_PLACEMENT_3D('',#13773,#13774,#13775);
#13773 = CARTESIAN_POINT('',(-2.54,1.576519833629,-3.95));
#13774 = DIRECTION('',(-4.626119063202E-17,-3.140653458601E-16,1.));
#13775 = DIRECTION('',(1.,1.7763568394E-16,4.626119063202E-17));
#13776 = ADVANCED_FACE('',(#13777),#13788,.T.);
#13777 = FACE_BOUND('',#13778,.T.);
#13778 = EDGE_LOOP('',(#13779,#13785,#13786,#13787));
#13779 = ORIENTED_EDGE('',*,*,#13780,.F.);
#13780 = EDGE_CURVE('',#13694,#13753,#13781,.T.);
#13781 = LINE('',#13782,#13783);
#13782 = CARTESIAN_POINT('',(-2.79,-1.1,-1.975));
#13783 = VECTOR('',#13784,1.);
#13784 = DIRECTION('',(-5.098795759653E-17,0.,1.));
#13785 = ORIENTED_EDGE('',*,*,#13714,.T.);
#13786 = ORIENTED_EDGE('',*,*,#13736,.F.);
#13787 = ORIENTED_EDGE('',*,*,#13760,.T.);
#13788 = PLANE('',#13789);
#13789 = AXIS2_PLACEMENT_3D('',#13790,#13791,#13792);
#13790 = CARTESIAN_POINT('',(-2.79,-0.6,-3.95));
#13791 = DIRECTION('',(1.,4.440892098501E-16,5.098795759653E-17));
#13792 = DIRECTION('',(4.440892098501E-16,-1.,-3.10862446895E-16));
#13793 = ADVANCED_FACE('',(#13794),#13828,.T.);
#13794 = FACE_BOUND('',#13795,.T.);
#13795 = EDGE_LOOP('',(#13796,#13806,#13814,#13822));
#13796 = ORIENTED_EDGE('',*,*,#13797,.F.);
#13797 = EDGE_CURVE('',#13798,#13800,#13802,.T.);
#13798 = VERTEX_POINT('',#13799);
#13799 = CARTESIAN_POINT('',(-5.33,-1.1,-4.2));
#13800 = VERTEX_POINT('',#13801);
#13801 = CARTESIAN_POINT('',(-5.33,-1.1,-3.95));
#13802 = LINE('',#13803,#13804);
#13803 = CARTESIAN_POINT('',(-5.33,-1.1,-1.975));
#13804 = VECTOR('',#13805,1.);
#13805 = DIRECTION('',(-5.098795759653E-17,0.,1.));
#13806 = ORIENTED_EDGE('',*,*,#13807,.T.);
#13807 = EDGE_CURVE('',#13798,#13808,#13810,.T.);
#13808 = VERTEX_POINT('',#13809);
#13809 = CARTESIAN_POINT('',(-5.33,-0.6,-4.2));
#13810 = LINE('',#13811,#13812);
#13811 = CARTESIAN_POINT('',(-5.33,0.488259916815,-4.2));
#13812 = VECTOR('',#13813,1.);
#13813 = DIRECTION('',(-4.440892098501E-16,1.,3.140653458601E-16));
#13814 = ORIENTED_EDGE('',*,*,#13815,.F.);
#13815 = EDGE_CURVE('',#13816,#13808,#13818,.T.);
#13816 = VERTEX_POINT('',#13817);
#13817 = CARTESIAN_POINT('',(-5.33,-0.6,-3.95));
#13818 = LINE('',#13819,#13820);
#13819 = CARTESIAN_POINT('',(-5.33,-0.6,-3.95));
#13820 = VECTOR('',#13821,1.);
#13821 = DIRECTION('',(5.098795759653E-17,-1.855456608539E-18,-1.));
#13822 = ORIENTED_EDGE('',*,*,#13823,.T.);
#13823 = EDGE_CURVE('',#13816,#13800,#13824,.T.);
#13824 = LINE('',#13825,#13826);
#13825 = CARTESIAN_POINT('',(-5.33,0.488259916815,-3.95));
#13826 = VECTOR('',#13827,1.);
#13827 = DIRECTION('',(4.440892098501E-16,-1.,-3.140653458601E-16));
#13828 = PLANE('',#13829);
#13829 = AXIS2_PLACEMENT_3D('',#13830,#13831,#13832);
#13830 = CARTESIAN_POINT('',(-5.33,-0.6,-3.95));
#13831 = DIRECTION('',(1.,4.440892098501E-16,5.098795759653E-17));
#13832 = DIRECTION('',(4.440892098501E-16,-1.,-3.10862446895E-16));
#13833 = ADVANCED_FACE('',(#13834),#13891,.F.);
#13834 = FACE_BOUND('',#13835,.T.);
#13835 = EDGE_LOOP('',(#13836,#13844,#13845,#13853,#13861,#13869,#13877,
    #13885));
#13836 = ORIENTED_EDGE('',*,*,#13837,.F.);
#13837 = EDGE_CURVE('',#13800,#13838,#13840,.T.);
#13838 = VERTEX_POINT('',#13839);
#13839 = CARTESIAN_POINT('',(-4.83,-1.1,-3.95));
#13840 = LINE('',#13841,#13842);
#13841 = CARTESIAN_POINT('',(0.96,-1.1,-3.95));
#13842 = VECTOR('',#13843,1.);
#13843 = DIRECTION('',(1.,0.,4.626119063202E-17));
#13844 = ORIENTED_EDGE('',*,*,#13823,.F.);
#13845 = ORIENTED_EDGE('',*,*,#13846,.F.);
#13846 = EDGE_CURVE('',#13847,#13816,#13849,.T.);
#13847 = VERTEX_POINT('',#13848);
#13848 = CARTESIAN_POINT('',(-5.73,-0.6,-3.95));
#13849 = LINE('',#13850,#13851);
#13850 = CARTESIAN_POINT('',(-5.405,-0.6,-3.95));
#13851 = VECTOR('',#13852,1.);
#13852 = DIRECTION('',(1.,1.665334536938E-16,4.626119063202E-17));
#13853 = ORIENTED_EDGE('',*,*,#13854,.T.);
#13854 = EDGE_CURVE('',#13847,#13855,#13857,.T.);
#13855 = VERTEX_POINT('',#13856);
#13856 = CARTESIAN_POINT('',(-5.73,-0.4,-3.95));
#13857 = LINE('',#13858,#13859);
#13858 = CARTESIAN_POINT('',(-5.73,4.869572136865,-3.95));
#13859 = VECTOR('',#13860,1.);
#13860 = DIRECTION('',(-1.665334536938E-16,1.,2.982048203172E-16));
#13861 = ORIENTED_EDGE('',*,*,#13862,.T.);
#13862 = EDGE_CURVE('',#13855,#13863,#13865,.T.);
#13863 = VERTEX_POINT('',#13864);
#13864 = CARTESIAN_POINT('',(-4.43,-0.4,-3.95));
#13865 = LINE('',#13866,#13867);
#13866 = CARTESIAN_POINT('',(-5.08,-0.4,-3.95));
#13867 = VECTOR('',#13868,1.);
#13868 = DIRECTION('',(1.,1.665334536938E-16,4.626119063202E-17));
#13869 = ORIENTED_EDGE('',*,*,#13870,.T.);
#13870 = EDGE_CURVE('',#13863,#13871,#13873,.T.);
#13871 = VERTEX_POINT('',#13872);
#13872 = CARTESIAN_POINT('',(-4.43,-0.6,-3.95));
#13873 = LINE('',#13874,#13875);
#13874 = CARTESIAN_POINT('',(-4.43,-2.1,-3.95));
#13875 = VECTOR('',#13876,1.);
#13876 = DIRECTION('',(1.665334536938E-16,-1.,-2.982048203172E-16));
#13877 = ORIENTED_EDGE('',*,*,#13878,.F.);
#13878 = EDGE_CURVE('',#13879,#13871,#13881,.T.);
#13879 = VERTEX_POINT('',#13880);
#13880 = CARTESIAN_POINT('',(-4.83,-0.6,-3.95));
#13881 = LINE('',#13882,#13883);
#13882 = CARTESIAN_POINT('',(-4.955,-0.6,-3.95));
#13883 = VECTOR('',#13884,1.);
#13884 = DIRECTION('',(1.,1.665334536938E-16,4.626119063202E-17));
#13885 = ORIENTED_EDGE('',*,*,#13886,.F.);
#13886 = EDGE_CURVE('',#13838,#13879,#13887,.T.);
#13887 = LINE('',#13888,#13889);
#13888 = CARTESIAN_POINT('',(-4.83,-0.261740083185,-3.95));
#13889 = VECTOR('',#13890,1.);
#13890 = DIRECTION('',(1.110223024625E-16,1.,3.140653458601E-16));
#13891 = PLANE('',#13892);
#13892 = AXIS2_PLACEMENT_3D('',#13893,#13894,#13895);
#13893 = CARTESIAN_POINT('',(-5.08,1.576519833629,-3.95));
#13894 = DIRECTION('',(-4.626119063202E-17,-3.140653458601E-16,1.));
#13895 = DIRECTION('',(1.,1.7763568394E-16,4.626119063202E-17));
#13896 = ADVANCED_FACE('',(#13897),#13931,.T.);
#13897 = FACE_BOUND('',#13898,.T.);
#13898 = EDGE_LOOP('',(#13899,#13909,#13917,#13925));
#13899 = ORIENTED_EDGE('',*,*,#13900,.F.);
#13900 = EDGE_CURVE('',#13901,#13903,#13905,.T.);
#13901 = VERTEX_POINT('',#13902);
#13902 = CARTESIAN_POINT('',(-5.73,-0.25,-4.759659090909));
#13903 = VERTEX_POINT('',#13904);
#13904 = CARTESIAN_POINT('',(-4.43,-0.25,-4.759659090909));
#13905 = LINE('',#13906,#13907);
#13906 = CARTESIAN_POINT('',(-2.54,-0.25,-4.759659090909));
#13907 = VECTOR('',#13908,1.);
#13908 = DIRECTION('',(1.,1.712602206583E-16,1.946138871117E-18));
#13909 = ORIENTED_EDGE('',*,*,#13910,.F.);
#13910 = EDGE_CURVE('',#13911,#13901,#13913,.T.);
#13911 = VERTEX_POINT('',#13912);
#13912 = CARTESIAN_POINT('',(-5.73,-0.25,-4.35));
#13913 = LINE('',#13914,#13915);
#13914 = CARTESIAN_POINT('',(-5.73,-0.25,-2.241592955033));
#13915 = VECTOR('',#13916,1.);
#13916 = DIRECTION('',(5.098795759653E-17,-3.066966545005E-16,-1.));
#13917 = ORIENTED_EDGE('',*,*,#13918,.F.);
#13918 = EDGE_CURVE('',#13919,#13911,#13921,.T.);
#13919 = VERTEX_POINT('',#13920);
#13920 = CARTESIAN_POINT('',(-4.43,-0.25,-4.35));
#13921 = LINE('',#13922,#13923);
#13922 = CARTESIAN_POINT('',(-5.08,-0.25,-4.35));
#13923 = VECTOR('',#13924,1.);
#13924 = DIRECTION('',(-1.,-1.712602206583E-16,-5.098795759653E-17));
#13925 = ORIENTED_EDGE('',*,*,#13926,.T.);
#13926 = EDGE_CURVE('',#13919,#13903,#13927,.T.);
#13927 = LINE('',#13928,#13929);
#13928 = CARTESIAN_POINT('',(-4.43,-0.25,-2.241592955033));
#13929 = VECTOR('',#13930,1.);
#13930 = DIRECTION('',(5.098795759653E-17,-3.066966545005E-16,-1.));
#13931 = PLANE('',#13932);
#13932 = AXIS2_PLACEMENT_3D('',#13933,#13934,#13935);
#13933 = CARTESIAN_POINT('',(-5.08,-0.25,-5.918112788663));
#13934 = DIRECTION('',(-1.712602206583E-16,1.,-2.908361289577E-16));
#13935 = DIRECTION('',(1.,1.712602206583E-16,8.881784197001E-17));
#13936 = ADVANCED_FACE('',(#13937),#13962,.F.);
#13937 = FACE_BOUND('',#13938,.T.);
#13938 = EDGE_LOOP('',(#13939,#13947,#13948,#13956));
#13939 = ORIENTED_EDGE('',*,*,#13940,.F.);
#13940 = EDGE_CURVE('',#13903,#13941,#13943,.T.);
#13941 = VERTEX_POINT('',#13942);
#13942 = CARTESIAN_POINT('',(-4.43,8.58847109788E-16,-4.756818181818));
#13943 = LINE('',#13944,#13945);
#13944 = CARTESIAN_POINT('',(-4.43,2.379647502902,-4.729776732922));
#13945 = VECTOR('',#13946,1.);
#13946 = DIRECTION('',(-1.671020735193E-16,0.999935440137,
    1.136290272883E-02));
#13947 = ORIENTED_EDGE('',*,*,#13926,.F.);
#13948 = ORIENTED_EDGE('',*,*,#13949,.F.);
#13949 = EDGE_CURVE('',#13950,#13919,#13952,.T.);
#13950 = VERTEX_POINT('',#13951);
#13951 = CARTESIAN_POINT('',(-4.43,9.836168851416E-16,-4.35));
#13952 = LINE('',#13953,#13954);
#13953 = CARTESIAN_POINT('',(-4.43,-0.195,-4.35));
#13954 = VECTOR('',#13955,1.);
#13955 = DIRECTION('',(1.665334536938E-16,-1.,3.066966545005E-16));
#13956 = ORIENTED_EDGE('',*,*,#13957,.F.);
#13957 = EDGE_CURVE('',#13941,#13950,#13958,.T.);
#13958 = LINE('',#13959,#13960);
#13959 = CARTESIAN_POINT('',(-4.43,1.630258272158E-15,-2.241592955033));
#13960 = VECTOR('',#13961,1.);
#13961 = DIRECTION('',(-5.098795759653E-17,3.066966545005E-16,1.));
#13962 = PLANE('',#13963);
#13963 = AXIS2_PLACEMENT_3D('',#13964,#13965,#13966);
#13964 = CARTESIAN_POINT('',(-4.43,-0.25,-3.941592955033));
#13965 = DIRECTION('',(1.,1.665334536938E-16,5.098795759653E-17));
#13966 = DIRECTION('',(1.665334536938E-16,-1.,6.217248937901E-16));
#13967 = ADVANCED_FACE('',(#13968),#13986,.T.);
#13968 = FACE_BOUND('',#13969,.T.);
#13969 = EDGE_LOOP('',(#13970,#13971,#13972,#13980));
#13970 = ORIENTED_EDGE('',*,*,#13846,.T.);
#13971 = ORIENTED_EDGE('',*,*,#13815,.T.);
#13972 = ORIENTED_EDGE('',*,*,#13973,.T.);
#13973 = EDGE_CURVE('',#13808,#13974,#13976,.T.);
#13974 = VERTEX_POINT('',#13975);
#13975 = CARTESIAN_POINT('',(-5.73,-0.6,-4.2));
#13976 = LINE('',#13977,#13978);
#13977 = CARTESIAN_POINT('',(-5.405,-0.6,-4.2));
#13978 = VECTOR('',#13979,1.);
#13979 = DIRECTION('',(-1.,-1.665334536938E-16,-5.571472456105E-17));
#13980 = ORIENTED_EDGE('',*,*,#13981,.T.);
#13981 = EDGE_CURVE('',#13974,#13847,#13982,.T.);
#13982 = LINE('',#13983,#13984);
#13983 = CARTESIAN_POINT('',(-5.73,-0.6,-4.075));
#13984 = VECTOR('',#13985,1.);
#13985 = DIRECTION('',(-5.098795759653E-17,1.855456608539E-18,1.));
#13986 = PLANE('',#13987);
#13987 = AXIS2_PLACEMENT_3D('',#13988,#13989,#13990);
#13988 = CARTESIAN_POINT('',(-5.73,-0.6,-3.95));
#13989 = DIRECTION('',(-1.665334536938E-16,1.,-1.855456608539E-18));
#13990 = DIRECTION('',(1.,1.665334536938E-16,4.440892098501E-17));
#13991 = ADVANCED_FACE('',(#13992),#14017,.T.);
#13992 = FACE_BOUND('',#13993,.T.);
#13993 = EDGE_LOOP('',(#13994,#13995,#14003,#14011));
#13994 = ORIENTED_EDGE('',*,*,#13878,.T.);
#13995 = ORIENTED_EDGE('',*,*,#13996,.T.);
#13996 = EDGE_CURVE('',#13871,#13997,#13999,.T.);
#13997 = VERTEX_POINT('',#13998);
#13998 = CARTESIAN_POINT('',(-4.43,-0.6,-4.2));
#13999 = LINE('',#14000,#14001);
#14000 = CARTESIAN_POINT('',(-4.43,-0.6,-4.075));
#14001 = VECTOR('',#14002,1.);
#14002 = DIRECTION('',(5.098795759653E-17,-1.855456608539E-18,-1.));
#14003 = ORIENTED_EDGE('',*,*,#14004,.T.);
#14004 = EDGE_CURVE('',#13997,#14005,#14007,.T.);
#14005 = VERTEX_POINT('',#14006);
#14006 = CARTESIAN_POINT('',(-4.83,-0.6,-4.2));
#14007 = LINE('',#14008,#14009);
#14008 = CARTESIAN_POINT('',(-4.955,-0.6,-4.2));
#14009 = VECTOR('',#14010,1.);
#14010 = DIRECTION('',(-1.,-1.665334536938E-16,-5.571472456105E-17));
#14011 = ORIENTED_EDGE('',*,*,#14012,.F.);
#14012 = EDGE_CURVE('',#13879,#14005,#14013,.T.);
#14013 = LINE('',#14014,#14015);
#14014 = CARTESIAN_POINT('',(-4.83,-0.6,-3.95));
#14015 = VECTOR('',#14016,1.);
#14016 = DIRECTION('',(5.098795759653E-17,-1.855456608539E-18,-1.));
#14017 = PLANE('',#14018);
#14018 = AXIS2_PLACEMENT_3D('',#14019,#14020,#14021);
#14019 = CARTESIAN_POINT('',(-4.83,-0.6,-3.95));
#14020 = DIRECTION('',(-1.665334536938E-16,1.,-1.855456608539E-18));
#14021 = DIRECTION('',(1.,1.665334536938E-16,4.440892098501E-17));
#14022 = ADVANCED_FACE('',(#14023),#14041,.T.);
#14023 = FACE_BOUND('',#14024,.T.);
#14024 = EDGE_LOOP('',(#14025,#14033,#14034,#14035));
#14025 = ORIENTED_EDGE('',*,*,#14026,.F.);
#14026 = EDGE_CURVE('',#13838,#14027,#14029,.T.);
#14027 = VERTEX_POINT('',#14028);
#14028 = CARTESIAN_POINT('',(-4.83,-1.1,-4.2));
#14029 = LINE('',#14030,#14031);
#14030 = CARTESIAN_POINT('',(-4.83,-1.1,-1.975));
#14031 = VECTOR('',#14032,1.);
#14032 = DIRECTION('',(5.098795759653E-17,0.,-1.));
#14033 = ORIENTED_EDGE('',*,*,#13886,.T.);
#14034 = ORIENTED_EDGE('',*,*,#14012,.T.);
#14035 = ORIENTED_EDGE('',*,*,#14036,.T.);
#14036 = EDGE_CURVE('',#14005,#14027,#14037,.T.);
#14037 = LINE('',#14038,#14039);
#14038 = CARTESIAN_POINT('',(-4.83,-0.261740083185,-4.2));
#14039 = VECTOR('',#14040,1.);
#14040 = DIRECTION('',(-1.110223024625E-16,-1.,-3.140653458601E-16));
#14041 = PLANE('',#14042);
#14042 = AXIS2_PLACEMENT_3D('',#14043,#14044,#14045);
#14043 = CARTESIAN_POINT('',(-4.83,-2.1,-3.95));
#14044 = DIRECTION('',(-1.,1.110223024625E-16,-5.098795759653E-17));
#14045 = DIRECTION('',(1.110223024625E-16,1.,3.10862446895E-16));
#14046 = ADVANCED_FACE('',(#14047),#14065,.F.);
#14047 = FACE_BOUND('',#14048,.T.);
#14048 = EDGE_LOOP('',(#14049,#14050,#14058,#14064));
#14049 = ORIENTED_EDGE('',*,*,#13981,.F.);
#14050 = ORIENTED_EDGE('',*,*,#14051,.T.);
#14051 = EDGE_CURVE('',#13974,#14052,#14054,.T.);
#14052 = VERTEX_POINT('',#14053);
#14053 = CARTESIAN_POINT('',(-5.73,-0.4,-4.2));
#14054 = LINE('',#14055,#14056);
#14055 = CARTESIAN_POINT('',(-5.73,-2.1,-4.2));
#14056 = VECTOR('',#14057,1.);
#14057 = DIRECTION('',(-1.665334536938E-16,1.,2.982048203172E-16));
#14058 = ORIENTED_EDGE('',*,*,#14059,.T.);
#14059 = EDGE_CURVE('',#14052,#13855,#14060,.T.);
#14060 = LINE('',#14061,#14062);
#14061 = CARTESIAN_POINT('',(-5.73,-0.4,-4.145));
#14062 = VECTOR('',#14063,1.);
#14063 = DIRECTION('',(-5.098795759653E-17,-2.982048203172E-16,1.));
#14064 = ORIENTED_EDGE('',*,*,#13854,.F.);
#14065 = PLANE('',#14066);
#14066 = AXIS2_PLACEMENT_3D('',#14067,#14068,#14069);
#14067 = CARTESIAN_POINT('',(-5.73,4.869572136865,-4.2));
#14068 = DIRECTION('',(-1.,-1.665334536938E-16,-5.098795759653E-17));
#14069 = DIRECTION('',(-5.098795759653E-17,6.299941297552E-33,1.));
#14070 = ADVANCED_FACE('',(#14071),#14096,.F.);
#14071 = FACE_BOUND('',#14072,.T.);
#14072 = EDGE_LOOP('',(#14073,#14081,#14082,#14090));
#14073 = ORIENTED_EDGE('',*,*,#14074,.F.);
#14074 = EDGE_CURVE('',#13941,#14075,#14077,.T.);
#14075 = VERTEX_POINT('',#14076);
#14076 = CARTESIAN_POINT('',(-5.73,8.062023933143E-16,-4.756818181818));
#14077 = LINE('',#14078,#14079);
#14078 = CARTESIAN_POINT('',(-2.54,9.932780924587E-16,-4.756818181818));
#14079 = VECTOR('',#14080,1.);
#14080 = DIRECTION('',(-1.,-1.618066867293E-16,-1.838712349196E-18));
#14081 = ORIENTED_EDGE('',*,*,#13957,.T.);
#14082 = ORIENTED_EDGE('',*,*,#14083,.F.);
#14083 = EDGE_CURVE('',#14084,#13950,#14086,.T.);
#14084 = VERTEX_POINT('',#14085);
#14085 = CARTESIAN_POINT('',(-5.73,9.30972168668E-16,-4.35));
#14086 = LINE('',#14087,#14088);
#14087 = CARTESIAN_POINT('',(-5.08,7.54464363869E-16,-4.35));
#14088 = VECTOR('',#14089,1.);
#14089 = DIRECTION('',(1.,1.618066867293E-16,5.098795759653E-17));
#14090 = ORIENTED_EDGE('',*,*,#14091,.T.);
#14091 = EDGE_CURVE('',#14084,#14075,#14092,.T.);
#14092 = LINE('',#14093,#14094);
#14093 = CARTESIAN_POINT('',(-5.73,-5.599309019923E-16,-9.211165091899)
  );
#14094 = VECTOR('',#14095,1.);
#14095 = DIRECTION('',(5.098795759653E-17,-3.066966545005E-16,-1.));
#14096 = PLANE('',#14097);
#14097 = AXIS2_PLACEMENT_3D('',#14098,#14099,#14100);
#14098 = CARTESIAN_POINT('',(-5.08,2.973972507432E-16,-5.918112788663));
#14099 = DIRECTION('',(-1.618066867293E-16,1.,-2.908361289577E-16));
#14100 = DIRECTION('',(1.,1.618066867293E-16,8.881784197001E-17));
#14101 = ADVANCED_FACE('',(#14102),#14118,.F.);
#14102 = FACE_BOUND('',#14103,.T.);
#14103 = EDGE_LOOP('',(#14104,#14110,#14111,#14117));
#14104 = ORIENTED_EDGE('',*,*,#14105,.F.);
#14105 = EDGE_CURVE('',#14075,#13901,#14106,.T.);
#14106 = LINE('',#14107,#14108);
#14107 = CARTESIAN_POINT('',(-5.73,2.349710617941,-4.730116924796));
#14108 = VECTOR('',#14109,1.);
#14109 = DIRECTION('',(1.671020735193E-16,-0.999935440137,
    -1.136290272883E-02));
#14110 = ORIENTED_EDGE('',*,*,#14091,.F.);
#14111 = ORIENTED_EDGE('',*,*,#14112,.F.);
#14112 = EDGE_CURVE('',#13911,#14084,#14113,.T.);
#14113 = LINE('',#14114,#14115);
#14114 = CARTESIAN_POINT('',(-5.73,-0.195,-4.35));
#14115 = VECTOR('',#14116,1.);
#14116 = DIRECTION('',(-1.665334536938E-16,1.,-3.066966545005E-16));
#14117 = ORIENTED_EDGE('',*,*,#13910,.T.);
#14118 = PLANE('',#14119);
#14119 = AXIS2_PLACEMENT_3D('',#14120,#14121,#14122);
#14120 = CARTESIAN_POINT('',(-5.73,-0.25,-9.211165091899));
#14121 = DIRECTION('',(-1.,-1.665334536938E-16,-5.098795759653E-17));
#14122 = DIRECTION('',(-1.665334536938E-16,1.,-5.329070518201E-16));
#14123 = ADVANCED_FACE('',(#14124),#14149,.T.);
#14124 = FACE_BOUND('',#14125,.T.);
#14125 = EDGE_LOOP('',(#14126,#14127,#14134,#14142));
#14126 = ORIENTED_EDGE('',*,*,#13918,.T.);
#14127 = ORIENTED_EDGE('',*,*,#14128,.F.);
#14128 = EDGE_CURVE('',#14052,#13911,#14129,.T.);
#14129 = CIRCLE('',#14130,0.15);
#14130 = AXIS2_PLACEMENT_3D('',#14131,#14132,#14133);
#14131 = CARTESIAN_POINT('',(-5.73,-0.4,-4.35));
#14132 = DIRECTION('',(-1.,-1.665334536938E-16,-5.098795759653E-17));
#14133 = DIRECTION('',(-5.098795759653E-17,1.855456608539E-18,1.));
#14134 = ORIENTED_EDGE('',*,*,#14135,.F.);
#14135 = EDGE_CURVE('',#14136,#14052,#14138,.T.);
#14136 = VERTEX_POINT('',#14137);
#14137 = CARTESIAN_POINT('',(-4.43,-0.4,-4.2));
#14138 = LINE('',#14139,#14140);
#14139 = CARTESIAN_POINT('',(-5.08,-0.4,-4.2));
#14140 = VECTOR('',#14141,1.);
#14141 = DIRECTION('',(-1.,-1.665334536938E-16,-5.571472456105E-17));
#14142 = ORIENTED_EDGE('',*,*,#14143,.T.);
#14143 = EDGE_CURVE('',#14136,#13919,#14144,.T.);
#14144 = CIRCLE('',#14145,0.15);
#14145 = AXIS2_PLACEMENT_3D('',#14146,#14147,#14148);
#14146 = CARTESIAN_POINT('',(-4.43,-0.4,-4.35));
#14147 = DIRECTION('',(-1.,-1.665334536938E-16,-5.098795759653E-17));
#14148 = DIRECTION('',(-5.098795759653E-17,1.855456608539E-18,1.));
#14149 = CYLINDRICAL_SURFACE('',#14150,0.15);
#14150 = AXIS2_PLACEMENT_3D('',#14151,#14152,#14153);
#14151 = CARTESIAN_POINT('',(-5.08,-0.4,-4.35));
#14152 = DIRECTION('',(-1.,-1.665334536938E-16,-5.098795759653E-17));
#14153 = DIRECTION('',(-5.098795759653E-17,-2.982048203172E-16,1.));
#14154 = ADVANCED_FACE('',(#14155),#14172,.F.);
#14155 = FACE_BOUND('',#14156,.T.);
#14156 = EDGE_LOOP('',(#14157,#14158,#14159,#14165));
#14157 = ORIENTED_EDGE('',*,*,#13949,.T.);
#14158 = ORIENTED_EDGE('',*,*,#14143,.F.);
#14159 = ORIENTED_EDGE('',*,*,#14160,.F.);
#14160 = EDGE_CURVE('',#13863,#14136,#14161,.T.);
#14161 = LINE('',#14162,#14163);
#14162 = CARTESIAN_POINT('',(-4.43,-0.4,-4.145));
#14163 = VECTOR('',#14164,1.);
#14164 = DIRECTION('',(5.098795759653E-17,2.982048203172E-16,-1.));
#14165 = ORIENTED_EDGE('',*,*,#14166,.F.);
#14166 = EDGE_CURVE('',#13950,#13863,#14167,.T.);
#14167 = CIRCLE('',#14168,0.4);
#14168 = AXIS2_PLACEMENT_3D('',#14169,#14170,#14171);
#14169 = CARTESIAN_POINT('',(-4.43,-0.4,-4.35));
#14170 = DIRECTION('',(1.,1.665334536938E-16,5.098795759653E-17));
#14171 = DIRECTION('',(-1.665334536938E-16,1.,-5.222724994016E-16));
#14172 = PLANE('',#14173);
#14173 = AXIS2_PLACEMENT_3D('',#14174,#14175,#14176);
#14174 = CARTESIAN_POINT('',(-4.43,1.032595272887E-15,-4.35));
#14175 = DIRECTION('',(1.,1.665334536938E-16,5.098795759653E-17));
#14176 = DIRECTION('',(5.098795759653E-17,-1.855456608539E-18,-1.));
#14177 = ADVANCED_FACE('',(#14178),#14189,.F.);
#14178 = FACE_BOUND('',#14179,.T.);
#14179 = EDGE_LOOP('',(#14180,#14181,#14182,#14183));
#14180 = ORIENTED_EDGE('',*,*,#13996,.F.);
#14181 = ORIENTED_EDGE('',*,*,#13870,.F.);
#14182 = ORIENTED_EDGE('',*,*,#14160,.T.);
#14183 = ORIENTED_EDGE('',*,*,#14184,.F.);
#14184 = EDGE_CURVE('',#13997,#14136,#14185,.T.);
#14185 = LINE('',#14186,#14187);
#14186 = CARTESIAN_POINT('',(-4.43,-2.1,-4.2));
#14187 = VECTOR('',#14188,1.);
#14188 = DIRECTION('',(-1.665334536938E-16,1.,2.982048203172E-16));
#14189 = PLANE('',#14190);
#14190 = AXIS2_PLACEMENT_3D('',#14191,#14192,#14193);
#14191 = CARTESIAN_POINT('',(-4.43,-0.4,-4.2));
#14192 = DIRECTION('',(1.,1.665334536938E-16,5.098795759653E-17));
#14193 = DIRECTION('',(5.098795759653E-17,-6.299941297552E-33,-1.));
#14194 = ADVANCED_FACE('',(#14195),#14207,.F.);
#14195 = FACE_BOUND('',#14196,.T.);
#14196 = EDGE_LOOP('',(#14197,#14198,#14205,#14206));
#14197 = ORIENTED_EDGE('',*,*,#14112,.T.);
#14198 = ORIENTED_EDGE('',*,*,#14199,.F.);
#14199 = EDGE_CURVE('',#13855,#14084,#14200,.T.);
#14200 = CIRCLE('',#14201,0.4);
#14201 = AXIS2_PLACEMENT_3D('',#14202,#14203,#14204);
#14202 = CARTESIAN_POINT('',(-5.73,-0.4,-4.35));
#14203 = DIRECTION('',(-1.,-1.665334536938E-16,-5.098795759653E-17));
#14204 = DIRECTION('',(-5.098795759653E-17,1.753278042062E-16,1.));
#14205 = ORIENTED_EDGE('',*,*,#14059,.F.);
#14206 = ORIENTED_EDGE('',*,*,#14128,.T.);
#14207 = PLANE('',#14208);
#14208 = AXIS2_PLACEMENT_3D('',#14209,#14210,#14211);
#14209 = CARTESIAN_POINT('',(-5.73,-0.25,-4.35));
#14210 = DIRECTION('',(-1.,-1.665334536938E-16,-5.098795759653E-17));
#14211 = DIRECTION('',(-5.098795759653E-17,2.775557561563E-18,1.));
#14212 = ADVANCED_FACE('',(#14213),#14219,.F.);
#14213 = FACE_BOUND('',#14214,.F.);
#14214 = EDGE_LOOP('',(#14215,#14216,#14217,#14218));
#14215 = ORIENTED_EDGE('',*,*,#14199,.F.);
#14216 = ORIENTED_EDGE('',*,*,#13862,.T.);
#14217 = ORIENTED_EDGE('',*,*,#14166,.F.);
#14218 = ORIENTED_EDGE('',*,*,#14083,.F.);
#14219 = CYLINDRICAL_SURFACE('',#14220,0.4);
#14220 = AXIS2_PLACEMENT_3D('',#14221,#14222,#14223);
#14221 = CARTESIAN_POINT('',(-5.08,-0.4,-4.35));
#14222 = DIRECTION('',(-1.,-1.665334536938E-16,-5.098795759653E-17));
#14223 = DIRECTION('',(-5.098795759653E-17,-2.982048203172E-16,1.));
#14224 = ADVANCED_FACE('',(#14225),#14240,.T.);
#14225 = FACE_BOUND('',#14226,.T.);
#14226 = EDGE_LOOP('',(#14227,#14233,#14234,#14235,#14236,#14237,#14238,
    #14239));
#14227 = ORIENTED_EDGE('',*,*,#14228,.F.);
#14228 = EDGE_CURVE('',#14027,#13798,#14229,.T.);
#14229 = LINE('',#14230,#14231);
#14230 = CARTESIAN_POINT('',(0.96,-1.1,-4.2));
#14231 = VECTOR('',#14232,1.);
#14232 = DIRECTION('',(-1.,0.,-5.571472456105E-17));
#14233 = ORIENTED_EDGE('',*,*,#14036,.F.);
#14234 = ORIENTED_EDGE('',*,*,#14004,.F.);
#14235 = ORIENTED_EDGE('',*,*,#14184,.T.);
#14236 = ORIENTED_EDGE('',*,*,#14135,.T.);
#14237 = ORIENTED_EDGE('',*,*,#14051,.F.);
#14238 = ORIENTED_EDGE('',*,*,#13973,.F.);
#14239 = ORIENTED_EDGE('',*,*,#13807,.F.);
#14240 = PLANE('',#14241);
#14241 = AXIS2_PLACEMENT_3D('',#14242,#14243,#14244);
#14242 = CARTESIAN_POINT('',(-5.08,1.576519833629,-4.2));
#14243 = DIRECTION('',(-5.571472456105E-17,-3.140653458601E-16,1.));
#14244 = DIRECTION('',(1.,1.7763568394E-16,5.571472456105E-17));
#14245 = ADVANCED_FACE('',(#14246),#14280,.T.);
#14246 = FACE_BOUND('',#14247,.T.);
#14247 = EDGE_LOOP('',(#14248,#14258,#14266,#14274));
#14248 = ORIENTED_EDGE('',*,*,#14249,.F.);
#14249 = EDGE_CURVE('',#14250,#14252,#14254,.T.);
#14250 = VERTEX_POINT('',#14251);
#14251 = CARTESIAN_POINT('',(-4.83,-1.1,4.2));
#14252 = VERTEX_POINT('',#14253);
#14253 = CARTESIAN_POINT('',(-4.83,-1.1,3.95));
#14254 = LINE('',#14255,#14256);
#14255 = CARTESIAN_POINT('',(-4.83,-1.1,1.975));
#14256 = VECTOR('',#14257,1.);
#14257 = DIRECTION('',(-1.090792376426E-18,0.,-1.));
#14258 = ORIENTED_EDGE('',*,*,#14259,.T.);
#14259 = EDGE_CURVE('',#14250,#14260,#14262,.T.);
#14260 = VERTEX_POINT('',#14261);
#14261 = CARTESIAN_POINT('',(-4.83,-0.6,4.2));
#14262 = LINE('',#14263,#14264);
#14263 = CARTESIAN_POINT('',(-4.83,0.488259916815,4.2));
#14264 = VECTOR('',#14265,1.);
#14265 = DIRECTION('',(2.775557561563E-16,1.,-1.087789123412E-15));
#14266 = ORIENTED_EDGE('',*,*,#14267,.F.);
#14267 = EDGE_CURVE('',#14268,#14260,#14270,.T.);
#14268 = VERTEX_POINT('',#14269);
#14269 = CARTESIAN_POINT('',(-4.83,-0.6,3.95));
#14270 = LINE('',#14271,#14272);
#14271 = CARTESIAN_POINT('',(-4.83,-0.6,3.95));
#14272 = VECTOR('',#14273,1.);
#14273 = DIRECTION('',(1.090792376426E-18,7.718683209433E-16,1.));
#14274 = ORIENTED_EDGE('',*,*,#14275,.T.);
#14275 = EDGE_CURVE('',#14268,#14252,#14276,.T.);
#14276 = LINE('',#14277,#14278);
#14277 = CARTESIAN_POINT('',(-4.83,0.488259916815,3.95));
#14278 = VECTOR('',#14279,1.);
#14279 = DIRECTION('',(-2.775557561563E-16,-1.,1.087789123412E-15));
#14280 = PLANE('',#14281);
#14281 = AXIS2_PLACEMENT_3D('',#14282,#14283,#14284);
#14282 = CARTESIAN_POINT('',(-4.83,-0.6,3.95));
#14283 = DIRECTION('',(-1.,2.775557561563E-16,1.090792376426E-18));
#14284 = DIRECTION('',(-2.775557561563E-16,-1.,1.06581410364E-15));
#14285 = ADVANCED_FACE('',(#14286),#14343,.F.);
#14286 = FACE_BOUND('',#14287,.T.);
#14287 = EDGE_LOOP('',(#14288,#14296,#14297,#14305,#14313,#14321,#14329,
    #14337));
#14288 = ORIENTED_EDGE('',*,*,#14289,.F.);
#14289 = EDGE_CURVE('',#14252,#14290,#14292,.T.);
#14290 = VERTEX_POINT('',#14291);
#14291 = CARTESIAN_POINT('',(-5.33,-1.1,3.95));
#14292 = LINE('',#14293,#14294);
#14293 = CARTESIAN_POINT('',(0.96,-1.1,3.95));
#14294 = VECTOR('',#14295,1.);
#14295 = DIRECTION('',(-1.,0.,5.817559340941E-18));
#14296 = ORIENTED_EDGE('',*,*,#14275,.F.);
#14297 = ORIENTED_EDGE('',*,*,#14298,.F.);
#14298 = EDGE_CURVE('',#14299,#14268,#14301,.T.);
#14299 = VERTEX_POINT('',#14300);
#14300 = CARTESIAN_POINT('',(-4.43,-0.6,3.95));
#14301 = LINE('',#14302,#14303);
#14302 = CARTESIAN_POINT('',(-4.755,-0.6,3.95));
#14303 = VECTOR('',#14304,1.);
#14304 = DIRECTION('',(-1.,-3.289585577741E-33,5.817559340941E-18));
#14305 = ORIENTED_EDGE('',*,*,#14306,.T.);
#14306 = EDGE_CURVE('',#14299,#14307,#14309,.T.);
#14307 = VERTEX_POINT('',#14308);
#14308 = CARTESIAN_POINT('',(-4.43,-0.4,3.95));
#14309 = LINE('',#14310,#14311);
#14310 = CARTESIAN_POINT('',(-4.43,4.869572136865,3.95));
#14311 = VECTOR('',#14312,1.);
#14312 = DIRECTION('',(-1.169251542629E-33,1.,-1.071928597869E-15));
#14313 = ORIENTED_EDGE('',*,*,#14314,.T.);
#14314 = EDGE_CURVE('',#14307,#14315,#14317,.T.);
#14315 = VERTEX_POINT('',#14316);
#14316 = CARTESIAN_POINT('',(-5.73,-0.4,3.95));
#14317 = LINE('',#14318,#14319);
#14318 = CARTESIAN_POINT('',(-5.08,-0.4,3.95));
#14319 = VECTOR('',#14320,1.);
#14320 = DIRECTION('',(-1.,5.066756684725E-33,5.817559340941E-18));
#14321 = ORIENTED_EDGE('',*,*,#14322,.T.);
#14322 = EDGE_CURVE('',#14315,#14323,#14325,.T.);
#14323 = VERTEX_POINT('',#14324);
#14324 = CARTESIAN_POINT('',(-5.73,-0.6,3.95));
#14325 = LINE('',#14326,#14327);
#14326 = CARTESIAN_POINT('',(-5.73,-2.1,3.95));
#14327 = VECTOR('',#14328,1.);
#14328 = DIRECTION('',(1.169251542629E-33,-1.,1.071928597869E-15));
#14329 = ORIENTED_EDGE('',*,*,#14330,.F.);
#14330 = EDGE_CURVE('',#14331,#14323,#14333,.T.);
#14331 = VERTEX_POINT('',#14332);
#14332 = CARTESIAN_POINT('',(-5.33,-0.6,3.95));
#14333 = LINE('',#14334,#14335);
#14334 = CARTESIAN_POINT('',(-5.205,-0.6,3.95));
#14335 = VECTOR('',#14336,1.);
#14336 = DIRECTION('',(-1.,-3.289585577741E-33,5.817559340941E-18));
#14337 = ORIENTED_EDGE('',*,*,#14338,.F.);
#14338 = EDGE_CURVE('',#14290,#14331,#14339,.T.);
#14339 = LINE('',#14340,#14341);
#14340 = CARTESIAN_POINT('',(-5.33,-0.261740083185,3.95));
#14341 = VECTOR('',#14342,1.);
#14342 = DIRECTION('',(-2.775557561563E-16,1.,-1.087789123412E-15));
#14343 = PLANE('',#14344);
#14344 = AXIS2_PLACEMENT_3D('',#14345,#14346,#14347);
#14345 = CARTESIAN_POINT('',(-5.08,1.576519833629,3.95));
#14346 = DIRECTION('',(-5.817559340941E-18,-1.087789123412E-15,-1.));
#14347 = DIRECTION('',(-1.,6.328277775878E-33,5.817559340941E-18));
#14348 = ADVANCED_FACE('',(#14349),#14383,.T.);
#14349 = FACE_BOUND('',#14350,.T.);
#14350 = EDGE_LOOP('',(#14351,#14361,#14369,#14377));
#14351 = ORIENTED_EDGE('',*,*,#14352,.F.);
#14352 = EDGE_CURVE('',#14353,#14355,#14357,.T.);
#14353 = VERTEX_POINT('',#14354);
#14354 = CARTESIAN_POINT('',(-4.43,-0.25,4.759659090909));
#14355 = VERTEX_POINT('',#14356);
#14356 = CARTESIAN_POINT('',(-5.73,-0.25,4.759659090909));
#14357 = LINE('',#14358,#14359);
#14358 = CARTESIAN_POINT('',(-2.54,-0.25,4.759659090909));
#14359 = VECTOR('',#14360,1.);
#14360 = DIRECTION('',(-1.,4.726766964514E-18,-5.371326096039E-20));
#14361 = ORIENTED_EDGE('',*,*,#14362,.F.);
#14362 = EDGE_CURVE('',#14363,#14353,#14365,.T.);
#14363 = VERTEX_POINT('',#14364);
#14364 = CARTESIAN_POINT('',(-4.43,-0.25,4.35));
#14365 = LINE('',#14366,#14367);
#14366 = CARTESIAN_POINT('',(-4.43,-0.25,2.241592955033));
#14367 = VECTOR('',#14368,1.);
#14368 = DIRECTION('',(1.090792376426E-18,4.670271230513E-16,1.));
#14369 = ORIENTED_EDGE('',*,*,#14370,.F.);
#14370 = EDGE_CURVE('',#14371,#14363,#14373,.T.);
#14371 = VERTEX_POINT('',#14372);
#14372 = CARTESIAN_POINT('',(-5.73,-0.25,4.35));
#14373 = LINE('',#14374,#14375);
#14374 = CARTESIAN_POINT('',(-5.08,-0.25,4.35));
#14375 = VECTOR('',#14376,1.);
#14376 = DIRECTION('',(1.,-4.726766964514E-18,-1.090792376426E-18));
#14377 = ORIENTED_EDGE('',*,*,#14378,.T.);
#14378 = EDGE_CURVE('',#14371,#14355,#14379,.T.);
#14379 = LINE('',#14380,#14381);
#14380 = CARTESIAN_POINT('',(-5.73,-0.25,2.241592955033));
#14381 = VECTOR('',#14382,1.);
#14382 = DIRECTION('',(1.090792376426E-18,4.670271230513E-16,1.));
#14383 = PLANE('',#14384);
#14384 = AXIS2_PLACEMENT_3D('',#14385,#14386,#14387);
#14385 = CARTESIAN_POINT('',(-5.08,-0.25,5.918112788663));
#14386 = DIRECTION('',(4.726766964514E-18,1.,-4.828876485942E-16));
#14387 = DIRECTION('',(-1.,4.726766964514E-18,3.980675439348E-34));
#14388 = ADVANCED_FACE('',(#14389),#14414,.F.);
#14389 = FACE_BOUND('',#14390,.T.);
#14390 = EDGE_LOOP('',(#14391,#14399,#14400,#14408));
#14391 = ORIENTED_EDGE('',*,*,#14392,.F.);
#14392 = EDGE_CURVE('',#14355,#14393,#14395,.T.);
#14393 = VERTEX_POINT('',#14394);
#14394 = CARTESIAN_POINT('',(-5.73,1.386820421063E-16,4.756818181818));
#14395 = LINE('',#14396,#14397);
#14396 = CARTESIAN_POINT('',(-5.73,-2.020352497098,4.779776732922));
#14397 = VECTOR('',#14398,1.);
#14398 = DIRECTION('',(-1.239456767068E-20,0.999935440137,
    -1.136290272883E-02));
#14399 = ORIENTED_EDGE('',*,*,#14378,.F.);
#14400 = ORIENTED_EDGE('',*,*,#14401,.F.);
#14401 = EDGE_CURVE('',#14402,#14371,#14404,.T.);
#14402 = VERTEX_POINT('',#14403);
#14403 = CARTESIAN_POINT('',(-5.73,-5.13130829532E-17,4.35));
#14404 = LINE('',#14405,#14406);
#14405 = CARTESIAN_POINT('',(-5.73,-0.195,4.35));
#14406 = VECTOR('',#14407,1.);
#14407 = DIRECTION('',(5.094296254086E-34,-1.,4.670271230513E-16));
#14408 = ORIENTED_EDGE('',*,*,#14409,.F.);
#14409 = EDGE_CURVE('',#14393,#14402,#14410,.T.);
#14410 = LINE('',#14411,#14412);
#14411 = CARTESIAN_POINT('',(-5.73,-1.035996359385E-15,2.241592955033));
#14412 = VECTOR('',#14413,1.);
#14413 = DIRECTION('',(-1.090792376426E-18,-4.670271230513E-16,-1.));
#14414 = PLANE('',#14415);
#14415 = AXIS2_PLACEMENT_3D('',#14416,#14417,#14418);
#14416 = CARTESIAN_POINT('',(-5.73,-0.25,3.941592955033));
#14417 = DIRECTION('',(-1.,0.,1.090792376426E-18));
#14418 = DIRECTION('',(1.937636498231E-34,-1.,1.7763568394E-16));
#14419 = ADVANCED_FACE('',(#14420),#14438,.T.);
#14420 = FACE_BOUND('',#14421,.T.);
#14421 = EDGE_LOOP('',(#14422,#14423,#14424,#14432));
#14422 = ORIENTED_EDGE('',*,*,#14298,.T.);
#14423 = ORIENTED_EDGE('',*,*,#14267,.T.);
#14424 = ORIENTED_EDGE('',*,*,#14425,.T.);
#14425 = EDGE_CURVE('',#14260,#14426,#14428,.T.);
#14426 = VERTEX_POINT('',#14427);
#14427 = CARTESIAN_POINT('',(-4.43,-0.6,4.2));
#14428 = LINE('',#14429,#14430);
#14429 = CARTESIAN_POINT('',(-4.755,-0.6,4.2));
#14430 = VECTOR('',#14431,1.);
#14431 = DIRECTION('',(1.,1.058646893852E-32,3.635974588088E-18));
#14432 = ORIENTED_EDGE('',*,*,#14433,.T.);
#14433 = EDGE_CURVE('',#14426,#14299,#14434,.T.);
#14434 = LINE('',#14435,#14436);
#14435 = CARTESIAN_POINT('',(-4.43,-0.6,4.075));
#14436 = VECTOR('',#14437,1.);
#14437 = DIRECTION('',(-1.090792376426E-18,-7.718683209433E-16,-1.));
#14438 = PLANE('',#14439);
#14439 = AXIS2_PLACEMENT_3D('',#14440,#14441,#14442);
#14440 = CARTESIAN_POINT('',(-4.43,-0.6,3.95));
#14441 = DIRECTION('',(-7.77997533822E-33,1.,-7.718683209433E-16));
#14442 = DIRECTION('',(-1.,-7.77997533822E-33,6.005116501292E-48));
#14443 = ADVANCED_FACE('',(#14444),#14469,.T.);
#14444 = FACE_BOUND('',#14445,.T.);
#14445 = EDGE_LOOP('',(#14446,#14447,#14455,#14463));
#14446 = ORIENTED_EDGE('',*,*,#14330,.T.);
#14447 = ORIENTED_EDGE('',*,*,#14448,.T.);
#14448 = EDGE_CURVE('',#14323,#14449,#14451,.T.);
#14449 = VERTEX_POINT('',#14450);
#14450 = CARTESIAN_POINT('',(-5.73,-0.6,4.2));
#14451 = LINE('',#14452,#14453);
#14452 = CARTESIAN_POINT('',(-5.73,-0.6,4.075));
#14453 = VECTOR('',#14454,1.);
#14454 = DIRECTION('',(1.090792376426E-18,7.718683209433E-16,1.));
#14455 = ORIENTED_EDGE('',*,*,#14456,.T.);
#14456 = EDGE_CURVE('',#14449,#14457,#14459,.T.);
#14457 = VERTEX_POINT('',#14458);
#14458 = CARTESIAN_POINT('',(-5.33,-0.6,4.2));
#14459 = LINE('',#14460,#14461);
#14460 = CARTESIAN_POINT('',(-5.205,-0.6,4.2));
#14461 = VECTOR('',#14462,1.);
#14462 = DIRECTION('',(1.,1.058646893852E-32,3.635974588088E-18));
#14463 = ORIENTED_EDGE('',*,*,#14464,.F.);
#14464 = EDGE_CURVE('',#14331,#14457,#14465,.T.);
#14465 = LINE('',#14466,#14467);
#14466 = CARTESIAN_POINT('',(-5.33,-0.6,3.95));
#14467 = VECTOR('',#14468,1.);
#14468 = DIRECTION('',(1.090792376426E-18,7.718683209433E-16,1.));
#14469 = PLANE('',#14470);
#14470 = AXIS2_PLACEMENT_3D('',#14471,#14472,#14473);
#14471 = CARTESIAN_POINT('',(-5.33,-0.6,3.95));
#14472 = DIRECTION('',(-7.77997533822E-33,1.,-7.718683209433E-16));
#14473 = DIRECTION('',(-1.,-7.77997533822E-33,6.005116501292E-48));
#14474 = ADVANCED_FACE('',(#14475),#14493,.T.);
#14475 = FACE_BOUND('',#14476,.T.);
#14476 = EDGE_LOOP('',(#14477,#14485,#14486,#14487));
#14477 = ORIENTED_EDGE('',*,*,#14478,.F.);
#14478 = EDGE_CURVE('',#14290,#14479,#14481,.T.);
#14479 = VERTEX_POINT('',#14480);
#14480 = CARTESIAN_POINT('',(-5.33,-1.1,4.2));
#14481 = LINE('',#14482,#14483);
#14482 = CARTESIAN_POINT('',(-5.33,-1.1,1.975));
#14483 = VECTOR('',#14484,1.);
#14484 = DIRECTION('',(1.090792376427E-18,0.,1.));
#14485 = ORIENTED_EDGE('',*,*,#14338,.T.);
#14486 = ORIENTED_EDGE('',*,*,#14464,.T.);
#14487 = ORIENTED_EDGE('',*,*,#14488,.T.);
#14488 = EDGE_CURVE('',#14457,#14479,#14489,.T.);
#14489 = LINE('',#14490,#14491);
#14490 = CARTESIAN_POINT('',(-5.33,-0.261740083185,4.2));
#14491 = VECTOR('',#14492,1.);
#14492 = DIRECTION('',(2.775557561563E-16,-1.,1.087789123412E-15));
#14493 = PLANE('',#14494);
#14494 = AXIS2_PLACEMENT_3D('',#14495,#14496,#14497);
#14495 = CARTESIAN_POINT('',(-5.33,-2.1,3.95));
#14496 = DIRECTION('',(1.,2.775557561563E-16,-1.090792376427E-18));
#14497 = DIRECTION('',(-2.775557561563E-16,1.,-1.06581410364E-15));
#14498 = ADVANCED_FACE('',(#14499),#14517,.F.);
#14499 = FACE_BOUND('',#14500,.T.);
#14500 = EDGE_LOOP('',(#14501,#14502,#14510,#14516));
#14501 = ORIENTED_EDGE('',*,*,#14433,.F.);
#14502 = ORIENTED_EDGE('',*,*,#14503,.T.);
#14503 = EDGE_CURVE('',#14426,#14504,#14506,.T.);
#14504 = VERTEX_POINT('',#14505);
#14505 = CARTESIAN_POINT('',(-4.43,-0.4,4.2));
#14506 = LINE('',#14507,#14508);
#14507 = CARTESIAN_POINT('',(-4.43,-2.1,4.2));
#14508 = VECTOR('',#14509,1.);
#14509 = DIRECTION('',(-1.169251542629E-33,1.,-1.071928597869E-15));
#14510 = ORIENTED_EDGE('',*,*,#14511,.T.);
#14511 = EDGE_CURVE('',#14504,#14307,#14512,.T.);
#14512 = LINE('',#14513,#14514);
#14513 = CARTESIAN_POINT('',(-4.43,-0.4,4.145));
#14514 = VECTOR('',#14515,1.);
#14515 = DIRECTION('',(-1.090792376426E-18,-1.071928597869E-15,-1.));
#14516 = ORIENTED_EDGE('',*,*,#14306,.F.);
#14517 = PLANE('',#14518);
#14518 = AXIS2_PLACEMENT_3D('',#14519,#14520,#14521);
#14519 = CARTESIAN_POINT('',(-4.43,4.869572136865,4.2));
#14520 = DIRECTION('',(1.,0.,-1.090792376426E-18));
#14521 = DIRECTION('',(-1.090792376426E-18,-7.993605777301E-16,-1.));
#14522 = ADVANCED_FACE('',(#14523),#14548,.F.);
#14523 = FACE_BOUND('',#14524,.T.);
#14524 = EDGE_LOOP('',(#14525,#14533,#14534,#14542));
#14525 = ORIENTED_EDGE('',*,*,#14526,.F.);
#14526 = EDGE_CURVE('',#14393,#14527,#14529,.T.);
#14527 = VERTEX_POINT('',#14528);
#14528 = CARTESIAN_POINT('',(-4.43,3.025308154345E-16,4.756818181818));
#14529 = LINE('',#14530,#14531);
#14530 = CARTESIAN_POINT('',(-2.54,-1.325763817771E-17,4.756818181818));
#14531 = VECTOR('',#14532,1.);
#14532 = DIRECTION('',(1.,4.726766964514E-18,-5.371326096039E-20));
#14533 = ORIENTED_EDGE('',*,*,#14409,.T.);
#14534 = ORIENTED_EDGE('',*,*,#14535,.F.);
#14535 = EDGE_CURVE('',#14536,#14402,#14538,.T.);
#14536 = VERTEX_POINT('',#14537);
#14537 = CARTESIAN_POINT('',(-4.43,1.12535690375E-16,4.35));
#14538 = LINE('',#14539,#14540);
#14539 = CARTESIAN_POINT('',(-5.08,-1.722188593249E-16,4.35));
#14540 = VECTOR('',#14541,1.);
#14541 = DIRECTION('',(-1.,-4.726766964514E-18,1.090792376426E-18));
#14542 = ORIENTED_EDGE('',*,*,#14543,.T.);
#14543 = EDGE_CURVE('',#14536,#14527,#14544,.T.);
#14544 = LINE('',#14545,#14546);
#14545 = CARTESIAN_POINT('',(-4.43,2.382831637922E-15,9.211165091899));
#14546 = VECTOR('',#14547,1.);
#14547 = DIRECTION('',(1.090792376426E-18,4.670271230513E-16,1.));
#14548 = PLANE('',#14549);
#14549 = AXIS2_PLACEMENT_3D('',#14550,#14551,#14552);
#14550 = CARTESIAN_POINT('',(-5.08,5.840001780206E-16,5.918112788663));
#14551 = DIRECTION('',(-4.726766964514E-18,1.,-4.828876485942E-16));
#14552 = DIRECTION('',(-1.,-4.726766964514E-18,0.));
#14553 = ADVANCED_FACE('',(#14554),#14570,.F.);
#14554 = FACE_BOUND('',#14555,.T.);
#14555 = EDGE_LOOP('',(#14556,#14562,#14563,#14569));
#14556 = ORIENTED_EDGE('',*,*,#14557,.F.);
#14557 = EDGE_CURVE('',#14527,#14353,#14558,.T.);
#14558 = LINE('',#14559,#14560);
#14559 = CARTESIAN_POINT('',(-4.43,-2.050289382059,4.780116924796));
#14560 = VECTOR('',#14561,1.);
#14561 = DIRECTION('',(1.239456767068E-20,-0.999935440137,
    1.136290272883E-02));
#14562 = ORIENTED_EDGE('',*,*,#14543,.F.);
#14563 = ORIENTED_EDGE('',*,*,#14564,.F.);
#14564 = EDGE_CURVE('',#14363,#14536,#14565,.T.);
#14565 = LINE('',#14566,#14567);
#14566 = CARTESIAN_POINT('',(-4.43,-0.195,4.35));
#14567 = VECTOR('',#14568,1.);
#14568 = DIRECTION('',(-5.094296254086E-34,1.,-4.670271230513E-16));
#14569 = ORIENTED_EDGE('',*,*,#14362,.T.);
#14570 = PLANE('',#14571);
#14571 = AXIS2_PLACEMENT_3D('',#14572,#14573,#14574);
#14572 = CARTESIAN_POINT('',(-4.43,-0.25,9.211165091899));
#14573 = DIRECTION('',(1.,0.,-1.090792376426E-18));
#14574 = DIRECTION('',(-1.937636498231E-34,1.,-1.7763568394E-16));
#14575 = ADVANCED_FACE('',(#14576),#14601,.T.);
#14576 = FACE_BOUND('',#14577,.T.);
#14577 = EDGE_LOOP('',(#14578,#14579,#14586,#14594));
#14578 = ORIENTED_EDGE('',*,*,#14370,.T.);
#14579 = ORIENTED_EDGE('',*,*,#14580,.F.);
#14580 = EDGE_CURVE('',#14504,#14363,#14581,.T.);
#14581 = CIRCLE('',#14582,0.15);
#14582 = AXIS2_PLACEMENT_3D('',#14583,#14584,#14585);
#14583 = CARTESIAN_POINT('',(-4.43,-0.4,4.35));
#14584 = DIRECTION('',(1.,0.,-1.090792376426E-18));
#14585 = DIRECTION('',(-1.090792376426E-18,-7.718683209433E-16,-1.));
#14586 = ORIENTED_EDGE('',*,*,#14587,.F.);
#14587 = EDGE_CURVE('',#14588,#14504,#14590,.T.);
#14588 = VERTEX_POINT('',#14589);
#14589 = CARTESIAN_POINT('',(-5.73,-0.4,4.2));
#14590 = LINE('',#14591,#14592);
#14591 = CARTESIAN_POINT('',(-5.08,-0.4,4.2));
#14592 = VECTOR('',#14593,1.);
#14593 = DIRECTION('',(1.,5.066756684725E-33,3.635974588088E-18));
#14594 = ORIENTED_EDGE('',*,*,#14595,.T.);
#14595 = EDGE_CURVE('',#14588,#14371,#14596,.T.);
#14596 = CIRCLE('',#14597,0.15);
#14597 = AXIS2_PLACEMENT_3D('',#14598,#14599,#14600);
#14598 = CARTESIAN_POINT('',(-5.73,-0.4,4.35));
#14599 = DIRECTION('',(1.,0.,-1.090792376426E-18));
#14600 = DIRECTION('',(-1.090792376426E-18,-7.718683209433E-16,-1.));
#14601 = CYLINDRICAL_SURFACE('',#14602,0.15);
#14602 = AXIS2_PLACEMENT_3D('',#14603,#14604,#14605);
#14603 = CARTESIAN_POINT('',(-5.08,-0.4,4.35));
#14604 = DIRECTION('',(1.,0.,-1.090792376426E-18));
#14605 = DIRECTION('',(-1.090792376426E-18,-1.071928597869E-15,-1.));
#14606 = ADVANCED_FACE('',(#14607),#14624,.F.);
#14607 = FACE_BOUND('',#14608,.T.);
#14608 = EDGE_LOOP('',(#14609,#14610,#14611,#14617));
#14609 = ORIENTED_EDGE('',*,*,#14401,.T.);
#14610 = ORIENTED_EDGE('',*,*,#14595,.F.);
#14611 = ORIENTED_EDGE('',*,*,#14612,.F.);
#14612 = EDGE_CURVE('',#14315,#14588,#14613,.T.);
#14613 = LINE('',#14614,#14615);
#14614 = CARTESIAN_POINT('',(-5.73,-0.4,4.145));
#14615 = VECTOR('',#14616,1.);
#14616 = DIRECTION('',(1.090792376426E-18,1.071928597869E-15,1.));
#14617 = ORIENTED_EDGE('',*,*,#14618,.F.);
#14618 = EDGE_CURVE('',#14402,#14315,#14619,.T.);
#14619 = CIRCLE('',#14620,0.4);
#14620 = AXIS2_PLACEMENT_3D('',#14621,#14622,#14623);
#14621 = CARTESIAN_POINT('',(-5.73,-0.4,4.35));
#14622 = DIRECTION('',(-1.,0.,1.090792376426E-18));
#14623 = DIRECTION('',(-2.742811372489E-34,1.,-2.514512781502E-16));
#14624 = PLANE('',#14625);
#14625 = AXIS2_PLACEMENT_3D('',#14626,#14627,#14628);
#14626 = CARTESIAN_POINT('',(-5.73,-2.334695207885E-18,4.35));
#14627 = DIRECTION('',(-1.,0.,1.090792376426E-18));
#14628 = DIRECTION('',(1.090792376426E-18,7.718683209433E-16,1.));
#14629 = ADVANCED_FACE('',(#14630),#14641,.F.);
#14630 = FACE_BOUND('',#14631,.T.);
#14631 = EDGE_LOOP('',(#14632,#14633,#14634,#14635));
#14632 = ORIENTED_EDGE('',*,*,#14448,.F.);
#14633 = ORIENTED_EDGE('',*,*,#14322,.F.);
#14634 = ORIENTED_EDGE('',*,*,#14612,.T.);
#14635 = ORIENTED_EDGE('',*,*,#14636,.F.);
#14636 = EDGE_CURVE('',#14449,#14588,#14637,.T.);
#14637 = LINE('',#14638,#14639);
#14638 = CARTESIAN_POINT('',(-5.73,-2.1,4.2));
#14639 = VECTOR('',#14640,1.);
#14640 = DIRECTION('',(-1.169251542629E-33,1.,-1.071928597869E-15));
#14641 = PLANE('',#14642);
#14642 = AXIS2_PLACEMENT_3D('',#14643,#14644,#14645);
#14643 = CARTESIAN_POINT('',(-5.73,-0.4,4.2));
#14644 = DIRECTION('',(-1.,0.,1.090792376426E-18));
#14645 = DIRECTION('',(1.090792376426E-18,7.716050021145E-16,1.));
#14646 = ADVANCED_FACE('',(#14647),#14659,.F.);
#14647 = FACE_BOUND('',#14648,.T.);
#14648 = EDGE_LOOP('',(#14649,#14650,#14657,#14658));
#14649 = ORIENTED_EDGE('',*,*,#14564,.T.);
#14650 = ORIENTED_EDGE('',*,*,#14651,.F.);
#14651 = EDGE_CURVE('',#14307,#14536,#14652,.T.);
#14652 = CIRCLE('',#14653,0.4);
#14653 = AXIS2_PLACEMENT_3D('',#14654,#14655,#14656);
#14654 = CARTESIAN_POINT('',(-4.43,-0.4,4.35));
#14655 = DIRECTION('',(1.,0.,-1.090792376426E-18));
#14656 = DIRECTION('',(-1.090792376426E-18,-5.983959733456E-16,-1.));
#14657 = ORIENTED_EDGE('',*,*,#14511,.F.);
#14658 = ORIENTED_EDGE('',*,*,#14580,.T.);
#14659 = PLANE('',#14660);
#14660 = AXIS2_PLACEMENT_3D('',#14661,#14662,#14663);
#14661 = CARTESIAN_POINT('',(-4.43,-0.25,4.35));
#14662 = DIRECTION('',(1.,0.,-1.090792376426E-18));
#14663 = DIRECTION('',(-1.090792376426E-18,-7.716050021145E-16,-1.));
#14664 = ADVANCED_FACE('',(#14665),#14671,.F.);
#14665 = FACE_BOUND('',#14666,.F.);
#14666 = EDGE_LOOP('',(#14667,#14668,#14669,#14670));
#14667 = ORIENTED_EDGE('',*,*,#14651,.F.);
#14668 = ORIENTED_EDGE('',*,*,#14314,.T.);
#14669 = ORIENTED_EDGE('',*,*,#14618,.F.);
#14670 = ORIENTED_EDGE('',*,*,#14535,.F.);
#14671 = CYLINDRICAL_SURFACE('',#14672,0.4);
#14672 = AXIS2_PLACEMENT_3D('',#14673,#14674,#14675);
#14673 = CARTESIAN_POINT('',(-5.08,-0.4,4.35));
#14674 = DIRECTION('',(1.,0.,-1.090792376426E-18));
#14675 = DIRECTION('',(-1.090792376426E-18,-1.071928597869E-15,-1.));
#14676 = ADVANCED_FACE('',(#14677),#14692,.T.);
#14677 = FACE_BOUND('',#14678,.T.);
#14678 = EDGE_LOOP('',(#14679,#14685,#14686,#14687,#14688,#14689,#14690,
    #14691));
#14679 = ORIENTED_EDGE('',*,*,#14680,.F.);
#14680 = EDGE_CURVE('',#14479,#14250,#14681,.T.);
#14681 = LINE('',#14682,#14683);
#14682 = CARTESIAN_POINT('',(0.96,-1.1,4.2));
#14683 = VECTOR('',#14684,1.);
#14684 = DIRECTION('',(1.,0.,3.635974588088E-18));
#14685 = ORIENTED_EDGE('',*,*,#14488,.F.);
#14686 = ORIENTED_EDGE('',*,*,#14456,.F.);
#14687 = ORIENTED_EDGE('',*,*,#14636,.T.);
#14688 = ORIENTED_EDGE('',*,*,#14587,.T.);
#14689 = ORIENTED_EDGE('',*,*,#14503,.F.);
#14690 = ORIENTED_EDGE('',*,*,#14425,.F.);
#14691 = ORIENTED_EDGE('',*,*,#14259,.F.);
#14692 = PLANE('',#14693);
#14693 = AXIS2_PLACEMENT_3D('',#14694,#14695,#14696);
#14694 = CARTESIAN_POINT('',(-5.08,1.576519833629,4.2));
#14695 = DIRECTION('',(3.635974588088E-18,-1.087789123412E-15,-1.));
#14696 = DIRECTION('',(-1.,-3.955173609924E-33,-3.635974588088E-18));
#14697 = ADVANCED_FACE('',(#14698),#14732,.T.);
#14698 = FACE_BOUND('',#14699,.T.);
#14699 = EDGE_LOOP('',(#14700,#14710,#14718,#14726));
#14700 = ORIENTED_EDGE('',*,*,#14701,.T.);
#14701 = EDGE_CURVE('',#14702,#14704,#14706,.T.);
#14702 = VERTEX_POINT('',#14703);
#14703 = CARTESIAN_POINT('',(5.955454545455,5.,3.589090909091));
#14704 = VERTEX_POINT('',#14705);
#14705 = CARTESIAN_POINT('',(5.95,4.4,3.6));
#14706 = LINE('',#14707,#14708);
#14707 = CARTESIAN_POINT('',(5.951681574105,4.58497315159,3.596636851789
    ));
#14708 = VECTOR('',#14709,1.);
#14709 = DIRECTION('',(-9.089031385818E-03,-0.99979345244,
    1.817806277164E-02));
#14710 = ORIENTED_EDGE('',*,*,#14711,.F.);
#14711 = EDGE_CURVE('',#14712,#14704,#14714,.T.);
#14712 = VERTEX_POINT('',#14713);
#14713 = CARTESIAN_POINT('',(5.95,4.4,-3.6));
#14714 = LINE('',#14715,#14716);
#14715 = CARTESIAN_POINT('',(5.95,4.4,8.610088084124E-18));
#14716 = VECTOR('',#14717,1.);
#14717 = DIRECTION('',(-1.00011438223E-33,-1.100125820453E-31,1.));
#14718 = ORIENTED_EDGE('',*,*,#14719,.T.);
#14719 = EDGE_CURVE('',#14712,#14720,#14722,.T.);
#14720 = VERTEX_POINT('',#14721);
#14721 = CARTESIAN_POINT('',(5.955454545455,5.,-3.589090909091));
#14722 = LINE('',#14723,#14724);
#14723 = CARTESIAN_POINT('',(5.951681574105,4.58497315159,
    -3.596636851789));
#14724 = VECTOR('',#14725,1.);
#14725 = DIRECTION('',(9.089031385818E-03,0.99979345244,
    1.817806277164E-02));
#14726 = ORIENTED_EDGE('',*,*,#14727,.F.);
#14727 = EDGE_CURVE('',#14702,#14720,#14728,.T.);
#14728 = LINE('',#14729,#14730);
#14729 = CARTESIAN_POINT('',(5.955454545455,5.,0.));
#14730 = VECTOR('',#14731,1.);
#14731 = DIRECTION('',(0.,0.,-1.));
#14732 = PLANE('',#14733);
#14733 = AXIS2_PLACEMENT_3D('',#14734,#14735,#14736);
#14734 = CARTESIAN_POINT('',(5.95,4.4,0.));
#14735 = DIRECTION('',(0.999958680247,-9.090533456789E-03,0.));
#14736 = DIRECTION('',(9.090533456789E-03,0.999958680247,0.));
#14737 = ADVANCED_FACE('',(#14738),#14772,.F.);
#14738 = FACE_BOUND('',#14739,.T.);
#14739 = EDGE_LOOP('',(#14740,#14750,#14758,#14766));
#14740 = ORIENTED_EDGE('',*,*,#14741,.F.);
#14741 = EDGE_CURVE('',#14742,#14744,#14746,.T.);
#14742 = VERTEX_POINT('',#14743);
#14743 = CARTESIAN_POINT('',(-5.955454545455,5.,3.589090909091));
#14744 = VERTEX_POINT('',#14745);
#14745 = CARTESIAN_POINT('',(-5.95,4.4,3.6));
#14746 = LINE('',#14747,#14748);
#14747 = CARTESIAN_POINT('',(-5.951681574105,4.58497315159,
    3.596636851789));
#14748 = VECTOR('',#14749,1.);
#14749 = DIRECTION('',(9.089031385818E-03,-0.99979345244,
    1.817806277164E-02));
#14750 = ORIENTED_EDGE('',*,*,#14751,.F.);
#14751 = EDGE_CURVE('',#14752,#14742,#14754,.T.);
#14752 = VERTEX_POINT('',#14753);
#14753 = CARTESIAN_POINT('',(-5.955454545455,5.,-3.589090909091));
#14754 = LINE('',#14755,#14756);
#14755 = CARTESIAN_POINT('',(-5.955454545455,5.,0.));
#14756 = VECTOR('',#14757,1.);
#14757 = DIRECTION('',(0.,0.,1.));
#14758 = ORIENTED_EDGE('',*,*,#14759,.F.);
#14759 = EDGE_CURVE('',#14760,#14752,#14762,.T.);
#14760 = VERTEX_POINT('',#14761);
#14761 = CARTESIAN_POINT('',(-5.95,4.4,-3.6));
#14762 = LINE('',#14763,#14764);
#14763 = CARTESIAN_POINT('',(-5.951681574105,4.58497315159,
    -3.596636851789));
#14764 = VECTOR('',#14765,1.);
#14765 = DIRECTION('',(-9.089031385818E-03,0.99979345244,
    1.817806277164E-02));
#14766 = ORIENTED_EDGE('',*,*,#14767,.F.);
#14767 = EDGE_CURVE('',#14744,#14760,#14768,.T.);
#14768 = LINE('',#14769,#14770);
#14769 = CARTESIAN_POINT('',(-5.95,4.4,8.610088084124E-18));
#14770 = VECTOR('',#14771,1.);
#14771 = DIRECTION('',(-1.00011438223E-33,1.100125820453E-31,-1.));
#14772 = PLANE('',#14773);
#14773 = AXIS2_PLACEMENT_3D('',#14774,#14775,#14776);
#14774 = CARTESIAN_POINT('',(-5.95,4.4,0.));
#14775 = DIRECTION('',(0.999958680247,9.090533456789E-03,0.));
#14776 = DIRECTION('',(-9.090533456789E-03,0.999958680247,0.));
#14777 = ADVANCED_FACE('',(#14778),#14794,.F.);
#14778 = FACE_BOUND('',#14779,.T.);
#14779 = EDGE_LOOP('',(#14780,#14781,#14787,#14788));
#14780 = ORIENTED_EDGE('',*,*,#14711,.T.);
#14781 = ORIENTED_EDGE('',*,*,#14782,.F.);
#14782 = EDGE_CURVE('',#14744,#14704,#14783,.T.);
#14783 = LINE('',#14784,#14785);
#14784 = CARTESIAN_POINT('',(6.95,4.4,3.6));
#14785 = VECTOR('',#14786,1.);
#14786 = DIRECTION('',(1.,0.,0.));
#14787 = ORIENTED_EDGE('',*,*,#14767,.T.);
#14788 = ORIENTED_EDGE('',*,*,#14789,.F.);
#14789 = EDGE_CURVE('',#14712,#14760,#14790,.T.);
#14790 = LINE('',#14791,#14792);
#14791 = CARTESIAN_POINT('',(-6.95,4.4,-3.6));
#14792 = VECTOR('',#14793,1.);
#14793 = DIRECTION('',(-1.,0.,-3.993608002249E-17));
#14794 = PLANE('',#14795);
#14795 = AXIS2_PLACEMENT_3D('',#14796,#14797,#14798);
#14796 = CARTESIAN_POINT('',(0.,4.4,1.722017616825E-17));
#14797 = DIRECTION('',(1.904346850821E-33,1.,1.100125820453E-31));
#14798 = DIRECTION('',(-2.095021141687E-64,-1.100125820453E-31,1.));
#14799 = ADVANCED_FACE('',(#14800),#14843,.F.);
#14800 = FACE_BOUND('',#14801,.T.);
#14801 = EDGE_LOOP('',(#14802,#14812,#14820,#14826,#14827,#14828,#14829,
    #14837));
#14802 = ORIENTED_EDGE('',*,*,#14803,.F.);
#14803 = EDGE_CURVE('',#14804,#14806,#14808,.T.);
#14804 = VERTEX_POINT('',#14805);
#14805 = CARTESIAN_POINT('',(-7.,-1.1,3.7));
#14806 = VERTEX_POINT('',#14807);
#14807 = CARTESIAN_POINT('',(7.,-1.1,3.7));
#14808 = LINE('',#14809,#14810);
#14809 = CARTESIAN_POINT('',(1.883414059632E-16,-1.1,3.7));
#14810 = VECTOR('',#14811,1.);
#14811 = DIRECTION('',(1.,0.,1.982541115402E-16));
#14812 = ORIENTED_EDGE('',*,*,#14813,.T.);
#14813 = EDGE_CURVE('',#14804,#14814,#14816,.T.);
#14814 = VERTEX_POINT('',#14815);
#14815 = CARTESIAN_POINT('',(-6.944545454545,5.,3.589090909091));
#14816 = LINE('',#14817,#14818);
#14817 = CARTESIAN_POINT('',(-7.,-1.1,3.7));
#14818 = VECTOR('',#14819,1.);
#14819 = DIRECTION('',(9.08903138582E-03,0.99979345244,
    -1.817806277164E-02));
#14820 = ORIENTED_EDGE('',*,*,#14821,.F.);
#14821 = EDGE_CURVE('',#14742,#14814,#14822,.T.);
#14822 = LINE('',#14823,#14824);
#14823 = CARTESIAN_POINT('',(0.55,5.,3.589090909091));
#14824 = VECTOR('',#14825,1.);
#14825 = DIRECTION('',(-1.,0.,-1.982541115402E-16));
#14826 = ORIENTED_EDGE('',*,*,#14741,.T.);
#14827 = ORIENTED_EDGE('',*,*,#14782,.T.);
#14828 = ORIENTED_EDGE('',*,*,#14701,.F.);
#14829 = ORIENTED_EDGE('',*,*,#14830,.F.);
#14830 = EDGE_CURVE('',#14831,#14702,#14833,.T.);
#14831 = VERTEX_POINT('',#14832);
#14832 = CARTESIAN_POINT('',(6.944545454545,5.,3.589090909091));
#14833 = LINE('',#14834,#14835);
#14834 = CARTESIAN_POINT('',(7.,5.,3.589090909091));
#14835 = VECTOR('',#14836,1.);
#14836 = DIRECTION('',(-1.,0.,1.982541115402E-16));
#14837 = ORIENTED_EDGE('',*,*,#14838,.F.);
#14838 = EDGE_CURVE('',#14806,#14831,#14839,.T.);
#14839 = LINE('',#14840,#14841);
#14840 = CARTESIAN_POINT('',(6.945592054373,4.884874019,3.591184108745)
  );
#14841 = VECTOR('',#14842,1.);
#14842 = DIRECTION('',(-9.089031385816E-03,0.99979345244,
    -1.817806277164E-02));
#14843 = PLANE('',#14844);
#14844 = AXIS2_PLACEMENT_3D('',#14845,#14846,#14847);
#14845 = CARTESIAN_POINT('',(-7.,-1.1,3.7));
#14846 = DIRECTION('',(-1.982213503879E-16,1.817881366751E-02,
    0.999834751713));
#14847 = DIRECTION('',(1.,3.747566153371E-19,1.982472977836E-16));
#14848 = ADVANCED_FACE('',(#14849),#14892,.F.);
#14849 = FACE_BOUND('',#14850,.T.);
#14850 = EDGE_LOOP('',(#14851,#14861,#14869,#14875,#14876,#14877,#14878,
    #14886));
#14851 = ORIENTED_EDGE('',*,*,#14852,.F.);
#14852 = EDGE_CURVE('',#14853,#14855,#14857,.T.);
#14853 = VERTEX_POINT('',#14854);
#14854 = CARTESIAN_POINT('',(7.,-1.1,-3.7));
#14855 = VERTEX_POINT('',#14856);
#14856 = CARTESIAN_POINT('',(-7.,-1.1,-3.7));
#14857 = LINE('',#14858,#14859);
#14858 = CARTESIAN_POINT('',(7.,-1.1,-3.7));
#14859 = VECTOR('',#14860,1.);
#14860 = DIRECTION('',(-1.,0.,1.586032892322E-16));
#14861 = ORIENTED_EDGE('',*,*,#14862,.F.);
#14862 = EDGE_CURVE('',#14863,#14853,#14865,.T.);
#14863 = VERTEX_POINT('',#14864);
#14864 = CARTESIAN_POINT('',(6.944545454545,5.,-3.589090909091));
#14865 = LINE('',#14866,#14867);
#14866 = CARTESIAN_POINT('',(6.945592054373,4.884874019,-3.591184108745)
  );
#14867 = VECTOR('',#14868,1.);
#14868 = DIRECTION('',(9.089031385816E-03,-0.99979345244,
    -1.817806277164E-02));
#14869 = ORIENTED_EDGE('',*,*,#14870,.F.);
#14870 = EDGE_CURVE('',#14720,#14863,#14871,.T.);
#14871 = LINE('',#14872,#14873);
#14872 = CARTESIAN_POINT('',(7.,5.,-3.589090909091));
#14873 = VECTOR('',#14874,1.);
#14874 = DIRECTION('',(1.,0.,1.586032892322E-16));
#14875 = ORIENTED_EDGE('',*,*,#14719,.F.);
#14876 = ORIENTED_EDGE('',*,*,#14789,.T.);
#14877 = ORIENTED_EDGE('',*,*,#14759,.T.);
#14878 = ORIENTED_EDGE('',*,*,#14879,.F.);
#14879 = EDGE_CURVE('',#14880,#14752,#14882,.T.);
#14880 = VERTEX_POINT('',#14881);
#14881 = CARTESIAN_POINT('',(-6.944545454545,5.,-3.589090909091));
#14882 = LINE('',#14883,#14884);
#14883 = CARTESIAN_POINT('',(0.55,5.,-3.589090909091));
#14884 = VECTOR('',#14885,1.);
#14885 = DIRECTION('',(1.,0.,-1.586032892322E-16));
#14886 = ORIENTED_EDGE('',*,*,#14887,.T.);
#14887 = EDGE_CURVE('',#14880,#14855,#14888,.T.);
#14888 = LINE('',#14889,#14890);
#14889 = CARTESIAN_POINT('',(-6.945592054373,4.884874019,-3.591184108745
    ));
#14890 = VECTOR('',#14891,1.);
#14891 = DIRECTION('',(-9.089031385816E-03,-0.99979345244,
    -1.817806277164E-02));
#14892 = PLANE('',#14893);
#14893 = AXIS2_PLACEMENT_3D('',#14894,#14895,#14896);
#14894 = CARTESIAN_POINT('',(7.,-1.1,-3.7));
#14895 = DIRECTION('',(-1.585770803104E-16,1.817881366751E-02,
    -0.999834751713));
#14896 = DIRECTION('',(-1.,3.459291833881E-19,1.586095788537E-16));
#14897 = ADVANCED_FACE('',(#14898,#14923,#14929,#14935,#14941,#14947),
  #14953,.F.);
#14898 = FACE_BOUND('',#14899,.T.);
#14899 = EDGE_LOOP('',(#14900,#14901,#14909,#14917));
#14900 = ORIENTED_EDGE('',*,*,#14852,.T.);
#14901 = ORIENTED_EDGE('',*,*,#14902,.T.);
#14902 = EDGE_CURVE('',#14855,#14903,#14905,.T.);
#14903 = VERTEX_POINT('',#14904);
#14904 = CARTESIAN_POINT('',(-7.,-1.1,-4.769318181818));
#14905 = LINE('',#14906,#14907);
#14906 = CARTESIAN_POINT('',(-7.,-1.1,0.));
#14907 = VECTOR('',#14908,1.);
#14908 = DIRECTION('',(0.,0.,-1.));
#14909 = ORIENTED_EDGE('',*,*,#14910,.F.);
#14910 = EDGE_CURVE('',#14911,#14903,#14913,.T.);
#14911 = VERTEX_POINT('',#14912);
#14912 = CARTESIAN_POINT('',(7.,-1.1,-4.769318181818));
#14913 = LINE('',#14914,#14915);
#14914 = CARTESIAN_POINT('',(3.5,-1.1,-4.769318181818));
#14915 = VECTOR('',#14916,1.);
#14916 = DIRECTION('',(-1.,0.,0.));
#14917 = ORIENTED_EDGE('',*,*,#14918,.F.);
#14918 = EDGE_CURVE('',#14853,#14911,#14919,.T.);
#14919 = LINE('',#14920,#14921);
#14920 = CARTESIAN_POINT('',(7.,-1.1,0.));
#14921 = VECTOR('',#14922,1.);
#14922 = DIRECTION('',(0.,0.,-1.));
#14923 = FACE_BOUND('',#14924,.T.);
#14924 = EDGE_LOOP('',(#14925,#14926,#14927,#14928));
#14925 = ORIENTED_EDGE('',*,*,#10950,.T.);
#14926 = ORIENTED_EDGE('',*,*,#10981,.T.);
#14927 = ORIENTED_EDGE('',*,*,#11068,.T.);
#14928 = ORIENTED_EDGE('',*,*,#11040,.T.);
#14929 = FACE_BOUND('',#14930,.T.);
#14930 = EDGE_LOOP('',(#14931,#14932,#14933,#14934));
#14931 = ORIENTED_EDGE('',*,*,#11854,.T.);
#14932 = ORIENTED_EDGE('',*,*,#11885,.T.);
#14933 = ORIENTED_EDGE('',*,*,#11972,.T.);
#14934 = ORIENTED_EDGE('',*,*,#11944,.T.);
#14935 = FACE_BOUND('',#14936,.T.);
#14936 = EDGE_LOOP('',(#14937,#14938,#14939,#14940));
#14937 = ORIENTED_EDGE('',*,*,#12758,.T.);
#14938 = ORIENTED_EDGE('',*,*,#12789,.T.);
#14939 = ORIENTED_EDGE('',*,*,#12876,.T.);
#14940 = ORIENTED_EDGE('',*,*,#12848,.T.);
#14941 = FACE_BOUND('',#14942,.T.);
#14942 = EDGE_LOOP('',(#14943,#14944,#14945,#14946));
#14943 = ORIENTED_EDGE('',*,*,#13662,.T.);
#14944 = ORIENTED_EDGE('',*,*,#13693,.T.);
#14945 = ORIENTED_EDGE('',*,*,#13780,.T.);
#14946 = ORIENTED_EDGE('',*,*,#13752,.T.);
#14947 = FACE_BOUND('',#14948,.T.);
#14948 = EDGE_LOOP('',(#14949,#14950,#14951,#14952));
#14949 = ORIENTED_EDGE('',*,*,#14026,.T.);
#14950 = ORIENTED_EDGE('',*,*,#14228,.T.);
#14951 = ORIENTED_EDGE('',*,*,#13797,.T.);
#14952 = ORIENTED_EDGE('',*,*,#13837,.T.);
#14953 = PLANE('',#14954);
#14954 = AXIS2_PLACEMENT_3D('',#14955,#14956,#14957);
#14955 = CARTESIAN_POINT('',(7.,-1.1,0.));
#14956 = DIRECTION('',(0.,1.,0.));
#14957 = DIRECTION('',(-1.,0.,0.));
#14958 = ADVANCED_FACE('',(#14959),#15000,.F.);
#14959 = FACE_BOUND('',#14960,.T.);
#14960 = EDGE_LOOP('',(#14961,#14971,#14977,#14978,#14984,#14985,#14986,
    #14994));
#14961 = ORIENTED_EDGE('',*,*,#14962,.F.);
#14962 = EDGE_CURVE('',#14963,#14965,#14967,.T.);
#14963 = VERTEX_POINT('',#14964);
#14964 = CARTESIAN_POINT('',(7.,-1.1,4.769318181818));
#14965 = VERTEX_POINT('',#14966);
#14966 = CARTESIAN_POINT('',(7.024545454545,-3.8,4.8));
#14967 = LINE('',#14968,#14969);
#14968 = CARTESIAN_POINT('',(7.024007364143,-3.740810055722,
    4.799327386997));
#14969 = VECTOR('',#14970,1.);
#14970 = DIRECTION('',(9.089946621689E-03,-0.999894128386,
    1.136243327711E-02));
#14971 = ORIENTED_EDGE('',*,*,#14972,.T.);
#14972 = EDGE_CURVE('',#14963,#14806,#14973,.T.);
#14973 = LINE('',#14974,#14975);
#14974 = CARTESIAN_POINT('',(7.,-1.1,0.));
#14975 = VECTOR('',#14976,1.);
#14976 = DIRECTION('',(0.,0.,-1.));
#14977 = ORIENTED_EDGE('',*,*,#14838,.T.);
#14978 = ORIENTED_EDGE('',*,*,#14979,.F.);
#14979 = EDGE_CURVE('',#14863,#14831,#14980,.T.);
#14980 = LINE('',#14981,#14982);
#14981 = CARTESIAN_POINT('',(6.944545454545,5.,0.));
#14982 = VECTOR('',#14983,1.);
#14983 = DIRECTION('',(0.,0.,1.));
#14984 = ORIENTED_EDGE('',*,*,#14862,.T.);
#14985 = ORIENTED_EDGE('',*,*,#14918,.T.);
#14986 = ORIENTED_EDGE('',*,*,#14987,.F.);
#14987 = EDGE_CURVE('',#14988,#14911,#14990,.T.);
#14988 = VERTEX_POINT('',#14989);
#14989 = CARTESIAN_POINT('',(7.024545454545,-3.8,-4.8));
#14990 = LINE('',#14991,#14992);
#14991 = CARTESIAN_POINT('',(6.984010669228,0.658826384908,
    -4.749331518353));
#14992 = VECTOR('',#14993,1.);
#14993 = DIRECTION('',(-9.089946621689E-03,0.999894128386,
    1.136243327711E-02));
#14994 = ORIENTED_EDGE('',*,*,#14995,.F.);
#14995 = EDGE_CURVE('',#14965,#14988,#14996,.T.);
#14996 = LINE('',#14997,#14998);
#14997 = CARTESIAN_POINT('',(7.024545454545,-3.8,0.));
#14998 = VECTOR('',#14999,1.);
#14999 = DIRECTION('',(0.,0.,-1.));
#15000 = PLANE('',#15001);
#15001 = AXIS2_PLACEMENT_3D('',#15002,#15003,#15004);
#15002 = CARTESIAN_POINT('',(7.024545454545,-3.8,0.));
#15003 = DIRECTION('',(0.999958680247,9.090533456791E-03,0.));
#15004 = DIRECTION('',(-9.090533456791E-03,0.999958680247,0.));
#15005 = ADVANCED_FACE('',(#15006,#15024,#15030,#15036,#15042,#15048),
  #15054,.F.);
#15006 = FACE_BOUND('',#15007,.T.);
#15007 = EDGE_LOOP('',(#15008,#15009,#15010,#15018));
#15008 = ORIENTED_EDGE('',*,*,#14803,.T.);
#15009 = ORIENTED_EDGE('',*,*,#14972,.F.);
#15010 = ORIENTED_EDGE('',*,*,#15011,.F.);
#15011 = EDGE_CURVE('',#15012,#14963,#15014,.T.);
#15012 = VERTEX_POINT('',#15013);
#15013 = CARTESIAN_POINT('',(-7.,-1.1,4.769318181818));
#15014 = LINE('',#15015,#15016);
#15015 = CARTESIAN_POINT('',(3.5,-1.1,4.769318181818));
#15016 = VECTOR('',#15017,1.);
#15017 = DIRECTION('',(1.,0.,0.));
#15018 = ORIENTED_EDGE('',*,*,#15019,.T.);
#15019 = EDGE_CURVE('',#15012,#14804,#15020,.T.);
#15020 = LINE('',#15021,#15022);
#15021 = CARTESIAN_POINT('',(-7.,-1.1,0.));
#15022 = VECTOR('',#15023,1.);
#15023 = DIRECTION('',(0.,0.,-1.));
#15024 = FACE_BOUND('',#15025,.T.);
#15025 = EDGE_LOOP('',(#15026,#15027,#15028,#15029));
#15026 = ORIENTED_EDGE('',*,*,#10498,.T.);
#15027 = ORIENTED_EDGE('',*,*,#10529,.T.);
#15028 = ORIENTED_EDGE('',*,*,#10616,.T.);
#15029 = ORIENTED_EDGE('',*,*,#10588,.T.);
#15030 = FACE_BOUND('',#15031,.T.);
#15031 = EDGE_LOOP('',(#15032,#15033,#15034,#15035));
#15032 = ORIENTED_EDGE('',*,*,#11402,.T.);
#15033 = ORIENTED_EDGE('',*,*,#11433,.T.);
#15034 = ORIENTED_EDGE('',*,*,#11520,.T.);
#15035 = ORIENTED_EDGE('',*,*,#11492,.T.);
#15036 = FACE_BOUND('',#15037,.T.);
#15037 = EDGE_LOOP('',(#15038,#15039,#15040,#15041));
#15038 = ORIENTED_EDGE('',*,*,#12306,.T.);
#15039 = ORIENTED_EDGE('',*,*,#12337,.T.);
#15040 = ORIENTED_EDGE('',*,*,#12424,.T.);
#15041 = ORIENTED_EDGE('',*,*,#12396,.T.);
#15042 = FACE_BOUND('',#15043,.T.);
#15043 = EDGE_LOOP('',(#15044,#15045,#15046,#15047));
#15044 = ORIENTED_EDGE('',*,*,#13210,.T.);
#15045 = ORIENTED_EDGE('',*,*,#13241,.T.);
#15046 = ORIENTED_EDGE('',*,*,#13328,.T.);
#15047 = ORIENTED_EDGE('',*,*,#13300,.T.);
#15048 = FACE_BOUND('',#15049,.T.);
#15049 = EDGE_LOOP('',(#15050,#15051,#15052,#15053));
#15050 = ORIENTED_EDGE('',*,*,#14478,.T.);
#15051 = ORIENTED_EDGE('',*,*,#14680,.T.);
#15052 = ORIENTED_EDGE('',*,*,#14249,.T.);
#15053 = ORIENTED_EDGE('',*,*,#14289,.T.);
#15054 = PLANE('',#15055);
#15055 = AXIS2_PLACEMENT_3D('',#15056,#15057,#15058);
#15056 = CARTESIAN_POINT('',(7.,-1.1,0.));
#15057 = DIRECTION('',(0.,1.,0.));
#15058 = DIRECTION('',(-1.,0.,0.));
#15059 = ADVANCED_FACE('',(#15060),#15094,.F.);
#15060 = FACE_BOUND('',#15061,.T.);
#15061 = EDGE_LOOP('',(#15062,#15070,#15078,#15084,#15085,#15086,#15092,
    #15093));
#15062 = ORIENTED_EDGE('',*,*,#15063,.F.);
#15063 = EDGE_CURVE('',#15064,#15012,#15066,.T.);
#15064 = VERTEX_POINT('',#15065);
#15065 = CARTESIAN_POINT('',(-7.024545454545,-3.8,4.8));
#15066 = LINE('',#15067,#15068);
#15067 = CARTESIAN_POINT('',(-7.011736221339,-2.390984347323,
    4.783988458492));
#15068 = VECTOR('',#15069,1.);
#15069 = DIRECTION('',(9.089946621689E-03,0.999894128386,
    -1.136243327711E-02));
#15070 = ORIENTED_EDGE('',*,*,#15071,.F.);
#15071 = EDGE_CURVE('',#15072,#15064,#15074,.T.);
#15072 = VERTEX_POINT('',#15073);
#15073 = CARTESIAN_POINT('',(-7.024545454545,-3.8,-4.8));
#15074 = LINE('',#15075,#15076);
#15075 = CARTESIAN_POINT('',(-7.024545454545,-3.8,0.));
#15076 = VECTOR('',#15077,1.);
#15077 = DIRECTION('',(0.,0.,1.));
#15078 = ORIENTED_EDGE('',*,*,#15079,.F.);
#15079 = EDGE_CURVE('',#14903,#15072,#15080,.T.);
#15080 = LINE('',#15081,#15082);
#15081 = CARTESIAN_POINT('',(-6.971739526424,2.008652093307,
    -4.733992589849));
#15082 = VECTOR('',#15083,1.);
#15083 = DIRECTION('',(-9.089946621689E-03,-0.999894128386,
    -1.136243327711E-02));
#15084 = ORIENTED_EDGE('',*,*,#14902,.F.);
#15085 = ORIENTED_EDGE('',*,*,#14887,.F.);
#15086 = ORIENTED_EDGE('',*,*,#15087,.F.);
#15087 = EDGE_CURVE('',#14814,#14880,#15088,.T.);
#15088 = LINE('',#15089,#15090);
#15089 = CARTESIAN_POINT('',(-6.944545454545,5.,0.));
#15090 = VECTOR('',#15091,1.);
#15091 = DIRECTION('',(0.,0.,-1.));
#15092 = ORIENTED_EDGE('',*,*,#14813,.F.);
#15093 = ORIENTED_EDGE('',*,*,#15019,.F.);
#15094 = PLANE('',#15095);
#15095 = AXIS2_PLACEMENT_3D('',#15096,#15097,#15098);
#15096 = CARTESIAN_POINT('',(-7.,-1.1,0.));
#15097 = DIRECTION('',(-0.999958680247,9.090533456791E-03,0.));
#15098 = DIRECTION('',(-9.090533456791E-03,-0.999958680247,0.));
#15099 = ADVANCED_FACE('',(#15100,#15143,#15149,#15155,#15161,#15167),
  #15173,.F.);
#15100 = FACE_BOUND('',#15101,.T.);
#15101 = EDGE_LOOP('',(#15102,#15103,#15104,#15105,#15113,#15121,#15129,
    #15137));
#15102 = ORIENTED_EDGE('',*,*,#15063,.T.);
#15103 = ORIENTED_EDGE('',*,*,#15011,.T.);
#15104 = ORIENTED_EDGE('',*,*,#14962,.T.);
#15105 = ORIENTED_EDGE('',*,*,#15106,.T.);
#15106 = EDGE_CURVE('',#14965,#15107,#15109,.T.);
#15107 = VERTEX_POINT('',#15108);
#15108 = CARTESIAN_POINT('',(7.65,-3.8,4.8));
#15109 = LINE('',#15110,#15111);
#15110 = CARTESIAN_POINT('',(-7.65,-3.8,4.8));
#15111 = VECTOR('',#15112,1.);
#15112 = DIRECTION('',(1.,0.,0.));
#15113 = ORIENTED_EDGE('',*,*,#15114,.F.);
#15114 = EDGE_CURVE('',#15115,#15107,#15117,.T.);
#15115 = VERTEX_POINT('',#15116);
#15116 = CARTESIAN_POINT('',(7.55,5.,4.7));
#15117 = LINE('',#15118,#15119);
#15118 = CARTESIAN_POINT('',(7.649196359411,-3.729279628195,
    4.799196359411));
#15119 = VECTOR('',#15120,1.);
#15120 = DIRECTION('',(1.136216923609E-02,-0.999870892776,
    1.136216923609E-02));
#15121 = ORIENTED_EDGE('',*,*,#15122,.F.);
#15122 = EDGE_CURVE('',#15123,#15115,#15125,.T.);
#15123 = VERTEX_POINT('',#15124);
#15124 = CARTESIAN_POINT('',(-7.55,5.,4.7));
#15125 = LINE('',#15126,#15127);
#15126 = CARTESIAN_POINT('',(3.775,5.,4.7));
#15127 = VECTOR('',#15128,1.);
#15128 = DIRECTION('',(1.,0.,0.));
#15129 = ORIENTED_EDGE('',*,*,#15130,.F.);
#15130 = EDGE_CURVE('',#15131,#15123,#15133,.T.);
#15131 = VERTEX_POINT('',#15132);
#15132 = CARTESIAN_POINT('',(-7.65,-3.8,4.8));
#15133 = LINE('',#15134,#15135);
#15134 = CARTESIAN_POINT('',(-7.599202814356,0.67015233669,
    4.749202814356));
#15135 = VECTOR('',#15136,1.);
#15136 = DIRECTION('',(1.136216923609E-02,0.999870892776,
    -1.136216923609E-02));
#15137 = ORIENTED_EDGE('',*,*,#15138,.T.);
#15138 = EDGE_CURVE('',#15131,#15064,#15139,.T.);
#15139 = LINE('',#15140,#15141);
#15140 = CARTESIAN_POINT('',(-7.65,-3.8,4.8));
#15141 = VECTOR('',#15142,1.);
#15142 = DIRECTION('',(1.,0.,0.));
#15143 = FACE_BOUND('',#15144,.T.);
#15144 = EDGE_LOOP('',(#15145,#15146,#15147,#15148));
#15145 = ORIENTED_EDGE('',*,*,#10221,.T.);
#15146 = ORIENTED_EDGE('',*,*,#10283,.T.);
#15147 = ORIENTED_EDGE('',*,*,#10181,.T.);
#15148 = ORIENTED_EDGE('',*,*,#10261,.T.);
#15149 = FACE_BOUND('',#15150,.T.);
#15150 = EDGE_LOOP('',(#15151,#15152,#15153,#15154));
#15151 = ORIENTED_EDGE('',*,*,#11125,.T.);
#15152 = ORIENTED_EDGE('',*,*,#11187,.T.);
#15153 = ORIENTED_EDGE('',*,*,#11085,.T.);
#15154 = ORIENTED_EDGE('',*,*,#11165,.T.);
#15155 = FACE_BOUND('',#15156,.T.);
#15156 = EDGE_LOOP('',(#15157,#15158,#15159,#15160));
#15157 = ORIENTED_EDGE('',*,*,#12029,.T.);
#15158 = ORIENTED_EDGE('',*,*,#12091,.T.);
#15159 = ORIENTED_EDGE('',*,*,#11989,.T.);
#15160 = ORIENTED_EDGE('',*,*,#12069,.T.);
#15161 = FACE_BOUND('',#15162,.T.);
#15162 = EDGE_LOOP('',(#15163,#15164,#15165,#15166));
#15163 = ORIENTED_EDGE('',*,*,#12933,.T.);
#15164 = ORIENTED_EDGE('',*,*,#12995,.T.);
#15165 = ORIENTED_EDGE('',*,*,#12893,.T.);
#15166 = ORIENTED_EDGE('',*,*,#12973,.T.);
#15167 = FACE_BOUND('',#15168,.T.);
#15168 = EDGE_LOOP('',(#15169,#15170,#15171,#15172));
#15169 = ORIENTED_EDGE('',*,*,#14526,.T.);
#15170 = ORIENTED_EDGE('',*,*,#14557,.T.);
#15171 = ORIENTED_EDGE('',*,*,#14352,.T.);
#15172 = ORIENTED_EDGE('',*,*,#14392,.T.);
#15173 = PLANE('',#15174);
#15174 = AXIS2_PLACEMENT_3D('',#15175,#15176,#15177);
#15175 = CARTESIAN_POINT('',(0.,-3.8,4.8));
#15176 = DIRECTION('',(0.,-1.136290272883E-02,-0.999935440137));
#15177 = DIRECTION('',(0.,0.999935440137,-1.136290272883E-02));
#15178 = ADVANCED_FACE('',(#15179),#15197,.T.);
#15179 = FACE_BOUND('',#15180,.T.);
#15180 = EDGE_LOOP('',(#15181,#15182,#15190,#15196));
#15181 = ORIENTED_EDGE('',*,*,#14995,.T.);
#15182 = ORIENTED_EDGE('',*,*,#15183,.F.);
#15183 = EDGE_CURVE('',#15184,#14988,#15186,.T.);
#15184 = VERTEX_POINT('',#15185);
#15185 = CARTESIAN_POINT('',(7.65,-3.8,-4.8));
#15186 = LINE('',#15187,#15188);
#15187 = CARTESIAN_POINT('',(0.,-3.8,-4.8));
#15188 = VECTOR('',#15189,1.);
#15189 = DIRECTION('',(-1.,0.,0.));
#15190 = ORIENTED_EDGE('',*,*,#15191,.T.);
#15191 = EDGE_CURVE('',#15184,#15107,#15192,.T.);
#15192 = LINE('',#15193,#15194);
#15193 = CARTESIAN_POINT('',(7.65,-3.8,0.));
#15194 = VECTOR('',#15195,1.);
#15195 = DIRECTION('',(0.,0.,1.));
#15196 = ORIENTED_EDGE('',*,*,#15106,.F.);
#15197 = PLANE('',#15198);
#15198 = AXIS2_PLACEMENT_3D('',#15199,#15200,#15201);
#15199 = CARTESIAN_POINT('',(0.,-3.8,0.));
#15200 = DIRECTION('',(0.,-1.,0.));
#15201 = DIRECTION('',(1.,0.,0.));
#15202 = ADVANCED_FACE('',(#15203,#15239,#15245,#15251,#15257,#15263),
  #15269,.F.);
#15203 = FACE_BOUND('',#15204,.T.);
#15204 = EDGE_LOOP('',(#15205,#15206,#15214,#15222,#15230,#15236,#15237,
    #15238));
#15205 = ORIENTED_EDGE('',*,*,#15079,.T.);
#15206 = ORIENTED_EDGE('',*,*,#15207,.T.);
#15207 = EDGE_CURVE('',#15072,#15208,#15210,.T.);
#15208 = VERTEX_POINT('',#15209);
#15209 = CARTESIAN_POINT('',(-7.65,-3.8,-4.8));
#15210 = LINE('',#15211,#15212);
#15211 = CARTESIAN_POINT('',(0.,-3.8,-4.8));
#15212 = VECTOR('',#15213,1.);
#15213 = DIRECTION('',(-1.,0.,0.));
#15214 = ORIENTED_EDGE('',*,*,#15215,.F.);
#15215 = EDGE_CURVE('',#15216,#15208,#15218,.T.);
#15216 = VERTEX_POINT('',#15217);
#15217 = CARTESIAN_POINT('',(-7.55,5.,-4.7));
#15218 = LINE('',#15219,#15220);
#15219 = CARTESIAN_POINT('',(-7.5492092693,5.069584301575,-4.6992092693)
  );
#15220 = VECTOR('',#15221,1.);
#15221 = DIRECTION('',(-1.136216923609E-02,-0.999870892776,
    -1.136216923609E-02));
#15222 = ORIENTED_EDGE('',*,*,#15223,.F.);
#15223 = EDGE_CURVE('',#15224,#15216,#15226,.T.);
#15224 = VERTEX_POINT('',#15225);
#15225 = CARTESIAN_POINT('',(7.55,5.,-4.7));
#15226 = LINE('',#15227,#15228);
#15227 = CARTESIAN_POINT('',(3.775,5.,-4.7));
#15228 = VECTOR('',#15229,1.);
#15229 = DIRECTION('',(-1.,0.,0.));
#15230 = ORIENTED_EDGE('',*,*,#15231,.F.);
#15231 = EDGE_CURVE('',#15184,#15224,#15232,.T.);
#15232 = LINE('',#15233,#15234);
#15233 = CARTESIAN_POINT('',(7.599202814356,0.67015233669,
    -4.749202814356));
#15234 = VECTOR('',#15235,1.);
#15235 = DIRECTION('',(-1.136216923609E-02,0.999870892776,
    1.136216923609E-02));
#15236 = ORIENTED_EDGE('',*,*,#15183,.T.);
#15237 = ORIENTED_EDGE('',*,*,#14987,.T.);
#15238 = ORIENTED_EDGE('',*,*,#14910,.T.);
#15239 = FACE_BOUND('',#15240,.T.);
#15240 = EDGE_LOOP('',(#15241,#15242,#15243,#15244));
#15241 = ORIENTED_EDGE('',*,*,#10673,.T.);
#15242 = ORIENTED_EDGE('',*,*,#10735,.T.);
#15243 = ORIENTED_EDGE('',*,*,#10633,.T.);
#15244 = ORIENTED_EDGE('',*,*,#10713,.T.);
#15245 = FACE_BOUND('',#15246,.T.);
#15246 = EDGE_LOOP('',(#15247,#15248,#15249,#15250));
#15247 = ORIENTED_EDGE('',*,*,#11577,.T.);
#15248 = ORIENTED_EDGE('',*,*,#11639,.T.);
#15249 = ORIENTED_EDGE('',*,*,#11537,.T.);
#15250 = ORIENTED_EDGE('',*,*,#11617,.T.);
#15251 = FACE_BOUND('',#15252,.T.);
#15252 = EDGE_LOOP('',(#15253,#15254,#15255,#15256));
#15253 = ORIENTED_EDGE('',*,*,#12481,.T.);
#15254 = ORIENTED_EDGE('',*,*,#12543,.T.);
#15255 = ORIENTED_EDGE('',*,*,#12441,.T.);
#15256 = ORIENTED_EDGE('',*,*,#12521,.T.);
#15257 = FACE_BOUND('',#15258,.T.);
#15258 = EDGE_LOOP('',(#15259,#15260,#15261,#15262));
#15259 = ORIENTED_EDGE('',*,*,#13385,.T.);
#15260 = ORIENTED_EDGE('',*,*,#13447,.T.);
#15261 = ORIENTED_EDGE('',*,*,#13345,.T.);
#15262 = ORIENTED_EDGE('',*,*,#13425,.T.);
#15263 = FACE_BOUND('',#15264,.T.);
#15264 = EDGE_LOOP('',(#15265,#15266,#15267,#15268));
#15265 = ORIENTED_EDGE('',*,*,#14074,.T.);
#15266 = ORIENTED_EDGE('',*,*,#14105,.T.);
#15267 = ORIENTED_EDGE('',*,*,#13900,.T.);
#15268 = ORIENTED_EDGE('',*,*,#13940,.T.);
#15269 = PLANE('',#15270);
#15270 = AXIS2_PLACEMENT_3D('',#15271,#15272,#15273);
#15271 = CARTESIAN_POINT('',(0.,5.,-4.7));
#15272 = DIRECTION('',(0.,-1.136290272883E-02,0.999935440137));
#15273 = DIRECTION('',(0.,-0.999935440137,-1.136290272883E-02));
#15274 = ADVANCED_FACE('',(#15275),#15286,.T.);
#15275 = FACE_BOUND('',#15276,.T.);
#15276 = EDGE_LOOP('',(#15277,#15278,#15279,#15280));
#15277 = ORIENTED_EDGE('',*,*,#15114,.T.);
#15278 = ORIENTED_EDGE('',*,*,#15191,.F.);
#15279 = ORIENTED_EDGE('',*,*,#15231,.T.);
#15280 = ORIENTED_EDGE('',*,*,#15281,.T.);
#15281 = EDGE_CURVE('',#15224,#15115,#15282,.T.);
#15282 = LINE('',#15283,#15284);
#15283 = CARTESIAN_POINT('',(7.55,5.,0.));
#15284 = VECTOR('',#15285,1.);
#15285 = DIRECTION('',(0.,0.,1.));
#15286 = PLANE('',#15287);
#15287 = AXIS2_PLACEMENT_3D('',#15288,#15289,#15290);
#15288 = CARTESIAN_POINT('',(7.65,-3.8,0.));
#15289 = DIRECTION('',(0.999935440137,1.136290272883E-02,0.));
#15290 = DIRECTION('',(-1.136290272883E-02,0.999935440137,0.));
#15291 = ADVANCED_FACE('',(#15292),#15308,.T.);
#15292 = FACE_BOUND('',#15293,.T.);
#15293 = EDGE_LOOP('',(#15294,#15295,#15301,#15302));
#15294 = ORIENTED_EDGE('',*,*,#15130,.T.);
#15295 = ORIENTED_EDGE('',*,*,#15296,.F.);
#15296 = EDGE_CURVE('',#15216,#15123,#15297,.T.);
#15297 = LINE('',#15298,#15299);
#15298 = CARTESIAN_POINT('',(-7.55,5.,0.));
#15299 = VECTOR('',#15300,1.);
#15300 = DIRECTION('',(0.,0.,1.));
#15301 = ORIENTED_EDGE('',*,*,#15215,.T.);
#15302 = ORIENTED_EDGE('',*,*,#15303,.F.);
#15303 = EDGE_CURVE('',#15131,#15208,#15304,.T.);
#15304 = LINE('',#15305,#15306);
#15305 = CARTESIAN_POINT('',(-7.65,-3.8,0.));
#15306 = VECTOR('',#15307,1.);
#15307 = DIRECTION('',(0.,0.,-1.));
#15308 = PLANE('',#15309);
#15309 = AXIS2_PLACEMENT_3D('',#15310,#15311,#15312);
#15310 = CARTESIAN_POINT('',(-7.55,5.,0.));
#15311 = DIRECTION('',(-0.999935440137,1.136290272883E-02,0.));
#15312 = DIRECTION('',(-1.136290272883E-02,-0.999935440137,0.));
#15313 = ADVANCED_FACE('',(#15314,#15320,#15326),#15332,.T.);
#15314 = FACE_BOUND('',#15315,.T.);
#15315 = EDGE_LOOP('',(#15316,#15317,#15318,#15319));
#15316 = ORIENTED_EDGE('',*,*,#15122,.T.);
#15317 = ORIENTED_EDGE('',*,*,#15281,.F.);
#15318 = ORIENTED_EDGE('',*,*,#15223,.T.);
#15319 = ORIENTED_EDGE('',*,*,#15296,.T.);
#15320 = FACE_BOUND('',#15321,.T.);
#15321 = EDGE_LOOP('',(#15322,#15323,#15324,#15325));
#15322 = ORIENTED_EDGE('',*,*,#14727,.T.);
#15323 = ORIENTED_EDGE('',*,*,#14870,.T.);
#15324 = ORIENTED_EDGE('',*,*,#14979,.T.);
#15325 = ORIENTED_EDGE('',*,*,#14830,.T.);
#15326 = FACE_BOUND('',#15327,.T.);
#15327 = EDGE_LOOP('',(#15328,#15329,#15330,#15331));
#15328 = ORIENTED_EDGE('',*,*,#14751,.T.);
#15329 = ORIENTED_EDGE('',*,*,#14821,.T.);
#15330 = ORIENTED_EDGE('',*,*,#15087,.T.);
#15331 = ORIENTED_EDGE('',*,*,#14879,.T.);
#15332 = PLANE('',#15333);
#15333 = AXIS2_PLACEMENT_3D('',#15334,#15335,#15336);
#15334 = CARTESIAN_POINT('',(7.55,5.,0.));
#15335 = DIRECTION('',(0.,1.,0.));
#15336 = DIRECTION('',(-1.,0.,0.));
#15337 = ADVANCED_FACE('',(#15338),#15344,.T.);
#15338 = FACE_BOUND('',#15339,.T.);
#15339 = EDGE_LOOP('',(#15340,#15341,#15342,#15343));
#15340 = ORIENTED_EDGE('',*,*,#15071,.T.);
#15341 = ORIENTED_EDGE('',*,*,#15138,.F.);
#15342 = ORIENTED_EDGE('',*,*,#15303,.T.);
#15343 = ORIENTED_EDGE('',*,*,#15207,.F.);
#15344 = PLANE('',#15345);
#15345 = AXIS2_PLACEMENT_3D('',#15346,#15347,#15348);
#15346 = CARTESIAN_POINT('',(0.,-3.8,0.));
#15347 = DIRECTION('',(0.,-1.,0.));
#15348 = DIRECTION('',(1.,0.,0.));
#15349 = ( GEOMETRIC_REPRESENTATION_CONTEXT(3) 
GLOBAL_UNCERTAINTY_ASSIGNED_CONTEXT((#15353)) 
GLOBAL_UNIT_ASSIGNED_CONTEXT((#15350,#15351,#15352)) 
REPRESENTATION_CONTEXT('Context #1',
  '3D Context with UNIT and UNCERTAINTY') );
#15350 = ( LENGTH_UNIT() NAMED_UNIT(*) SI_UNIT(.MILLI.,.METRE.) );
#15351 = ( NAMED_UNIT(*) PLANE_ANGLE_UNIT() SI_UNIT($,.RADIAN.) );
#15352 = ( NAMED_UNIT(*) SI_UNIT($,.STERADIAN.) SOLID_ANGLE_UNIT() );
#15353 = UNCERTAINTY_MEASURE_WITH_UNIT(LENGTH_MEASURE(1.E-07),#15350,
  'distance_accuracy_value','confusion accuracy');
#15354 = PRODUCT_RELATED_PRODUCT_CATEGORY('part',$,(#10171));
#15355 = MECHANICAL_DESIGN_GEOMETRIC_PRESENTATION_REPRESENTATION('',(
    #15356),#4065);
#15356 = STYLED_ITEM('color',(#15357),#3063);
#15357 = PRESENTATION_STYLE_ASSIGNMENT((#15358,#15364));
#15358 = SURFACE_STYLE_USAGE(.BOTH.,#15359);
#15359 = SURFACE_SIDE_STYLE('',(#15360));
#15360 = SURFACE_STYLE_FILL_AREA(#15361);
#15361 = FILL_AREA_STYLE('',(#15362));
#15362 = FILL_AREA_STYLE_COLOUR('',#15363);
#15363 = COLOUR_RGB('',0.749019622803,0.749019622803,0.749019622803);
#15364 = CURVE_STYLE('',#15365,POSITIVE_LENGTH_MEASURE(0.1),#15363);
#15365 = DRAUGHTING_PRE_DEFINED_CURVE_FONT('continuous');
#15366 = MECHANICAL_DESIGN_GEOMETRIC_PRESENTATION_REPRESENTATION('',(
    #15367),#1017);
#15367 = STYLED_ITEM('color',(#15368),#15);
#15368 = PRESENTATION_STYLE_ASSIGNMENT((#15369,#15374));
#15369 = SURFACE_STYLE_USAGE(.BOTH.,#15370);
#15370 = SURFACE_SIDE_STYLE('',(#15371));
#15371 = SURFACE_STYLE_FILL_AREA(#15372);
#15372 = FILL_AREA_STYLE('',(#15373));
#15373 = FILL_AREA_STYLE_COLOUR('',#15363);
#15374 = CURVE_STYLE('',#15375,POSITIVE_LENGTH_MEASURE(0.1),#15363);
#15375 = DRAUGHTING_PRE_DEFINED_CURVE_FONT('continuous');
#15376 = MECHANICAL_DESIGN_GEOMETRIC_PRESENTATION_REPRESENTATION('',(
    #15377),#10161);
#15377 = STYLED_ITEM('color',(#15378),#9159);
#15378 = PRESENTATION_STYLE_ASSIGNMENT((#15379,#15384));
#15379 = SURFACE_STYLE_USAGE(.BOTH.,#15380);
#15380 = SURFACE_SIDE_STYLE('',(#15381));
#15381 = SURFACE_STYLE_FILL_AREA(#15382);
#15382 = FILL_AREA_STYLE('',(#15383));
#15383 = FILL_AREA_STYLE_COLOUR('',#15363);
#15384 = CURVE_STYLE('',#15385,POSITIVE_LENGTH_MEASURE(0.1),#15363);
#15385 = DRAUGHTING_PRE_DEFINED_CURVE_FONT('continuous');
#15386 = MECHANICAL_DESIGN_GEOMETRIC_PRESENTATION_REPRESENTATION('',(
    #15387),#2033);
#15387 = STYLED_ITEM('color',(#15388),#1031);
#15388 = PRESENTATION_STYLE_ASSIGNMENT((#15389,#15394));
#15389 = SURFACE_STYLE_USAGE(.BOTH.,#15390);
#15390 = SURFACE_SIDE_STYLE('',(#15391));
#15391 = SURFACE_STYLE_FILL_AREA(#15392);
#15392 = FILL_AREA_STYLE('',(#15393));
#15393 = FILL_AREA_STYLE_COLOUR('',#15363);
#15394 = CURVE_STYLE('',#15395,POSITIVE_LENGTH_MEASURE(0.1),#15363);
#15395 = DRAUGHTING_PRE_DEFINED_CURVE_FONT('continuous');
#15396 = MECHANICAL_DESIGN_GEOMETRIC_PRESENTATION_REPRESENTATION('',(
    #15397),#15349);
#15397 = STYLED_ITEM('color',(#15398),#10175);
#15398 = PRESENTATION_STYLE_ASSIGNMENT((#15399,#15404));
#15399 = SURFACE_STYLE_USAGE(.BOTH.,#15400);
#15400 = SURFACE_SIDE_STYLE('',(#15401));
#15401 = SURFACE_STYLE_FILL_AREA(#15402);
#15402 = FILL_AREA_STYLE('',(#15403));
#15403 = FILL_AREA_STYLE_COLOUR('',#15363);
#15404 = CURVE_STYLE('',#15405,POSITIVE_LENGTH_MEASURE(0.1),#15363);
#15405 = DRAUGHTING_PRE_DEFINED_CURVE_FONT('continuous');
#15406 = MECHANICAL_DESIGN_GEOMETRIC_PRESENTATION_REPRESENTATION('',(
    #15407),#3049);
#15407 = STYLED_ITEM('color',(#15408),#2047);
#15408 = PRESENTATION_STYLE_ASSIGNMENT((#15409,#15414));
#15409 = SURFACE_STYLE_USAGE(.BOTH.,#15410);
#15410 = SURFACE_SIDE_STYLE('',(#15411));
#15411 = SURFACE_STYLE_FILL_AREA(#15412);
#15412 = FILL_AREA_STYLE('',(#15413));
#15413 = FILL_AREA_STYLE_COLOUR('',#15363);
#15414 = CURVE_STYLE('',#15415,POSITIVE_LENGTH_MEASURE(0.1),#15363);
#15415 = DRAUGHTING_PRE_DEFINED_CURVE_FONT('continuous');
#15416 = MECHANICAL_DESIGN_GEOMETRIC_PRESENTATION_REPRESENTATION('',(
    #15417),#7113);
#15417 = STYLED_ITEM('color',(#15418),#6111);
#15418 = PRESENTATION_STYLE_ASSIGNMENT((#15419,#15424));
#15419 = SURFACE_STYLE_USAGE(.BOTH.,#15420);
#15420 = SURFACE_SIDE_STYLE('',(#15421));
#15421 = SURFACE_STYLE_FILL_AREA(#15422);
#15422 = FILL_AREA_STYLE('',(#15423));
#15423 = FILL_AREA_STYLE_COLOUR('',#15363);
#15424 = CURVE_STYLE('',#15425,POSITIVE_LENGTH_MEASURE(0.1),#15363);
#15425 = DRAUGHTING_PRE_DEFINED_CURVE_FONT('continuous');
#15426 = MECHANICAL_DESIGN_GEOMETRIC_PRESENTATION_REPRESENTATION('',(
    #15427),#6097);
#15427 = STYLED_ITEM('color',(#15428),#5095);
#15428 = PRESENTATION_STYLE_ASSIGNMENT((#15429,#15434));
#15429 = SURFACE_STYLE_USAGE(.BOTH.,#15430);
#15430 = SURFACE_SIDE_STYLE('',(#15431));
#15431 = SURFACE_STYLE_FILL_AREA(#15432);
#15432 = FILL_AREA_STYLE('',(#15433));
#15433 = FILL_AREA_STYLE_COLOUR('',#15363);
#15434 = CURVE_STYLE('',#15435,POSITIVE_LENGTH_MEASURE(0.1),#15363);
#15435 = DRAUGHTING_PRE_DEFINED_CURVE_FONT('continuous');
#15436 = MECHANICAL_DESIGN_GEOMETRIC_PRESENTATION_REPRESENTATION('',(
    #15437),#9145);
#15437 = STYLED_ITEM('color',(#15438),#8143);
#15438 = PRESENTATION_STYLE_ASSIGNMENT((#15439,#15444));
#15439 = SURFACE_STYLE_USAGE(.BOTH.,#15440);
#15440 = SURFACE_SIDE_STYLE('',(#15441));
#15441 = SURFACE_STYLE_FILL_AREA(#15442);
#15442 = FILL_AREA_STYLE('',(#15443));
#15443 = FILL_AREA_STYLE_COLOUR('',#15363);
#15444 = CURVE_STYLE('',#15445,POSITIVE_LENGTH_MEASURE(0.1),#15363);
#15445 = DRAUGHTING_PRE_DEFINED_CURVE_FONT('continuous');
#15446 = MECHANICAL_DESIGN_GEOMETRIC_PRESENTATION_REPRESENTATION('',(
    #15447),#5081);
#15447 = STYLED_ITEM('color',(#15448),#4079);
#15448 = PRESENTATION_STYLE_ASSIGNMENT((#15449,#15454));
#15449 = SURFACE_STYLE_USAGE(.BOTH.,#15450);
#15450 = SURFACE_SIDE_STYLE('',(#15451));
#15451 = SURFACE_STYLE_FILL_AREA(#15452);
#15452 = FILL_AREA_STYLE('',(#15453));
#15453 = FILL_AREA_STYLE_COLOUR('',#15363);
#15454 = CURVE_STYLE('',#15455,POSITIVE_LENGTH_MEASURE(0.1),#15363);
#15455 = DRAUGHTING_PRE_DEFINED_CURVE_FONT('continuous');
#15456 = MECHANICAL_DESIGN_GEOMETRIC_PRESENTATION_REPRESENTATION('',(
    #15457),#8129);
#15457 = STYLED_ITEM('color',(#15458),#7127);
#15458 = PRESENTATION_STYLE_ASSIGNMENT((#15459,#15464));
#15459 = SURFACE_STYLE_USAGE(.BOTH.,#15460);
#15460 = SURFACE_SIDE_STYLE('',(#15461));
#15461 = SURFACE_STYLE_FILL_AREA(#15462);
#15462 = FILL_AREA_STYLE('',(#15463));
#15463 = FILL_AREA_STYLE_COLOUR('',#15363);
#15464 = CURVE_STYLE('',#15465,POSITIVE_LENGTH_MEASURE(0.1),#15363);
#15465 = DRAUGHTING_PRE_DEFINED_CURVE_FONT('continuous');
ENDSEC;
END-ISO-10303-21;
