ISO-10303-21;
HEADER;
FILE_DESCRIPTION (( 'STEP AP214' ),
    '1' );
FILE_NAME ('MCP6001T-I_LT.STEP',
    '2024-01-16T18:01:57',
    ( 'LENOVO' ),
    ( '' ),
    'SwSTEP 2.0',
    'SolidWorks 2021',
    '' );
FILE_SCHEMA (( 'AUTOMOTIVE_DESIGN' ));
ENDSEC;

DATA;
#1 = DIRECTION ( 'NONE',  ( -0.000000000000000000, -0.000000000000000000, -1.000000000000000000 ) ) ;
#2 = ORIENTED_EDGE ( 'NONE', *, *, #1190, .T. ) ;
#3 = FILL_AREA_STYLE_COLOUR ( '', #123 ) ;
#4 = DIRECTION ( 'NONE',  ( 1.000000000000000000, 0.000000000000000000, 0.000000000000000000 ) ) ;
#5 = CYLINDRICAL_SURFACE ( 'NONE', #339, 0.2345830398698979802 ) ;
#6 = FILL_AREA_STYLE ('',( #119 ) ) ;
#7 = LINE ( 'NONE', #2038, #1640 ) ;
#8 = VERTEX_POINT ( 'NONE', #1322 ) ;
#9 = PRESENTATION_LAYER_ASSIGNMENT (  '', '', ( #1529 ) ) ;
#10 = LINE ( 'NONE', #516, #815 ) ;
#11 = VECTOR ( 'NONE', #1428, 1000.000000000000227 ) ;
#12 = FACE_BOUND ( 'NONE', #1241, .T. ) ;
#13 = ORIENTED_EDGE ( 'NONE', *, *, #170, .T. ) ;
#14 = CIRCLE ( 'NONE', #1925, 0.1000000000000000472 ) ;
#15 = DIRECTION ( 'NONE',  ( -0.000000000000000000, 1.000000000000000000, -0.000000000000000000 ) ) ;
#16 = VECTOR ( 'NONE', #539, 1000.000000000000000 ) ;
#17 = AXIS2_PLACEMENT_3D ( 'NONE', #546, #1761, #2041 ) ;
#18 =( NAMED_UNIT ( * ) SI_UNIT ( $, .STERADIAN. ) SOLID_ANGLE_UNIT ( ) );
#19 = LINE ( 'NONE', #2310, #896 ) ;
#20 = ORIENTED_EDGE ( 'NONE', *, *, #1960, .T. ) ;
#21 = CYLINDRICAL_SURFACE ( 'NONE', #318, 0.2345830398698979802 ) ;
#22 = FACE_OUTER_BOUND ( 'NONE', #2321, .T. ) ;
#23 = CIRCLE ( 'NONE', #1852, 0.2345830398698980357 ) ;
#24 = STYLED_ITEM ( 'NONE', ( #2081 ), #789 ) ;
#25 = CARTESIAN_POINT ( 'NONE',  ( 0.6249999999999987788, 0.5149999999999993472, 1.000000000000000888 ) ) ;
#26 = ORIENTED_EDGE ( 'NONE', *, *, #966, .F. ) ;
#27 = CARTESIAN_POINT ( 'NONE',  ( -0.6250000000000005551, 0.6849999999999993872, 1.000000000000000888 ) ) ;
#28 = DIRECTION ( 'NONE',  ( -0.000000000000000000, 0.000000000000000000, -1.000000000000000000 ) ) ;
#29 = VECTOR ( 'NONE', #344, 1000.000000000000000 ) ;
#30 = LINE ( 'NONE', #1862, #11 ) ;
#31 = LINE ( 'NONE', #175, #72 ) ;
#32 = VERTEX_POINT ( 'NONE', #363 ) ;
#33 = EDGE_CURVE ( 'NONE', #2242, #1716, #1540, .T. ) ;
#34 = MANIFOLD_SOLID_BREP ( 'Boss-Extrude7', #2174 ) ;
#35 = DIRECTION ( 'NONE',  ( 0.000000000000000000, -1.000000000000000000, 0.000000000000000000 ) ) ;
#36 = FILL_AREA_STYLE_COLOUR ( '', #646 ) ;
#37 = VECTOR ( 'NONE', #2045, 1000.000000000000000 ) ;
#38 = VECTOR ( 'NONE', #1273, 1000.000000000000000 ) ;
#39 = VERTEX_POINT ( 'NONE', #102 ) ;
#40 = FACE_OUTER_BOUND ( 'NONE', #1675, .T. ) ;
#41 = SURFACE_SIDE_STYLE ('',( #1723 ) ) ;
#42 = LINE ( 'NONE', #893, #862 ) ;
#43 = LINE ( 'NONE', #829, #863 ) ;
#44 = SURFACE_SIDE_STYLE ('',( #804 ) ) ;
#45 = EDGE_CURVE ( 'NONE', #551, #433, #2409, .T. ) ;
#46 = EDGE_LOOP ( 'NONE', ( #449, #357, #2336, #486 ) ) ;
#47 = CARTESIAN_POINT ( 'NONE',  ( -0.5666755535985080749, 0.1000000000000003109, 1.000000000000000888 ) ) ;
#48 = CYLINDRICAL_SURFACE ( 'NONE', #224, 0.1000000000000000472 ) ;
#49 = LINE ( 'NONE', #559, #1740 ) ;
#50 = DIRECTION ( 'NONE',  ( 0.000000000000000000, -0.000000000000000000, -1.000000000000000000 ) ) ;
#51 = VERTEX_POINT ( 'NONE', #2036 ) ;
#52 = CIRCLE ( 'NONE', #1100, 0.2345830398698980357 ) ;
#53 = DIRECTION ( 'NONE',  ( -1.000000000000000000, 0.000000000000000000, 0.000000000000000000 ) ) ;
#54 = CARTESIAN_POINT ( 'NONE',  ( 0.8560191963890481093, 0.4911518775150781613, 0.7874999999999999778 ) ) ;
#55 = DIRECTION ( 'NONE',  ( 0.1391731009600657432, -0.9902680687415703620, 0.000000000000000000 ) ) ;
#56 = LINE ( 'NONE', #1931, #1701 ) ;
#57 = FACE_OUTER_BOUND ( 'NONE', #597, .T. ) ;
#58 = ADVANCED_FACE ( 'NONE', ( #1555 ), #575, .F. ) ;
#59 = ORIENTED_EDGE ( 'NONE', *, *, #786, .T. ) ;
#60 = CARTESIAN_POINT ( 'NONE',  ( 0.9294289299236822011, 0.1899999999999998912, 0.5124999999999999556 ) ) ;
#61 = LINE ( 'NONE', #1564, #840 ) ;
#62 = LINE ( 'NONE', #329, #830 ) ;
#63 = VERTEX_POINT ( 'NONE', #1897 ) ;
#64 = ADVANCED_FACE ( 'NONE', ( #2327 ), #1521, .T. ) ;
#65 = VECTOR ( 'NONE', #1651, 1000.000000000000000 ) ;
#66 = FACE_OUTER_BOUND ( 'NONE', #1130, .T. ) ;
#67 = DIRECTION ( 'NONE',  ( 0.000000000000000000, -1.000000000000000000, -0.000000000000000000 ) ) ;
#68 = ORIENTED_EDGE ( 'NONE', *, *, #1107, .F. ) ;
#69 = CARTESIAN_POINT ( 'NONE',  ( 0.9294289299236822011, -1.084202172485504434E-16, -0.7874999999999999778 ) ) ;
#70 = EDGE_CURVE ( 'NONE', #1323, #322, #708, .T. ) ;
#71 = VECTOR ( 'NONE', #941, 1000.000000000000000 ) ;
#72 = VECTOR ( 'NONE', #295, 1000.000000000000000 ) ;
#73 = EDGE_CURVE ( 'NONE', #2179, #1636, #748, .T. ) ;
#74 = ORIENTED_EDGE ( 'NONE', *, *, #1824, .F. ) ;
#75 = EDGE_CURVE ( 'NONE', #1519, #1462, #2334, .T. ) ;
#76 = CARTESIAN_POINT ( 'NONE',  ( -0.3250000000000005662, 1.000000000000000666, -0.5999999999999957589 ) ) ;
#77 = LINE ( 'NONE', #733, #1733 ) ;
#78 = VERTEX_POINT ( 'NONE', #412 ) ;
#79 = CARTESIAN_POINT ( 'NONE',  ( 1.049999999999999822, 0.1699999999999999012, -0.7874999999999999778 ) ) ;
#80 = EDGE_CURVE ( 'NONE', #641, #51, #1615, .T. ) ;
#81 = CARTESIAN_POINT ( 'NONE',  ( -0.7423154568513625762, 0.1570068462432830936, 0.7874999999999999778 ) ) ;
#82 = VECTOR ( 'NONE', #1735, 1000.000000000000227 ) ;
#83 = ADVANCED_FACE ( 'NONE', ( #2382 ), #677, .F. ) ;
#84 = EDGE_LOOP ( 'NONE', ( #1143, #592, #1473, #1347 ) ) ;
#85 = PRESENTATION_STYLE_ASSIGNMENT (( #2035 ) ) ;
#86 = FILL_AREA_STYLE_COLOUR ( '', #1595 ) ;
#87 = VERTEX_POINT ( 'NONE', #1984 ) ;
#88 = CARTESIAN_POINT ( 'NONE',  ( 0.9097327748634380651, 0.1865270364466612429, -0.7874999999999999778 ) ) ;
#89 = DIRECTION ( 'NONE',  ( -0.000000000000000000, -0.000000000000000000, -1.000000000000000000 ) ) ;
#90 = LINE ( 'NONE', #1749, #901 ) ;
#91 = DIRECTION ( 'NONE',  ( -1.000000000000000000, 0.000000000000000000, 0.000000000000000000 ) ) ;
#92 = ORIENTED_EDGE ( 'NONE', *, *, #1067, .F. ) ;
#93 = AXIS2_PLACEMENT_3D ( 'NONE', #1900, #2313, #2066 ) ;
#94 = EDGE_LOOP ( 'NONE', ( #913, #2293, #490, #2171 ) ) ;
#95 = DIRECTION ( 'NONE',  ( 1.000000000000000000, 0.000000000000000000, 0.000000000000000000 ) ) ;
#96 = LINE ( 'NONE', #54, #844 ) ;
#97 = AXIS2_PLACEMENT_3D ( 'NONE', #914, #2369, #463 ) ;
#98 = ORIENTED_EDGE ( 'NONE', *, *, #1470, .F. ) ;
#99 = CARTESIAN_POINT ( 'NONE',  ( -0.9294289299236822011, 0.1699999999999999012, 0.1375000000000000389 ) ) ;
#100 = PLANE ( 'NONE',  #1833 ) ;
#101 = LINE ( 'NONE', #306, #887 ) ;
#102 = CARTESIAN_POINT ( 'NONE',  ( -0.6250000000000005551, 0.5149999999999993472, 0.7874999999999999778 ) ) ;
#103 = ORIENTED_EDGE ( 'NONE', *, *, #2282, .T. ) ;
#104 = AXIS2_PLACEMENT_3D ( 'NONE', #1846, #2386, #1379 ) ;
#105 = DIRECTION ( 'NONE',  ( -1.000000000000000000, 1.686042159303699286E-16, 0.000000000000000000 ) ) ;
#106 = VECTOR ( 'NONE', #1088, 1000.000000000000227 ) ;
#107 = DIRECTION ( 'NONE',  ( 1.000000000000000000, -0.000000000000000000, -0.000000000000000000 ) ) ;
#108 = VERTEX_POINT ( 'NONE', #628 ) ;
#109 = EDGE_CURVE ( 'NONE', #108, #2384, #2343, .T. ) ;
#110 = ORIENTED_EDGE ( 'NONE', *, *, #287, .F. ) ;
#111 = DIRECTION ( 'NONE',  ( -0.000000000000000000, 0.000000000000000000, 1.000000000000000000 ) ) ;
#112 = VECTOR ( 'NONE', #1599, 1000.000000000000000 ) ;
#113 = ORIENTED_EDGE ( 'NONE', *, *, #1028, .T. ) ;
#114 = CARTESIAN_POINT ( 'NONE',  ( -0.6250000000000005551, 0.6849999999999993872, -0.9999999999999956701 ) ) ;
#115 = VECTOR ( 'NONE', #1344, 1000.000000000000227 ) ;
#116 = DIRECTION ( 'NONE',  ( 1.000000000000000000, 0.000000000000000000, 0.000000000000000000 ) ) ;
#117 = ORIENTED_EDGE ( 'NONE', *, *, #1759, .T. ) ;
#118 = CARTESIAN_POINT ( 'NONE',  ( 0.6250000000000005551, 0.6849999999999993872, 0.5124999999999999556 ) ) ;
#119 = FILL_AREA_STYLE_COLOUR ( '', #2262 ) ;
#120 = CYLINDRICAL_SURFACE ( 'NONE', #391, 0.06458303986989796797 ) ;
#121 = DIRECTION ( 'NONE',  ( -0.000000000000000000, -0.000000000000000000, -1.000000000000000000 ) ) ;
#122 = ORIENTED_EDGE ( 'NONE', *, *, #1841, .T. ) ;
#123 = COLOUR_RGB ( '',0.8000000000000000444, 0.8196078431372548767, 0.9333333333333333481 ) ;
#124 =( GEOMETRIC_REPRESENTATION_CONTEXT ( 3 ) GLOBAL_UNCERTAINTY_ASSIGNED_CONTEXT ( ( #157 ) ) GLOBAL_UNIT_ASSIGNED_CONTEXT ( ( #1881, #2203, #1482 ) ) REPRESENTATION_CONTEXT ( 'NONE', 'WORKASPACE' ) );
#125 = PLANE ( 'NONE',  #129 ) ;
#126 = VECTOR ( 'NONE', #1831, 1000.000000000000000 ) ;
#127 = ORIENTED_EDGE ( 'NONE', *, *, #283, .F. ) ;
#128 = CARTESIAN_POINT ( 'NONE',  ( 0.9294289299236822011, 0.1899999999999998912, -0.5124999999999999556 ) ) ;
#129 = AXIS2_PLACEMENT_3D ( 'NONE', #1353, #2102, #148 ) ;
#130 = LINE ( 'NONE', #2075, #174 ) ;
#131 = DIRECTION ( 'NONE',  ( 1.000000000000000000, 0.000000000000000000, 0.000000000000000000 ) ) ;
#132 = ORIENTED_EDGE ( 'NONE', *, *, #605, .F. ) ;
#133 = AXIS2_PLACEMENT_3D ( 'NONE', #558, #67, #1917 ) ;
#134 = DIRECTION ( 'NONE',  ( -1.000000000000000000, 0.000000000000000000, 0.000000000000000000 ) ) ;
#135 = LINE ( 'NONE', #607, #933 ) ;
#136 = CARTESIAN_POINT ( 'NONE',  ( -0.9294289299236822011, -1.084202172485504434E-16, 0.1375000000000000389 ) ) ;
#137 = ORIENTED_EDGE ( 'NONE', *, *, #1071, .F. ) ;
#138 = EDGE_CURVE ( 'NONE', #1692, #1937, #725, .T. ) ;
#139 = ADVANCED_FACE ( 'NONE', ( #687 ), #654, .F. ) ;
#140 = CARTESIAN_POINT ( 'NONE',  ( -0.9097327748634380651, 0.1865270364466612429, 0.7874999999999999778 ) ) ;
#141 = CIRCLE ( 'NONE', #1495, 0.01999999999999994491 ) ;
#142 = CARTESIAN_POINT ( 'NONE',  ( 0.6250000000000005551, 0.4504169601301014070, 0.7874999999999999778 ) ) ;
#143 = CIRCLE ( 'NONE', #166, 0.01999999999999994491 ) ;
#144 = VERTEX_POINT ( 'NONE', #1086 ) ;
#145 = VECTOR ( 'NONE', #1112, 1000.000000000000000 ) ;
#146 = EDGE_CURVE ( 'NONE', #660, #529, #1510, .T. ) ;
#147 = DIRECTION ( 'NONE',  ( 1.000000000000000000, 1.686042159303699286E-16, -0.000000000000000000 ) ) ;
#148 = DIRECTION ( 'NONE',  ( -1.000000000000000000, 0.000000000000000000, 0.000000000000000000 ) ) ;
#149 = CIRCLE ( 'NONE', #820, 0.2345830398698980357 ) ;
#150 = CARTESIAN_POINT ( 'NONE',  ( -0.3250000000000005662, 1.000000000000000666, -0.5999999999999957589 ) ) ;
#151 = PLANE ( 'NONE',  #2058 ) ;
#152 = LINE ( 'NONE', #1625, #126 ) ;
#153 = DIRECTION ( 'NONE',  ( 0.000000000000000000, -0.000000000000000000, -1.000000000000000000 ) ) ;
#154 = CARTESIAN_POINT ( 'NONE',  ( -0.6886018783769726204, 0.4616316873116999564, 0.1375000000000000389 ) ) ;
#155 = FACE_OUTER_BOUND ( 'NONE', #94, .T. ) ;
#156 = PLANE ( 'NONE',  #303 ) ;
#157 = UNCERTAINTY_MEASURE_WITH_UNIT (LENGTH_MEASURE( 1.000000000000000082E-05 ), #1881, 'distance_accuracy_value', 'NONE');
#158 = CARTESIAN_POINT ( 'NONE',  ( 0.6886018783769726204, 0.4616316873116999564, 0.5124999999999999556 ) ) ;
#159 = PRESENTATION_STYLE_ASSIGNMENT (( #2185 ) ) ;
#160 = DIRECTION ( 'NONE',  ( 0.000000000000000000, 0.000000000000000000, 1.000000000000000000 ) ) ;
#161 = CYLINDRICAL_SURFACE ( 'NONE', #629, 0.2345830398698979802 ) ;
#162 = AXIS2_PLACEMENT_3D ( 'NONE', #964, #659, #418 ) ;
#163 = CARTESIAN_POINT ( 'NONE',  ( 0.9294289299236822011, 0.1699999999999999012, 0.5124999999999999556 ) ) ;
#164 = ADVANCED_FACE ( 'NONE', ( #2368 ), #156, .F. ) ;
#165 = VECTOR ( 'NONE', #1346, 1000.000000000000000 ) ;
#166 = AXIS2_PLACEMENT_3D ( 'NONE', #1362, #1952, #2130 ) ;
#167 = CARTESIAN_POINT ( 'NONE',  ( -0.3250000000000005662, 1.000000000000000666, -0.7999999999999958256 ) ) ;
#168 = EDGE_CURVE ( 'NONE', #553, #2309, #2357, .T. ) ;
#169 = CIRCLE ( 'NONE', #435, 0.1899999999999999467 ) ;
#170 = EDGE_CURVE ( 'NONE', #1359, #787, #1496, .T. ) ;
#171 = EDGE_CURVE ( 'NONE', #2372, #2074, #1533, .T. ) ;
#172 =( NAMED_UNIT ( * ) SI_UNIT ( $, .STERADIAN. ) SOLID_ANGLE_UNIT ( ) );
#173 = DIRECTION ( 'NONE',  ( -0.000000000000000000, -0.000000000000000000, -1.000000000000000000 ) ) ;
#174 = VECTOR ( 'NONE', #1566, 1000.000000000000000 ) ;
#175 = CARTESIAN_POINT ( 'NONE',  ( 0.6250000000000005551, 0.6849999999999993872, 0.5124999999999999556 ) ) ;
#176 = CARTESIAN_POINT ( 'NONE',  ( -0.5666755535985078529, 1.100000000000000755, 0.9416755535985081860 ) ) ;
#177 = VECTOR ( 'NONE', #1748, 1000.000000000000227 ) ;
#178 =( NAMED_UNIT ( * ) SI_UNIT ( $, .STERADIAN. ) SOLID_ANGLE_UNIT ( ) );
#179 = CIRCLE ( 'NONE', #534, 0.06458303986989796797 ) ;
#180 = DIRECTION ( 'NONE',  ( -0.000000000000000000, -0.000000000000000000, -1.000000000000000000 ) ) ;
#181 = EDGE_CURVE ( 'NONE', #108, #1186, #2308, .T. ) ;
#182 = EDGE_LOOP ( 'NONE', ( #436, #2128 ) ) ;
#183 = VECTOR ( 'NONE', #277, 1000.000000000000000 ) ;
#184 = ADVANCED_FACE ( 'NONE', ( #767 ), #590, .F. ) ;
#185 = LINE ( 'NONE', #237, #1811 ) ;
#186 = CARTESIAN_POINT ( 'NONE',  ( -0.6250000000000005551, 0.6849999999999993872, -0.9999999999999956701 ) ) ;
#187 = ORIENTED_EDGE ( 'NONE', *, *, #1271, .F. ) ;
#188 = VECTOR ( 'NONE', #924, 1000.000000000000000 ) ;
#189 = DIRECTION ( 'NONE',  ( -1.000000000000000000, 0.000000000000000000, 0.000000000000000000 ) ) ;
#190 = CARTESIAN_POINT ( 'NONE',  ( -0.3250000000000005662, 1.000000000000000666, -0.6999999999999957367 ) ) ;
#191 = VECTOR ( 'NONE', #2148, 1000.000000000000227 ) ;
#192 = CARTESIAN_POINT ( 'NONE',  ( 0.6250000000000005551, 0.4504169601301014070, -0.7874999999999999778 ) ) ;
#193 = SURFACE_STYLE_FILL_AREA ( #1997 ) ;
#194 = AXIS2_PLACEMENT_3D ( 'NONE', #861, #1922, #1037 ) ;
#195 = APPLICATION_CONTEXT ( 'automotive_design' ) ;
#196 = CARTESIAN_POINT ( 'NONE',  ( -0.6250000000000005551, 0.4504169601301014070, 0.1375000000000000389 ) ) ;
#197 = FACE_OUTER_BOUND ( 'NONE', #768, .T. ) ;
#198 = EDGE_CURVE ( 'NONE', #1163, #825, #2348, .T. ) ;
#199 = EDGE_CURVE ( 'NONE', #312, #2318, #731, .T. ) ;
#200 = CARTESIAN_POINT ( 'NONE',  ( -0.9294289299236822011, 0.1699999999999999012, 0.7874999999999999778 ) ) ;
#201 = VERTEX_POINT ( 'NONE', #2131 ) ;
#202 = CARTESIAN_POINT ( 'NONE',  ( -0.9294289299236822011, 0.1899999999999998912, 0.1375000000000000389 ) ) ;
#203 = EDGE_CURVE ( 'NONE', #461, #201, #2431, .T. ) ;
#204 = DIRECTION ( 'NONE',  ( -1.000000000000000000, 0.000000000000000000, 0.000000000000000000 ) ) ;
#205 = DIRECTION ( 'NONE',  ( -0.1736481776669303312, 0.9848077530122080203, 0.000000000000000000 ) ) ;
#206 = ORIENTED_EDGE ( 'NONE', *, *, #1016, .F. ) ;
#207 = CARTESIAN_POINT ( 'NONE',  ( -0.6250000000000005551, 0.4504169601301014070, -0.5124999999999999556 ) ) ;
#208 = DIRECTION ( 'NONE',  ( -0.000000000000000000, -0.000000000000000000, -1.000000000000000000 ) ) ;
#209 = SURFACE_STYLE_USAGE ( .BOTH. , #2020 ) ;
#210 = DIRECTION ( 'NONE',  ( 0.000000000000000000, 0.000000000000000000, 1.000000000000000000 ) ) ;
#211 = DIRECTION ( 'NONE',  ( -0.1736481776669303867, -0.9848077530122080203, 0.000000000000000000 ) ) ;
#212 = CARTESIAN_POINT ( 'NONE',  ( 0.9294289299236822011, 0.1899999999999998912, 0.7874999999999999778 ) ) ;
#213 = ORIENTED_EDGE ( 'NONE', *, *, #1780, .F. ) ;
#214 = CARTESIAN_POINT ( 'NONE',  ( 0.000000000000000000, 0.1000000000000003109, 0.000000000000000000 ) ) ;
#215 = MECHANICAL_DESIGN_GEOMETRIC_PRESENTATION_REPRESENTATION (  '', ( #726 ), #1596 ) ;
#216 = VERTEX_POINT ( 'NONE', #2361 ) ;
#217 = EDGE_CURVE ( 'NONE', #8, #734, #19, .T. ) ;
#218 = CARTESIAN_POINT ( 'NONE',  ( 0.9294289299236822011, 0.1899999999999998912, -0.5124999999999999556 ) ) ;
#219 =( NAMED_UNIT ( * ) PLANE_ANGLE_UNIT ( ) SI_UNIT ( $, .RADIAN. ) );
#220 = CARTESIAN_POINT ( 'NONE',  ( -0.6250000000000005551, 0.5149999999999993472, -0.1375000000000000389 ) ) ;
#221 = DIRECTION ( 'NONE',  ( 0.000000000000000000, 0.000000000000000000, -1.000000000000000000 ) ) ;
#222 = CARTESIAN_POINT ( 'NONE',  ( -0.8560191963890481093, 0.4911518775150781613, 0.1375000000000000389 ) ) ;
#223 = DIRECTION ( 'NONE',  ( 1.000000000000000000, 0.000000000000000000, 0.000000000000000000 ) ) ;
#224 = AXIS2_PLACEMENT_3D ( 'NONE', #1549, #367, #2068 ) ;
#225 = SURFACE_STYLE_USAGE ( .BOTH. , #44 ) ;
#226 = AXIS2_PLACEMENT_3D ( 'NONE', #1048, #2304, #131 ) ;
#227 = CARTESIAN_POINT ( 'NONE',  ( -0.6886018783769726204, 0.4616316873116999564, -0.5124999999999999556 ) ) ;
#228 = CARTESIAN_POINT ( 'NONE',  ( -0.5666755535985078529, 1.100000000000000755, -0.9999999999999956701 ) ) ;
#229 = EDGE_CURVE ( 'NONE', #517, #343, #31, .T. ) ;
#230 = DIRECTION ( 'NONE',  ( -0.000000000000000000, -0.000000000000000000, -1.000000000000000000 ) ) ;
#231 = EDGE_CURVE ( 'NONE', #1716, #665, #819, .T. ) ;
#232 = DIRECTION ( 'NONE',  ( 0.1736481776669303867, -0.9848077530122080203, 0.000000000000000000 ) ) ;
#233 = EDGE_CURVE ( 'NONE', #1253, #1974, #101, .T. ) ;
#234 = ADVANCED_FACE ( 'NONE', ( #1629 ), #1230, .F. ) ;
#235 = DIRECTION ( 'NONE',  ( 0.000000000000000000, 0.000000000000000000, 1.000000000000000000 ) ) ;
#236 = DIRECTION ( 'NONE',  ( -0.000000000000000000, 0.000000000000000000, 1.000000000000000000 ) ) ;
#237 = CARTESIAN_POINT ( 'NONE',  ( -1.049999999999999822, 0.1699999999999999012, 0.1375000000000000389 ) ) ;
#238 = DIRECTION ( 'NONE',  ( 0.000000000000000000, -1.000000000000000000, 0.000000000000000000 ) ) ;
#239 = DIRECTION ( 'NONE',  ( 0.000000000000000000, -0.000000000000000000, -1.000000000000000000 ) ) ;
#240 = STYLED_ITEM ( 'NONE', ( #1683 ), #2005 ) ;
#241 = CARTESIAN_POINT ( 'NONE',  ( -0.9294289299236822011, 0.1699999999999999012, -0.5124999999999999556 ) ) ;
#242 = DIRECTION ( 'NONE',  ( 0.000000000000000000, -1.000000000000000000, 0.000000000000000000 ) ) ;
#243 = CARTESIAN_POINT ( 'NONE',  ( 0.9294289299236822011, -1.084202172485504434E-16, 0.7874999999999999778 ) ) ;
#244 = EDGE_CURVE ( 'NONE', #2384, #360, #62, .T. ) ;
#245 = EDGE_CURVE ( 'NONE', #201, #1937, #1705, .T. ) ;
#246 = CARTESIAN_POINT ( 'NONE',  ( -0.8560191963890481093, 0.4911518775150781613, -0.7874999999999999778 ) ) ;
#247 = CARTESIAN_POINT ( 'NONE',  ( -0.3250000000000005662, 0.7171572875253815482, -0.5999999999999957589 ) ) ;
#248 = ADVANCED_FACE ( 'NONE', ( #1709 ), #971, .F. ) ;
#249 = ORIENTED_EDGE ( 'NONE', *, *, #1209, .F. ) ;
#250 = PLANE ( 'NONE',  #1791 ) ;
#251 = CARTESIAN_POINT ( 'NONE',  ( -0.9294289299236822011, -1.084202172485504434E-16, 0.7874999999999999778 ) ) ;
#252 = CARTESIAN_POINT ( 'NONE',  ( 0.6250000000000005551, 0.6849999999999993872, -0.5124999999999999556 ) ) ;
#253 = EDGE_LOOP ( 'NONE', ( #2273, #930, #658, #103 ) ) ;
#254 = DIRECTION ( 'NONE',  ( -2.168404344971012566E-16, -0.000000000000000000, -1.000000000000000000 ) ) ;
#255 = DIRECTION ( 'NONE',  ( -1.000000000000000000, -0.000000000000000000, -0.000000000000000000 ) ) ;
#256 = ORIENTED_EDGE ( 'NONE', *, *, #1728, .F. ) ;
#257 = ORIENTED_EDGE ( 'NONE', *, *, #2008, .T. ) ;
#258 = CARTESIAN_POINT ( 'NONE',  ( 0.6250000000000005551, 0.4504169601301014070, 0.7874999999999999778 ) ) ;
#259 = AXIS2_PLACEMENT_3D ( 'NONE', #889, #1926, #1029 ) ;
#260 = ORIENTED_EDGE ( 'NONE', *, *, #1753, .F. ) ;
#261 = PLANE ( 'NONE',  #1025 ) ;
#262 = CARTESIAN_POINT ( 'NONE',  ( 0.9294289299236822011, -1.084202172485504434E-16, 0.7874999999999999778 ) ) ;
#263 = EDGE_CURVE ( 'NONE', #1493, #1570, #909, .T. ) ;
#264 = ORIENTED_EDGE ( 'NONE', *, *, #1553, .F. ) ;
#265 = DIRECTION ( 'NONE',  ( -1.000000000000000000, 0.000000000000000000, 0.000000000000000000 ) ) ;
#266 = EDGE_CURVE ( 'NONE', #2215, #1928, #77, .T. ) ;
#267 = DIRECTION ( 'NONE',  ( 1.000000000000000000, 0.000000000000000000, 0.000000000000000000 ) ) ;
#268 = ORIENTED_EDGE ( 'NONE', *, *, #229, .T. ) ;
#269 = ADVANCED_FACE ( 'NONE', ( #891 ), #878, .F. ) ;
#270 = EDGE_CURVE ( 'NONE', #651, #1163, #1724, .T. ) ;
#271 = VERTEX_POINT ( 'NONE', #1261 ) ;
#272 = PLANE ( 'NONE',  #362 ) ;
#273 = ORIENTED_EDGE ( 'NONE', *, *, #323, .T. ) ;
#274 = FILL_AREA_STYLE ('',( #426 ) ) ;
#275 = CARTESIAN_POINT ( 'NONE',  ( -0.9294289299236822011, -1.084202172485504434E-16, -0.5124999999999999556 ) ) ;
#276 = ORIENTED_EDGE ( 'NONE', *, *, #447, .T. ) ;
#277 = DIRECTION ( 'NONE',  ( -0.000000000000000000, -0.000000000000000000, -1.000000000000000000 ) ) ;
#278 = DIRECTION ( 'NONE',  ( 1.000000000000000000, 0.000000000000000000, -0.000000000000000000 ) ) ;
#279 = MECHANICAL_DESIGN_GEOMETRIC_PRESENTATION_REPRESENTATION (  '', ( #1383 ), #1007 ) ;
#280 = CARTESIAN_POINT ( 'NONE',  ( 0.8560191963890481093, 0.4911518775150781613, -0.7874999999999999778 ) ) ;
#281 = ADVANCED_FACE ( 'NONE', ( #1715 ), #824, .F. ) ;
#282 = AXIS2_PLACEMENT_3D ( 'NONE', #2004, #1964, #620 ) ;
#283 = EDGE_CURVE ( 'NONE', #1090, #1559, #90, .T. ) ;
#284 = CARTESIAN_POINT ( 'NONE',  ( 0.8560191963890481093, 0.4911518775150781613, 0.7874999999999999778 ) ) ;
#285 = DIRECTION ( 'NONE',  ( -0.9848077530122081313, 0.1736481776669304145, 0.000000000000000000 ) ) ;
#286 = CARTESIAN_POINT ( 'NONE',  ( -0.6250000000000005551, 0.6849999999999993872, 0.7874999999999999778 ) ) ;
#287 = EDGE_CURVE ( 'NONE', #2106, #1504, #96, .T. ) ;
#288 = CARTESIAN_POINT ( 'NONE',  ( 0.8560191963890481093, 0.4911518775150781613, -0.7874999999999999778 ) ) ;
#289 =( NAMED_UNIT ( * ) SI_UNIT ( $, .STERADIAN. ) SOLID_ANGLE_UNIT ( ) );
#290 = DIRECTION ( 'NONE',  ( -1.000000000000000000, 0.000000000000000000, 0.000000000000000000 ) ) ;
#291 = EDGE_CURVE ( 'NONE', #1072, #507, #841, .T. ) ;
#292 = CARTESIAN_POINT ( 'NONE',  ( -0.8560191963890481093, 0.4911518775150781613, 0.1375000000000000389 ) ) ;
#293 = ADVANCED_FACE ( 'NONE', ( #57 ), #867, .T. ) ;
#294 = DIRECTION ( 'NONE',  ( -0.000000000000000000, -1.000000000000000000, -0.000000000000000000 ) ) ;
#295 = DIRECTION ( 'NONE',  ( 0.000000000000000000, 1.000000000000000000, 0.000000000000000000 ) ) ;
#296 = CARTESIAN_POINT ( 'NONE',  ( -1.049999999999999822, 0.1699999999999999012, 0.1375000000000000389 ) ) ;
#297 = AXIS2_PLACEMENT_3D ( 'NONE', #1778, #221, #385 ) ;
#298 = CARTESIAN_POINT ( 'NONE',  ( 0.9294289299236822011, -1.084202172485504434E-16, -0.5124999999999999556 ) ) ;
#299 = UNCERTAINTY_MEASURE_WITH_UNIT (LENGTH_MEASURE( 1.000000000000000082E-05 ), #495, 'distance_accuracy_value', 'NONE');
#300 = PRESENTATION_LAYER_ASSIGNMENT (  '', '', ( #1256 ) ) ;
#301 = DIRECTION ( 'NONE',  ( -0.1378445374916289212, 0.9808148484639890308, 0.1378445374916289212 ) ) ;
#302 = DIRECTION ( 'NONE',  ( 0.000000000000000000, 0.000000000000000000, -1.000000000000000000 ) ) ;
#303 = AXIS2_PLACEMENT_3D ( 'NONE', #1219, #1062, #1169 ) ;
#304 = EDGE_CURVE ( 'NONE', #452, #1072, #1659, .T. ) ;
#305 = DIRECTION ( 'NONE',  ( 0.000000000000000000, 0.000000000000000000, 1.000000000000000000 ) ) ;
#306 = CARTESIAN_POINT ( 'NONE',  ( -0.6886018783769726204, 0.4616316873116999564, 0.1375000000000000389 ) ) ;
#307 = ADVANCED_FACE ( 'NONE', ( #874 ), #1865, .F. ) ;
#308 = DIRECTION ( 'NONE',  ( -0.000000000000000000, 1.000000000000000000, -0.000000000000000000 ) ) ;
#309 = EDGE_CURVE ( 'NONE', #894, #2242, #1729, .T. ) ;
#310 = ORIENTED_EDGE ( 'NONE', *, *, #244, .T. ) ;
#311 = DIRECTION ( 'NONE',  ( 0.000000000000000000, -0.000000000000000000, -1.000000000000000000 ) ) ;
#312 = VERTEX_POINT ( 'NONE', #1246 ) ;
#313 = DIRECTION ( 'NONE',  ( 0.000000000000000000, 0.000000000000000000, 1.000000000000000000 ) ) ;
#314 = DIRECTION ( 'NONE',  ( 1.000000000000000000, 0.000000000000000000, 0.000000000000000000 ) ) ;
#315 = ORIENTED_EDGE ( 'NONE', *, *, #2127, .T. ) ;
#316 = CARTESIAN_POINT ( 'NONE',  ( -0.6886018783769726204, 0.4616316873116999564, 0.7874999999999999778 ) ) ;
#317 = CARTESIAN_POINT ( 'NONE',  ( -1.049999999999999822, 0.1699999999999999012, 0.7874999999999999778 ) ) ;
#318 = AXIS2_PLACEMENT_3D ( 'NONE', #1530, #1154, #1125 ) ;
#319 = EDGE_LOOP ( 'NONE', ( #497, #911, #545, #1655, #74, #26, #2197, #604, #1276, #1468 ) ) ;
#320 = CARTESIAN_POINT ( 'NONE',  ( -0.6250000000000005551, 0.6849999999999993872, 1.000000000000000888 ) ) ;
#321 = AXIS2_PLACEMENT_3D ( 'NONE', #1396, #210, #1695 ) ;
#322 = VERTEX_POINT ( 'NONE', #220 ) ;
#323 = EDGE_CURVE ( 'NONE', #433, #1186, #23, .T. ) ;
#324 = DIRECTION ( 'NONE',  ( -0.000000000000000000, 1.000000000000000000, -0.000000000000000000 ) ) ;
#325 = DIRECTION ( 'NONE',  ( -1.000000000000000000, 0.000000000000000000, 0.000000000000000000 ) ) ;
#326 = EDGE_LOOP ( 'NONE', ( #842, #531, #875, #1660 ) ) ;
#327 = CARTESIAN_POINT ( 'NONE',  ( -0.9294289299236822011, -1.084202172485504434E-16, 0.1375000000000000389 ) ) ;
#328 = VERTEX_POINT ( 'NONE', #2186 ) ;
#329 = CARTESIAN_POINT ( 'NONE',  ( 0.9097327748634380651, 0.1865270364466612429, -0.5124999999999999556 ) ) ;
#330 = CARTESIAN_POINT ( 'NONE',  ( -0.9097327748634380651, 0.1865270364466612429, -0.7874999999999999778 ) ) ;
#331 = CARTESIAN_POINT ( 'NONE',  ( -0.6250000000000005551, 0.6849999999999993872, 0.1375000000000000389 ) ) ;
#332 = VERTEX_POINT ( 'NONE', #331 ) ;
#333 = CARTESIAN_POINT ( 'NONE',  ( -0.6250000000000005551, 0.5149999999999993472, -0.9999999999999956701 ) ) ;
#334 = EDGE_LOOP ( 'NONE', ( #2167, #619, #1140, #2096 ) ) ;
#335 = CARTESIAN_POINT ( 'NONE',  ( -0.6250000000000005551, 0.6849999999999993872, 0.1375000000000000389 ) ) ;
#336 = ORIENTED_EDGE ( 'NONE', *, *, #1556, .F. ) ;
#337 = CARTESIAN_POINT ( 'NONE',  ( 0.6250000000000005551, 0.4504169601301014070, 0.7874999999999999778 ) ) ;
#338 = EDGE_LOOP ( 'NONE', ( #1084, #2052, #1568, #396 ) ) ;
#339 = AXIS2_PLACEMENT_3D ( 'NONE', #337, #50, #509 ) ;
#340 = DIRECTION ( 'NONE',  ( 0.000000000000000000, -1.000000000000000000, 0.000000000000000000 ) ) ;
#341 = DIRECTION ( 'NONE',  ( 0.000000000000000000, 1.000000000000000000, 0.000000000000000000 ) ) ;
#342 = DIRECTION ( 'NONE',  ( -1.000000000000000000, 0.000000000000000000, 0.000000000000000000 ) ) ;
#343 = VERTEX_POINT ( 'NONE', #118 ) ;
#344 = DIRECTION ( 'NONE',  ( -1.000000000000000000, 0.000000000000000000, 0.000000000000000000 ) ) ;
#345 = PLANE ( 'NONE',  #1686 ) ;
#346 = AXIS2_PLACEMENT_3D ( 'NONE', #530, #1233, #1431 ) ;
#347 = EDGE_CURVE ( 'NONE', #507, #1935, #850, .T. ) ;
#348 = EDGE_LOOP ( 'NONE', ( #1699, #68, #1384, #884 ) ) ;
#349 = CARTESIAN_POINT ( 'NONE',  ( -1.049999999999999822, -1.287490079826536515E-16, 0.7874999999999999778 ) ) ;
#350 = DIRECTION ( 'NONE',  ( -0.000000000000000000, -0.000000000000000000, -1.000000000000000000 ) ) ;
#351 =( NAMED_UNIT ( * ) PLANE_ANGLE_UNIT ( ) SI_UNIT ( $, .RADIAN. ) );
#352 = ORIENTED_EDGE ( 'NONE', *, *, #1271, .T. ) ;
#353 = ADVANCED_FACE ( 'NONE', ( #1623 ), #1518, .T. ) ;
#354 = CARTESIAN_POINT ( 'NONE',  ( 0.9294289299236822011, -1.084202172485504434E-16, 0.5124999999999999556 ) ) ;
#355 = VERTEX_POINT ( 'NONE', #1004 ) ;
#356 = DIRECTION ( 'NONE',  ( -0.000000000000000000, -0.000000000000000000, 1.000000000000000000 ) ) ;
#357 = ORIENTED_EDGE ( 'NONE', *, *, #231, .F. ) ;
#358 = CARTESIAN_POINT ( 'NONE',  ( -0.9294289299236822011, -1.084202172485504434E-16, -0.1375000000000000389 ) ) ;
#359 = ADVANCED_FACE ( 'NONE', ( #66 ), #2288, .F. ) ;
#360 = VERTEX_POINT ( 'NONE', #88 ) ;
#361 = PLANE ( 'NONE',  #886 ) ;
#362 = AXIS2_PLACEMENT_3D ( 'NONE', #1581, #1046, #603 ) ;
#363 = CARTESIAN_POINT ( 'NONE',  ( -0.9294289299236822011, -1.084202172485504434E-16, 0.5124999999999999556 ) ) ;
#364 = ORIENTED_EDGE ( 'NONE', *, *, #1990, .F. ) ;
#365 = PLANE ( 'NONE',  #859 ) ;
#366 = AXIS2_PLACEMENT_3D ( 'NONE', #1667, #1060, #1375 ) ;
#367 = DIRECTION ( 'NONE',  ( 0.000000000000000000, 1.000000000000000000, 0.000000000000000000 ) ) ;
#368 = ORIENTED_EDGE ( 'NONE', *, *, #2164, .T. ) ;
#369 = ADVANCED_FACE ( 'NONE', ( #1635 ), #1108, .F. ) ;
#370 = AXIS2_PLACEMENT_3D ( 'NONE', #754, #1879, #1477 ) ;
#371 = ORIENTED_EDGE ( 'NONE', *, *, #1094, .F. ) ;
#372 = EDGE_CURVE ( 'NONE', #1870, #656, #7, .T. ) ;
#373 = EDGE_LOOP ( 'NONE', ( #389, #2344, #2011, #1582 ) ) ;
#374 = ADVANCED_FACE ( 'NONE', ( #12, #836 ), #1118, .T. ) ;
#375 = DIRECTION ( 'NONE',  ( 0.000000000000000000, 0.000000000000000000, 1.000000000000000000 ) ) ;
#376 = CARTESIAN_POINT ( 'NONE',  ( -0.8560191963890481093, 0.4911518775150781613, -0.5124999999999999556 ) ) ;
#377 = CARTESIAN_POINT ( 'NONE',  ( -0.6250000000000005551, 0.4504169601301014070, 0.1375000000000000389 ) ) ;
#378 = EDGE_CURVE ( 'NONE', #2145, #1631, #1648, .T. ) ;
#379 = ORIENTED_EDGE ( 'NONE', *, *, #1985, .F. ) ;
#380 = CARTESIAN_POINT ( 'NONE',  ( -0.3250000000000005662, 1.000000000000000666, -0.6999999999999957367 ) ) ;
#381 = DIRECTION ( 'NONE',  ( 0.000000000000000000, 0.000000000000000000, 1.000000000000000000 ) ) ;
#382 = DIRECTION ( 'NONE',  ( 1.000000000000000000, 0.000000000000000000, 0.000000000000000000 ) ) ;
#383 = ORIENTED_EDGE ( 'NONE', *, *, #1028, .F. ) ;
#384 = ORIENTED_EDGE ( 'NONE', *, *, #2014, .F. ) ;
#385 = DIRECTION ( 'NONE',  ( -1.000000000000000000, 0.000000000000000000, -0.000000000000000000 ) ) ;
#386 = ORIENTED_EDGE ( 'NONE', *, *, #80, .T. ) ;
#387 = PRESENTATION_LAYER_ASSIGNMENT (  '', '', ( #1383 ) ) ;
#388 = CARTESIAN_POINT ( 'NONE',  ( 0.6249999999999987788, 0.6849999999999993872, 1.000000000000000888 ) ) ;
#389 = ORIENTED_EDGE ( 'NONE', *, *, #2295, .F. ) ;
#390 = DIRECTION ( 'NONE',  ( 0.000000000000000000, 1.000000000000000000, 0.000000000000000000 ) ) ;
#391 = AXIS2_PLACEMENT_3D ( 'NONE', #983, #350, #325 ) ;
#392 = CARTESIAN_POINT ( 'NONE',  ( 1.049999999999999822, -1.287490079826536515E-16, 0.7874999999999999778 ) ) ;
#393 = DIRECTION ( 'NONE',  ( 0.000000000000000000, -1.000000000000000000, 0.000000000000000000 ) ) ;
#394 = VERTEX_POINT ( 'NONE', #2230 ) ;
#395 = EDGE_CURVE ( 'NONE', #1751, #1976, #1666, .T. ) ;
#396 = ORIENTED_EDGE ( 'NONE', *, *, #1837, .T. ) ;
#397 = DIRECTION ( 'NONE',  ( 1.000000000000000000, 0.000000000000000000, 0.000000000000000000 ) ) ;
#398 = CARTESIAN_POINT ( 'NONE',  ( -0.3250000000000005662, 1.000000000000000666, -0.6999999999999957367 ) ) ;
#399 = ORIENTED_EDGE ( 'NONE', *, *, #1167, .T. ) ;
#400 = EDGE_CURVE ( 'NONE', #1567, #1550, #1690, .T. ) ;
#401 = CARTESIAN_POINT ( 'NONE',  ( -0.9097327748634380651, 0.1865270364466612429, 0.5124999999999999556 ) ) ;
#402 = ORIENTED_EDGE ( 'NONE', *, *, #1874, .T. ) ;
#403 = PLANE ( 'NONE',  #1162 ) ;
#404 = CARTESIAN_POINT ( 'NONE',  ( -0.6250000000000005551, 0.6849999999999993872, -0.9999999999999956701 ) ) ;
#405 = ORIENTED_EDGE ( 'NONE', *, *, #1728, .T. ) ;
#406 = ORIENTED_EDGE ( 'NONE', *, *, #471, .F. ) ;
#407 = DIRECTION ( 'NONE',  ( -0.000000000000000000, 0.000000000000000000, 1.000000000000000000 ) ) ;
#408 = AXIS2_PLACEMENT_3D ( 'NONE', #1411, #1983, #957 ) ;
#409 = ORIENTED_EDGE ( 'NONE', *, *, #1503, .T. ) ;
#410 = ADVANCED_FACE ( 'NONE', ( #1674 ), #365, .F. ) ;
#411 = SURFACE_STYLE_USAGE ( .BOTH. , #626 ) ;
#412 = CARTESIAN_POINT ( 'NONE',  ( 0.5666755535985058545, 0.1000000000000003109, -0.9416755535985031900 ) ) ;
#413 = PRESENTATION_LAYER_ASSIGNMENT (  '', '', ( #726 ) ) ;
#414 = ORIENTED_EDGE ( 'NONE', *, *, #2085, .F. ) ;
#415 = DIRECTION ( 'NONE',  ( 0.1736481776669303589, -0.9848077530122080203, 0.000000000000000000 ) ) ;
#416 =( LENGTH_UNIT ( ) NAMED_UNIT ( * ) SI_UNIT ( .MILLI., .METRE. ) );
#417 = EDGE_CURVE ( 'NONE', #1352, #1967, #43, .T. ) ;
#418 = DIRECTION ( 'NONE',  ( 1.000000000000000000, 0.000000000000000000, 0.000000000000000000 ) ) ;
#419 = EDGE_LOOP ( 'NONE', ( #582, #137, #761, #1767 ) ) ;
#420 = EDGE_CURVE ( 'NONE', #1286, #1631, #49, .T. ) ;
#421 = EDGE_CURVE ( 'NONE', #1371, #2254, #1762, .T. ) ;
#422 = ORIENTED_EDGE ( 'NONE', *, *, #680, .F. ) ;
#423 = CARTESIAN_POINT ( 'NONE',  ( 0.9294289299236822011, -1.084202172485504434E-16, -0.5124999999999999556 ) ) ;
#424 = CARTESIAN_POINT ( 'NONE',  ( -0.6250000000000005551, 0.6849999999999993872, 0.7874999999999999778 ) ) ;
#425 = ORIENTED_EDGE ( 'NONE', *, *, #75, .F. ) ;
#426 = FILL_AREA_STYLE_COLOUR ( '', #591 ) ;
#427 = CARTESIAN_POINT ( 'NONE',  ( 0.9294289299236822011, 0.1699999999999999012, 0.7874999999999999778 ) ) ;
#428 = CARTESIAN_POINT ( 'NONE',  ( 0.8560191963890481093, 0.4911518775150781613, -0.5124999999999999556 ) ) ;
#429 = VERTEX_POINT ( 'NONE', #803 ) ;
#430 = ADVANCED_FACE ( 'NONE', ( #982 ), #1797, .T. ) ;
#431 = CARTESIAN_POINT ( 'NONE',  ( -0.9294289299236822011, 0.1699999999999999012, -0.7874999999999999778 ) ) ;
#432 = ORIENTED_EDGE ( 'NONE', *, *, #1918, .T. ) ;
#433 = VERTEX_POINT ( 'NONE', #985 ) ;
#434 = CARTESIAN_POINT ( 'NONE',  ( 0.9294289299236822011, 0.1899999999999998912, -0.5124999999999999556 ) ) ;
#435 = AXIS2_PLACEMENT_3D ( 'NONE', #2108, #2337, #1378 ) ;
#436 = ORIENTED_EDGE ( 'NONE', *, *, #1990, .T. ) ;
#437 = LINE ( 'NONE', #335, #2139 ) ;
#438 = AXIS2_PLACEMENT_3D ( 'NONE', #492, #1097, #28 ) ;
#439 = CARTESIAN_POINT ( 'NONE',  ( 0.5666755535985058545, 0.1000000000000003109, -0.9999999999999956701 ) ) ;
#440 = DIRECTION ( 'NONE',  ( 0.000000000000000000, -0.000000000000000000, -1.000000000000000000 ) ) ;
#441 = EDGE_CURVE ( 'NONE', #144, #1374, #955, .T. ) ;
#442 = ORIENTED_EDGE ( 'NONE', *, *, #1834, .F. ) ;
#443 = DIRECTION ( 'NONE',  ( 1.000000000000000000, 0.000000000000000000, -0.000000000000000000 ) ) ;
#444 = DIRECTION ( 'NONE',  ( 0.000000000000000000, 0.000000000000000000, 1.000000000000000000 ) ) ;
#445 = ORIENTED_EDGE ( 'NONE', *, *, #1643, .F. ) ;
#446 = ADVANCED_FACE ( 'NONE', ( #155 ), #524, .F. ) ;
#447 = EDGE_CURVE ( 'NONE', #656, #2136, #929, .T. ) ;
#448 = LINE ( 'NONE', #186, #2153 ) ;
#449 = ORIENTED_EDGE ( 'NONE', *, *, #1393, .T. ) ;
#450 = DIRECTION ( 'NONE',  ( -0.000000000000000000, 1.000000000000000000, -0.000000000000000000 ) ) ;
#451 = VECTOR ( 'NONE', #666, 1000.000000000000000 ) ;
#452 = VERTEX_POINT ( 'NONE', #1365 ) ;
#453 = CARTESIAN_POINT ( 'NONE',  ( 0.6249999999999983347, 0.6849999999999993872, -0.9999999999999956701 ) ) ;
#454 = CARTESIAN_POINT ( 'NONE',  ( 0.6249999999999983347, 0.5149999999999993472, -0.9999999999999956701 ) ) ;
#455 = DIRECTION ( 'NONE',  ( -1.000000000000000000, 0.000000000000000000, 0.000000000000000000 ) ) ;
#456 = ORIENTED_EDGE ( 'NONE', *, *, #1853, .T. ) ;
#457 = CARTESIAN_POINT ( 'NONE',  ( 0.6250000000000005551, 0.6849999999999993872, -0.7874999999999999778 ) ) ;
#458 = LINE ( 'NONE', #1200, #462 ) ;
#459 = AXIS2_PLACEMENT_3D ( 'NONE', #1744, #970, #921 ) ;
#460 = DIRECTION ( 'NONE',  ( -0.000000000000000000, -0.000000000000000000, -1.000000000000000000 ) ) ;
#461 = VERTEX_POINT ( 'NONE', #1971 ) ;
#462 = VECTOR ( 'NONE', #1440, 1000.000000000000000 ) ;
#463 = DIRECTION ( 'NONE',  ( 1.000000000000000000, 0.000000000000000000, -0.000000000000000000 ) ) ;
#464 = AXIS2_PLACEMENT_3D ( 'NONE', #1710, #2162, #1851 ) ;
#465 = ORIENTED_EDGE ( 'NONE', *, *, #1329, .F. ) ;
#466 = ADVANCED_FACE ( 'NONE', ( #993 ), #1414, .F. ) ;
#467 = DIRECTION ( 'NONE',  ( 0.000000000000000000, -1.000000000000000000, 0.000000000000000000 ) ) ;
#468 = CARTESIAN_POINT ( 'NONE',  ( -0.9294289299236822011, 0.1899999999999998912, -0.5124999999999999556 ) ) ;
#469 = DIRECTION ( 'NONE',  ( -1.000000000000000000, 0.000000000000000000, 0.000000000000000000 ) ) ;
#470 = VERTEX_POINT ( 'NONE', #2341 ) ;
#471 = EDGE_CURVE ( 'NONE', #2402, #641, #152, .T. ) ;
#472 = EDGE_LOOP ( 'NONE', ( #664, #132, #674, #2172 ) ) ;
#473 = CARTESIAN_POINT ( 'NONE',  ( -0.9294289299236822011, 0.1699999999999999012, 0.7874999999999999778 ) ) ;
#474 = DIRECTION ( 'NONE',  ( -0.000000000000000000, 0.000000000000000000, -1.000000000000000000 ) ) ;
#475 = APPLICATION_PROTOCOL_DEFINITION ( 'draft international standard', 'automotive_design', 1998, #195 ) ;
#476 = VECTOR ( 'NONE', #467, 1000.000000000000000 ) ;
#477 = DIRECTION ( 'NONE',  ( 0.000000000000000000, 0.000000000000000000, 1.000000000000000000 ) ) ;
#478 = EDGE_CURVE ( 'NONE', #1078, #1636, #1796, .T. ) ;
#479 = EDGE_LOOP ( 'NONE', ( #1213, #2315, #2073, #2419 ) ) ;
#480 = VECTOR ( 'NONE', #1467, 1000.000000000000000 ) ;
#481 = ORIENTED_EDGE ( 'NONE', *, *, #1780, .T. ) ;
#482 = LINE ( 'NONE', #1227, #1376 ) ;
#483 = CARTESIAN_POINT ( 'NONE',  ( -0.9294289299236822011, 0.1899999999999998912, -0.7874999999999999778 ) ) ;
#484 =( LENGTH_UNIT ( ) NAMED_UNIT ( * ) SI_UNIT ( .MILLI., .METRE. ) );
#485 = LINE ( 'NONE', #167, #2116 ) ;
#486 = ORIENTED_EDGE ( 'NONE', *, *, #2246, .T. ) ;
#487 = AXIS2_PLACEMENT_3D ( 'NONE', #142, #851, #1056 ) ;
#488 = CIRCLE ( 'NONE', #763, 0.01999999999999994491 ) ;
#489 = CARTESIAN_POINT ( 'NONE',  ( 0.6250000000000005551, 0.6849999999999993872, 0.7874999999999999778 ) ) ;
#490 = ORIENTED_EDGE ( 'NONE', *, *, #959, .F. ) ;
#491 = CARTESIAN_POINT ( 'NONE',  ( -0.9294289299236822011, 0.1699999999999999012, -0.5124999999999999556 ) ) ;
#492 = CARTESIAN_POINT ( 'NONE',  ( 0.9294289299236822011, 0.1699999999999999012, -0.5124999999999999556 ) ) ;
#493 = CIRCLE ( 'NONE', #1544, 0.06458303986989796797 ) ;
#494 = AXIS2_PLACEMENT_3D ( 'NONE', #214, #238, #1280 ) ;
#495 =( LENGTH_UNIT ( ) NAMED_UNIT ( * ) SI_UNIT ( .MILLI., .METRE. ) );
#496 = CARTESIAN_POINT ( 'NONE',  ( -0.3250000000000005662, 1.000000000000000666, -0.5999999999999957589 ) ) ;
#497 = ORIENTED_EDGE ( 'NONE', *, *, #1215, .F. ) ;
#498 = LINE ( 'NONE', #1850, #2132 ) ;
#499 = AXIS2_PLACEMENT_3D ( 'NONE', #434, #311, #1637 ) ;
#500 = EDGE_CURVE ( 'NONE', #1427, #433, #1790, .T. ) ;
#501 = ORIENTED_EDGE ( 'NONE', *, *, #395, .F. ) ;
#502 = FACE_OUTER_BOUND ( 'NONE', #2280, .T. ) ;
#503 = DIRECTION ( 'NONE',  ( 0.9848077530122081313, 0.1736481776669304145, 0.000000000000000000 ) ) ;
#504 = CARTESIAN_POINT ( 'NONE',  ( -0.9294289299236822011, -1.084202172485504434E-16, 0.7874999999999999778 ) ) ;
#505 = FACE_OUTER_BOUND ( 'NONE', #2311, .T. ) ;
#506 = EDGE_CURVE ( 'NONE', #1186, #360, #944, .T. ) ;
#507 = VERTEX_POINT ( 'NONE', #176 ) ;
#508 = EDGE_CURVE ( 'NONE', #825, #1427, #1781, .T. ) ;
#509 = DIRECTION ( 'NONE',  ( 1.000000000000000000, 0.000000000000000000, 0.000000000000000000 ) ) ;
#510 = EDGE_LOOP ( 'NONE', ( #425, #2397, #2393, #1523 ) ) ;
#511 = DIRECTION ( 'NONE',  ( -1.686042159303699286E-16, 1.000000000000000000, 0.000000000000000000 ) ) ;
#512 = CIRCLE ( 'NONE', #1954, 0.1000000000000000472 ) ;
#513 = PRODUCT_CONTEXT ( 'NONE', #1433, 'mechanical' ) ;
#514 = LINE ( 'NONE', #1239, #1303 ) ;
#515 = EDGE_CURVE ( 'NONE', #1687, #1427, #179, .T. ) ;
#516 = CARTESIAN_POINT ( 'NONE',  ( -0.6250000000000005551, 0.5149999999999993472, -0.5124999999999999556 ) ) ;
#517 = VERTEX_POINT ( 'NONE', #631 ) ;
#518 =( NAMED_UNIT ( * ) SI_UNIT ( $, .STERADIAN. ) SOLID_ANGLE_UNIT ( ) );
#519 = FACE_OUTER_BOUND ( 'NONE', #1485, .T. ) ;
#520 = ADVANCED_FACE ( 'NONE', ( #1770 ), #2168, .F. ) ;
#521 = ORIENTED_EDGE ( 'NONE', *, *, #966, .T. ) ;
#522 = LINE ( 'NONE', #732, #1331 ) ;
#523 = FACE_OUTER_BOUND ( 'NONE', #1933, .T. ) ;
#524 = PLANE ( 'NONE',  #2083 ) ;
#525 = EDGE_LOOP ( 'NONE', ( #1981, #1310, #1589, #1606 ) ) ;
#526 = LINE ( 'NONE', #1992, #1343 ) ;
#527 = CARTESIAN_POINT ( 'NONE',  ( 0.8560191963890481093, 0.4911518775150781613, 0.7874999999999999778 ) ) ;
#528 = AXIS2_PLACEMENT_3D ( 'NONE', #1489, #503, #232 ) ;
#529 = VERTEX_POINT ( 'NONE', #2133 ) ;
#530 = CARTESIAN_POINT ( 'NONE',  ( -0.9294289299236822011, 0.1899999999999998912, 0.1375000000000000389 ) ) ;
#531 = ORIENTED_EDGE ( 'NONE', *, *, #421, .F. ) ;
#532 = ORIENTED_EDGE ( 'NONE', *, *, #566, .T. ) ;
#533 = DIRECTION ( 'NONE',  ( -0.000000000000000000, -0.000000000000000000, -1.000000000000000000 ) ) ;
#534 = AXIS2_PLACEMENT_3D ( 'NONE', #192, #1055, #1847 ) ;
#535 = ORIENTED_EDGE ( 'NONE', *, *, #601, .F. ) ;
#536 = ADVANCED_FACE ( 'NONE', ( #1765 ), #612, .F. ) ;
#537 = EDGE_CURVE ( 'NONE', #216, #1380, #968, .T. ) ;
#538 = ORIENTED_EDGE ( 'NONE', *, *, #822, .F. ) ;
#539 = DIRECTION ( 'NONE',  ( -0.000000000000000000, -0.000000000000000000, -1.000000000000000000 ) ) ;
#540 = DIRECTION ( 'NONE',  ( 0.000000000000000000, -0.000000000000000000, -1.000000000000000000 ) ) ;
#541 = ORIENTED_EDGE ( 'NONE', *, *, #1067, .T. ) ;
#542 = CARTESIAN_POINT ( 'NONE',  ( -0.8560191963890481093, 0.4911518775150781613, 0.7874999999999999778 ) ) ;
#543 = EDGE_CURVE ( 'NONE', #8, #638, #1754, .T. ) ;
#544 = ORIENTED_EDGE ( 'NONE', *, *, #1049, .F. ) ;
#545 = ORIENTED_EDGE ( 'NONE', *, *, #1895, .F. ) ;
#546 = CARTESIAN_POINT ( 'NONE',  ( 0.6250000000000005551, 0.4504169601301014070, -0.5124999999999999556 ) ) ;
#547 = VERTEX_POINT ( 'NONE', #1929 ) ;
#548 = VECTOR ( 'NONE', #937, 1000.000000000000000 ) ;
#549 = ORIENTED_EDGE ( 'NONE', *, *, #2250, .F. ) ;
#550 = CARTESIAN_POINT ( 'NONE',  ( 0.6250000000000005551, 0.4504169601301014070, 0.7874999999999999778 ) ) ;
#551 = VERTEX_POINT ( 'NONE', #1075 ) ;
#552 = FILL_AREA_STYLE ('',( #36 ) ) ;
#553 = VERTEX_POINT ( 'NONE', #2094 ) ;
#554 = ORIENTED_EDGE ( 'NONE', *, *, #1071, .T. ) ;
#555 = LINE ( 'NONE', #1156, #2138 ) ;
#556 = CARTESIAN_POINT ( 'NONE',  ( -0.3250000000000005662, 1.000000000000000666, -0.6999999999999957367 ) ) ;
#557 = DIRECTION ( 'NONE',  ( 1.000000000000000000, 0.000000000000000000, 0.000000000000000000 ) ) ;
#558 = CARTESIAN_POINT ( 'NONE',  ( 0.9294289299236822011, 0.1699999999999999012, 0.7874999999999999778 ) ) ;
#559 = CARTESIAN_POINT ( 'NONE',  ( -0.9294289299236822011, 0.1699999999999999012, 0.7874999999999999778 ) ) ;
#560 = ORIENTED_EDGE ( 'NONE', *, *, #421, .T. ) ;
#561 = CARTESIAN_POINT ( 'NONE',  ( -0.7423154568513625762, 0.1570068462432830936, -0.5124999999999999556 ) ) ;
#562 =( GEOMETRIC_REPRESENTATION_CONTEXT ( 3 ) GLOBAL_UNCERTAINTY_ASSIGNED_CONTEXT ( ( #1282 ) ) GLOBAL_UNIT_ASSIGNED_CONTEXT ( ( #960, #219, #2024 ) ) REPRESENTATION_CONTEXT ( 'NONE', 'WORKASPACE' ) );
#563 = DIRECTION ( 'NONE',  ( -1.000000000000000000, 0.000000000000000000, 0.000000000000000000 ) ) ;
#564 = ADVANCED_FACE ( 'NONE', ( #1757 ), #1205, .F. ) ;
#565 = ORIENTED_EDGE ( 'NONE', *, *, #2085, .T. ) ;
#566 = EDGE_CURVE ( 'NONE', #2411, #2145, #1745, .T. ) ;
#567 = CARTESIAN_POINT ( 'NONE',  ( -0.6886018783769726204, 0.4616316873116999564, 0.1375000000000000389 ) ) ;
#568 = ORIENTED_EDGE ( 'NONE', *, *, #245, .T. ) ;
#569 = LINE ( 'NONE', #423, #1386 ) ;
#570 = LINE ( 'NONE', #1158, #2196 ) ;
#571 = ORIENTED_EDGE ( 'NONE', *, *, #822, .T. ) ;
#572 = LINE ( 'NONE', #669, #1390 ) ;
#573 = CARTESIAN_POINT ( 'NONE',  ( -0.9294289299236822011, 0.1899999999999998912, 0.7874999999999999778 ) ) ;
#574 = DIRECTION ( 'NONE',  ( -1.686042159303699286E-16, 1.000000000000000000, 0.000000000000000000 ) ) ;
#575 = PLANE ( 'NONE',  #133 ) ;
#576 = EDGE_CURVE ( 'NONE', #332, #660, #149, .T. ) ;
#577 = SURFACE_STYLE_FILL_AREA ( #274 ) ;
#578 = DIRECTION ( 'NONE',  ( -0.000000000000000000, -0.000000000000000000, -1.000000000000000000 ) ) ;
#579 = ORIENTED_EDGE ( 'NONE', *, *, #598, .F. ) ;
#580 = CARTESIAN_POINT ( 'NONE',  ( 0.6249999999999983347, 0.6849999999999993872, -0.9999999999999956701 ) ) ;
#581 = DIRECTION ( 'NONE',  ( -1.000000000000000000, -1.686042159303699286E-16, 0.000000000000000000 ) ) ;
#582 = ORIENTED_EDGE ( 'NONE', *, *, #1120, .F. ) ;
#583 = VECTOR ( 'NONE', #1792, 1000.000000000000114 ) ;
#584 = DIRECTION ( 'NONE',  ( -0.1378445374916289212, 0.9808148484639890308, -0.1378445374916289212 ) ) ;
#585 = ORIENTED_EDGE ( 'NONE', *, *, #500, .F. ) ;
#586 = LINE ( 'NONE', #1882, #1403 ) ;
#587 = CIRCLE ( 'NONE', #1184, 0.1899999999999999467 ) ;
#588 = AXIS2_PLACEMENT_3D ( 'NONE', #1574, #121, #876 ) ;
#589 = DIRECTION ( 'NONE',  ( -0.000000000000000000, -0.000000000000000000, -1.000000000000000000 ) ) ;
#590 = PLANE ( 'NONE',  #898 ) ;
#591 = COLOUR_RGB ( '',0.8000000000000000444, 0.8196078431372548767, 0.9333333333333333481 ) ;
#592 = ORIENTED_EDGE ( 'NONE', *, *, #199, .F. ) ;
#593 = ADVANCED_FACE ( 'NONE', ( #975 ), #100, .F. ) ;
#594 = CARTESIAN_POINT ( 'NONE',  ( -0.9294289299236822011, 0.1899999999999998912, 0.5124999999999999556 ) ) ;
#595 = MECHANICAL_DESIGN_GEOMETRIC_PRESENTATION_REPRESENTATION (  '', ( #1256 ), #2413 ) ;
#596 = CARTESIAN_POINT ( 'NONE',  ( 0.6249999999999983347, 0.6849999999999993872, -0.9999999999999956701 ) ) ;
#597 = EDGE_LOOP ( 'NONE', ( #2226, #1706, #2287, #1476 ) ) ;
#598 = EDGE_CURVE ( 'NONE', #1371, #2411, #1777, .T. ) ;
#599 = CARTESIAN_POINT ( 'NONE',  ( 0.6250000000000005551, 0.5149999999999993472, 0.7874999999999999778 ) ) ;
#600 = CYLINDRICAL_SURFACE ( 'NONE', #1226, 0.2345830398698979802 ) ;
#601 = EDGE_CURVE ( 'NONE', #470, #201, #130, .T. ) ;
#602 = ORIENTED_EDGE ( 'NONE', *, *, #2127, .F. ) ;
#603 = DIRECTION ( 'NONE',  ( 2.168404344971012566E-16, 0.000000000000000000, 1.000000000000000000 ) ) ;
#604 = ORIENTED_EDGE ( 'NONE', *, *, #1966, .F. ) ;
#605 = EDGE_CURVE ( 'NONE', #1986, #271, #135, .T. ) ;
#606 = DIRECTION ( 'NONE',  ( -0.000000000000000000, 1.000000000000000000, -0.000000000000000000 ) ) ;
#607 = CARTESIAN_POINT ( 'NONE',  ( 1.049999999999999822, 0.1699999999999999012, 0.7874999999999999778 ) ) ;
#608 = DIRECTION ( 'NONE',  ( 0.000000000000000000, 0.000000000000000000, -1.000000000000000000 ) ) ;
#609 = FACE_OUTER_BOUND ( 'NONE', #1166, .T. ) ;
#610 = FACE_OUTER_BOUND ( 'NONE', #1579, .T. ) ;
#611 = ORIENTED_EDGE ( 'NONE', *, *, #1153, .F. ) ;
#612 = PLANE ( 'NONE',  #2154 ) ;
#613 = LINE ( 'NONE', #376, #2218 ) ;
#614 = FACE_OUTER_BOUND ( 'NONE', #1157, .T. ) ;
#615 = PLANE ( 'NONE',  #494 ) ;
#616 = ORIENTED_EDGE ( 'NONE', *, *, #690, .T. ) ;
#617 = ADVANCED_FACE ( 'NONE', ( #948 ), #161, .T. ) ;
#618 = CIRCLE ( 'NONE', #2176, 0.06458303986989796797 ) ;
#619 = ORIENTED_EDGE ( 'NONE', *, *, #1175, .F. ) ;
#620 = DIRECTION ( 'NONE',  ( 0.000000000000000000, -0.000000000000000000, 1.000000000000000000 ) ) ;
#621 = PRESENTATION_LAYER_ASSIGNMENT (  '', '', ( #240 ) ) ;
#622 = FACE_OUTER_BOUND ( 'NONE', #326, .T. ) ;
#623 = LINE ( 'NONE', #392, #655 ) ;
#624 = ORIENTED_EDGE ( 'NONE', *, *, #938, .T. ) ;
#625 = ORIENTED_EDGE ( 'NONE', *, *, #1053, .T. ) ;
#626 = SURFACE_SIDE_STYLE ('',( #577 ) ) ;
#627 = CARTESIAN_POINT ( 'NONE',  ( -0.9294289299236822011, -1.084202172485504434E-16, -0.7874999999999999778 ) ) ;
#628 = CARTESIAN_POINT ( 'NONE',  ( 0.8560191963890481093, 0.4911518775150781613, -0.5124999999999999556 ) ) ;
#629 = AXIS2_PLACEMENT_3D ( 'NONE', #1916, #1051, #1492 ) ;
#630 = ORIENTED_EDGE ( 'NONE', *, *, #1562, .T. ) ;
#631 = CARTESIAN_POINT ( 'NONE',  ( 0.6250000000000005551, 0.5149999999999993472, 0.5124999999999999556 ) ) ;
#632 = PLANE ( 'NONE',  #1309 ) ;
#633 = EDGE_CURVE ( 'NONE', #1739, #1814, #143, .T. ) ;
#634 = ORIENTED_EDGE ( 'NONE', *, *, #372, .T. ) ;
#635 = VECTOR ( 'NONE', #134, 1000.000000000000000 ) ;
#636 = DIRECTION ( 'NONE',  ( -0.1391731009600657432, 0.9902680687415703620, 0.000000000000000000 ) ) ;
#637 = VECTOR ( 'NONE', #107, 1000.000000000000000 ) ;
#638 = VERTEX_POINT ( 'NONE', #653 ) ;
#639 = VECTOR ( 'NONE', #239, 1000.000000000000000 ) ;
#640 = PLANE ( 'NONE',  #97 ) ;
#641 = VERTEX_POINT ( 'NONE', #454 ) ;
#642 = EDGE_CURVE ( 'NONE', #1937, #743, #169, .T. ) ;
#643 = ORIENTED_EDGE ( 'NONE', *, *, #1211, .T. ) ;
#644 = ADVANCED_FACE ( 'NONE', ( #969 ), #1845, .F. ) ;
#645 = CARTESIAN_POINT ( 'NONE',  ( 0.6249999999999983347, 0.6849999999999993872, -0.9999999999999956701 ) ) ;
#646 = COLOUR_RGB ( '',0.8000000000000000444, 0.8196078431372548767, 0.9333333333333333481 ) ;
#647 = ORIENTED_EDGE ( 'NONE', *, *, #2282, .F. ) ;
#648 = CIRCLE ( 'NONE', #194, 0.1000000000000000472 ) ;
#649 = ORIENTED_EDGE ( 'NONE', *, *, #1190, .F. ) ;
#650 = LINE ( 'NONE', #899, #1471 ) ;
#651 = VERTEX_POINT ( 'NONE', #1074 ) ;
#652 = DIRECTION ( 'NONE',  ( 1.000000000000000000, 0.000000000000000000, 0.000000000000000000 ) ) ;
#653 = CARTESIAN_POINT ( 'NONE',  ( 1.049999999999999822, 0.1699999999999999012, -0.5124999999999999556 ) ) ;
#654 = PLANE ( 'NONE',  #2037 ) ;
#655 = VECTOR ( 'NONE', #831, 1000.000000000000000 ) ;
#656 = VERTEX_POINT ( 'NONE', #1671 ) ;
#657 = DIRECTION ( 'NONE',  ( 0.000000000000000000, 1.000000000000000000, 0.000000000000000000 ) ) ;
#658 = ORIENTED_EDGE ( 'NONE', *, *, #1783, .T. ) ;
#659 = DIRECTION ( 'NONE',  ( -0.000000000000000000, 0.000000000000000000, 1.000000000000000000 ) ) ;
#660 = VERTEX_POINT ( 'NONE', #1412 ) ;
#661 = FACE_OUTER_BOUND ( 'NONE', #1454, .T. ) ;
#662 = VERTEX_POINT ( 'NONE', #427 ) ;
#663 = LINE ( 'NONE', #114, #2258 ) ;
#664 = ORIENTED_EDGE ( 'NONE', *, *, #1018, .F. ) ;
#665 = VERTEX_POINT ( 'NONE', #627 ) ;
#666 = DIRECTION ( 'NONE',  ( -1.000000000000000000, 0.000000000000000000, 0.000000000000000000 ) ) ;
#667 = MECHANICAL_DESIGN_GEOMETRIC_PRESENTATION_REPRESENTATION (  '', ( #2142 ), #2080 ) ;
#668 = EDGE_LOOP ( 'NONE', ( #1207, #1225, #2376, #1283 ) ) ;
#669 = CARTESIAN_POINT ( 'NONE',  ( 0.7423154568513625762, 0.1570068462432830936, -0.5124999999999999556 ) ) ;
#670 = ORIENTED_EDGE ( 'NONE', *, *, #2006, .F. ) ;
#671 = ADVANCED_FACE ( 'NONE', ( #1768 ), #942, .F. ) ;
#672 = ORIENTED_EDGE ( 'NONE', *, *, #537, .F. ) ;
#673 = EDGE_CURVE ( 'NONE', #2362, #1751, #1750, .T. ) ;
#674 = ORIENTED_EDGE ( 'NONE', *, *, #1834, .T. ) ;
#675 = CARTESIAN_POINT ( 'NONE',  ( -0.8560191963890481093, 0.4911518775150781613, -0.1375000000000000389 ) ) ;
#676 = DIRECTION ( 'NONE',  ( 0.1736481776669303312, 0.9848077530122080203, 0.000000000000000000 ) ) ;
#677 = PLANE ( 'NONE',  #104 ) ;
#678 = LINE ( 'NONE', #527, #781 ) ;
#679 = FACE_OUTER_BOUND ( 'NONE', #319, .T. ) ;
#680 = EDGE_CURVE ( 'NONE', #78, #641, #962, .T. ) ;
#681 = DIRECTION ( 'NONE',  ( 0.000000000000000000, 1.000000000000000000, 0.000000000000000000 ) ) ;
#682 = ORIENTED_EDGE ( 'NONE', *, *, #1703, .F. ) ;
#683 = EDGE_LOOP ( 'NONE', ( #682, #1588, #2056, #1177 ) ) ;
#684 = CIRCLE ( 'NONE', #2274, 0.2345830398698980357 ) ;
#685 = LINE ( 'NONE', #1348, #1434 ) ;
#686 = DIRECTION ( 'NONE',  ( -1.000000000000000000, 0.000000000000000000, 0.000000000000000000 ) ) ;
#687 = FACE_OUTER_BOUND ( 'NONE', #2323, .T. ) ;
#688 = ORIENTED_EDGE ( 'NONE', *, *, #738, .F. ) ;
#689 = UNCERTAINTY_MEASURE_WITH_UNIT (LENGTH_MEASURE( 1.000000000000000082E-05 ), #484, 'distance_accuracy_value', 'NONE');
#690 = EDGE_CURVE ( 'NONE', #1253, #743, #1774, .T. ) ;
#691 = CARTESIAN_POINT ( 'NONE',  ( -0.6886018783769726204, 0.4616316873116999564, 0.7874999999999999778 ) ) ;
#692 = ORIENTED_EDGE ( 'NONE', *, *, #605, .T. ) ;
#693 = CIRCLE ( 'NONE', #811, 0.01999999999999994491 ) ;
#694 = SHAPE_DEFINITION_REPRESENTATION ( #1546, #1034 ) ;
#695 = VECTOR ( 'NONE', #540, 1000.000000000000000 ) ;
#696 = EDGE_LOOP ( 'NONE', ( #1747, #1399, #2276, #2016 ) ) ;
#697 = DIRECTION ( 'NONE',  ( 0.000000000000000000, 0.1391731009600657432, -0.9902680687415703620 ) ) ;
#698 = DIRECTION ( 'NONE',  ( -0.000000000000000000, 1.000000000000000000, -0.000000000000000000 ) ) ;
#699 = ORIENTED_EDGE ( 'NONE', *, *, #1370, .F. ) ;
#700 = VECTOR ( 'NONE', #308, 1000.000000000000000 ) ;
#701 = VECTOR ( 'NONE', #2078, 1000.000000000000000 ) ;
#702 = DIRECTION ( 'NONE',  ( 0.000000000000000000, -0.000000000000000000, -1.000000000000000000 ) ) ;
#703 = VECTOR ( 'NONE', #1969, 1000.000000000000000 ) ;
#704 = ORIENTED_EDGE ( 'NONE', *, *, #1167, .F. ) ;
#705 = ORIENTED_EDGE ( 'NONE', *, *, #1047, .T. ) ;
#706 = DIRECTION ( 'NONE',  ( -0.1736481776669303589, -0.9848077530122080203, 0.000000000000000000 ) ) ;
#707 = FACE_OUTER_BOUND ( 'NONE', #1133, .T. ) ;
#708 = CIRCLE ( 'NONE', #956, 0.06458303986989796797 ) ;
#709 = ORIENTED_EDGE ( 'NONE', *, *, #2246, .F. ) ;
#710 = DIRECTION ( 'NONE',  ( 0.000000000000000000, 0.000000000000000000, 1.000000000000000000 ) ) ;
#711 = ORIENTED_EDGE ( 'NONE', *, *, #181, .T. ) ;
#712 = MECHANICAL_DESIGN_GEOMETRIC_PRESENTATION_REPRESENTATION (  '', ( #1529 ), #1861 ) ;
#713 = LINE ( 'NONE', #2366, #2342 ) ;
#714 = DIRECTION ( 'NONE',  ( -1.000000000000000000, 0.000000000000000000, 0.000000000000000000 ) ) ;
#715 = ORIENTED_EDGE ( 'NONE', *, *, #1731, .T. ) ;
#716 = ORIENTED_EDGE ( 'NONE', *, *, #1957, .F. ) ;
#717 = DIRECTION ( 'NONE',  ( 0.000000000000000000, 0.000000000000000000, 1.000000000000000000 ) ) ;
#718 = ORIENTED_EDGE ( 'NONE', *, *, #1049, .T. ) ;
#719 = LINE ( 'NONE', #404, #1583 ) ;
#720 = AXIS2_PLACEMENT_3D ( 'NONE', #1839, #2150, #2388 ) ;
#721 = VECTOR ( 'NONE', #922, 1000.000000000000000 ) ;
#722 = ORIENTED_EDGE ( 'NONE', *, *, #395, .T. ) ;
#723 = ORIENTED_EDGE ( 'NONE', *, *, #217, .F. ) ;
#724 = FACE_OUTER_BOUND ( 'NONE', #182, .T. ) ;
#725 = LINE ( 'NONE', #136, #2296 ) ;
#726 = STYLED_ITEM ( 'NONE', ( #793 ), #34 ) ;
#727 = ORIENTED_EDGE ( 'NONE', *, *, #1783, .F. ) ;
#728 = ORIENTED_EDGE ( 'NONE', *, *, #1014, .T. ) ;
#729 = CARTESIAN_POINT ( 'NONE',  ( -0.6250000000000005551, 0.5149999999999993472, 0.5124999999999999556 ) ) ;
#730 = CIRCLE ( 'NONE', #2028, 0.06458303986989796797 ) ;
#731 = LINE ( 'NONE', #1398, #2391 ) ;
#732 = CARTESIAN_POINT ( 'NONE',  ( 0.6886018783769726204, 0.4616316873116999564, -0.5124999999999999556 ) ) ;
#733 = CARTESIAN_POINT ( 'NONE',  ( -0.9294289299236822011, 0.1699999999999999012, -0.5124999999999999556 ) ) ;
#734 = VERTEX_POINT ( 'NONE', #1116 ) ;
#735 = ORIENTED_EDGE ( 'NONE', *, *, #229, .F. ) ;
#736 = FACE_OUTER_BOUND ( 'NONE', #1191, .T. ) ;
#737 = CARTESIAN_POINT ( 'NONE',  ( -0.6886018783769726204, 0.4616316873116999564, -0.7874999999999999778 ) ) ;
#738 = EDGE_CURVE ( 'NONE', #2155, #144, #1787, .T. ) ;
#739 = ORIENTED_EDGE ( 'NONE', *, *, #1503, .F. ) ;
#740 = ORIENTED_EDGE ( 'NONE', *, *, #347, .F. ) ;
#741 = LINE ( 'NONE', #2257, #1554 ) ;
#742 = ORIENTED_EDGE ( 'NONE', *, *, #2255, .T. ) ;
#743 = VERTEX_POINT ( 'NONE', #2194 ) ;
#744 = CARTESIAN_POINT ( 'NONE',  ( -0.3250000000000005662, 0.7171572875253815482, -0.7999999999999958256 ) ) ;
#745 = ORIENTED_EDGE ( 'NONE', *, *, #263, .F. ) ;
#746 = LINE ( 'NONE', #431, #2312 ) ;
#747 = ADVANCED_FACE ( 'NONE', ( #987 ), #120, .F. ) ;
#748 = LINE ( 'NONE', #262, #695 ) ;
#749 = EDGE_LOOP ( 'NONE', ( #456, #1266, #1947, #616 ) ) ;
#750 = CARTESIAN_POINT ( 'NONE',  ( -0.5666755535985080749, 0.1000000000000003109, -0.9416755535985031900 ) ) ;
#751 = ORIENTED_EDGE ( 'NONE', *, *, #1120, .T. ) ;
#752 = CARTESIAN_POINT ( 'NONE',  ( -0.3250000000000005662, 1.100000000000000755, -0.7999999999999958256 ) ) ;
#753 = LINE ( 'NONE', #79, #1577 ) ;
#754 = CARTESIAN_POINT ( 'NONE',  ( -0.3250000000000005662, 1.000000000000000666, -0.6999999999999957367 ) ) ;
#755 = EDGE_LOOP ( 'NONE', ( #384, #1197, #2387, #2025 ) ) ;
#756 = AXIS2_PLACEMENT_3D ( 'NONE', #550, #1026, #1893 ) ;
#757 = ORIENTED_EDGE ( 'NONE', *, *, #904, .T. ) ;
#758 = FACE_OUTER_BOUND ( 'NONE', #1760, .T. ) ;
#759 = DIRECTION ( 'NONE',  ( 0.000000000000000000, 0.000000000000000000, 1.000000000000000000 ) ) ;
#760 = CARTESIAN_POINT ( 'NONE',  ( -0.6250000000000005551, 0.6849999999999993872, -0.7874999999999999778 ) ) ;
#761 = ORIENTED_EDGE ( 'NONE', *, *, #270, .T. ) ;
#762 = EDGE_LOOP ( 'NONE', ( #1238, #422, #445, #1330 ) ) ;
#763 = AXIS2_PLACEMENT_3D ( 'NONE', #468, #1269, #1708 ) ;
#764 = ORIENTED_EDGE ( 'NONE', *, *, #864, .F. ) ;
#765 = LINE ( 'NONE', #1208, #700 ) ;
#766 = LINE ( 'NONE', #489, #1622 ) ;
#767 = FACE_OUTER_BOUND ( 'NONE', #1243, .T. ) ;
#768 = EDGE_LOOP ( 'NONE', ( #371, #784, #1149, #1600 ) ) ;
#769 = DIRECTION ( 'NONE',  ( -1.000000000000000000, -0.000000000000000000, -0.000000000000000000 ) ) ;
#770 =( LENGTH_UNIT ( ) NAMED_UNIT ( * ) SI_UNIT ( .MILLI., .METRE. ) );
#771 = ORIENTED_EDGE ( 'NONE', *, *, #2335, .F. ) ;
#772 = ADVANCED_FACE ( 'NONE', ( #939 ), #952, .T. ) ;
#773 = AXIS2_PLACEMENT_3D ( 'NONE', #2415, #1956, #205 ) ;
#774 = CARTESIAN_POINT ( 'NONE',  ( -0.6250000000000005551, 0.6849999999999993872, 0.1375000000000000389 ) ) ;
#775 = LINE ( 'NONE', #1021, #1604 ) ;
#776 = ORIENTED_EDGE ( 'NONE', *, *, #1841, .F. ) ;
#777 = EDGE_CURVE ( 'NONE', #1315, #2215, #488, .T. ) ;
#778 = VERTEX_POINT ( 'NONE', #2401 ) ;
#779 = ORIENTED_EDGE ( 'NONE', *, *, #304, .T. ) ;
#780 = CARTESIAN_POINT ( 'NONE',  ( -0.9294289299236822011, -1.084202172485504434E-16, -0.5124999999999999556 ) ) ;
#781 = VECTOR ( 'NONE', #854, 1000.000000000000227 ) ;
#782 = VECTOR ( 'NONE', #1030, 1000.000000000000000 ) ;
#783 = CARTESIAN_POINT ( 'NONE',  ( 0.6886018783769726204, 0.4616316873116999564, -0.5124999999999999556 ) ) ;
#784 = ORIENTED_EDGE ( 'NONE', *, *, #2039, .F. ) ;
#785 = DIRECTION ( 'NONE',  ( 0.000000000000000000, 0.000000000000000000, 1.000000000000000000 ) ) ;
#786 = EDGE_CURVE ( 'NONE', #2100, #332, #437, .T. ) ;
#787 = VERTEX_POINT ( 'NONE', #2430 ) ;
#788 = CIRCLE ( 'NONE', #2055, 0.1899999999999999467 ) ;
#789 = MANIFOLD_SOLID_BREP ( 'LPattern1[2]', #1279 ) ;
#790 = DIRECTION ( 'NONE',  ( 0.000000000000000000, 0.9902680687415703620, -0.1391731009600657432 ) ) ;
#791 = LINE ( 'NONE', #2166, #2429 ) ;
#792 = CARTESIAN_POINT ( 'NONE',  ( -0.9294289299236822011, 0.1699999999999999012, 0.1375000000000000389 ) ) ;
#793 = PRESENTATION_STYLE_ASSIGNMENT (( #225 ) ) ;
#794 = ORIENTED_EDGE ( 'NONE', *, *, #515, .T. ) ;
#795 = ORIENTED_EDGE ( 'NONE', *, *, #266, .F. ) ;
#796 = CIRCLE ( 'NONE', #588, 0.06458303986989796797 ) ;
#797 = CIRCLE ( 'NONE', #853, 0.1899999999999999467 ) ;
#798 = ORIENTED_EDGE ( 'NONE', *, *, #2381, .F. ) ;
#799 = ORIENTED_EDGE ( 'NONE', *, *, #1148, .T. ) ;
#800 = CARTESIAN_POINT ( 'NONE',  ( -0.9294289299236822011, -1.084202172485504434E-16, 0.7874999999999999778 ) ) ;
#801 = VERTEX_POINT ( 'NONE', #1240 ) ;
#802 = CYLINDRICAL_SURFACE ( 'NONE', #2316, 0.06458303986989796797 ) ;
#803 = CARTESIAN_POINT ( 'NONE',  ( -0.9097327748634380651, 0.1865270364466612429, 0.1375000000000000389 ) ) ;
#804 = SURFACE_STYLE_FILL_AREA ( #1885 ) ;
#805 = ORIENTED_EDGE ( 'NONE', *, *, #1957, .T. ) ;
#806 = ORIENTED_EDGE ( 'NONE', *, *, #304, .F. ) ;
#807 = ADVANCED_FACE ( 'NONE', ( #505 ), #1267, .F. ) ;
#808 = CARTESIAN_POINT ( 'NONE',  ( -0.9294289299236822011, -1.084202172485504434E-16, -0.5124999999999999556 ) ) ;
#809 = LINE ( 'NONE', #320, #1526 ) ;
#810 = CYLINDRICAL_SURFACE ( 'NONE', #1099, 0.01999999999999994491 ) ;
#811 = AXIS2_PLACEMENT_3D ( 'NONE', #2252, #236, #267 ) ;
#812 = ORIENTED_EDGE ( 'NONE', *, *, #478, .F. ) ;
#813 = ORIENTED_EDGE ( 'NONE', *, *, #198, .T. ) ;
#814 = EDGE_LOOP ( 'NONE', ( #2279, #902, #888, #315, #1408, #1945, #1349, #845, #852, #59 ) ) ;
#815 = VECTOR ( 'NONE', #1766, 1000.000000000000000 ) ;
#816 = CARTESIAN_POINT ( 'NONE',  ( -0.6250000000000005551, 0.5149999999999993472, 0.7874999999999999778 ) ) ;
#817 = FACE_OUTER_BOUND ( 'NONE', #1123, .T. ) ;
#818 = SURFACE_SIDE_STYLE ('',( #1484 ) ) ;
#819 = LINE ( 'NONE', #275, #916 ) ;
#820 = AXIS2_PLACEMENT_3D ( 'NONE', #377, #1180, #557 ) ;
#821 = ORIENTED_EDGE ( 'NONE', *, *, #1421, .T. ) ;
#822 = EDGE_CURVE ( 'NONE', #1290, #32, #1292, .T. ) ;
#823 = LINE ( 'NONE', #1204, #2396 ) ;
#824 = CYLINDRICAL_SURFACE ( 'NONE', #1288, 0.01999999999999994491 ) ;
#825 = VERTEX_POINT ( 'NONE', #1662 ) ;
#826 = EDGE_CURVE ( 'NONE', #2362, #778, #2088, .T. ) ;
#827 = CARTESIAN_POINT ( 'NONE',  ( 0.6250000000000005551, 0.4504169601301014070, -0.5124999999999999556 ) ) ;
#828 = DIRECTION ( 'NONE',  ( -1.000000000000000000, 0.000000000000000000, 0.000000000000000000 ) ) ;
#829 = CARTESIAN_POINT ( 'NONE',  ( 0.6249999999999987788, 0.6849999999999993872, 1.000000000000000888 ) ) ;
#830 = VECTOR ( 'NONE', #1714, 1000.000000000000000 ) ;
#831 = DIRECTION ( 'NONE',  ( 0.000000000000000000, -0.000000000000000000, -1.000000000000000000 ) ) ;
#832 = ORIENTED_EDGE ( 'NONE', *, *, #378, .T. ) ;
#833 = CARTESIAN_POINT ( 'NONE',  ( 0.9294289299236822011, 0.1699999999999999012, 0.5124999999999999556 ) ) ;
#834 = CIRCLE ( 'NONE', #756, 0.2345830398698980357 ) ;
#835 = FACE_OUTER_BOUND ( 'NONE', #1528, .T. ) ;
#836 = FACE_OUTER_BOUND ( 'NONE', #2236, .T. ) ;
#837 = ORIENTED_EDGE ( 'NONE', *, *, #642, .F. ) ;
#838 = FACE_OUTER_BOUND ( 'NONE', #762, .T. ) ;
#839 = CARTESIAN_POINT ( 'NONE',  ( 1.049999999999999822, 0.1699999999999999012, 0.7874999999999999778 ) ) ;
#840 = VECTOR ( 'NONE', #147, 1000.000000000000000 ) ;
#841 = LINE ( 'NONE', #228, #1685 ) ;
#842 = ORIENTED_EDGE ( 'NONE', *, *, #1215, .T. ) ;
#843 = LINE ( 'NONE', #816, #1657 ) ;
#844 = VECTOR ( 'NONE', #1005, 1000.000000000000000 ) ;
#845 = ORIENTED_EDGE ( 'NONE', *, *, #233, .T. ) ;
#846 = DIRECTION ( 'NONE',  ( 0.1378445374916289490, -0.9808148484639890308, 0.1378445374916289212 ) ) ;
#847 = FACE_OUTER_BOUND ( 'NONE', #683, .T. ) ;
#848 = DIRECTION ( 'NONE',  ( -0.000000000000000000, -0.000000000000000000, -1.000000000000000000 ) ) ;
#849 = CIRCLE ( 'NONE', #1819, 0.1000000000000000472 ) ;
#850 = LINE ( 'NONE', #1784, #1736 ) ;
#851 = DIRECTION ( 'NONE',  ( -0.000000000000000000, 0.000000000000000000, 1.000000000000000000 ) ) ;
#852 = ORIENTED_EDGE ( 'NONE', *, *, #1899, .T. ) ;
#853 = AXIS2_PLACEMENT_3D ( 'NONE', #218, #2009, #652 ) ;
#854 = DIRECTION ( 'NONE',  ( 0.1736481776669303589, -0.9848077530122080203, 0.000000000000000000 ) ) ;
#855 = COLOUR_RGB ( '',0.2509803921568627416, 0.2509803921568627416, 0.2509803921568627416 ) ;
#856 = LINE ( 'NONE', #1896, #16 ) ;
#857 = VECTOR ( 'NONE', #105, 1000.000000000000000 ) ;
#858 = ORIENTED_EDGE ( 'NONE', *, *, #2332, .T. ) ;
#859 = AXIS2_PLACEMENT_3D ( 'NONE', #380, #390, #1569 ) ;
#860 = SURFACE_STYLE_FILL_AREA ( #1737 ) ;
#861 = CARTESIAN_POINT ( 'NONE',  ( -0.3250000000000005662, 1.000000000000000666, -0.6999999999999957367 ) ) ;
#862 = VECTOR ( 'NONE', #254, 1000.000000000000000 ) ;
#863 = VECTOR ( 'NONE', #1326, 1000.000000000000000 ) ;
#864 = EDGE_CURVE ( 'NONE', #144, #920, #514, .T. ) ;
#865 = ORIENTED_EDGE ( 'NONE', *, *, #1776, .T. ) ;
#866 = LINE ( 'NONE', #2053, #637 ) ;
#867 = CYLINDRICAL_SURFACE ( 'NONE', #346, 0.1899999999999999467 ) ;
#868 = EDGE_LOOP ( 'NONE', ( #1494, #649, #1711, #1423 ) ) ;
#869 = DIRECTION ( 'NONE',  ( 0.000000000000000000, 0.000000000000000000, 1.000000000000000000 ) ) ;
#870 = DIRECTION ( 'NONE',  ( 0.9848077530122081313, -0.1736481776669303589, 0.000000000000000000 ) ) ;
#871 = EDGE_CURVE ( 'NONE', #312, #2206, #458, .T. ) ;
#872 = DIRECTION ( 'NONE',  ( -0.000000000000000000, 0.000000000000000000, -1.000000000000000000 ) ) ;
#873 = VECTOR ( 'NONE', #1109, 1000.000000000000000 ) ;
#874 = FACE_OUTER_BOUND ( 'NONE', #1161, .T. ) ;
#875 = ORIENTED_EDGE ( 'NONE', *, *, #1053, .F. ) ;
#876 = DIRECTION ( 'NONE',  ( 1.000000000000000000, 0.000000000000000000, 0.000000000000000000 ) ) ;
#877 = CIRCLE ( 'NONE', #408, 0.1000000000000000472 ) ;
#878 = CYLINDRICAL_SURFACE ( 'NONE', #370, 0.1000000000000000472 ) ;
#879 = ORIENTED_EDGE ( 'NONE', *, *, #1960, .F. ) ;
#880 = ADVANCED_FACE ( 'NONE', ( #2098 ), #1259, .T. ) ;
#881 = CARTESIAN_POINT ( 'NONE',  ( 0.6250000000000005551, 0.4504169601301014070, 0.5124999999999999556 ) ) ;
#882 = VECTOR ( 'NONE', #706, 1000.000000000000227 ) ;
#883 = VECTOR ( 'NONE', #341, 1000.000000000000000 ) ;
#884 = ORIENTED_EDGE ( 'NONE', *, *, #199, .T. ) ;
#885 = COLOUR_RGB ( '',0.8000000000000000444, 0.8196078431372548767, 0.9333333333333333481 ) ;
#886 = AXIS2_PLACEMENT_3D ( 'NONE', #2063, #1465, #2049 ) ;
#887 = VECTOR ( 'NONE', #1095, 1000.000000000000227 ) ;
#888 = ORIENTED_EDGE ( 'NONE', *, *, #2326, .T. ) ;
#889 = CARTESIAN_POINT ( 'NONE',  ( -0.6250000000000005551, 0.6849999999999993872, -0.9999999999999956701 ) ) ;
#890 = DIRECTION ( 'NONE',  ( -0.000000000000000000, -0.000000000000000000, -1.000000000000000000 ) ) ;
#891 = FACE_OUTER_BOUND ( 'NONE', #2284, .T. ) ;
#892 = AXIS2_PLACEMENT_3D ( 'NONE', #1136, #994, #55 ) ;
#893 = CARTESIAN_POINT ( 'NONE',  ( 0.6249999999999983347, 0.5149999999999993472, -0.9999999999999956701 ) ) ;
#894 = VERTEX_POINT ( 'NONE', #2175 ) ;
#895 = DIRECTION ( 'NONE',  ( -0.000000000000000000, -0.000000000000000000, -1.000000000000000000 ) ) ;
#896 = VECTOR ( 'NONE', #440, 1000.000000000000000 ) ;
#897 = EDGE_LOOP ( 'NONE', ( #1878, #1392, #611, #2266 ) ) ;
#898 = AXIS2_PLACEMENT_3D ( 'NONE', #908, #870, #1829 ) ;
#899 = CARTESIAN_POINT ( 'NONE',  ( -0.9294289299236822011, 0.1699999999999999012, 0.1375000000000000389 ) ) ;
#900 = PLANE ( 'NONE',  #1798 ) ;
#901 = VECTOR ( 'NONE', #2026, 1000.000000000000000 ) ;
#902 = ORIENTED_EDGE ( 'NONE', *, *, #1153, .T. ) ;
#903 = ADVANCED_FACE ( 'NONE', ( #1327 ), #900, .F. ) ;
#904 = EDGE_CURVE ( 'NONE', #734, #328, #1285, .T. ) ;
#905 = EDGE_LOOP ( 'NONE', ( #1502, #2259, #1443, #122 ) ) ;
#906 = DIRECTION ( 'NONE',  ( -0.000000000000000000, -0.000000000000000000, -1.000000000000000000 ) ) ;
#907 = CARTESIAN_POINT ( 'NONE',  ( -0.6886018783769726204, 0.4616316873116999564, -0.5124999999999999556 ) ) ;
#908 = CARTESIAN_POINT ( 'NONE',  ( -0.8560191963890481093, 0.4911518775150781613, -0.5124999999999999556 ) ) ;
#909 = LINE ( 'NONE', #2220, #883 ) ;
#910 = DIRECTION ( 'NONE',  ( 1.000000000000000000, 0.000000000000000000, 0.000000000000000000 ) ) ;
#911 = ORIENTED_EDGE ( 'NONE', *, *, #1402, .F. ) ;
#912 = DIRECTION ( 'NONE',  ( -0.1378445374916289212, -0.9808148484639890308, 0.1378445374916289212 ) ) ;
#913 = ORIENTED_EDGE ( 'NONE', *, *, #601, .T. ) ;
#914 = CARTESIAN_POINT ( 'NONE',  ( -0.6250000000000005551, 0.4504169601301014070, -0.7874999999999999778 ) ) ;
#915 = CARTESIAN_POINT ( 'NONE',  ( -0.9294289299236822011, 0.1899999999999998912, -0.5124999999999999556 ) ) ;
#916 = VECTOR ( 'NONE', #1672, 1000.000000000000000 ) ;
#917 = ORIENTED_EDGE ( 'NONE', *, *, #1610, .T. ) ;
#918 = AXIS2_PLACEMENT_3D ( 'NONE', #1901, #444, #927 ) ;
#919 = VECTOR ( 'NONE', #415, 1000.000000000000227 ) ;
#920 = VERTEX_POINT ( 'NONE', #2428 ) ;
#921 = DIRECTION ( 'NONE',  ( -1.000000000000000000, 0.000000000000000000, 0.000000000000000000 ) ) ;
#922 = DIRECTION ( 'NONE',  ( -0.000000000000000000, -0.000000000000000000, -1.000000000000000000 ) ) ;
#923 = ADVANCED_FACE ( 'NONE', ( #519 ), #2126, .T. ) ;
#924 = DIRECTION ( 'NONE',  ( -1.000000000000000000, 1.686042159303699286E-16, 0.000000000000000000 ) ) ;
#925 = SURFACE_SIDE_STYLE ('',( #2325 ) ) ;
#926 = ORIENTED_EDGE ( 'NONE', *, *, #1602, .F. ) ;
#927 = DIRECTION ( 'NONE',  ( -1.000000000000000000, 0.000000000000000000, 0.000000000000000000 ) ) ;
#928 = AXIS2_PLACEMENT_3D ( 'NONE', #1429, #1450, #211 ) ;
#929 = LINE ( 'NONE', #158, #106 ) ;
#930 = ORIENTED_EDGE ( 'NONE', *, *, #2120, .F. ) ;
#931 = EDGE_CURVE ( 'NONE', #1950, #216, #2077, .T. ) ;
#932 = DIRECTION ( 'NONE',  ( 0.000000000000000000, 1.000000000000000000, 0.000000000000000000 ) ) ;
#933 = VECTOR ( 'NONE', #1592, 1000.000000000000000 ) ;
#934 = CARTESIAN_POINT ( 'NONE',  ( 0.6249999999999987788, 0.1000000000000003109, 0.9416755535985084080 ) ) ;
#935 = ORIENTED_EDGE ( 'NONE', *, *, #73, .F. ) ;
#936 = LINE ( 'NONE', #599, #980 ) ;
#937 = DIRECTION ( 'NONE',  ( 0.000000000000000000, 0.000000000000000000, 1.000000000000000000 ) ) ;
#938 = EDGE_CURVE ( 'NONE', #1286, #312, #2103, .T. ) ;
#939 = FACE_OUTER_BOUND ( 'NONE', #814, .T. ) ;
#940 = VERTEX_POINT ( 'NONE', #1707 ) ;
#941 = DIRECTION ( 'NONE',  ( 1.000000000000000000, 1.686042159303699286E-16, -0.000000000000000000 ) ) ;
#942 = PLANE ( 'NONE',  #2112 ) ;
#943 = DIRECTION ( 'NONE',  ( 0.1736481776669303589, -0.9848077530122080203, 0.000000000000000000 ) ) ;
#944 = LINE ( 'NONE', #288, #919 ) ;
#945 = ORIENTED_EDGE ( 'NONE', *, *, #1874, .F. ) ;
#946 = CARTESIAN_POINT ( 'NONE',  ( 0.6249999999999987788, 0.6849999999999993872, 1.000000000000000888 ) ) ;
#947 = PRODUCT_DEFINITION_FORMATION_WITH_SPECIFIED_SOURCE ( 'ANY', '', #1001, .NOT_KNOWN. ) ;
#948 = FACE_OUTER_BOUND ( 'NONE', #338, .T. ) ;
#949 = ORIENTED_EDGE ( 'NONE', *, *, #45, .T. ) ;
#950 = DIRECTION ( 'NONE',  ( -1.000000000000000000, 1.686042159303699286E-16, 0.000000000000000000 ) ) ;
#951 = AXIS2_PLACEMENT_3D ( 'NONE', #2135, #1077, #686 ) ;
#952 = PLANE ( 'NONE',  #1849 ) ;
#953 = EDGE_LOOP ( 'NONE', ( #716, #745, #2040, #1092, #1552, #1216, #442, #699, #727, #2349 ) ) ;
#954 = CARTESIAN_POINT ( 'NONE',  ( -1.049999999999999822, -1.287490079826536515E-16, 0.7874999999999999778 ) ) ;
#955 = LINE ( 'NONE', #47, #1801 ) ;
#956 = AXIS2_PLACEMENT_3D ( 'NONE', #2285, #1270, #116 ) ;
#957 = DIRECTION ( 'NONE',  ( 0.000000000000000000, 0.000000000000000000, 1.000000000000000000 ) ) ;
#958 = VECTOR ( 'NONE', #1124, 1000.000000000000227 ) ;
#959 = EDGE_CURVE ( 'NONE', #2359, #461, #2069, .T. ) ;
#960 =( LENGTH_UNIT ( ) NAMED_UNIT ( * ) SI_UNIT ( .MILLI., .METRE. ) );
#961 = DIRECTION ( 'NONE',  ( -0.000000000000000000, -0.000000000000000000, -1.000000000000000000 ) ) ;
#962 = LINE ( 'NONE', #1218, #965 ) ;
#963 = VECTOR ( 'NONE', #1764, 1000.000000000000227 ) ;
#964 = CARTESIAN_POINT ( 'NONE',  ( 0.9294289299236822011, 0.1899999999999998912, 0.7874999999999999778 ) ) ;
#965 = VECTOR ( 'NONE', #1645, 1000.000000000000114 ) ;
#966 = EDGE_CURVE ( 'NONE', #1342, #32, #1333, .T. ) ;
#967 = CARTESIAN_POINT ( 'NONE',  ( 0.9294289299236822011, 0.1699999999999999012, -0.7874999999999999778 ) ) ;
#968 = CIRCLE ( 'NONE', #1908, 0.1000000000000000472 ) ;
#969 = FACE_OUTER_BOUND ( 'NONE', #749, .T. ) ;
#970 = DIRECTION ( 'NONE',  ( -0.000000000000000000, -0.000000000000000000, -1.000000000000000000 ) ) ;
#971 = PLANE ( 'NONE',  #1934 ) ;
#972 = ADVANCED_FACE ( 'NONE', ( #1287 ), #2110, .T. ) ;
#973 = DIRECTION ( 'NONE',  ( 0.000000000000000000, -0.000000000000000000, -1.000000000000000000 ) ) ;
#974 = CARTESIAN_POINT ( 'NONE',  ( -1.049999999999999822, 0.1699999999999999012, -0.5124999999999999556 ) ) ;
#975 = FACE_OUTER_BOUND ( 'NONE', #1998, .T. ) ;
#976 = APPLICATION_PROTOCOL_DEFINITION ( 'draft international standard', 'automotive_design', 1998, #1433 ) ;
#977 = DIRECTION ( 'NONE',  ( -0.000000000000000000, -0.000000000000000000, -1.000000000000000000 ) ) ;
#978 = CARTESIAN_POINT ( 'NONE',  ( -0.3250000000000005662, 1.100000000000000755, -0.6999999999999957367 ) ) ;
#979 = VECTOR ( 'NONE', #173, 1000.000000000000000 ) ;
#980 = VECTOR ( 'NONE', #1058, 1000.000000000000000 ) ;
#981 = AXIS2_PLACEMENT_3D ( 'NONE', #483, #1977, #1223 ) ;
#982 = FACE_OUTER_BOUND ( 'NONE', #373, .T. ) ;
#983 = CARTESIAN_POINT ( 'NONE',  ( -0.6250000000000005551, 0.4504169601301014070, 0.1375000000000000389 ) ) ;
#984 = ADVANCED_FACE ( 'NONE', ( #523 ), #2352, .T. ) ;
#985 = CARTESIAN_POINT ( 'NONE',  ( 0.6250000000000005551, 0.6849999999999993872, -0.7874999999999999778 ) ) ;
#986 = EDGE_CURVE ( 'NONE', #547, #1380, #485, .T. ) ;
#987 = FACE_OUTER_BOUND ( 'NONE', #334, .T. ) ;
#988 = CARTESIAN_POINT ( 'NONE',  ( -0.3250000000000005662, 1.100000000000000755, -0.7999999999999958256 ) ) ;
#989 = CARTESIAN_POINT ( 'NONE',  ( 0.6250000000000005551, 0.5149999999999993472, 0.7874999999999999778 ) ) ;
#990 = ORIENTED_EDGE ( 'NONE', *, *, #2224, .T. ) ;
#991 = CARTESIAN_POINT ( 'NONE',  ( -0.6886018783769726204, 0.4616316873116999564, -0.1375000000000000389 ) ) ;
#992 = DIRECTION ( 'NONE',  ( 0.000000000000000000, -0.000000000000000000, -1.000000000000000000 ) ) ;
#993 = FACE_OUTER_BOUND ( 'NONE', #1257, .T. ) ;
#994 = DIRECTION ( 'NONE',  ( -0.9902680687415703620, -0.1391731009600657432, 0.000000000000000000 ) ) ;
#995 = DIRECTION ( 'NONE',  ( 0.000000000000000000, 0.000000000000000000, 1.000000000000000000 ) ) ;
#996 = PLANE ( 'NONE',  #1087 ) ;
#997 = ORIENTED_EDGE ( 'NONE', *, *, #45, .F. ) ;
#998 = VECTOR ( 'NONE', #578, 1000.000000000000000 ) ;
#999 = ORIENTED_EDGE ( 'NONE', *, *, #2216, .F. ) ;
#1000 = DIRECTION ( 'NONE',  ( -0.000000000000000000, 1.000000000000000000, -0.000000000000000000 ) ) ;
#1001 = PRODUCT ( 'MCP6001T-I_LT', 'MCP6001T-I_LT', '', ( #513 ) ) ;
#1002 =( NAMED_UNIT ( * ) SI_UNIT ( $, .STERADIAN. ) SOLID_ANGLE_UNIT ( ) );
#1003 = CIRCLE ( 'NONE', #1771, 0.2345830398698980357 ) ;
#1004 = CARTESIAN_POINT ( 'NONE',  ( -0.6250000000000005551, 0.6849999999999993872, 1.000000000000000888 ) ) ;
#1005 = DIRECTION ( 'NONE',  ( 0.000000000000000000, -0.000000000000000000, -1.000000000000000000 ) ) ;
#1006 = CARTESIAN_POINT ( 'NONE',  ( -0.6886018783769726204, 0.4616316873116999564, -0.7874999999999999778 ) ) ;
#1007 =( GEOMETRIC_REPRESENTATION_CONTEXT ( 3 ) GLOBAL_UNCERTAINTY_ASSIGNED_CONTEXT ( ( #1962 ) ) GLOBAL_UNIT_ASSIGNED_CONTEXT ( ( #1619, #2107, #172 ) ) REPRESENTATION_CONTEXT ( 'NONE', 'WORKASPACE' ) );
#1008 = ADVANCED_FACE ( 'NONE', ( #1341 ), #1059, .T. ) ;
#1009 = LINE ( 'NONE', #2237, #145 ) ;
#1010 = DIRECTION ( 'NONE',  ( 1.000000000000000000, 0.000000000000000000, 0.000000000000000000 ) ) ;
#1011 = PRESENTATION_LAYER_ASSIGNMENT (  '', '', ( #1930 ) ) ;
#1012 = ORIENTED_EDGE ( 'NONE', *, *, #1031, .F. ) ;
#1013 = CARTESIAN_POINT ( 'NONE',  ( -0.9294289299236822011, -1.084202172485504434E-16, -0.5124999999999999556 ) ) ;
#1014 = EDGE_CURVE ( 'NONE', #355, #920, #498, .T. ) ;
#1015 = CARTESIAN_POINT ( 'NONE',  ( 0.6249999999999983347, 0.5149999999999993472, -0.9999999999999956701 ) ) ;
#1016 = EDGE_CURVE ( 'NONE', #1422, #51, #448, .T. ) ;
#1017 = CARTESIAN_POINT ( 'NONE',  ( -0.9294289299236822011, 0.1899999999999998912, -0.7874999999999999778 ) ) ;
#1018 = EDGE_CURVE ( 'NONE', #271, #1078, #526, .T. ) ;
#1019 = CARTESIAN_POINT ( 'NONE',  ( 0.6249999999999987788, 0.5149999999999993472, 1.000000000000000888 ) ) ;
#1020 = SURFACE_STYLE_USAGE ( .BOTH. , #818 ) ;
#1021 = CARTESIAN_POINT ( 'NONE',  ( -0.6250000000000005551, 0.6849999999999993872, -0.5124999999999999556 ) ) ;
#1022 = DIRECTION ( 'NONE',  ( -0.1736481776669303589, -0.9848077530122080203, 0.000000000000000000 ) ) ;
#1023 = DIRECTION ( 'NONE',  ( -0.1736481776669303589, -0.9848077530122080203, 0.000000000000000000 ) ) ;
#1024 = DIRECTION ( 'NONE',  ( 1.000000000000000000, 0.000000000000000000, 0.000000000000000000 ) ) ;
#1025 = AXIS2_PLACEMENT_3D ( 'NONE', #1050, #1939, #1361 ) ;
#1026 = DIRECTION ( 'NONE',  ( -0.000000000000000000, -0.000000000000000000, -1.000000000000000000 ) ) ;
#1027 = PRESENTATION_LAYER_ASSIGNMENT (  '', '', ( #24 ) ) ;
#1028 = EDGE_CURVE ( 'NONE', #825, #551, #1249, .T. ) ;
#1029 = DIRECTION ( 'NONE',  ( -0.1391731009600657432, -0.9902680687415703620, 0.000000000000000000 ) ) ;
#1030 = DIRECTION ( 'NONE',  ( 0.000000000000000000, -0.000000000000000000, -1.000000000000000000 ) ) ;
#1031 = EDGE_CURVE ( 'NONE', #1682, #2079, #569, .T. ) ;
#1032 = CARTESIAN_POINT ( 'NONE',  ( 0.000000000000000000, 1.100000000000000755, 0.000000000000000000 ) ) ;
#1033 = DIRECTION ( 'NONE',  ( -1.000000000000000000, 1.686042159303699286E-16, 0.000000000000000000 ) ) ;
#1034 = ADVANCED_BREP_SHAPE_REPRESENTATION ( 'MCP6001T-I_LT', ( #2161, #1274, #2199, #789, #1150, #2005, #34, #2105 ), #1946 ) ;
#1035 = PLANE ( 'NONE',  #1866 ) ;
#1036 = EDGE_CURVE ( 'NONE', #665, #778, #2156, .T. ) ;
#1037 = DIRECTION ( 'NONE',  ( 0.000000000000000000, 0.000000000000000000, 1.000000000000000000 ) ) ;
#1038 = DIRECTION ( 'NONE',  ( -0.000000000000000000, -1.000000000000000000, -0.000000000000000000 ) ) ;
#1039 = ADVANCED_FACE ( 'NONE', ( #2182 ), #1616, .F. ) ;
#1040 = CARTESIAN_POINT ( 'NONE',  ( 0.9294289299236822011, -1.084202172485504434E-16, -0.5124999999999999556 ) ) ;
#1041 = CARTESIAN_POINT ( 'NONE',  ( 0.6250000000000005551, 0.4504169601301014070, -0.5124999999999999556 ) ) ;
#1042 = CARTESIAN_POINT ( 'NONE',  ( 0.9294289299236822011, -1.084202172485504434E-16, 0.5124999999999999556 ) ) ;
#1043 = CARTESIAN_POINT ( 'NONE',  ( -0.8560191963890481093, 0.4911518775150781613, 0.5124999999999999556 ) ) ;
#1044 = AXIS2_PLACEMENT_3D ( 'NONE', #1627, #89, #1907 ) ;
#1045 = AXIS2_PLACEMENT_3D ( 'NONE', #1032, #1254, #2267 ) ;
#1046 = DIRECTION ( 'NONE',  ( -1.000000000000000000, 0.000000000000000000, 2.168404344971012566E-16 ) ) ;
#1047 = EDGE_CURVE ( 'NONE', #1250, #1519, #2119, .T. ) ;
#1048 = CARTESIAN_POINT ( 'NONE',  ( -0.6250000000000005551, 0.4504169601301014070, 0.7874999999999999778 ) ) ;
#1049 = EDGE_CURVE ( 'NONE', #1976, #2392, #493, .T. ) ;
#1050 = CARTESIAN_POINT ( 'NONE',  ( -0.6886018783769726204, 0.4616316873116999564, -0.5124999999999999556 ) ) ;
#1051 = DIRECTION ( 'NONE',  ( -0.000000000000000000, -0.000000000000000000, -1.000000000000000000 ) ) ;
#1052 = DIRECTION ( 'NONE',  ( -1.000000000000000000, 0.000000000000000000, 0.000000000000000000 ) ) ;
#1053 = EDGE_CURVE ( 'NONE', #553, #1371, #1301, .T. ) ;
#1054 = ADVANCED_FACE ( 'NONE', ( #1338 ), #1936, .F. ) ;
#1055 = DIRECTION ( 'NONE',  ( -0.000000000000000000, 0.000000000000000000, 1.000000000000000000 ) ) ;
#1056 = DIRECTION ( 'NONE',  ( -1.000000000000000000, 0.000000000000000000, 0.000000000000000000 ) ) ;
#1057 = CARTESIAN_POINT ( 'NONE',  ( 1.049999999999999822, 0.1699999999999999012, 0.7874999999999999778 ) ) ;
#1058 = DIRECTION ( 'NONE',  ( 0.000000000000000000, -0.000000000000000000, -1.000000000000000000 ) ) ;
#1059 = PLANE ( 'NONE',  #2149 ) ;
#1060 = DIRECTION ( 'NONE',  ( 0.000000000000000000, 0.000000000000000000, 1.000000000000000000 ) ) ;
#1061 = CARTESIAN_POINT ( 'NONE',  ( 0.9294289299236822011, -1.084202172485504434E-16, 0.7874999999999999778 ) ) ;
#1062 = DIRECTION ( 'NONE',  ( 1.000000000000000000, 0.000000000000000000, -0.000000000000000000 ) ) ;
#1063 = AXIS2_PLACEMENT_3D ( 'NONE', #978, #1106, #1248 ) ;
#1064 = DIRECTION ( 'NONE',  ( 1.000000000000000000, 0.000000000000000000, -0.000000000000000000 ) ) ;
#1065 = CARTESIAN_POINT ( 'NONE',  ( -0.7423154568513625762, 0.1570068462432830936, 0.5124999999999999556 ) ) ;
#1066 = ADVANCED_FACE ( 'NONE', ( #2173 ), #1965, .F. ) ;
#1067 = EDGE_CURVE ( 'NONE', #2022, #1359, #555, .T. ) ;
#1068 = ORIENTED_EDGE ( 'NONE', *, *, #417, .F. ) ;
#1069 = CARTESIAN_POINT ( 'NONE',  ( -0.3250000000000005662, 0.7171572875253815482, -0.6999999999999957367 ) ) ;
#1070 = ORIENTED_EDGE ( 'NONE', *, *, #1192, .T. ) ;
#1071 = EDGE_CURVE ( 'NONE', #651, #394, #572, .T. ) ;
#1072 = VERTEX_POINT ( 'NONE', #1214 ) ;
#1073 = CARTESIAN_POINT ( 'NONE',  ( 1.049999999999999822, -1.287490079826536515E-16, 0.7874999999999999778 ) ) ;
#1074 = CARTESIAN_POINT ( 'NONE',  ( 0.7423154568513625762, 0.1570068462432830936, -0.5124999999999999556 ) ) ;
#1075 = CARTESIAN_POINT ( 'NONE',  ( 0.6250000000000005551, 0.6849999999999993872, -0.5124999999999999556 ) ) ;
#1076 = ORIENTED_EDGE ( 'NONE', *, *, #1360, .T. ) ;
#1077 = DIRECTION ( 'NONE',  ( -0.000000000000000000, -0.000000000000000000, -1.000000000000000000 ) ) ;
#1078 = VERTEX_POINT ( 'NONE', #1409 ) ;
#1079 = ADVANCED_FACE ( 'NONE', ( #502 ), #1318, .F. ) ;
#1080 = DIRECTION ( 'NONE',  ( -0.000000000000000000, -1.000000000000000000, -0.000000000000000000 ) ) ;
#1081 = ORIENTED_EDGE ( 'NONE', *, *, #1753, .T. ) ;
#1082 = AXIS2_PLACEMENT_3D ( 'NONE', #1265, #1138, #95 ) ;
#1083 = CARTESIAN_POINT ( 'NONE',  ( -0.3250000000000005662, 1.100000000000000755, -0.6999999999999957367 ) ) ;
#1084 = ORIENTED_EDGE ( 'NONE', *, *, #1470, .T. ) ;
#1085 = CARTESIAN_POINT ( 'NONE',  ( -0.3250000000000005662, 1.000000000000000666, -0.7999999999999958256 ) ) ;
#1086 = CARTESIAN_POINT ( 'NONE',  ( -0.5666755535985080749, 0.1000000000000003109, 0.9416755535985084080 ) ) ;
#1087 = AXIS2_PLACEMENT_3D ( 'NONE', #2030, #1738, #2015 ) ;
#1088 = DIRECTION ( 'NONE',  ( -0.1736481776669303867, 0.9848077530122080203, 0.000000000000000000 ) ) ;
#1089 = ORIENTED_EDGE ( 'NONE', *, *, #1421, .F. ) ;
#1090 = VERTEX_POINT ( 'NONE', #1691 ) ;
#1091 = CARTESIAN_POINT ( 'NONE',  ( -0.7423154568513625762, 0.1570068462432830936, -0.5124999999999999556 ) ) ;
#1092 = ORIENTED_EDGE ( 'NONE', *, *, #2184, .F. ) ;
#1093 = DIRECTION ( 'NONE',  ( -0.000000000000000000, -0.000000000000000000, -1.000000000000000000 ) ) ;
#1094 = EDGE_CURVE ( 'NONE', #51, #920, #2146, .T. ) ;
#1095 = DIRECTION ( 'NONE',  ( 0.1736481776669303867, 0.9848077530122080203, -0.000000000000000000 ) ) ;
#1096 = CARTESIAN_POINT ( 'NONE',  ( -0.9294289299236822011, 0.1699999999999999012, 0.7874999999999999778 ) ) ;
#1097 = DIRECTION ( 'NONE',  ( 0.000000000000000000, -1.000000000000000000, -0.000000000000000000 ) ) ;
#1098 = DIRECTION ( 'NONE',  ( 0.9902680687415703620, 0.1391731009600657432, -2.147301582945274526E-16 ) ) ;
#1099 = AXIS2_PLACEMENT_3D ( 'NONE', #1258, #2183, #204 ) ;
#1100 = AXIS2_PLACEMENT_3D ( 'NONE', #207, #717, #2210 ) ;
#1101 = CARTESIAN_POINT ( 'NONE',  ( -0.6250000000000005551, 0.6849999999999993872, -0.9999999999999956701 ) ) ;
#1102 = EDGE_CURVE ( 'NONE', #1462, #2007, #512, .T. ) ;
#1103 = CARTESIAN_POINT ( 'NONE',  ( 0.6249999999999983347, 1.100000000000000755, -0.9416755535985029679 ) ) ;
#1104 = EDGE_CURVE ( 'NONE', #1692, #1253, #1312, .T. ) ;
#1105 = CARTESIAN_POINT ( 'NONE',  ( -0.9294289299236822011, 0.1699999999999999012, -0.7874999999999999778 ) ) ;
#1106 = DIRECTION ( 'NONE',  ( 0.000000000000000000, 1.000000000000000000, 0.000000000000000000 ) ) ;
#1107 = EDGE_CURVE ( 'NONE', #2206, #1342, #1372, .T. ) ;
#1108 = PLANE ( 'NONE',  #1802 ) ;
#1109 = DIRECTION ( 'NONE',  ( 2.168404344971012812E-16, -0.000000000000000000, 1.000000000000000000 ) ) ;
#1110 = DIRECTION ( 'NONE',  ( 0.000000000000000000, -0.000000000000000000, -1.000000000000000000 ) ) ;
#1111 = CARTESIAN_POINT ( 'NONE',  ( -0.9294289299236822011, -1.084202172485504434E-16, 0.1375000000000000389 ) ) ;
#1112 = DIRECTION ( 'NONE',  ( 0.000000000000000000, -0.000000000000000000, -1.000000000000000000 ) ) ;
#1113 = DIRECTION ( 'NONE',  ( -0.1378445374916289212, -0.9808148484639890308, -0.1378445374916289212 ) ) ;
#1114 = AXIS2_PLACEMENT_3D ( 'NONE', #1712, #2147, #1995 ) ;
#1115 = DIRECTION ( 'NONE',  ( -0.000000000000000000, -0.000000000000000000, -1.000000000000000000 ) ) ;
#1116 = CARTESIAN_POINT ( 'NONE',  ( 0.9294289299236822011, 0.1699999999999999012, -0.7874999999999999778 ) ) ;
#1117 = CARTESIAN_POINT ( 'NONE',  ( 0.9294289299236822011, 0.1899999999999998912, 0.7874999999999999778 ) ) ;
#1118 = PLANE ( 'NONE',  #1045 ) ;
#1119 = AXIS2_PLACEMENT_3D ( 'NONE', #1943, #1987, #2111 ) ;
#1120 = EDGE_CURVE ( 'NONE', #394, #1687, #482, .T. ) ;
#1121 = CARTESIAN_POINT ( 'NONE',  ( 0.6886018783769726204, 0.4616316873116999564, -0.7874999999999999778 ) ) ;
#1122 = DIRECTION ( 'NONE',  ( -1.000000000000000000, -0.000000000000000000, -0.000000000000000000 ) ) ;
#1123 = EDGE_LOOP ( 'NONE', ( #2378, #764, #688, #2134 ) ) ;
#1124 = DIRECTION ( 'NONE',  ( 0.1736481776669303867, 0.9848077530122080203, -0.000000000000000000 ) ) ;
#1125 = DIRECTION ( 'NONE',  ( 1.000000000000000000, 0.000000000000000000, 0.000000000000000000 ) ) ;
#1126 = EDGE_CURVE ( 'NONE', #2022, #1822, #1325, .T. ) ;
#1127 = DIRECTION ( 'NONE',  ( -0.000000000000000000, -0.000000000000000000, -1.000000000000000000 ) ) ;
#1128 = CLOSED_SHELL ( 'NONE', ( #1838, #184, #1079, #369, #1828, #1756, #880, #2144, #1661, #1713, #2394, #1358 ) ) ;
#1129 = FILL_AREA_STYLE ('',( #1142 ) ) ;
#1130 = EDGE_LOOP ( 'NONE', ( #2193, #1963, #2157, #1488 ) ) ;
#1131 = ADVANCED_FACE ( 'NONE', ( #1308 ), #345, .F. ) ;
#1132 = DIRECTION ( 'NONE',  ( 0.000000000000000000, -0.000000000000000000, -1.000000000000000000 ) ) ;
#1133 = EDGE_LOOP ( 'NONE', ( #1561, #1247, #1989, #368 ) ) ;
#1134 = DIRECTION ( 'NONE',  ( -0.000000000000000000, -0.000000000000000000, -1.000000000000000000 ) ) ;
#1135 = VERTEX_POINT ( 'NONE', #760 ) ;
#1136 = CARTESIAN_POINT ( 'NONE',  ( -0.6250000000000005551, 0.5149999999999993472, 1.000000000000000888 ) ) ;
#1137 = PRODUCT_RELATED_PRODUCT_CATEGORY ( 'part', '', ( #1001 ) ) ;
#1138 = DIRECTION ( 'NONE',  ( 0.000000000000000000, -0.000000000000000000, -1.000000000000000000 ) ) ;
#1139 =( NAMED_UNIT ( * ) PLANE_ANGLE_UNIT ( ) SI_UNIT ( $, .RADIAN. ) );
#1140 = ORIENTED_EDGE ( 'NONE', *, *, #1899, .F. ) ;
#1141 = AXIS2_PLACEMENT_3D ( 'NONE', #2212, #1442, #1860 ) ;
#1142 = FILL_AREA_STYLE_COLOUR ( '', #885 ) ;
#1143 = ORIENTED_EDGE ( 'NONE', *, *, #1966, .T. ) ;
#1144 = DIRECTION ( 'NONE',  ( -1.000000000000000000, 0.000000000000000000, 0.000000000000000000 ) ) ;
#1145 = EDGE_CURVE ( 'NONE', #2318, #1342, #1413, .T. ) ;
#1146 = CARTESIAN_POINT ( 'NONE',  ( -0.9294289299236822011, 0.1699999999999999012, -0.5124999999999999556 ) ) ;
#1147 = CARTESIAN_POINT ( 'NONE',  ( -0.9294289299236822011, 0.1699999999999999012, 0.1375000000000000389 ) ) ;
#1148 = EDGE_CURVE ( 'NONE', #638, #328, #2286, .T. ) ;
#1149 = ORIENTED_EDGE ( 'NONE', *, *, #441, .F. ) ;
#1150 = MANIFOLD_SOLID_BREP ( 'LPattern1[4]', #2425 ) ;
#1151 = DIRECTION ( 'NONE',  ( -1.000000000000000000, 0.000000000000000000, 0.000000000000000000 ) ) ;
#1152 = ORIENTED_EDGE ( 'NONE', *, *, #826, .T. ) ;
#1153 = EDGE_CURVE ( 'NONE', #660, #429, #1444, .T. ) ;
#1154 = DIRECTION ( 'NONE',  ( 0.000000000000000000, -0.000000000000000000, -1.000000000000000000 ) ) ;
#1155 = ORIENTED_EDGE ( 'NONE', *, *, #283, .T. ) ;
#1156 = CARTESIAN_POINT ( 'NONE',  ( -0.6886018783769726204, 0.4616316873116999564, 0.7874999999999999778 ) ) ;
#1157 = EDGE_LOOP ( 'NONE', ( #1076, #565, #1883, #1368, #1626, #2019, #1795, #1741, #1734, #990 ) ) ;
#1158 = CARTESIAN_POINT ( 'NONE',  ( 0.9097327748634380651, 0.1865270364466612429, 0.7874999999999999778 ) ) ;
#1159 = DIRECTION ( 'NONE',  ( -1.000000000000000000, -1.686042159303699286E-16, 0.000000000000000000 ) ) ;
#1160 = CARTESIAN_POINT ( 'NONE',  ( 0.9097327748634380651, 0.1865270364466612429, -0.5124999999999999556 ) ) ;
#1161 = EDGE_LOOP ( 'NONE', ( #2159, #723, #1272, #799 ) ) ;
#1162 = AXIS2_PLACEMENT_3D ( 'NONE', #1171, #381, #278 ) ;
#1163 = VERTEX_POINT ( 'NONE', #1869 ) ;
#1164 = DIRECTION ( 'NONE',  ( -0.000000000000000000, -0.000000000000000000, -1.000000000000000000 ) ) ;
#1165 = AXIS2_PLACEMENT_3D ( 'NONE', #398, #1038, #1641 ) ;
#1166 = EDGE_LOOP ( 'NONE', ( #2059, #1887, #2070, #2426 ) ) ;
#1167 = EDGE_CURVE ( 'NONE', #2007, #1462, #2265, .T. ) ;
#1168 = EDGE_LOOP ( 'NONE', ( #2047, #1506, #406, #264 ) ) ;
#1169 = DIRECTION ( 'NONE',  ( 0.000000000000000000, 0.000000000000000000, 1.000000000000000000 ) ) ;
#1170 = CARTESIAN_POINT ( 'NONE',  ( -0.3250000000000005662, 1.100000000000000755, -0.6999999999999957367 ) ) ;
#1171 = CARTESIAN_POINT ( 'NONE',  ( -0.6250000000000005551, 0.4504169601301014070, 0.5124999999999999556 ) ) ;
#1172 = ORIENTED_EDGE ( 'NONE', *, *, #1880, .F. ) ;
#1173 = CARTESIAN_POINT ( 'NONE',  ( -0.9294289299236822011, 0.1899999999999998912, 0.7874999999999999778 ) ) ;
#1174 = ADVANCED_FACE ( 'NONE', ( #2207 ), #996, .F. ) ;
#1175 = EDGE_CURVE ( 'NONE', #2100, #322, #586, .T. ) ;
#1176 = EDGE_LOOP ( 'NONE', ( #858, #1355, #579, #560 ) ) ;
#1177 = ORIENTED_EDGE ( 'NONE', *, *, #217, .T. ) ;
#1178 = EDGE_LOOP ( 'NONE', ( #999, #383, #1357, #1817, #1089, #1012, #2061, #2034, #1618, #1500 ) ) ;
#1179 = DIRECTION ( 'NONE',  ( -0.000000000000000000, -0.000000000000000000, -1.000000000000000000 ) ) ;
#1180 = DIRECTION ( 'NONE',  ( 0.000000000000000000, 0.000000000000000000, 1.000000000000000000 ) ) ;
#1181 = CARTESIAN_POINT ( 'NONE',  ( 0.8560191963890481093, 0.4911518775150781613, -0.5124999999999999556 ) ) ;
#1182 = DIRECTION ( 'NONE',  ( 0.1736481776669303867, -0.9848077530122080203, 0.000000000000000000 ) ) ;
#1183 = ORIENTED_EDGE ( 'NONE', *, *, #109, .T. ) ;
#1184 = AXIS2_PLACEMENT_3D ( 'NONE', #573, #869, #828 ) ;
#1185 = CARTESIAN_POINT ( 'NONE',  ( -1.049999999999999822, 0.1699999999999999012, -0.5124999999999999556 ) ) ;
#1186 = VERTEX_POINT ( 'NONE', #280 ) ;
#1187 = MECHANICAL_DESIGN_GEOMETRIC_PRESENTATION_REPRESENTATION (  '', ( #1930 ), #562 ) ;
#1188 = ADVANCED_FACE ( 'NONE', ( #2271 ), #125, .F. ) ;
#1189 = DIRECTION ( 'NONE',  ( 1.000000000000000000, 0.000000000000000000, 0.000000000000000000 ) ) ;
#1190 = EDGE_CURVE ( 'NONE', #2263, #2074, #650, .T. ) ;
#1191 = EDGE_LOOP ( 'NONE', ( #718, #1597, #1498, #722 ) ) ;
#1192 = EDGE_CURVE ( 'NONE', #1493, #517, #936, .T. ) ;
#1193 = ORIENTED_EDGE ( 'NONE', *, *, #1821, .T. ) ;
#1194 = CARTESIAN_POINT ( 'NONE',  ( 0.6886018783769726204, 0.4616316873116999564, 0.7874999999999999778 ) ) ;
#1195 = DIRECTION ( 'NONE',  ( 0.000000000000000000, -0.000000000000000000, -1.000000000000000000 ) ) ;
#1196 = DIRECTION ( 'NONE',  ( 1.000000000000000000, 0.000000000000000000, -0.000000000000000000 ) ) ;
#1197 = ORIENTED_EDGE ( 'NONE', *, *, #986, .T. ) ;
#1198 = CARTESIAN_POINT ( 'NONE',  ( -0.8560191963890481093, 0.4911518775150781613, -0.5124999999999999556 ) ) ;
#1199 = ORIENTED_EDGE ( 'NONE', *, *, #400, .T. ) ;
#1200 = CARTESIAN_POINT ( 'NONE',  ( -1.049999999999999822, 0.1699999999999999012, 0.7874999999999999778 ) ) ;
#1201 = ORIENTED_EDGE ( 'NONE', *, *, #478, .T. ) ;
#1202 = ADVANCED_FACE ( 'NONE', ( #197 ), #1891, .T. ) ;
#1203 = ORIENTED_EDGE ( 'NONE', *, *, #2322, .T. ) ;
#1204 = CARTESIAN_POINT ( 'NONE',  ( -0.6250000000000005551, 0.6849999999999993872, 0.5124999999999999556 ) ) ;
#1205 = PLANE ( 'NONE',  #720 ) ;
#1206 = AXIS2_PLACEMENT_3D ( 'NONE', #1903, #759, #1313 ) ;
#1207 = ORIENTED_EDGE ( 'NONE', *, *, #2092, .T. ) ;
#1208 = CARTESIAN_POINT ( 'NONE',  ( -0.6250000000000005551, 0.6849999999999993872, -0.1375000000000000389 ) ) ;
#1209 = EDGE_CURVE ( 'NONE', #1305, #1928, #141, .T. ) ;
#1210 = ORIENTED_EDGE ( 'NONE', *, *, #500, .T. ) ;
#1211 = EDGE_CURVE ( 'NONE', #1682, #1567, #1009, .T. ) ;
#1212 = DIRECTION ( 'NONE',  ( 0.000000000000000000, -1.000000000000000000, 0.000000000000000000 ) ) ;
#1213 = ORIENTED_EDGE ( 'NONE', *, *, #1643, .T. ) ;
#1214 = CARTESIAN_POINT ( 'NONE',  ( -0.5666755535985078529, 1.100000000000000755, -0.9416755535985029679 ) ) ;
#1215 = EDGE_CURVE ( 'NONE', #2309, #2254, #1003, .T. ) ;
#1216 = ORIENTED_EDGE ( 'NONE', *, *, #2255, .F. ) ;
#1217 = CARTESIAN_POINT ( 'NONE',  ( 0.9294289299236822011, -1.084202172485504434E-16, -0.7874999999999999778 ) ) ;
#1218 = CARTESIAN_POINT ( 'NONE',  ( 0.6249999999999983347, 0.5149999999999993472, -0.9999999999999956701 ) ) ;
#1219 = CARTESIAN_POINT ( 'NONE',  ( 0.6250000000000005551, 0.6849999999999993872, 0.7874999999999999778 ) ) ;
#1220 = EDGE_LOOP ( 'NONE', ( #1228, #260, #771, #2350 ) ) ;
#1221 = PLANE ( 'NONE',  #1284 ) ;
#1222 = ORIENTED_EDGE ( 'NONE', *, *, #1289, .T. ) ;
#1223 = DIRECTION ( 'NONE',  ( -1.000000000000000000, 0.000000000000000000, 0.000000000000000000 ) ) ;
#1224 = DIRECTION ( 'NONE',  ( 0.000000000000000000, 0.000000000000000000, 1.000000000000000000 ) ) ;
#1225 = ORIENTED_EDGE ( 'NONE', *, *, #1821, .F. ) ;
#1226 = AXIS2_PLACEMENT_3D ( 'NONE', #2064, #1179, #1915 ) ;
#1227 = CARTESIAN_POINT ( 'NONE',  ( 0.6886018783769726204, 0.4616316873116999564, -0.7874999999999999778 ) ) ;
#1228 = ORIENTED_EDGE ( 'NONE', *, *, #1553, .T. ) ;
#1229 = DIRECTION ( 'NONE',  ( 0.000000000000000000, -0.9902680687415703620, -0.1391731009600657432 ) ) ;
#1230 = PLANE ( 'NONE',  #928 ) ;
#1231 = AXIS2_PLACEMENT_3D ( 'NONE', #154, #285, #1397 ) ;
#1232 = DIRECTION ( 'NONE',  ( -0.000000000000000000, -0.000000000000000000, -1.000000000000000000 ) ) ;
#1233 = DIRECTION ( 'NONE',  ( -0.000000000000000000, -0.000000000000000000, -1.000000000000000000 ) ) ;
#1234 = EDGE_LOOP ( 'NONE', ( #2398, #1884, #2330, #1070 ) ) ;
#1235 = DIRECTION ( 'NONE',  ( -1.000000000000000000, 0.000000000000000000, 0.000000000000000000 ) ) ;
#1236 = AXIS2_PLACEMENT_3D ( 'NONE', #774, #265, #235 ) ;
#1237 = EDGE_CURVE ( 'NONE', #778, #1976, #1788, .T. ) ;
#1238 = ORIENTED_EDGE ( 'NONE', *, *, #80, .F. ) ;
#1239 = CARTESIAN_POINT ( 'NONE',  ( -0.6250000000000005551, 0.5149999999999993472, 1.000000000000000888 ) ) ;
#1240 = CARTESIAN_POINT ( 'NONE',  ( -0.6250000000000005551, 0.5149999999999993472, -0.5124999999999999556 ) ) ;
#1241 = EDGE_LOOP ( 'NONE', ( #672, #336 ) ) ;
#1242 = EDGE_CURVE ( 'NONE', #1822, #787, #1803, .T. ) ;
#1243 = EDGE_LOOP ( 'NONE', ( #352, #1487, #414, #1534 ) ) ;
#1244 = CARTESIAN_POINT ( 'NONE',  ( -0.6250000000000005551, 0.4504169601301014070, -0.7874999999999999778 ) ) ;
#1245 = DIRECTION ( 'NONE',  ( 1.000000000000000000, 1.686042159303699286E-16, -0.000000000000000000 ) ) ;
#1246 = CARTESIAN_POINT ( 'NONE',  ( -1.049999999999999822, 0.1699999999999999012, 0.7874999999999999778 ) ) ;
#1247 = ORIENTED_EDGE ( 'NONE', *, *, #1804, .F. ) ;
#1248 = DIRECTION ( 'NONE',  ( 0.000000000000000000, 0.000000000000000000, 1.000000000000000000 ) ) ;
#1249 = LINE ( 'NONE', #1407, #1255 ) ;
#1250 = VERTEX_POINT ( 'NONE', #76 ) ;
#1251 = CARTESIAN_POINT ( 'NONE',  ( 0.9294289299236822011, 0.1699999999999999012, 0.7874999999999999778 ) ) ;
#1252 = AXIS2_PLACEMENT_3D ( 'NONE', #1973, #2170, #1857 ) ;
#1253 = VERTEX_POINT ( 'NONE', #1525 ) ;
#1254 = DIRECTION ( 'NONE',  ( -0.000000000000000000, 1.000000000000000000, 0.000000000000000000 ) ) ;
#1255 = VECTOR ( 'NONE', #1842, 1000.000000000000000 ) ;
#1256 = STYLED_ITEM ( 'NONE', ( #2245 ), #1150 ) ;
#1257 = EDGE_LOOP ( 'NONE', ( #926, #110, #117, #1447 ) ) ;
#1258 = CARTESIAN_POINT ( 'NONE',  ( -0.9294289299236822011, 0.1899999999999998912, 0.1375000000000000389 ) ) ;
#1259 = CYLINDRICAL_SURFACE ( 'NONE', #1451, 0.1899999999999999467 ) ;
#1260 = CARTESIAN_POINT ( 'NONE',  ( -0.9097327748634380651, 0.1865270364466612429, -0.5124999999999999556 ) ) ;
#1261 = CARTESIAN_POINT ( 'NONE',  ( 1.049999999999999822, 0.1699999999999999012, 0.5124999999999999556 ) ) ;
#1262 = SURFACE_STYLE_USAGE ( .BOTH. , #925 ) ;
#1263 = ORIENTED_EDGE ( 'NONE', *, *, #673, .F. ) ;
#1264 = EDGE_CURVE ( 'NONE', #2359, #470, #185, .T. ) ;
#1265 = CARTESIAN_POINT ( 'NONE',  ( 0.9294289299236822011, 0.1899999999999998912, -0.5124999999999999556 ) ) ;
#1266 = ORIENTED_EDGE ( 'NONE', *, *, #2118, .F. ) ;
#1267 = CYLINDRICAL_SURFACE ( 'NONE', #1141, 0.01999999999999994491 ) ;
#1268 = PLANE ( 'NONE',  #528 ) ;
#1269 = DIRECTION ( 'NONE',  ( -0.000000000000000000, -0.000000000000000000, -1.000000000000000000 ) ) ;
#1270 = DIRECTION ( 'NONE',  ( -0.000000000000000000, -0.000000000000000000, -1.000000000000000000 ) ) ;
#1271 = EDGE_CURVE ( 'NONE', #940, #1305, #1775, .T. ) ;
#1272 = ORIENTED_EDGE ( 'NONE', *, *, #543, .T. ) ;
#1273 = DIRECTION ( 'NONE',  ( -0.000000000000000000, -0.000000000000000000, -1.000000000000000000 ) ) ;
#1274 = MANIFOLD_SOLID_BREP ( 'Mirror1', #2221 ) ;
#1275 = ADVANCED_FACE ( 'NONE', ( #1996 ), #1475, .F. ) ;
#1276 = ORIENTED_EDGE ( 'NONE', *, *, #378, .F. ) ;
#1277 = VECTOR ( 'NONE', #324, 1000.000000000000000 ) ;
#1278 = CARTESIAN_POINT ( 'NONE',  ( -0.6886018783769726204, 0.4616316873116999564, 0.5124999999999999556 ) ) ;
#1279 = CLOSED_SHELL ( 'NONE', ( #2121, #671, #807, #1275, #536, #593, #2363, #234, #1551, #1381, #353, #2331 ) ) ;
#1280 = DIRECTION ( 'NONE',  ( 0.000000000000000000, -0.000000000000000000, -1.000000000000000000 ) ) ;
#1281 = CARTESIAN_POINT ( 'NONE',  ( -1.049999999999999822, 0.1699999999999999012, 0.5124999999999999556 ) ) ;
#1282 = UNCERTAINTY_MEASURE_WITH_UNIT (LENGTH_MEASURE( 1.000000000000000082E-05 ), #960, 'distance_accuracy_value', 'NONE');
#1283 = ORIENTED_EDGE ( 'NONE', *, *, #1913, .T. ) ;
#1284 = AXIS2_PLACEMENT_3D ( 'NONE', #946, #1098, #636 ) ;
#1285 = LINE ( 'NONE', #967, #2143 ) ;
#1286 = VERTEX_POINT ( 'NONE', #1096 ) ;
#1287 = FACE_OUTER_BOUND ( 'NONE', #1345, .T. ) ;
#1288 = AXIS2_PLACEMENT_3D ( 'NONE', #212, #992, #4 ) ;
#1289 = EDGE_CURVE ( 'NONE', #1315, #1305, #1306, .T. ) ;
#1290 = VERTEX_POINT ( 'NONE', #1430 ) ;
#1291 = DIRECTION ( 'NONE',  ( -1.686042159303699286E-16, 1.000000000000000000, 0.000000000000000000 ) ) ;
#1292 = LINE ( 'NONE', #504, #480 ) ;
#1293 = CLOSED_SHELL ( 'NONE', ( #617, #903, #1509, #1131, #446, #248, #293, #644, #747, #359, #772, #1054 ) ) ;
#1294 = CARTESIAN_POINT ( 'NONE',  ( -0.9294289299236822011, 0.1699999999999999012, 0.5124999999999999556 ) ) ;
#1295 = DIRECTION ( 'NONE',  ( -0.1736481776669303589, -0.9848077530122080203, 0.000000000000000000 ) ) ;
#1296 = VECTOR ( 'NONE', #1373, 1000.000000000000000 ) ;
#1297 = CLOSED_SHELL ( 'NONE', ( #2054, #2018, #564, #2195, #1924, #1339, #1815, #1008, #2099, #374, #1941, #430, #1598, #1202, #1906, #269, #1892 ) ) ;
#1298 = SURFACE_STYLE_FILL_AREA ( #2178 ) ;
#1299 = PLANE ( 'NONE',  #259 ) ;
#1300 = ORIENTED_EDGE ( 'NONE', *, *, #1895, .T. ) ;
#1301 = CIRCLE ( 'NONE', #226, 0.2345830398698980357 ) ;
#1302 = DIRECTION ( 'NONE',  ( -1.000000000000000000, 0.000000000000000000, 0.000000000000000000 ) ) ;
#1303 = VECTOR ( 'NONE', #301, 1000.000000000000114 ) ;
#1304 = CARTESIAN_POINT ( 'NONE',  ( -0.6250000000000005551, 0.5149999999999993472, -0.7874999999999999778 ) ) ;
#1305 = VERTEX_POINT ( 'NONE', #330 ) ;
#1306 = LINE ( 'NONE', #1260, #1311 ) ;
#1307 = CARTESIAN_POINT ( 'NONE',  ( -0.6250000000000005551, 0.4504169601301014070, -0.5124999999999999556 ) ) ;
#1308 = FACE_OUTER_BOUND ( 'NONE', #2290, .T. ) ;
#1309 = AXIS2_PLACEMENT_3D ( 'NONE', #2269, #160, #1064 ) ;
#1310 = ORIENTED_EDGE ( 'NONE', *, *, #826, .F. ) ;
#1311 = VECTOR ( 'NONE', #1232, 1000.000000000000000 ) ;
#1312 = CIRCLE ( 'NONE', #1871, 0.1899999999999999467 ) ;
#1313 = DIRECTION ( 'NONE',  ( -1.000000000000000000, 0.000000000000000000, 0.000000000000000000 ) ) ;
#1314 = AXIS2_PLACEMENT_3D ( 'NONE', #2101, #1, #1474 ) ;
#1315 = VERTEX_POINT ( 'NONE', #1877 ) ;
#1316 = LINE ( 'NONE', #491, #2137 ) ;
#1317 = DIRECTION ( 'NONE',  ( 0.1736481776669303867, 0.9848077530122080203, -0.000000000000000000 ) ) ;
#1318 = CYLINDRICAL_SURFACE ( 'NONE', #464, 0.01999999999999994491 ) ;
#1319 = CARTESIAN_POINT ( 'NONE',  ( 0.6249999999999987788, 0.5149999999999993472, 1.000000000000000888 ) ) ;
#1320 = DIRECTION ( 'NONE',  ( 1.000000000000000000, 0.000000000000000000, 0.000000000000000000 ) ) ;
#1321 = CARTESIAN_POINT ( 'NONE',  ( -0.8560191963890481093, 0.4911518775150781613, 0.7874999999999999778 ) ) ;
#1322 = CARTESIAN_POINT ( 'NONE',  ( 0.9294289299236822011, 0.1699999999999999012, -0.5124999999999999556 ) ) ;
#1323 = VERTEX_POINT ( 'NONE', #991 ) ;
#1324 = AXIS2_PLACEMENT_3D ( 'NONE', #594, #1905, #1302 ) ;
#1325 = LINE ( 'NONE', #81, #2124 ) ;
#1326 = DIRECTION ( 'NONE',  ( -0.000000000000000000, -1.000000000000000000, -0.000000000000000000 ) ) ;
#1327 = FACE_OUTER_BOUND ( 'NONE', #897, .T. ) ;
#1328 = CARTESIAN_POINT ( 'NONE',  ( -0.8560191963890481093, 0.4911518775150781613, 0.5124999999999999556 ) ) ;
#1329 = EDGE_CURVE ( 'NONE', #2215, #894, #1316, .T. ) ;
#1330 = ORIENTED_EDGE ( 'NONE', *, *, #2039, .T. ) ;
#1331 = VECTOR ( 'NONE', #1110, 1000.000000000000000 ) ;
#1332 = CARTESIAN_POINT ( 'NONE',  ( 0.9097327748634380651, 0.1865270364466612429, 0.5124999999999999556 ) ) ;
#1333 = LINE ( 'NONE', #1859, #1296 ) ;
#1334 = EDGE_CURVE ( 'NONE', #1163, #1687, #522, .T. ) ;
#1335 = ORIENTED_EDGE ( 'NONE', *, *, #70, .F. ) ;
#1336 = FACE_OUTER_BOUND ( 'NONE', #2117, .T. ) ;
#1337 = PRODUCT_DEFINITION_CONTEXT ( 'detailed design', #195, 'design' ) ;
#1338 = FACE_OUTER_BOUND ( 'NONE', #2243, .T. ) ;
#1339 = ADVANCED_FACE ( 'NONE', ( #1336 ), #1453, .T. ) ;
#1340 = DIRECTION ( 'NONE',  ( -1.000000000000000000, 0.000000000000000000, 0.000000000000000000 ) ) ;
#1341 = FACE_OUTER_BOUND ( 'NONE', #1472, .T. ) ;
#1342 = VERTEX_POINT ( 'NONE', #2200 ) ;
#1343 = VECTOR ( 'NONE', #1212, 1000.000000000000000 ) ;
#1344 = DIRECTION ( 'NONE',  ( -0.1736481776669303589, -0.9848077530122080203, 0.000000000000000000 ) ) ;
#1345 = EDGE_LOOP ( 'NONE', ( #739, #1575, #704, #379 ) ) ;
#1346 = DIRECTION ( 'NONE',  ( 1.000000000000000000, 0.000000000000000000, 0.000000000000000000 ) ) ;
#1347 = ORIENTED_EDGE ( 'NONE', *, *, #420, .T. ) ;
#1348 = CARTESIAN_POINT ( 'NONE',  ( 0.5666755535985060765, 1.100000000000000755, 1.000000000000000888 ) ) ;
#1349 = ORIENTED_EDGE ( 'NONE', *, *, #1104, .T. ) ;
#1350 = CARTESIAN_POINT ( 'NONE',  ( 0.9294289299236822011, 0.1899999999999998912, -0.7874999999999999778 ) ) ;
#1351 = AXIS2_PLACEMENT_3D ( 'NONE', #1173, #2272, #91 ) ;
#1352 = VERTEX_POINT ( 'NONE', #2017 ) ;
#1353 = CARTESIAN_POINT ( 'NONE',  ( 0.6250000000000005551, 0.4504169601301014070, -0.7874999999999999778 ) ) ;
#1354 = UNCERTAINTY_MEASURE_WITH_UNIT (LENGTH_MEASURE( 1.000000000000000082E-05 ), #2225, 'distance_accuracy_value', 'NONE');
#1355 = ORIENTED_EDGE ( 'NONE', *, *, #566, .F. ) ;
#1356 = ORIENTED_EDGE ( 'NONE', *, *, #1515, .F. ) ;
#1357 = ORIENTED_EDGE ( 'NONE', *, *, #198, .F. ) ;
#1358 = ADVANCED_FACE ( 'NONE', ( #661 ), #640, .F. ) ;
#1359 = VERTEX_POINT ( 'NONE', #691 ) ;
#1360 = EDGE_CURVE ( 'NONE', #2001, #2281, #52, .T. ) ;
#1361 = DIRECTION ( 'NONE',  ( -0.1736481776669303867, -0.9848077530122080203, 0.000000000000000000 ) ) ;
#1362 = CARTESIAN_POINT ( 'NONE',  ( 0.9294289299236822011, 0.1899999999999998912, 0.5124999999999999556 ) ) ;
#1363 = DIRECTION ( 'NONE',  ( 0.000000000000000000, 1.000000000000000000, 0.000000000000000000 ) ) ;
#1364 = ORIENTED_EDGE ( 'NONE', *, *, #323, .F. ) ;
#1365 = CARTESIAN_POINT ( 'NONE',  ( 0.5666755535985056325, 1.100000000000000755, -0.9416755535985029679 ) ) ;
#1366 = ORIENTED_EDGE ( 'NONE', *, *, #170, .F. ) ;
#1367 = CARTESIAN_POINT ( 'NONE',  ( -0.6250000000000005551, 0.6849999999999993872, 0.5124999999999999556 ) ) ;
#1368 = ORIENTED_EDGE ( 'NONE', *, *, #1329, .T. ) ;
#1369 = CARTESIAN_POINT ( 'NONE',  ( 0.6250000000000005551, 0.4504169601301014070, 0.5124999999999999556 ) ) ;
#1370 = EDGE_CURVE ( 'NONE', #662, #1986, #1609, .T. ) ;
#1371 = VERTEX_POINT ( 'NONE', #1463 ) ;
#1372 = LINE ( 'NONE', #954, #2188 ) ;
#1373 = DIRECTION ( 'NONE',  ( 1.000000000000000000, 1.686042159303699286E-16, -0.000000000000000000 ) ) ;
#1374 = VERTEX_POINT ( 'NONE', #750 ) ;
#1375 = DIRECTION ( 'NONE',  ( 1.000000000000000000, 0.000000000000000000, -0.000000000000000000 ) ) ;
#1376 = VECTOR ( 'NONE', #1425, 1000.000000000000227 ) ;
#1377 = DIRECTION ( 'NONE',  ( -0.1736481776669303867, 0.9848077530122080203, 0.000000000000000000 ) ) ;
#1378 = DIRECTION ( 'NONE',  ( -1.000000000000000000, 0.000000000000000000, 0.000000000000000000 ) ) ;
#1379 = DIRECTION ( 'NONE',  ( -1.000000000000000000, 0.000000000000000000, 0.000000000000000000 ) ) ;
#1380 = VERTEX_POINT ( 'NONE', #988 ) ;
#1381 = ADVANCED_FACE ( 'NONE', ( #22 ), #151, .F. ) ;
#1382 = CYLINDRICAL_SURFACE ( 'NONE', #1848, 0.06458303986989796797 ) ;
#1383 = STYLED_ITEM ( 'NONE', ( #2231 ), #2161 ) ;
#1384 = ORIENTED_EDGE ( 'NONE', *, *, #871, .F. ) ;
#1385 = DIRECTION ( 'NONE',  ( 0.000000000000000000, -1.000000000000000000, 0.000000000000000000 ) ) ;
#1386 = VECTOR ( 'NONE', #950, 1000.000000000000000 ) ;
#1387 = FACE_OUTER_BOUND ( 'NONE', #1168, .T. ) ;
#1388 = ORIENTED_EDGE ( 'NONE', *, *, #1126, .T. ) ;
#1389 = AXIS2_PLACEMENT_3D ( 'NONE', #1069, #932, #1688 ) ;
#1390 = VECTOR ( 'NONE', #702, 1000.000000000000000 ) ;
#1391 = LINE ( 'NONE', #1951, #1419 ) ;
#1392 = ORIENTED_EDGE ( 'NONE', *, *, #2060, .F. ) ;
#1393 = EDGE_CURVE ( 'NONE', #1559, #665, #61, .T. ) ;
#1394 = VECTOR ( 'NONE', #1377, 1000.000000000000227 ) ;
#1395 = EDGE_CURVE ( 'NONE', #1751, #801, #1634, .T. ) ;
#1396 = CARTESIAN_POINT ( 'NONE',  ( -0.6250000000000005551, 0.4504169601301014070, -0.1375000000000000389 ) ) ;
#1397 = DIRECTION ( 'NONE',  ( -0.1736481776669303867, -0.9848077530122080203, 0.000000000000000000 ) ) ;
#1398 = CARTESIAN_POINT ( 'NONE',  ( -1.049999999999999822, 0.1699999999999999012, 0.7874999999999999778 ) ) ;
#1399 = ORIENTED_EDGE ( 'NONE', *, *, #372, .F. ) ;
#1400 = ORIENTED_EDGE ( 'NONE', *, *, #1694, .F. ) ;
#1401 = DIRECTION ( 'NONE',  ( 0.000000000000000000, -0.000000000000000000, 1.000000000000000000 ) ) ;
#1402 = EDGE_CURVE ( 'NONE', #1557, #2309, #823, .T. ) ;
#1403 = VECTOR ( 'NONE', #1127, 1000.000000000000000 ) ;
#1404 = ADVANCED_FACE ( 'NONE', ( #835 ), #5, .T. ) ;
#1405 = FACE_OUTER_BOUND ( 'NONE', #755, .T. ) ;
#1406 = ORIENTED_EDGE ( 'NONE', *, *, #871, .T. ) ;
#1407 = CARTESIAN_POINT ( 'NONE',  ( 0.6250000000000005551, 0.6849999999999993872, -0.5124999999999999556 ) ) ;
#1408 = ORIENTED_EDGE ( 'NONE', *, *, #959, .T. ) ;
#1409 = CARTESIAN_POINT ( 'NONE',  ( 1.049999999999999822, -1.287490079826536515E-16, 0.5124999999999999556 ) ) ;
#1410 = ORIENTED_EDGE ( 'NONE', *, *, #1824, .T. ) ;
#1411 = CARTESIAN_POINT ( 'NONE',  ( -0.3250000000000005662, 1.100000000000000755, -0.6999999999999957367 ) ) ;
#1412 = CARTESIAN_POINT ( 'NONE',  ( -0.8560191963890481093, 0.4911518775150781613, 0.1375000000000000389 ) ) ;
#1413 = LINE ( 'NONE', #1281, #1452 ) ;
#1414 = PLANE ( 'NONE',  #1119 ) ;
#1415 = AXIS2_PLACEMENT_3D ( 'NONE', #333, #2072, #790 ) ;
#1416 = FACE_OUTER_BOUND ( 'NONE', #2403, .T. ) ;
#1417 = ORIENTED_EDGE ( 'NONE', *, *, #1424, .F. ) ;
#1418 = CARTESIAN_POINT ( 'NONE',  ( -0.3250000000000005662, 1.000000000000000666, -0.6999999999999957367 ) ) ;
#1419 = VECTOR ( 'NONE', #906, 1000.000000000000000 ) ;
#1420 = PRESENTATION_STYLE_ASSIGNMENT (( #1262 ) ) ;
#1421 = EDGE_CURVE ( 'NONE', #2079, #651, #797, .T. ) ;
#1422 = VERTEX_POINT ( 'NONE', #1101 ) ;
#1423 = ORIENTED_EDGE ( 'NONE', *, *, #2060, .T. ) ;
#1424 = EDGE_CURVE ( 'NONE', #529, #2372, #1614, .T. ) ;
#1425 = DIRECTION ( 'NONE',  ( -0.1736481776669303867, 0.9848077530122080203, 0.000000000000000000 ) ) ;
#1426 = EDGE_CURVE ( 'NONE', #1135, #940, #2380, .T. ) ;
#1427 = VERTEX_POINT ( 'NONE', #1449 ) ;
#1428 = DIRECTION ( 'NONE',  ( 0.1736481776669303589, -0.9848077530122080203, 0.000000000000000000 ) ) ;
#1429 = CARTESIAN_POINT ( 'NONE',  ( -0.6886018783769726204, 0.4616316873116999564, 0.7874999999999999778 ) ) ;
#1430 = CARTESIAN_POINT ( 'NONE',  ( -0.9294289299236822011, -1.084202172485504434E-16, 0.7874999999999999778 ) ) ;
#1431 = DIRECTION ( 'NONE',  ( -1.000000000000000000, 0.000000000000000000, 0.000000000000000000 ) ) ;
#1432 = FACE_OUTER_BOUND ( 'NONE', #1234, .T. ) ;
#1433 = APPLICATION_CONTEXT ( 'automotive_design' ) ;
#1434 = VECTOR ( 'NONE', #1920, 1000.000000000000000 ) ;
#1435 = ORIENTED_EDGE ( 'NONE', *, *, #168, .F. ) ;
#1436 = PLANE ( 'NONE',  #1889 ) ;
#1437 = LINE ( 'NONE', #2301, #2209 ) ;
#1438 = EDGE_LOOP ( 'NONE', ( #812, #798, #742, #1743 ) ) ;
#1439 = EDGE_LOOP ( 'NONE', ( #1364, #997, #1875, #711 ) ) ;
#1440 = DIRECTION ( 'NONE',  ( 0.000000000000000000, -1.000000000000000000, 0.000000000000000000 ) ) ;
#1441 = CYLINDRICAL_SURFACE ( 'NONE', #1949, 0.1000000000000000472 ) ;
#1442 = DIRECTION ( 'NONE',  ( -0.000000000000000000, -0.000000000000000000, -1.000000000000000000 ) ) ;
#1443 = ORIENTED_EDGE ( 'NONE', *, *, #1031, .T. ) ;
#1444 = LINE ( 'NONE', #222, #1499 ) ;
#1445 = VERTEX_POINT ( 'NONE', #1073 ) ;
#1446 = VECTOR ( 'NONE', #589, 1000.000000000000000 ) ;
#1447 = ORIENTED_EDGE ( 'NONE', *, *, #2120, .T. ) ;
#1448 = LINE ( 'NONE', #453, #2297 ) ;
#1449 = CARTESIAN_POINT ( 'NONE',  ( 0.6250000000000005551, 0.5149999999999993472, -0.7874999999999999778 ) ) ;
#1450 = DIRECTION ( 'NONE',  ( -0.9848077530122081313, 0.1736481776669304145, 0.000000000000000000 ) ) ;
#1451 = AXIS2_PLACEMENT_3D ( 'NONE', #915, #208, #2158 ) ;
#1452 = VECTOR ( 'NONE', #2046, 1000.000000000000000 ) ;
#1453 = PLANE ( 'NONE',  #2364 ) ;
#1454 = EDGE_LOOP ( 'NONE', ( #2187, #945, #544, #2191, #1545, #2260, #127, #213, #249, #187 ) ) ;
#1455 = DIRECTION ( 'NONE',  ( 0.000000000000000000, -1.000000000000000000, 0.000000000000000000 ) ) ;
#1456 = LINE ( 'NONE', #1793, #1446 ) ;
#1457 = CYLINDRICAL_SURFACE ( 'NONE', #93, 0.1899999999999999467 ) ;
#1458 = EDGE_LOOP ( 'NONE', ( #2328, #1580, #1183, #310 ) ) ;
#1459 = CARTESIAN_POINT ( 'NONE',  ( -0.6250000000000005551, 0.6849999999999993872, -0.5124999999999999556 ) ) ;
#1460 = AXIS2_PLACEMENT_3D ( 'NONE', #1041, #1953, #455 ) ;
#1461 = ORIENTED_EDGE ( 'NONE', *, *, #508, .F. ) ;
#1462 = VERTEX_POINT ( 'NONE', #752 ) ;
#1463 = CARTESIAN_POINT ( 'NONE',  ( -0.8560191963890481093, 0.4911518775150781613, 0.7874999999999999778 ) ) ;
#1464 = ORIENTED_EDGE ( 'NONE', *, *, #1264, .F. ) ;
#1465 = DIRECTION ( 'NONE',  ( 1.000000000000000000, 0.000000000000000000, 0.000000000000000000 ) ) ;
#1466 = FACE_OUTER_BOUND ( 'NONE', #1178, .T. ) ;
#1467 = DIRECTION ( 'NONE',  ( -0.000000000000000000, -0.000000000000000000, -1.000000000000000000 ) ) ;
#1468 = ORIENTED_EDGE ( 'NONE', *, *, #2332, .F. ) ;
#1469 = CARTESIAN_POINT ( 'NONE',  ( -0.6886018783769726204, 0.4616316873116999564, -0.5124999999999999556 ) ) ;
#1470 = EDGE_CURVE ( 'NONE', #63, #529, #1678, .T. ) ;
#1471 = VECTOR ( 'NONE', #1813, 1000.000000000000000 ) ;
#1472 = EDGE_LOOP ( 'NONE', ( #405, #2414, #806, #1081 ) ) ;
#1473 = ORIENTED_EDGE ( 'NONE', *, *, #938, .F. ) ;
#1474 = DIRECTION ( 'NONE',  ( 1.000000000000000000, 0.000000000000000000, 0.000000000000000000 ) ) ;
#1475 = PLANE ( 'NONE',  #2002 ) ;
#1476 = ORIENTED_EDGE ( 'NONE', *, *, #138, .T. ) ;
#1477 = DIRECTION ( 'NONE',  ( 0.000000000000000000, 0.000000000000000000, 1.000000000000000000 ) ) ;
#1478 = LINE ( 'NONE', #1904, #2275 ) ;
#1479 = LINE ( 'NONE', #1043, #2289 ) ;
#1480 = ORIENTED_EDGE ( 'NONE', *, *, #1334, .F. ) ;
#1481 = ORIENTED_EDGE ( 'NONE', *, *, #1825, .T. ) ;
#1482 =( NAMED_UNIT ( * ) SI_UNIT ( $, .STERADIAN. ) SOLID_ANGLE_UNIT ( ) );
#1483 = DIRECTION ( 'NONE',  ( 0.000000000000000000, -0.000000000000000000, -1.000000000000000000 ) ) ;
#1484 = SURFACE_STYLE_FILL_AREA ( #552 ) ;
#1485 = EDGE_LOOP ( 'NONE', ( #1400, #776, #821, #554 ) ) ;
#1486 = VECTOR ( 'NONE', #943, 1000.000000000000227 ) ;
#1487 = ORIENTED_EDGE ( 'NONE', *, *, #1289, .F. ) ;
#1488 = ORIENTED_EDGE ( 'NONE', *, *, #1175, .T. ) ;
#1489 = CARTESIAN_POINT ( 'NONE',  ( 0.6886018783769726204, 0.4616316873116999564, -0.5124999999999999556 ) ) ;
#1490 = AXIS2_PLACEMENT_3D ( 'NONE', #128, #407, #1320 ) ;
#1491 = VECTOR ( 'NONE', #895, 1000.000000000000000 ) ;
#1492 = DIRECTION ( 'NONE',  ( -1.000000000000000000, 0.000000000000000000, 0.000000000000000000 ) ) ;
#1493 = VERTEX_POINT ( 'NONE', #989 ) ;
#1494 = ORIENTED_EDGE ( 'NONE', *, *, #171, .T. ) ;
#1495 = AXIS2_PLACEMENT_3D ( 'NONE', #1017, #1164, #342 ) ;
#1496 = LINE ( 'NONE', #316, #721 ) ;
#1497 = CARTESIAN_POINT ( 'NONE',  ( 0.9294289299236822011, -1.084202172485504434E-16, 0.7874999999999999778 ) ) ;
#1498 = ORIENTED_EDGE ( 'NONE', *, *, #1395, .F. ) ;
#1499 = VECTOR ( 'NONE', #1295, 1000.000000000000227 ) ;
#1500 = ORIENTED_EDGE ( 'NONE', *, *, #109, .F. ) ;
#1501 = LINE ( 'NONE', #1832, #2379 ) ;
#1502 = ORIENTED_EDGE ( 'NONE', *, *, #400, .F. ) ;
#1503 = EDGE_CURVE ( 'NONE', #1519, #1250, #849, .T. ) ;
#1504 = VERTEX_POINT ( 'NONE', #1669 ) ;
#1505 = CARTESIAN_POINT ( 'NONE',  ( -0.3250000000000005662, 1.100000000000000755, -0.5999999999999957589 ) ) ;
#1506 = ORIENTED_EDGE ( 'NONE', *, *, #2295, .T. ) ;
#1507 = EDGE_CURVE ( 'NONE', #461, #1692, #1665, .T. ) ;
#1508 = LINE ( 'NONE', #1720, #2324 ) ;
#1509 = ADVANCED_FACE ( 'NONE', ( #2424 ), #810, .F. ) ;
#1510 = LINE ( 'NONE', #2338, #1548 ) ;
#1511 = ORIENTED_EDGE ( 'NONE', *, *, #2339, .T. ) ;
#1512 = ORIENTED_EDGE ( 'NONE', *, *, #347, .T. ) ;
#1513 =( LENGTH_UNIT ( ) NAMED_UNIT ( * ) SI_UNIT ( .MILLI., .METRE. ) );
#1514 = VECTOR ( 'NONE', #393, 1000.000000000000000 ) ;
#1515 = EDGE_CURVE ( 'NONE', #1570, #343, #766, .T. ) ;
#1516 = VECTOR ( 'NONE', #2244, 1000.000000000000000 ) ;
#1517 = ORIENTED_EDGE ( 'NONE', *, *, #2335, .T. ) ;
#1518 = PLANE ( 'NONE',  #1911 ) ;
#1519 = VERTEX_POINT ( 'NONE', #1085 ) ;
#1520 = VECTOR ( 'NONE', #2317, 1000.000000000000000 ) ;
#1521 = CYLINDRICAL_SURFACE ( 'NONE', #1894, 0.1899999999999999467 ) ;
#1522 = DIRECTION ( 'NONE',  ( 1.000000000000000000, -1.686042159303699286E-16, 0.000000000000000000 ) ) ;
#1523 = ORIENTED_EDGE ( 'NONE', *, *, #1102, .F. ) ;
#1524 = ORIENTED_EDGE ( 'NONE', *, *, #2006, .T. ) ;
#1525 = CARTESIAN_POINT ( 'NONE',  ( -0.7423154568513625762, 0.1570068462432830936, 0.1375000000000000389 ) ) ;
#1526 = VECTOR ( 'NONE', #912, 1000.000000000000114 ) ;
#1527 = ORIENTED_EDGE ( 'NONE', *, *, #287, .T. ) ;
#1528 = EDGE_LOOP ( 'NONE', ( #2211, #1356, #805, #1527 ) ) ;
#1529 = STYLED_ITEM ( 'NONE', ( #1420 ), #1034 ) ;
#1530 = CARTESIAN_POINT ( 'NONE',  ( 0.6250000000000005551, 0.4504169601301014070, -0.5124999999999999556 ) ) ;
#1531 = ORIENTED_EDGE ( 'NONE', *, *, #1018, .T. ) ;
#1532 = FACE_OUTER_BOUND ( 'NONE', #2303, .T. ) ;
#1533 = CIRCLE ( 'NONE', #2370, 0.01999999999999994491 ) ;
#1534 = ORIENTED_EDGE ( 'NONE', *, *, #1804, .T. ) ;
#1535 = AXIS2_PLACEMENT_3D ( 'NONE', #2152, #477, #1235 ) ;
#1536 = ORIENTED_EDGE ( 'NONE', *, *, #1938, .T. ) ;
#1537 = CARTESIAN_POINT ( 'NONE',  ( -0.6250000000000005551, 0.6849999999999993872, 0.7874999999999999778 ) ) ;
#1538 = CARTESIAN_POINT ( 'NONE',  ( -0.9294289299236822011, 0.1699999999999999012, -0.1375000000000000389 ) ) ;
#1539 = CIRCLE ( 'NONE', #1535, 0.1899999999999999467 ) ;
#1540 = LINE ( 'NONE', #1013, #1516 ) ;
#1541 = ORIENTED_EDGE ( 'NONE', *, *, #931, .T. ) ;
#1542 = UNCERTAINTY_MEASURE_WITH_UNIT (LENGTH_MEASURE( 1.000000000000000082E-05 ), #770, 'distance_accuracy_value', 'NONE');
#1543 = DIRECTION ( 'NONE',  ( 0.1391731009600657432, 0.9902680687415703620, 0.000000000000000000 ) ) ;
#1544 = AXIS2_PLACEMENT_3D ( 'NONE', #2125, #1923, #2087 ) ;
#1545 = ORIENTED_EDGE ( 'NONE', *, *, #1036, .F. ) ;
#1546 = PRODUCT_DEFINITION_SHAPE ( 'NONE', 'NONE',  #2202 ) ;
#1547 = EDGE_CURVE ( 'NONE', #78, #2155, #1578, .T. ) ;
#1548 = VECTOR ( 'NONE', #890, 1000.000000000000000 ) ;
#1549 = CARTESIAN_POINT ( 'NONE',  ( -0.3250000000000005662, 0.7171572875253815482, -0.6999999999999957367 ) ) ;
#1550 = VERTEX_POINT ( 'NONE', #1217 ) ;
#1551 = ADVANCED_FACE ( 'NONE', ( #1689 ), #2320, .F. ) ;
#1552 = ORIENTED_EDGE ( 'NONE', *, *, #1610, .F. ) ;
#1553 = EDGE_CURVE ( 'NONE', #1352, #2402, #1448, .T. ) ;
#1554 = VECTOR ( 'NONE', #1113, 1000.000000000000114 ) ;
#1555 = FACE_OUTER_BOUND ( 'NONE', #1611, .T. ) ;
#1556 = EDGE_CURVE ( 'NONE', #1380, #216, #877, .T. ) ;
#1557 = VERTEX_POINT ( 'NONE', #729 ) ;
#1558 = CARTESIAN_POINT ( 'NONE',  ( -0.3250000000000005662, 1.000000000000000666, -0.6999999999999957367 ) ) ;
#1559 = VERTEX_POINT ( 'NONE', #2383 ) ;
#1560 = LINE ( 'NONE', #1198, #1491 ) ;
#1561 = ORIENTED_EDGE ( 'NONE', *, *, #1426, .T. ) ;
#1562 = EDGE_CURVE ( 'NONE', #2074, #470, #791, .T. ) ;
#1563 = ORIENTED_EDGE ( 'NONE', *, *, #1703, .T. ) ;
#1564 = CARTESIAN_POINT ( 'NONE',  ( -0.9294289299236822011, -1.084202172485504434E-16, -0.7874999999999999778 ) ) ;
#1565 = CYLINDRICAL_SURFACE ( 'NONE', #17, 0.06458303986989796797 ) ;
#1566 = DIRECTION ( 'NONE',  ( 0.000000000000000000, -1.000000000000000000, 0.000000000000000000 ) ) ;
#1567 = VERTEX_POINT ( 'NONE', #2410 ) ;
#1568 = ORIENTED_EDGE ( 'NONE', *, *, #576, .F. ) ;
#1569 = DIRECTION ( 'NONE',  ( 0.000000000000000000, -0.000000000000000000, 1.000000000000000000 ) ) ;
#1570 = VERTEX_POINT ( 'NONE', #2217 ) ;
#1571 = PLANE ( 'NONE',  #1978 ) ;
#1572 = VECTOR ( 'NONE', #1823, 1000.000000000000000 ) ;
#1573 = VECTOR ( 'NONE', #1826, 1000.000000000000000 ) ;
#1574 = CARTESIAN_POINT ( 'NONE',  ( -0.6250000000000005551, 0.4504169601301014070, 0.7874999999999999778 ) ) ;
#1575 = ORIENTED_EDGE ( 'NONE', *, *, #75, .T. ) ;
#1576 = ORIENTED_EDGE ( 'NONE', *, *, #506, .T. ) ;
#1577 = VECTOR ( 'NONE', #35, 1000.000000000000000 ) ;
#1578 = LINE ( 'NONE', #439, #873 ) ;
#1579 = EDGE_LOOP ( 'NONE', ( #1410, #2180, #1650, #571 ) ) ;
#1580 = ORIENTED_EDGE ( 'NONE', *, *, #181, .F. ) ;
#1581 = CARTESIAN_POINT ( 'NONE',  ( 0.6249999999999983347, 0.6849999999999993872, -0.9999999999999956701 ) ) ;
#1582 = ORIENTED_EDGE ( 'NONE', *, *, #680, .T. ) ;
#1583 = VECTOR ( 'NONE', #255, 1000.000000000000000 ) ;
#1584 = VECTOR ( 'NONE', #1033, 1000.000000000000000 ) ;
#1585 = AXIS2_PLACEMENT_3D ( 'NONE', #827, #1115, #2192 ) ;
#1586 = EDGE_LOOP ( 'NONE', ( #625, #2177, #1668, #624, #1406, #1642, #2169, #541, #865, #2232 ) ) ;
#1587 = DIRECTION ( 'NONE',  ( 1.686042159303699286E-16, 1.000000000000000000, 0.000000000000000000 ) ) ;
#1588 = ORIENTED_EDGE ( 'NONE', *, *, #244, .F. ) ;
#1589 = ORIENTED_EDGE ( 'NONE', *, *, #1982, .F. ) ;
#1590 = DIRECTION ( 'NONE',  ( -0.000000000000000000, -0.000000000000000000, -1.000000000000000000 ) ) ;
#1591 = FACE_OUTER_BOUND ( 'NONE', #2151, .T. ) ;
#1592 = DIRECTION ( 'NONE',  ( 0.000000000000000000, -0.000000000000000000, -1.000000000000000000 ) ) ;
#1593 = DIRECTION ( 'NONE',  ( -0.000000000000000000, -0.000000000000000000, -1.000000000000000000 ) ) ;
#1594 = FACE_OUTER_BOUND ( 'NONE', #510, .T. ) ;
#1595 = COLOUR_RGB ( '',1.000000000000000000, 1.000000000000000000, 1.000000000000000000 ) ;
#1596 =( GEOMETRIC_REPRESENTATION_CONTEXT ( 3 ) GLOBAL_UNCERTAINTY_ASSIGNED_CONTEXT ( ( #1542 ) ) GLOBAL_UNIT_ASSIGNED_CONTEXT ( ( #770, #351, #1002 ) ) REPRESENTATION_CONTEXT ( 'NONE', 'WORKASPACE' ) );
#1597 = ORIENTED_EDGE ( 'NONE', *, *, #1938, .F. ) ;
#1598 = ADVANCED_FACE ( 'NONE', ( #817 ), #1968, .T. ) ;
#1599 = DIRECTION ( 'NONE',  ( 0.000000000000000000, -0.000000000000000000, -1.000000000000000000 ) ) ;
#1600 = ORIENTED_EDGE ( 'NONE', *, *, #864, .T. ) ;
#1601 = CARTESIAN_POINT ( 'NONE',  ( -0.9097327748634380651, 0.1865270364466612429, 0.7874999999999999778 ) ) ;
#1602 = EDGE_CURVE ( 'NONE', #1504, #1739, #30, .T. ) ;
#1603 = VECTOR ( 'NONE', #382, 1000.000000000000000 ) ;
#1604 = VECTOR ( 'NONE', #15, 1000.000000000000000 ) ;
#1605 = CARTESIAN_POINT ( 'NONE',  ( 1.049999999999999822, -1.287490079826536515E-16, -0.5124999999999999556 ) ) ;
#1606 = ORIENTED_EDGE ( 'NONE', *, *, #231, .T. ) ;
#1607 = EDGE_LOOP ( 'NONE', ( #273, #1576, #1563, #757, #432, #1199, #2042, #751, #794, #1210 ) ) ;
#1608 = FACE_OUTER_BOUND ( 'NONE', #953, .T. ) ;
#1609 = LINE ( 'NONE', #1251, #2417 ) ;
#1610 = EDGE_CURVE ( 'NONE', #2179, #1870, #1628, .T. ) ;
#1611 = EDGE_LOOP ( 'NONE', ( #2256, #647, #2375, #692 ) ) ;
#1612 = ORIENTED_EDGE ( 'NONE', *, *, #263, .T. ) ;
#1613 = LINE ( 'NONE', #833, #1603 ) ;
#1614 = LINE ( 'NONE', #675, #882 ) ;
#1615 = LINE ( 'NONE', #1696, #2314 ) ;
#1616 = PLANE ( 'NONE',  #2032 ) ;
#1617 = ORIENTED_EDGE ( 'NONE', *, *, #245, .F. ) ;
#1618 = ORIENTED_EDGE ( 'NONE', *, *, #2043, .F. ) ;
#1619 =( LENGTH_UNIT ( ) NAMED_UNIT ( * ) SI_UNIT ( .MILLI., .METRE. ) );
#1620 = VECTOR ( 'NONE', #1385, 1000.000000000000000 ) ;
#1621 = DIRECTION ( 'NONE',  ( -1.000000000000000000, -0.000000000000000000, -0.000000000000000000 ) ) ;
#1622 = VECTOR ( 'NONE', #1876, 1000.000000000000000 ) ;
#1623 = FACE_OUTER_BOUND ( 'NONE', #1586, .T. ) ;
#1624 = ORIENTED_EDGE ( 'NONE', *, *, #1776, .F. ) ;
#1625 = CARTESIAN_POINT ( 'NONE',  ( 0.6249999999999983347, 0.6849999999999993872, -0.9999999999999956701 ) ) ;
#1626 = ORIENTED_EDGE ( 'NONE', *, *, #309, .T. ) ;
#1627 = CARTESIAN_POINT ( 'NONE',  ( -0.9294289299236822011, 0.1899999999999998912, 0.1375000000000000389 ) ) ;
#1628 = CIRCLE ( 'NONE', #1114, 0.1899999999999999467 ) ;
#1629 = FACE_OUTER_BOUND ( 'NONE', #2270, .T. ) ;
#1630 = DIRECTION ( 'NONE',  ( 1.000000000000000000, 0.000000000000000000, -0.000000000000000000 ) ) ;
#1631 = VERTEX_POINT ( 'NONE', #1732 ) ;
#1632 = ADVANCED_FACE ( 'NONE', ( #1594 ), #48, .T. ) ;
#1633 = CIRCLE ( 'NONE', #1206, 0.1899999999999999467 ) ;
#1634 = CIRCLE ( 'NONE', #1314, 0.06458303986989796797 ) ;
#1635 = FACE_OUTER_BOUND ( 'NONE', #2114, .T. ) ;
#1636 = VERTEX_POINT ( 'NONE', #354 ) ;
#1637 = DIRECTION ( 'NONE',  ( 1.000000000000000000, 0.000000000000000000, 0.000000000000000000 ) ) ;
#1638 =( GEOMETRIC_REPRESENTATION_CONTEXT ( 3 ) GLOBAL_UNCERTAINTY_ASSIGNED_CONTEXT ( ( #689 ) ) GLOBAL_UNIT_ASSIGNED_CONTEXT ( ( #484, #1663, #18 ) ) REPRESENTATION_CONTEXT ( 'NONE', 'WORKASPACE' ) );
#1639 = LINE ( 'NONE', #247, #37 ) ;
#1640 = VECTOR ( 'NONE', #1132, 1000.000000000000000 ) ;
#1641 = DIRECTION ( 'NONE',  ( 0.000000000000000000, 0.000000000000000000, 1.000000000000000000 ) ) ;
#1642 = ORIENTED_EDGE ( 'NONE', *, *, #2250, .T. ) ;
#1643 = EDGE_CURVE ( 'NONE', #1374, #78, #866, .T. ) ;
#1644 = CARTESIAN_POINT ( 'NONE',  ( 0.6886018783769726204, 0.4616316873116999564, 0.7874999999999999778 ) ) ;
#1645 = DIRECTION ( 'NONE',  ( 0.1378445374916288935, 0.9808148484639890308, -0.1378445374916289212 ) ) ;
#1646 = CARTESIAN_POINT ( 'NONE',  ( -0.9294289299236822011, 0.1899999999999998912, -0.1375000000000000389 ) ) ;
#1647 = VECTOR ( 'NONE', #1000, 1000.000000000000000 ) ;
#1648 = CIRCLE ( 'NONE', #1324, 0.01999999999999994491 ) ;
#1649 = EDGE_CURVE ( 'NONE', #2123, #2136, #2222, .T. ) ;
#1650 = ORIENTED_EDGE ( 'NONE', *, *, #2062, .F. ) ;
#1651 = DIRECTION ( 'NONE',  ( 0.000000000000000000, -0.000000000000000000, -1.000000000000000000 ) ) ;
#1652 = LINE ( 'NONE', #800, #1573 ) ;
#1653 = VECTOR ( 'NONE', #1122, 1000.000000000000000 ) ;
#1654 = DIRECTION ( 'NONE',  ( 0.000000000000000000, -0.000000000000000000, -1.000000000000000000 ) ) ;
#1655 = ORIENTED_EDGE ( 'NONE', *, *, #1242, .F. ) ;
#1656 = EDGE_CURVE ( 'NONE', #2411, #1286, #2373, .T. ) ;
#1657 = VECTOR ( 'NONE', #977, 1000.000000000000000 ) ;
#1658 = LINE ( 'NONE', #243, #1584 ) ;
#1659 = LINE ( 'NONE', #1103, #1653 ) ;
#1660 = ORIENTED_EDGE ( 'NONE', *, *, #168, .T. ) ;
#1661 = ADVANCED_FACE ( 'NONE', ( #736 ), #802, .F. ) ;
#1662 = CARTESIAN_POINT ( 'NONE',  ( 0.6250000000000005551, 0.5149999999999993472, -0.5124999999999999556 ) ) ;
#1663 =( NAMED_UNIT ( * ) PLANE_ANGLE_UNIT ( ) SI_UNIT ( $, .RADIAN. ) );
#1664 = CYLINDRICAL_SURFACE ( 'NONE', #1082, 0.01999999999999994491 ) ;
#1665 = LINE ( 'NONE', #327, #71 ) ;
#1666 = LINE ( 'NONE', #1469, #38 ) ;
#1667 = CARTESIAN_POINT ( 'NONE',  ( -0.6250000000000005551, 0.4504169601301014070, -0.1375000000000000389 ) ) ;
#1668 = ORIENTED_EDGE ( 'NONE', *, *, #1656, .T. ) ;
#1669 = CARTESIAN_POINT ( 'NONE',  ( 0.8560191963890481093, 0.4911518775150781613, 0.5124999999999999556 ) ) ;
#1670 = FACE_OUTER_BOUND ( 'NONE', #1439, .T. ) ;
#1671 = CARTESIAN_POINT ( 'NONE',  ( 0.7423154568513625762, 0.1570068462432830936, 0.5124999999999999556 ) ) ;
#1672 = DIRECTION ( 'NONE',  ( -0.000000000000000000, -0.000000000000000000, -1.000000000000000000 ) ) ;
#1673 = LINE ( 'NONE', #1799, #65 ) ;
#1674 = FACE_OUTER_BOUND ( 'NONE', #2298, .T. ) ;
#1675 = EDGE_LOOP ( 'NONE', ( #728, #1511, #1068, #2421 ) ) ;
#1676 = CARTESIAN_POINT ( 'NONE',  ( 0.9294289299236822011, 0.1699999999999999012, -0.5124999999999999556 ) ) ;
#1677 = LINE ( 'NONE', #1294, #29 ) ;
#1678 = CIRCLE ( 'NONE', #321, 0.2345830398698980357 ) ;
#1679 = AXIS2_PLACEMENT_3D ( 'NONE', #780, #1291, #581 ) ;
#1680 = VECTOR ( 'NONE', #2091, 1000.000000000000000 ) ;
#1681 = DIRECTION ( 'NONE',  ( 0.1736481776669303867, 0.9848077530122080203, -0.000000000000000000 ) ) ;
#1682 = VERTEX_POINT ( 'NONE', #1605 ) ;
#1683 = PRESENTATION_STYLE_ASSIGNMENT (( #2013 ) ) ;
#1684 = LINE ( 'NONE', #1537, #1647 ) ;
#1685 = VECTOR ( 'NONE', #356, 1000.000000000000000 ) ;
#1686 = AXIS2_PLACEMENT_3D ( 'NONE', #792, #2205, #1483 ) ;
#1687 = VERTEX_POINT ( 'NONE', #1121 ) ;
#1688 = DIRECTION ( 'NONE',  ( 0.000000000000000000, 0.000000000000000000, 1.000000000000000000 ) ) ;
#1689 = FACE_OUTER_BOUND ( 'NONE', #1970, .T. ) ;
#1690 = LINE ( 'NONE', #69, #857 ) ;
#1691 = CARTESIAN_POINT ( 'NONE',  ( -1.049999999999999822, 0.1699999999999999012, -0.7874999999999999778 ) ) ;
#1692 = VERTEX_POINT ( 'NONE', #1812 ) ;
#1693 = ADVANCED_FACE ( 'NONE', ( #1532 ), #1565, .F. ) ;
#1694 = EDGE_CURVE ( 'NONE', #1550, #394, #788, .T. ) ;
#1695 = DIRECTION ( 'NONE',  ( 1.000000000000000000, 0.000000000000000000, 0.000000000000000000 ) ) ;
#1696 = CARTESIAN_POINT ( 'NONE',  ( -0.6250000000000005551, 0.5149999999999993472, -0.9999999999999956701 ) ) ;
#1697 = FACE_OUTER_BOUND ( 'NONE', #696, .T. ) ;
#1698 = VECTOR ( 'NONE', #1455, 1000.000000000000000 ) ;
#1699 = ORIENTED_EDGE ( 'NONE', *, *, #1145, .T. ) ;
#1700 = CARTESIAN_POINT ( 'NONE',  ( 0.6250000000000005551, 0.5149999999999993472, -0.5124999999999999556 ) ) ;
#1701 = VECTOR ( 'NONE', #910, 1000.000000000000000 ) ;
#1702 = CARTESIAN_POINT ( 'NONE',  ( -0.6250000000000005551, 0.6849999999999993872, 0.1375000000000000389 ) ) ;
#1703 = EDGE_CURVE ( 'NONE', #360, #734, #693, .T. ) ;
#1704 = ORIENTED_EDGE ( 'NONE', *, *, #138, .F. ) ;
#1705 = LINE ( 'NONE', #1855, #1719 ) ;
#1706 = ORIENTED_EDGE ( 'NONE', *, *, #690, .F. ) ;
#1707 = CARTESIAN_POINT ( 'NONE',  ( -0.8560191963890481093, 0.4911518775150781613, -0.7874999999999999778 ) ) ;
#1708 = DIRECTION ( 'NONE',  ( -1.000000000000000000, 0.000000000000000000, 0.000000000000000000 ) ) ;
#1709 = FACE_OUTER_BOUND ( 'NONE', #1890, .T. ) ;
#1710 = CARTESIAN_POINT ( 'NONE',  ( -0.9294289299236822011, 0.1899999999999998912, -0.5124999999999999556 ) ) ;
#1711 = ORIENTED_EDGE ( 'NONE', *, *, #2326, .F. ) ;
#1712 = CARTESIAN_POINT ( 'NONE',  ( 0.9294289299236822011, 0.1899999999999998912, 0.7874999999999999778 ) ) ;
#1713 = ADVANCED_FACE ( 'NONE', ( #1591 ), #1035, .F. ) ;
#1714 = DIRECTION ( 'NONE',  ( 0.000000000000000000, -0.000000000000000000, -1.000000000000000000 ) ) ;
#1715 = FACE_OUTER_BOUND ( 'NONE', #253, .T. ) ;
#1716 = VERTEX_POINT ( 'NONE', #808 ) ;
#1717 = CARTESIAN_POINT ( 'NONE',  ( 0.6250000000000005551, 0.4504169601301014070, -0.7874999999999999778 ) ) ;
#1718 = AXIS2_PLACEMENT_3D ( 'NONE', #1418, #1988, #1401 ) ;
#1719 = VECTOR ( 'NONE', #1245, 1000.000000000000000 ) ;
#1720 = CARTESIAN_POINT ( 'NONE',  ( -0.6250000000000005551, 0.6849999999999993872, -0.7874999999999999778 ) ) ;
#1721 = ORIENTED_EDGE ( 'NONE', *, *, #1402, .T. ) ;
#1722 = AXIS2_PLACEMENT_3D ( 'NONE', #1244, #305, #314 ) ;
#1723 = SURFACE_STYLE_FILL_AREA ( #1129 ) ;
#1724 = LINE ( 'NONE', #783, #82 ) ;
#1725 = EDGE_CURVE ( 'NONE', #1814, #271, #1613, .T. ) ;
#1726 = ORIENTED_EDGE ( 'NONE', *, *, #203, .T. ) ;
#1727 = CARTESIAN_POINT ( 'NONE',  ( -1.049999999999999822, 0.1699999999999999012, 0.1375000000000000389 ) ) ;
#1728 = EDGE_CURVE ( 'NONE', #2402, #1422, #719, .T. ) ;
#1729 = LINE ( 'NONE', #974, #1698 ) ;
#1730 = ORIENTED_EDGE ( 'NONE', *, *, #1858, .F. ) ;
#1731 = EDGE_CURVE ( 'NONE', #638, #1682, #2395, .T. ) ;
#1732 = CARTESIAN_POINT ( 'NONE',  ( -0.9294289299236822011, 0.1699999999999999012, 0.5124999999999999556 ) ) ;
#1733 = VECTOR ( 'NONE', #961, 1000.000000000000000 ) ;
#1734 = ORIENTED_EDGE ( 'NONE', *, *, #1395, .T. ) ;
#1735 = DIRECTION ( 'NONE',  ( -0.1736481776669303867, 0.9848077530122080203, 0.000000000000000000 ) ) ;
#1736 = VECTOR ( 'NONE', #1919, 1000.000000000000000 ) ;
#1737 = FILL_AREA_STYLE ('',( #2029 ) ) ;
#1738 = DIRECTION ( 'NONE',  ( 1.000000000000000000, 0.000000000000000000, -0.000000000000000000 ) ) ;
#1739 = VERTEX_POINT ( 'NONE', #1332 ) ;
#1740 = VECTOR ( 'NONE', #1873, 1000.000000000000000 ) ;
#1741 = ORIENTED_EDGE ( 'NONE', *, *, #673, .T. ) ;
#1742 = VECTOR ( 'NONE', #681, 1000.000000000000000 ) ;
#1743 = ORIENTED_EDGE ( 'NONE', *, *, #73, .T. ) ;
#1744 = CARTESIAN_POINT ( 'NONE',  ( -0.6250000000000005551, 0.4504169601301014070, 0.7874999999999999778 ) ) ;
#1745 = LINE ( 'NONE', #140, #183 ) ;
#1746 = AXIS2_PLACEMENT_3D ( 'NONE', #1497, #1888, #1522 ) ;
#1747 = ORIENTED_EDGE ( 'NONE', *, *, #447, .F. ) ;
#1748 = DIRECTION ( 'NONE',  ( -0.1736481776669303589, -0.9848077530122080203, 0.000000000000000000 ) ) ;
#1749 = CARTESIAN_POINT ( 'NONE',  ( -1.049999999999999822, 0.1699999999999999012, -0.7874999999999999778 ) ) ;
#1750 = LINE ( 'NONE', #907, #191 ) ;
#1751 = VERTEX_POINT ( 'NONE', #227 ) ;
#1752 = AXIS2_PLACEMENT_3D ( 'NONE', #1015, #2021, #1543 ) ;
#1753 = EDGE_CURVE ( 'NONE', #452, #2402, #2347, .T. ) ;
#1754 = LINE ( 'NONE', #1676, #165 ) ;
#1755 = EDGE_LOOP ( 'NONE', ( #2406, #386, #206, #256 ) ) ;
#1756 = ADVANCED_FACE ( 'NONE', ( #2389 ), #2234, .F. ) ;
#1757 = FACE_OUTER_BOUND ( 'NONE', #1755, .T. ) ;
#1758 = DIRECTION ( 'NONE',  ( 0.000000000000000000, 0.000000000000000000, 1.000000000000000000 ) ) ;
#1759 = EDGE_CURVE ( 'NONE', #2106, #87, #678, .T. ) ;
#1760 = EDGE_LOOP ( 'NONE', ( #1155, #709, #2086, #1994 ) ) ;
#1761 = DIRECTION ( 'NONE',  ( 0.000000000000000000, -0.000000000000000000, -1.000000000000000000 ) ) ;
#1762 = LINE ( 'NONE', #542, #998 ) ;
#1763 = ORIENTED_EDGE ( 'NONE', *, *, #515, .F. ) ;
#1764 = DIRECTION ( 'NONE',  ( 0.1736481776669303867, 0.9848077530122080203, -0.000000000000000000 ) ) ;
#1765 = FACE_OUTER_BOUND ( 'NONE', #348, .T. ) ;
#1766 = DIRECTION ( 'NONE',  ( -0.000000000000000000, -0.000000000000000000, -1.000000000000000000 ) ) ;
#1767 = ORIENTED_EDGE ( 'NONE', *, *, #1334, .T. ) ;
#1768 = FACE_OUTER_BOUND ( 'NONE', #1176, .T. ) ;
#1769 = CARTESIAN_POINT ( 'NONE',  ( -1.049999999999999822, -1.287490079826536515E-16, -0.5124999999999999556 ) ) ;
#1770 = FACE_OUTER_BOUND ( 'NONE', #1458, .T. ) ;
#1771 = AXIS2_PLACEMENT_3D ( 'NONE', #1910, #785, #2027 ) ;
#1772 = ADVANCED_FACE ( 'NONE', ( #2399 ), #2292, .F. ) ;
#1773 = PLANE ( 'NONE',  #918 ) ;
#1774 = LINE ( 'NONE', #2360, #979 ) ;
#1775 = LINE ( 'NONE', #246, #177 ) ;
#1776 = EDGE_CURVE ( 'NONE', #1359, #39, #796, .T. ) ;
#1777 = LINE ( 'NONE', #1321, #115 ) ;
#1778 = CARTESIAN_POINT ( 'NONE',  ( -0.6250000000000005551, 0.6849999999999993872, 1.000000000000000888 ) ) ;
#1779 = ADVANCED_FACE ( 'NONE', ( #1608 ), #1773, .T. ) ;
#1780 = EDGE_CURVE ( 'NONE', #1928, #1090, #746, .T. ) ;
#1781 = LINE ( 'NONE', #1700, #112 ) ;
#1782 = CARTESIAN_POINT ( 'NONE',  ( -0.6250000000000005551, 0.5149999999999993472, 0.1375000000000000389 ) ) ;
#1783 = EDGE_CURVE ( 'NONE', #87, #662, #2416, .T. ) ;
#1784 = CARTESIAN_POINT ( 'NONE',  ( -0.6250000000000005551, 1.100000000000000755, 0.9416755535985081860 ) ) ;
#1785 = CARTESIAN_POINT ( 'NONE',  ( 0.6886018783769726204, 0.4616316873116999564, 0.7874999999999999778 ) ) ;
#1786 = DIRECTION ( 'NONE',  ( 0.000000000000000000, 0.000000000000000000, 1.000000000000000000 ) ) ;
#1787 = LINE ( 'NONE', #934, #1789 ) ;
#1788 = LINE ( 'NONE', #1006, #958 ) ;
#1789 = VECTOR ( 'NONE', #769, 1000.000000000000000 ) ;
#1790 = LINE ( 'NONE', #457, #1742 ) ;
#1791 = AXIS2_PLACEMENT_3D ( 'NONE', #2129, #2283, #1144 ) ;
#1792 = DIRECTION ( 'NONE',  ( 0.1378445374916289490, 0.9808148484639890308, 0.1378445374916289212 ) ) ;
#1793 = CARTESIAN_POINT ( 'NONE',  ( -0.9097327748634380651, 0.1865270364466612429, 0.1375000000000000389 ) ) ;
#1794 = DIRECTION ( 'NONE',  ( 0.000000000000000000, -0.000000000000000000, -1.000000000000000000 ) ) ;
#1795 = ORIENTED_EDGE ( 'NONE', *, *, #1982, .T. ) ;
#1796 = LINE ( 'NONE', #1042, #188 ) ;
#1797 = PLANE ( 'NONE',  #1752 ) ;
#1798 = AXIS2_PLACEMENT_3D ( 'NONE', #292, #2400, #1948 ) ;
#1799 = CARTESIAN_POINT ( 'NONE',  ( 0.9294289299236822011, 0.1699999999999999012, 0.7874999999999999778 ) ) ;
#1800 = CARTESIAN_POINT ( 'NONE',  ( -0.6250000000000005551, 0.6849999999999993872, -0.5124999999999999556 ) ) ;
#1801 = VECTOR ( 'NONE', #848, 1000.000000000000000 ) ;
#1802 = AXIS2_PLACEMENT_3D ( 'NONE', #1146, #242, #1898 ) ;
#1803 = LINE ( 'NONE', #1278, #963 ) ;
#1804 = EDGE_CURVE ( 'NONE', #2281, #940, #1560, .T. ) ;
#1805 = DIRECTION ( 'NONE',  ( 0.000000000000000000, -0.000000000000000000, -1.000000000000000000 ) ) ;
#1806 = CARTESIAN_POINT ( 'NONE',  ( 0.9294289299236822011, -1.084202172485504434E-16, -0.5124999999999999556 ) ) ;
#1807 = DIRECTION ( 'NONE',  ( 0.000000000000000000, 0.000000000000000000, 1.000000000000000000 ) ) ;
#1808 = DIRECTION ( 'NONE',  ( -0.000000000000000000, -0.000000000000000000, -1.000000000000000000 ) ) ;
#1809 = DIRECTION ( 'NONE',  ( 0.000000000000000000, 0.000000000000000000, 1.000000000000000000 ) ) ;
#1810 =( NAMED_UNIT ( * ) PLANE_ANGLE_UNIT ( ) SI_UNIT ( $, .RADIAN. ) );
#1811 = VECTOR ( 'NONE', #1902, 1000.000000000000000 ) ;
#1812 = CARTESIAN_POINT ( 'NONE',  ( -0.9294289299236822011, -1.084202172485504434E-16, 0.1375000000000000389 ) ) ;
#1813 = DIRECTION ( 'NONE',  ( -0.000000000000000000, -0.000000000000000000, -1.000000000000000000 ) ) ;
#1814 = VERTEX_POINT ( 'NONE', #163 ) ;
#1815 = ADVANCED_FACE ( 'NONE', ( #2423 ), #1221, .T. ) ;
#1816 = MECHANICAL_DESIGN_GEOMETRIC_PRESENTATION_REPRESENTATION (  '', ( #240 ), #124 ) ;
#1817 = ORIENTED_EDGE ( 'NONE', *, *, #270, .F. ) ;
#1818 = CARTESIAN_POINT ( 'NONE',  ( 0.5666755535985062986, 0.1000000000000003109, 0.9416755535985084080 ) ) ;
#1819 = AXIS2_PLACEMENT_3D ( 'NONE', #190, #294, #2198 ) ;
#1820 = DIRECTION ( 'NONE',  ( 0.9848077530122081313, 0.1736481776669304145, 0.000000000000000000 ) ) ;
#1821 = EDGE_CURVE ( 'NONE', #507, #355, #809, .T. ) ;
#1822 = VERTEX_POINT ( 'NONE', #1065 ) ;
#1823 = DIRECTION ( 'NONE',  ( -0.000000000000000000, -0.000000000000000000, -1.000000000000000000 ) ) ;
#1824 = EDGE_CURVE ( 'NONE', #32, #1822, #1539, .T. ) ;
#1825 = EDGE_CURVE ( 'NONE', #343, #1504, #684, .T. ) ;
#1826 = DIRECTION ( 'NONE',  ( 1.000000000000000000, 1.686042159303699286E-16, -0.000000000000000000 ) ) ;
#1827 = DIRECTION ( 'NONE',  ( -1.000000000000000000, 0.000000000000000000, 0.000000000000000000 ) ) ;
#1828 = ADVANCED_FACE ( 'NONE', ( #758 ), #1436, .F. ) ;
#1829 = DIRECTION ( 'NONE',  ( 0.1736481776669303312, 0.9848077530122080203, 0.000000000000000000 ) ) ;
#1830 = ORIENTED_EDGE ( 'NONE', *, *, #2224, .F. ) ;
#1831 = DIRECTION ( 'NONE',  ( -0.000000000000000000, -1.000000000000000000, -0.000000000000000000 ) ) ;
#1832 = CARTESIAN_POINT ( 'NONE',  ( -0.6886018783769726204, 0.4616316873116999564, -0.1375000000000000389 ) ) ;
#1833 = AXIS2_PLACEMENT_3D ( 'NONE', #251, #574, #1159 ) ;
#1834 = EDGE_CURVE ( 'NONE', #1986, #1445, #2302, .T. ) ;
#1835 = DIRECTION ( 'NONE',  ( 0.000000000000000000, -0.1391731009600657432, 0.9902680687415703620 ) ) ;
#1836 = DIRECTION ( 'NONE',  ( 0.9848077530122081313, -0.1736481776669303589, 0.000000000000000000 ) ) ;
#1837 = EDGE_CURVE ( 'NONE', #332, #63, #2427, .T. ) ;
#1838 = ADVANCED_FACE ( 'NONE', ( #707 ), #2294, .T. ) ;
#1839 = CARTESIAN_POINT ( 'NONE',  ( -0.6250000000000005551, 0.6849999999999993872, -0.9999999999999956701 ) ) ;
#1840 = DIRECTION ( 'NONE',  ( -0.000000000000000000, 1.000000000000000000, -0.000000000000000000 ) ) ;
#1841 = EDGE_CURVE ( 'NONE', #2079, #1550, #2306, .T. ) ;
#1842 = DIRECTION ( 'NONE',  ( 0.000000000000000000, 1.000000000000000000, 0.000000000000000000 ) ) ;
#1843 = DIRECTION ( 'NONE',  ( 0.000000000000000000, 1.000000000000000000, 0.000000000000000000 ) ) ;
#1844 = DIRECTION ( 'NONE',  ( -0.000000000000000000, 1.000000000000000000, -0.000000000000000000 ) ) ;
#1845 = PLANE ( 'NONE',  #1231 ) ;
#1846 = CARTESIAN_POINT ( 'NONE',  ( 0.6250000000000005551, 0.4504169601301014070, 0.5124999999999999556 ) ) ;
#1847 = DIRECTION ( 'NONE',  ( -1.000000000000000000, 0.000000000000000000, 0.000000000000000000 ) ) ;
#1848 = AXIS2_PLACEMENT_3D ( 'NONE', #258, #1805, #397 ) ;
#1849 = AXIS2_PLACEMENT_3D ( 'NONE', #1979, #1224, #2160 ) ;
#1850 = CARTESIAN_POINT ( 'NONE',  ( -0.6250000000000005551, 0.6849999999999993872, 1.000000000000000888 ) ) ;
#1851 = DIRECTION ( 'NONE',  ( -1.000000000000000000, 0.000000000000000000, 0.000000000000000000 ) ) ;
#1852 = AXIS2_PLACEMENT_3D ( 'NONE', #1717, #1856, #1999 ) ;
#1853 = EDGE_CURVE ( 'NONE', #743, #1323, #1501, .T. ) ;
#1854 = DIRECTION ( 'NONE',  ( -2.168404344971012566E-16, -0.000000000000000000, -1.000000000000000000 ) ) ;
#1855 = CARTESIAN_POINT ( 'NONE',  ( -0.9294289299236822011, -1.084202172485504434E-16, -0.1375000000000000389 ) ) ;
#1856 = DIRECTION ( 'NONE',  ( -0.000000000000000000, -0.000000000000000000, -1.000000000000000000 ) ) ;
#1857 = DIRECTION ( 'NONE',  ( 1.000000000000000000, 0.000000000000000000, 0.000000000000000000 ) ) ;
#1858 = EDGE_CURVE ( 'NONE', #322, #63, #765, .T. ) ;
#1859 = CARTESIAN_POINT ( 'NONE',  ( -0.9294289299236822011, -1.084202172485504434E-16, 0.5124999999999999556 ) ) ;
#1860 = DIRECTION ( 'NONE',  ( -1.000000000000000000, 0.000000000000000000, 0.000000000000000000 ) ) ;
#1861 =( GEOMETRIC_REPRESENTATION_CONTEXT ( 3 ) GLOBAL_UNCERTAINTY_ASSIGNED_CONTEXT ( ( #299 ) ) GLOBAL_UNIT_ASSIGNED_CONTEXT ( ( #495, #1867, #178 ) ) REPRESENTATION_CONTEXT ( 'NONE', 'WORKASPACE' ) );
#1862 = CARTESIAN_POINT ( 'NONE',  ( 0.8560191963890481093, 0.4911518775150781613, 0.5124999999999999556 ) ) ;
#1863 = DIRECTION ( 'NONE',  ( 0.000000000000000000, 0.1391731009600657432, 0.9902680687415703620 ) ) ;
#1864 = ORIENTED_EDGE ( 'NONE', *, *, #1515, .T. ) ;
#1865 = PLANE ( 'NONE',  #438 ) ;
#1866 = AXIS2_PLACEMENT_3D ( 'NONE', #1800, #563, #1786 ) ;
#1867 =( NAMED_UNIT ( * ) PLANE_ANGLE_UNIT ( ) SI_UNIT ( $, .RADIAN. ) );
#1868 = SURFACE_SIDE_STYLE ('',( #860 ) ) ;
#1869 = CARTESIAN_POINT ( 'NONE',  ( 0.6886018783769726204, 0.4616316873116999564, -0.5124999999999999556 ) ) ;
#1870 = VERTEX_POINT ( 'NONE', #2420 ) ;
#1871 = AXIS2_PLACEMENT_3D ( 'NONE', #202, #313, #469 ) ;
#1872 = ORIENTED_EDGE ( 'NONE', *, *, #2065, .F. ) ;
#1873 = DIRECTION ( 'NONE',  ( -0.000000000000000000, -0.000000000000000000, -1.000000000000000000 ) ) ;
#1874 = EDGE_CURVE ( 'NONE', #2392, #1135, #1508, .T. ) ;
#1875 = ORIENTED_EDGE ( 'NONE', *, *, #2216, .T. ) ;
#1876 = DIRECTION ( 'NONE',  ( 0.000000000000000000, -0.000000000000000000, -1.000000000000000000 ) ) ;
#1877 = CARTESIAN_POINT ( 'NONE',  ( -0.9097327748634380651, 0.1865270364466612429, -0.5124999999999999556 ) ) ;
#1878 = ORIENTED_EDGE ( 'NONE', *, *, #1424, .T. ) ;
#1879 = DIRECTION ( 'NONE',  ( -0.000000000000000000, 1.000000000000000000, -0.000000000000000000 ) ) ;
#1880 = EDGE_CURVE ( 'NONE', #894, #1090, #713, .T. ) ;
#1881 =( LENGTH_UNIT ( ) NAMED_UNIT ( * ) SI_UNIT ( .MILLI., .METRE. ) );
#1882 = CARTESIAN_POINT ( 'NONE',  ( -0.6250000000000005551, 0.5149999999999993472, 0.1375000000000000389 ) ) ;
#1883 = ORIENTED_EDGE ( 'NONE', *, *, #777, .T. ) ;
#1884 = ORIENTED_EDGE ( 'NONE', *, *, #1649, .F. ) ;
#1885 = FILL_AREA_STYLE ('',( #86 ) ) ;
#1886 = CARTESIAN_POINT ( 'NONE',  ( -0.6250000000000005551, 0.4504169601301014070, 0.7874999999999999778 ) ) ;
#1887 = ORIENTED_EDGE ( 'NONE', *, *, #1094, .T. ) ;
#1888 = DIRECTION ( 'NONE',  ( 1.686042159303699286E-16, 1.000000000000000000, 0.000000000000000000 ) ) ;
#1889 = AXIS2_PLACEMENT_3D ( 'NONE', #1185, #1630, #2115 ) ;
#1890 = EDGE_LOOP ( 'NONE', ( #568, #1704, #2305, #1726 ) ) ;
#1891 = PLANE ( 'NONE',  #892 ) ;
#1892 = ADVANCED_FACE ( 'NONE', ( #724 ), #2345, .T. ) ;
#1893 = DIRECTION ( 'NONE',  ( -1.000000000000000000, 0.000000000000000000, 0.000000000000000000 ) ) ;
#1894 = AXIS2_PLACEMENT_3D ( 'NONE', #1117, #1794, #2076 ) ;
#1895 = EDGE_CURVE ( 'NONE', #787, #1557, #2356, .T. ) ;
#1896 = CARTESIAN_POINT ( 'NONE',  ( -1.049999999999999822, -1.287490079826536515E-16, -0.5124999999999999556 ) ) ;
#1897 = CARTESIAN_POINT ( 'NONE',  ( -0.6250000000000005551, 0.6849999999999993872, -0.1375000000000000389 ) ) ;
#1898 = DIRECTION ( 'NONE',  ( 0.000000000000000000, -0.000000000000000000, -1.000000000000000000 ) ) ;
#1899 = EDGE_CURVE ( 'NONE', #1974, #2100, #730, .T. ) ;
#1900 = CARTESIAN_POINT ( 'NONE',  ( -0.9294289299236822011, 0.1899999999999998912, 0.7874999999999999778 ) ) ;
#1901 = CARTESIAN_POINT ( 'NONE',  ( 0.6250000000000005551, 0.4504169601301014070, 0.7874999999999999778 ) ) ;
#1902 = DIRECTION ( 'NONE',  ( -0.000000000000000000, -0.000000000000000000, -1.000000000000000000 ) ) ;
#1903 = CARTESIAN_POINT ( 'NONE',  ( -0.9294289299236822011, 0.1899999999999998912, -0.5124999999999999556 ) ) ;
#1904 = CARTESIAN_POINT ( 'NONE',  ( -0.6886018783769726204, 0.4616316873116999564, 0.1375000000000000389 ) ) ;
#1905 = DIRECTION ( 'NONE',  ( -0.000000000000000000, -0.000000000000000000, -1.000000000000000000 ) ) ;
#1906 = ADVANCED_FACE ( 'NONE', ( #2351 ), #615, .T. ) ;
#1907 = DIRECTION ( 'NONE',  ( -1.000000000000000000, 0.000000000000000000, 0.000000000000000000 ) ) ;
#1908 = AXIS2_PLACEMENT_3D ( 'NONE', #1170, #657, #1809 ) ;
#1909 = CARTESIAN_POINT ( 'NONE',  ( 1.049999999999999822, 0.1699999999999999012, -0.5124999999999999556 ) ) ;
#1910 = CARTESIAN_POINT ( 'NONE',  ( -0.6250000000000005551, 0.4504169601301014070, 0.5124999999999999556 ) ) ;
#1911 = AXIS2_PLACEMENT_3D ( 'NONE', #1886, #1758, #2247 ) ;
#1912 = PLANE ( 'NONE',  #1415 ) ;
#1913 = EDGE_CURVE ( 'NONE', #1072, #1422, #741, .T. ) ;
#1914 =( NAMED_UNIT ( * ) SI_UNIT ( $, .STERADIAN. ) SOLID_ANGLE_UNIT ( ) );
#1915 = DIRECTION ( 'NONE',  ( -1.000000000000000000, 0.000000000000000000, 0.000000000000000000 ) ) ;
#1916 = CARTESIAN_POINT ( 'NONE',  ( -0.6250000000000005551, 0.4504169601301014070, 0.1375000000000000389 ) ) ;
#1917 = DIRECTION ( 'NONE',  ( -0.000000000000000000, 0.000000000000000000, -1.000000000000000000 ) ) ;
#1918 = EDGE_CURVE ( 'NONE', #328, #1567, #753, .T. ) ;
#1919 = DIRECTION ( 'NONE',  ( 1.000000000000000000, 0.000000000000000000, -0.000000000000000000 ) ) ;
#1920 = DIRECTION ( 'NONE',  ( -2.168404344971012812E-16, -0.000000000000000000, -1.000000000000000000 ) ) ;
#1921 = DIRECTION ( 'NONE',  ( -0.000000000000000000, -0.000000000000000000, -1.000000000000000000 ) ) ;
#1922 = DIRECTION ( 'NONE',  ( 0.000000000000000000, 1.000000000000000000, 0.000000000000000000 ) ) ;
#1923 = DIRECTION ( 'NONE',  ( -0.000000000000000000, -0.000000000000000000, -1.000000000000000000 ) ) ;
#1924 = ADVANCED_FACE ( 'NONE', ( #40 ), #2057, .F. ) ;
#1925 = AXIS2_PLACEMENT_3D ( 'NONE', #1558, #2239, #995 ) ;
#1926 = DIRECTION ( 'NONE',  ( -0.9902680687415703620, 0.1391731009600657432, 0.000000000000000000 ) ) ;
#1927 = CARTESIAN_POINT ( 'NONE',  ( -1.049999999999999822, -1.287490079826536515E-16, 0.1375000000000000389 ) ) ;
#1928 = VERTEX_POINT ( 'NONE', #1105 ) ;
#1929 = CARTESIAN_POINT ( 'NONE',  ( -0.3250000000000005662, 1.000000000000000666, -0.7999999999999958256 ) ) ;
#1930 = STYLED_ITEM ( 'NONE', ( #159 ), #1274 ) ;
#1931 = CARTESIAN_POINT ( 'NONE',  ( -0.6250000000000005551, 0.6849999999999993872, 1.000000000000000888 ) ) ;
#1932 = DIRECTION ( 'NONE',  ( 0.1378445374916288935, -0.9808148484639890308, -0.1378445374916289212 ) ) ;
#1933 = EDGE_LOOP ( 'NONE', ( #399, #2340 ) ) ;
#1934 = AXIS2_PLACEMENT_3D ( 'NONE', #1111, #511, #2012 ) ;
#1935 = VERTEX_POINT ( 'NONE', #2223 ) ;
#1936 = PLANE ( 'NONE',  #366 ) ;
#1937 = VERTEX_POINT ( 'NONE', #358 ) ;
#1938 = EDGE_CURVE ( 'NONE', #801, #2392, #10, .T. ) ;
#1939 = DIRECTION ( 'NONE',  ( -0.9848077530122081313, 0.1736481776669304145, 0.000000000000000000 ) ) ;
#1940 = DIRECTION ( 'NONE',  ( -0.000000000000000000, -0.000000000000000000, -1.000000000000000000 ) ) ;
#1941 = ADVANCED_FACE ( 'NONE', ( #838 ), #1912, .T. ) ;
#1942 = ORIENTED_EDGE ( 'NONE', *, *, #1918, .F. ) ;
#1943 = CARTESIAN_POINT ( 'NONE',  ( 0.8560191963890481093, 0.4911518775150781613, 0.7874999999999999778 ) ) ;
#1944 = CARTESIAN_POINT ( 'NONE',  ( -1.049999999999999822, 0.1699999999999999012, 0.1375000000000000389 ) ) ;
#1945 = ORIENTED_EDGE ( 'NONE', *, *, #1507, .T. ) ;
#1946 =( GEOMETRIC_REPRESENTATION_CONTEXT ( 3 ) GLOBAL_UNCERTAINTY_ASSIGNED_CONTEXT ( ( #2229 ) ) GLOBAL_UNIT_ASSIGNED_CONTEXT ( ( #416, #1810, #289 ) ) REPRESENTATION_CONTEXT ( 'NONE', 'WORKASPACE' ) );
#1947 = ORIENTED_EDGE ( 'NONE', *, *, #233, .F. ) ;
#1948 = DIRECTION ( 'NONE',  ( 0.1736481776669303312, 0.9848077530122080203, 0.000000000000000000 ) ) ;
#1949 = AXIS2_PLACEMENT_3D ( 'NONE', #556, #606, #1807 ) ;
#1950 = VERTEX_POINT ( 'NONE', #496 ) ;
#1951 = CARTESIAN_POINT ( 'NONE',  ( -0.6250000000000005551, 0.6849999999999993872, -0.5124999999999999556 ) ) ;
#1952 = DIRECTION ( 'NONE',  ( -0.000000000000000000, 0.000000000000000000, 1.000000000000000000 ) ) ;
#1953 = DIRECTION ( 'NONE',  ( -0.000000000000000000, 0.000000000000000000, 1.000000000000000000 ) ) ;
#1954 = AXIS2_PLACEMENT_3D ( 'NONE', #1083, #1843, #1980 ) ;
#1955 = ORIENTED_EDGE ( 'NONE', *, *, #1237, .T. ) ;
#1956 = DIRECTION ( 'NONE',  ( -0.9848077530122081313, -0.1736481776669303589, 0.000000000000000000 ) ) ;
#1957 = EDGE_CURVE ( 'NONE', #1570, #2106, #834, .T. ) ;
#1958 = DIRECTION ( 'NONE',  ( -0.000000000000000000, -0.000000000000000000, -1.000000000000000000 ) ) ;
#1959 = ADVANCED_FACE ( 'NONE', ( #1670 ), #21, .T. ) ;
#1960 = EDGE_CURVE ( 'NONE', #39, #1557, #843, .T. ) ;
#1961 = ORIENTED_EDGE ( 'NONE', *, *, #1148, .F. ) ;
#1962 = UNCERTAINTY_MEASURE_WITH_UNIT (LENGTH_MEASURE( 1.000000000000000082E-05 ), #1619, 'distance_accuracy_value', 'NONE');
#1963 = ORIENTED_EDGE ( 'NONE', *, *, #1837, .F. ) ;
#1964 = DIRECTION ( 'NONE',  ( 0.000000000000000000, 1.000000000000000000, 0.000000000000000000 ) ) ;
#1965 = PLANE ( 'NONE',  #2278 ) ;
#1966 = EDGE_CURVE ( 'NONE', #1631, #2318, #1677, .T. ) ;
#1967 = VERTEX_POINT ( 'NONE', #1019 ) ;
#1968 = PLANE ( 'NONE',  #2208 ) ;
#1969 = DIRECTION ( 'NONE',  ( -0.000000000000000000, -0.000000000000000000, -1.000000000000000000 ) ) ;
#1970 = EDGE_LOOP ( 'NONE', ( #1300, #879, #1624, #13 ) ) ;
#1971 = CARTESIAN_POINT ( 'NONE',  ( -1.049999999999999822, -1.287490079826536515E-16, 0.1375000000000000389 ) ) ;
#1972 = DIRECTION ( 'NONE',  ( 1.000000000000000000, 0.000000000000000000, 0.000000000000000000 ) ) ;
#1973 = CARTESIAN_POINT ( 'NONE',  ( -0.6250000000000005551, 0.4504169601301014070, 0.5124999999999999556 ) ) ;
#1974 = VERTEX_POINT ( 'NONE', #567 ) ;
#1975 = ADVANCED_FACE ( 'NONE', ( #847 ), #1664, .F. ) ;
#1976 = VERTEX_POINT ( 'NONE', #737 ) ;
#1977 = DIRECTION ( 'NONE',  ( 0.000000000000000000, 0.000000000000000000, 1.000000000000000000 ) ) ;
#1978 = AXIS2_PLACEMENT_3D ( 'NONE', #1785, #1820, #1182 ) ;
#1979 = CARTESIAN_POINT ( 'NONE',  ( -0.6250000000000005551, 0.4504169601301014070, 0.1375000000000000389 ) ) ;
#1980 = DIRECTION ( 'NONE',  ( 0.000000000000000000, 0.000000000000000000, 1.000000000000000000 ) ) ;
#1981 = ORIENTED_EDGE ( 'NONE', *, *, #1036, .T. ) ;
#1982 = EDGE_CURVE ( 'NONE', #1716, #2362, #1633, .T. ) ;
#1983 = DIRECTION ( 'NONE',  ( 0.000000000000000000, 1.000000000000000000, 0.000000000000000000 ) ) ;
#1984 = CARTESIAN_POINT ( 'NONE',  ( 0.9097327748634380651, 0.1865270364466612429, 0.7874999999999999778 ) ) ;
#1985 = EDGE_CURVE ( 'NONE', #1250, #2007, #1639, .T. ) ;
#1986 = VERTEX_POINT ( 'NONE', #839 ) ;
#1987 = DIRECTION ( 'NONE',  ( -0.9848077530122081313, -0.1736481776669303589, 0.000000000000000000 ) ) ;
#1988 = DIRECTION ( 'NONE',  ( 0.000000000000000000, 1.000000000000000000, 0.000000000000000000 ) ) ;
#1989 = ORIENTED_EDGE ( 'NONE', *, *, #1360, .F. ) ;
#1990 = EDGE_CURVE ( 'NONE', #1950, #547, #14, .T. ) ;
#1991 = ORIENTED_EDGE ( 'NONE', *, *, #537, .T. ) ;
#1992 = CARTESIAN_POINT ( 'NONE',  ( 1.049999999999999822, 0.1699999999999999012, 0.5124999999999999556 ) ) ;
#1993 = FILL_AREA_STYLE_COLOUR ( '', #2071 ) ;
#1994 = ORIENTED_EDGE ( 'NONE', *, *, #1880, .T. ) ;
#1995 = DIRECTION ( 'NONE',  ( 1.000000000000000000, 0.000000000000000000, 0.000000000000000000 ) ) ;
#1996 = FACE_OUTER_BOUND ( 'NONE', #84, .T. ) ;
#1997 = FILL_AREA_STYLE ('',( #3 ) ) ;
#1998 = EDGE_LOOP ( 'NONE', ( #521, #538, #549, #2163 ) ) ;
#1999 = DIRECTION ( 'NONE',  ( -1.000000000000000000, 0.000000000000000000, 0.000000000000000000 ) ) ;
#2000 = CARTESIAN_POINT ( 'NONE',  ( 0.000000000000000000, 0.000000000000000000, 0.000000000000000000 ) ) ;
#2001 = VERTEX_POINT ( 'NONE', #1459 ) ;
#2002 = AXIS2_PLACEMENT_3D ( 'NONE', #473, #340, #973 ) ;
#2003 = ORIENTED_EDGE ( 'NONE', *, *, #1192, .F. ) ;
#2004 = CARTESIAN_POINT ( 'NONE',  ( -0.3250000000000005662, 1.100000000000000755, -0.6999999999999957367 ) ) ;
#2005 = MANIFOLD_SOLID_BREP ( 'Cut-Extrude3', #1297 ) ;
#2006 = EDGE_CURVE ( 'NONE', #1636, #656, #2213, .T. ) ;
#2007 = VERTEX_POINT ( 'NONE', #1505 ) ;
#2008 = EDGE_CURVE ( 'NONE', #2136, #517, #618, .T. ) ;
#2009 = DIRECTION ( 'NONE',  ( -0.000000000000000000, -0.000000000000000000, -1.000000000000000000 ) ) ;
#2010 = DIRECTION ( 'NONE',  ( 0.000000000000000000, -0.9902680687415703620, 0.1391731009600657432 ) ) ;
#2011 = ORIENTED_EDGE ( 'NONE', *, *, #1547, .F. ) ;
#2012 = DIRECTION ( 'NONE',  ( -1.000000000000000000, -1.686042159303699286E-16, 0.000000000000000000 ) ) ;
#2013 = SURFACE_STYLE_USAGE ( .BOTH. , #1868 ) ;
#2014 = EDGE_CURVE ( 'NONE', #547, #1950, #648, .T. ) ;
#2015 = DIRECTION ( 'NONE',  ( 0.000000000000000000, 0.000000000000000000, 1.000000000000000000 ) ) ;
#2016 = ORIENTED_EDGE ( 'NONE', *, *, #1649, .T. ) ;
#2017 = CARTESIAN_POINT ( 'NONE',  ( 0.6249999999999987788, 0.6849999999999993872, 1.000000000000000888 ) ) ;
#2018 = ADVANCED_FACE ( 'NONE', ( #1387 ), #272, .F. ) ;
#2019 = ORIENTED_EDGE ( 'NONE', *, *, #33, .T. ) ;
#2020 = SURFACE_SIDE_STYLE ('',( #1298 ) ) ;
#2021 = DIRECTION ( 'NONE',  ( 0.9902680687415703620, -0.1391731009600657432, -2.147301582945274526E-16 ) ) ;
#2022 = VERTEX_POINT ( 'NONE', #2084 ) ;
#2023 = DIRECTION ( 'NONE',  ( -1.000000000000000000, 0.000000000000000000, 0.000000000000000000 ) ) ;
#2024 =( NAMED_UNIT ( * ) SI_UNIT ( $, .STERADIAN. ) SOLID_ANGLE_UNIT ( ) );
#2025 = ORIENTED_EDGE ( 'NONE', *, *, #931, .F. ) ;
#2026 = DIRECTION ( 'NONE',  ( 0.000000000000000000, -1.000000000000000000, 0.000000000000000000 ) ) ;
#2027 = DIRECTION ( 'NONE',  ( 1.000000000000000000, 0.000000000000000000, 0.000000000000000000 ) ) ;
#2028 = AXIS2_PLACEMENT_3D ( 'NONE', #196, #460, #2190 ) ;
#2029 = FILL_AREA_STYLE_COLOUR ( '', #855 ) ;
#2030 = CARTESIAN_POINT ( 'NONE',  ( 0.6250000000000005551, 0.6849999999999993872, -0.5124999999999999556 ) ) ;
#2031 = ORIENTED_EDGE ( 'NONE', *, *, #2164, .F. ) ;
#2032 = AXIS2_PLACEMENT_3D ( 'NONE', #1806, #1587, #2329 ) ;
#2033 = ADVANCED_FACE ( 'NONE', ( #1432 ), #1382, .F. ) ;
#2034 = ORIENTED_EDGE ( 'NONE', *, *, #543, .F. ) ;
#2035 = SURFACE_STYLE_USAGE ( .BOTH. , #41 ) ;
#2036 = CARTESIAN_POINT ( 'NONE',  ( -0.6250000000000005551, 0.5149999999999993472, -0.9999999999999956701 ) ) ;
#2037 = AXIS2_PLACEMENT_3D ( 'NONE', #2109, #2412, #608 ) ;
#2038 = CARTESIAN_POINT ( 'NONE',  ( 0.7423154568513625762, 0.1570068462432830936, 0.7874999999999999778 ) ) ;
#2039 = EDGE_CURVE ( 'NONE', #1374, #51, #1437, .T. ) ;
#2040 = ORIENTED_EDGE ( 'NONE', *, *, #2422, .F. ) ;
#2041 = DIRECTION ( 'NONE',  ( 1.000000000000000000, 0.000000000000000000, 0.000000000000000000 ) ) ;
#2042 = ORIENTED_EDGE ( 'NONE', *, *, #1694, .T. ) ;
#2043 = EDGE_CURVE ( 'NONE', #2384, #8, #2248, .T. ) ;
#2044 = UNCERTAINTY_MEASURE_WITH_UNIT (LENGTH_MEASURE( 1.000000000000000082E-05 ), #1513, 'distance_accuracy_value', 'NONE');
#2045 = DIRECTION ( 'NONE',  ( 0.000000000000000000, 1.000000000000000000, 0.000000000000000000 ) ) ;
#2046 = DIRECTION ( 'NONE',  ( 0.000000000000000000, -1.000000000000000000, 0.000000000000000000 ) ) ;
#2047 = ORIENTED_EDGE ( 'NONE', *, *, #417, .T. ) ;
#2048 = ORIENTED_EDGE ( 'NONE', *, *, #633, .T. ) ;
#2049 = DIRECTION ( 'NONE',  ( 0.000000000000000000, 0.000000000000000000, -1.000000000000000000 ) ) ;
#2050 = ADVANCED_FACE ( 'NONE', ( #1466 ), #250, .T. ) ;
#2051 = CARTESIAN_POINT ( 'NONE',  ( -0.6250000000000005551, 0.5149999999999993472, 1.000000000000000888 ) ) ;
#2052 = ORIENTED_EDGE ( 'NONE', *, *, #146, .F. ) ;
#2053 = CARTESIAN_POINT ( 'NONE',  ( -0.6250000000000005551, 0.1000000000000003109, -0.9416755535985031900 ) ) ;
#2054 = ADVANCED_FACE ( 'NONE', ( #1405 ), #1441, .F. ) ;
#2055 = AXIS2_PLACEMENT_3D ( 'NONE', #1350, #1921, #1024 ) ;
#2056 = ORIENTED_EDGE ( 'NONE', *, *, #2043, .T. ) ;
#2057 = PLANE ( 'NONE',  #297 ) ;
#2058 = AXIS2_PLACEMENT_3D ( 'NONE', #424, #1827, #375 ) ;
#2059 = ORIENTED_EDGE ( 'NONE', *, *, #1016, .T. ) ;
#2060 = EDGE_CURVE ( 'NONE', #429, #2372, #1456, .T. ) ;
#2061 = ORIENTED_EDGE ( 'NONE', *, *, #1731, .F. ) ;
#2062 = EDGE_CURVE ( 'NONE', #1290, #2022, #587, .T. ) ;
#2063 = CARTESIAN_POINT ( 'NONE',  ( -0.6250000000000005551, 0.6849999999999993872, -0.9999999999999956701 ) ) ;
#2064 = CARTESIAN_POINT ( 'NONE',  ( -0.6250000000000005551, 0.4504169601301014070, 0.7874999999999999778 ) ) ;
#2065 = EDGE_CURVE ( 'NONE', #1935, #1352, #2240, .T. ) ;
#2066 = DIRECTION ( 'NONE',  ( -1.000000000000000000, 0.000000000000000000, 0.000000000000000000 ) ) ;
#2067 = ORIENTED_EDGE ( 'NONE', *, *, #1209, .T. ) ;
#2068 = DIRECTION ( 'NONE',  ( 0.000000000000000000, 0.000000000000000000, 1.000000000000000000 ) ) ;
#2069 = LINE ( 'NONE', #1727, #476 ) ;
#2070 = ORIENTED_EDGE ( 'NONE', *, *, #1014, .F. ) ;
#2071 = COLOUR_RGB ( '',0.8000000000000000444, 0.8196078431372548767, 0.9333333333333333481 ) ;
#2072 = DIRECTION ( 'NONE',  ( 0.000000000000000000, -0.1391731009600657432, -0.9902680687415703620 ) ) ;
#2073 = ORIENTED_EDGE ( 'NONE', *, *, #738, .T. ) ;
#2074 = VERTEX_POINT ( 'NONE', #1538 ) ;
#2075 = CARTESIAN_POINT ( 'NONE',  ( -1.049999999999999822, 0.1699999999999999012, -0.1375000000000000389 ) ) ;
#2076 = DIRECTION ( 'NONE',  ( 1.000000000000000000, 0.000000000000000000, 0.000000000000000000 ) ) ;
#2077 = LINE ( 'NONE', #150, #1277 ) ;
#2078 = DIRECTION ( 'NONE',  ( 1.000000000000000000, 0.000000000000000000, 0.000000000000000000 ) ) ;
#2079 = VERTEX_POINT ( 'NONE', #1040 ) ;
#2080 =( GEOMETRIC_REPRESENTATION_CONTEXT ( 3 ) GLOBAL_UNCERTAINTY_ASSIGNED_CONTEXT ( ( #2044 ) ) GLOBAL_UNIT_ASSIGNED_CONTEXT ( ( #1513, #2264, #1914 ) ) REPRESENTATION_CONTEXT ( 'NONE', 'WORKASPACE' ) );
#2081 = PRESENTATION_STYLE_ASSIGNMENT (( #209 ) ) ;
#2082 = ORIENTED_EDGE ( 'NONE', *, *, #1853, .F. ) ;
#2083 = AXIS2_PLACEMENT_3D ( 'NONE', #296, #1196, #872 ) ;
#2084 = CARTESIAN_POINT ( 'NONE',  ( -0.7423154568513625762, 0.1570068462432830936, 0.7874999999999999778 ) ) ;
#2085 = EDGE_CURVE ( 'NONE', #2281, #1315, #613, .T. ) ;
#2086 = ORIENTED_EDGE ( 'NONE', *, *, #309, .F. ) ;
#2087 = DIRECTION ( 'NONE',  ( 1.000000000000000000, 0.000000000000000000, 0.000000000000000000 ) ) ;
#2088 = LINE ( 'NONE', #1091, #2093 ) ;
#2089 = ORIENTED_EDGE ( 'NONE', *, *, #171, .F. ) ;
#2090 = CARTESIAN_POINT ( 'NONE',  ( 0.6886018783769726204, 0.4616316873116999564, 0.5124999999999999556 ) ) ;
#2091 = DIRECTION ( 'NONE',  ( -0.000000000000000000, -0.000000000000000000, -1.000000000000000000 ) ) ;
#2092 = EDGE_CURVE ( 'NONE', #1422, #355, #663, .T. ) ;
#2093 = VECTOR ( 'NONE', #2122, 1000.000000000000000 ) ;
#2094 = CARTESIAN_POINT ( 'NONE',  ( -0.6250000000000005551, 0.6849999999999993872, 0.7874999999999999778 ) ) ;
#2095 = CARTESIAN_POINT ( 'NONE',  ( -0.8560191963890481093, 0.4911518775150781613, -0.5124999999999999556 ) ) ;
#2096 = ORIENTED_EDGE ( 'NONE', *, *, #2118, .T. ) ;
#2097 = CARTESIAN_POINT ( 'NONE',  ( 0.6886018783769726204, 0.4616316873116999564, 0.7874999999999999778 ) ) ;
#2098 = FACE_OUTER_BOUND ( 'NONE', #525, .T. ) ;
#2099 = ADVANCED_FACE ( 'NONE', ( #2261 ), #1299, .T. ) ;
#2100 = VERTEX_POINT ( 'NONE', #1782 ) ;
#2101 = CARTESIAN_POINT ( 'NONE',  ( -0.6250000000000005551, 0.4504169601301014070, -0.5124999999999999556 ) ) ;
#2102 = DIRECTION ( 'NONE',  ( 0.000000000000000000, 0.000000000000000000, 1.000000000000000000 ) ) ;
#2103 = LINE ( 'NONE', #200, #451 ) ;
#2104 = ORIENTED_EDGE ( 'NONE', *, *, #291, .T. ) ;
#2105 = AXIS2_PLACEMENT_3D ( 'NONE', #2000, #710, #1972 ) ;
#2106 = VERTEX_POINT ( 'NONE', #284 ) ;
#2107 =( NAMED_UNIT ( * ) PLANE_ANGLE_UNIT ( ) SI_UNIT ( $, .RADIAN. ) );
#2108 = CARTESIAN_POINT ( 'NONE',  ( -0.9294289299236822011, 0.1899999999999998912, -0.1375000000000000389 ) ) ;
#2109 = CARTESIAN_POINT ( 'NONE',  ( 1.049999999999999822, 0.1699999999999999012, -0.5124999999999999556 ) ) ;
#2110 = CYLINDRICAL_SURFACE ( 'NONE', #1389, 0.1000000000000000472 ) ;
#2111 = DIRECTION ( 'NONE',  ( -0.1736481776669303312, 0.9848077530122080203, 0.000000000000000000 ) ) ;
#2112 = AXIS2_PLACEMENT_3D ( 'NONE', #2385, #1836, #676 ) ;
#2113 = CARTESIAN_POINT ( 'NONE',  ( -0.9097327748634380651, 0.1865270364466612429, -0.1375000000000000389 ) ) ;
#2114 = EDGE_LOOP ( 'NONE', ( #481, #1172, #465, #2365 ) ) ;
#2115 = DIRECTION ( 'NONE',  ( -0.000000000000000000, 0.000000000000000000, -1.000000000000000000 ) ) ;
#2116 = VECTOR ( 'NONE', #450, 1000.000000000000000 ) ;
#2117 = EDGE_LOOP ( 'NONE', ( #1203, #1872, #740, #1193 ) ) ;
#2118 = EDGE_CURVE ( 'NONE', #1974, #1323, #1478, .T. ) ;
#2119 = CIRCLE ( 'NONE', #1165, 0.1000000000000000472 ) ;
#2120 = EDGE_CURVE ( 'NONE', #87, #1739, #570, .T. ) ;
#2121 = ADVANCED_FACE ( 'NONE', ( #622 ), #600, .T. ) ;
#2122 = DIRECTION ( 'NONE',  ( -0.000000000000000000, -0.000000000000000000, -1.000000000000000000 ) ) ;
#2123 = VERTEX_POINT ( 'NONE', #1644 ) ;
#2124 = VECTOR ( 'NONE', #533, 1000.000000000000000 ) ;
#2125 = CARTESIAN_POINT ( 'NONE',  ( -0.6250000000000005551, 0.4504169601301014070, -0.7874999999999999778 ) ) ;
#2126 = CYLINDRICAL_SURFACE ( 'NONE', #499, 0.1899999999999999467 ) ;
#2127 = EDGE_CURVE ( 'NONE', #2263, #2359, #2268, .T. ) ;
#2128 = ORIENTED_EDGE ( 'NONE', *, *, #2014, .T. ) ;
#2129 = CARTESIAN_POINT ( 'NONE',  ( 0.6250000000000005551, 0.4504169601301014070, -0.5124999999999999556 ) ) ;
#2130 = DIRECTION ( 'NONE',  ( 1.000000000000000000, 0.000000000000000000, 0.000000000000000000 ) ) ;
#2131 = CARTESIAN_POINT ( 'NONE',  ( -1.049999999999999822, -1.287490079826536515E-16, -0.1375000000000000389 ) ) ;
#2132 = VECTOR ( 'NONE', #2374, 1000.000000000000000 ) ;
#2133 = CARTESIAN_POINT ( 'NONE',  ( -0.8560191963890481093, 0.4911518775150781613, -0.1375000000000000389 ) ) ;
#2134 = ORIENTED_EDGE ( 'NONE', *, *, #2189, .T. ) ;
#2135 = CARTESIAN_POINT ( 'NONE',  ( -0.6250000000000005551, 0.4504169601301014070, -0.5124999999999999556 ) ) ;
#2136 = VERTEX_POINT ( 'NONE', #2090 ) ;
#2137 = VECTOR ( 'NONE', #53, 1000.000000000000000 ) ;
#2138 = VECTOR ( 'NONE', #1317, 1000.000000000000227 ) ;
#2139 = VECTOR ( 'NONE', #698, 1000.000000000000000 ) ;
#2140 = DIRECTION ( 'NONE',  ( 0.000000000000000000, 0.9902680687415703620, 0.1391731009600657432 ) ) ;
#2141 = EDGE_LOOP ( 'NONE', ( #735, #2003, #1612, #1864 ) ) ;
#2142 = STYLED_ITEM ( 'NONE', ( #85 ), #2199 ) ;
#2143 = VECTOR ( 'NONE', #1189, 1000.000000000000000 ) ;
#2144 = ADVANCED_FACE ( 'NONE', ( #1416 ), #261, .F. ) ;
#2145 = VERTEX_POINT ( 'NONE', #401 ) ;
#2146 = LINE ( 'NONE', #2405, #548 ) ;
#2147 = DIRECTION ( 'NONE',  ( -0.000000000000000000, -0.000000000000000000, -1.000000000000000000 ) ) ;
#2148 = DIRECTION ( 'NONE',  ( 0.1736481776669303867, 0.9848077530122080203, -0.000000000000000000 ) ) ;
#2149 = AXIS2_PLACEMENT_3D ( 'NONE', #645, #697, #2140 ) ;
#2150 = DIRECTION ( 'NONE',  ( 0.000000000000000000, 0.000000000000000000, 1.000000000000000000 ) ) ;
#2151 = EDGE_LOOP ( 'NONE', ( #402, #2031, #1830, #1536 ) ) ;
#2152 = CARTESIAN_POINT ( 'NONE',  ( -0.9294289299236822011, 0.1899999999999998912, 0.5124999999999999556 ) ) ;
#2153 = VECTOR ( 'NONE', #1080, 1000.000000000000000 ) ;
#2154 = AXIS2_PLACEMENT_3D ( 'NONE', #317, #443, #474 ) ;
#2155 = VERTEX_POINT ( 'NONE', #1818 ) ;
#2156 = CIRCLE ( 'NONE', #981, 0.1899999999999999467 ) ;
#2157 = ORIENTED_EDGE ( 'NONE', *, *, #786, .F. ) ;
#2158 = DIRECTION ( 'NONE',  ( -1.000000000000000000, 0.000000000000000000, 0.000000000000000000 ) ) ;
#2159 = ORIENTED_EDGE ( 'NONE', *, *, #904, .F. ) ;
#2160 = DIRECTION ( 'NONE',  ( 1.000000000000000000, 0.000000000000000000, -0.000000000000000000 ) ) ;
#2161 = MANIFOLD_SOLID_BREP ( 'Boss-Extrude4', #1128 ) ;
#2162 = DIRECTION ( 'NONE',  ( -0.000000000000000000, -0.000000000000000000, -1.000000000000000000 ) ) ;
#2163 = ORIENTED_EDGE ( 'NONE', *, *, #1107, .T. ) ;
#2164 = EDGE_CURVE ( 'NONE', #2001, #1135, #1391, .T. ) ;
#2165 = ORIENTED_EDGE ( 'NONE', *, *, #2214, .F. ) ;
#2166 = CARTESIAN_POINT ( 'NONE',  ( -0.9294289299236822011, 0.1699999999999999012, -0.1375000000000000389 ) ) ;
#2167 = ORIENTED_EDGE ( 'NONE', *, *, #70, .T. ) ;
#2168 = PLANE ( 'NONE',  #773 ) ;
#2169 = ORIENTED_EDGE ( 'NONE', *, *, #2062, .T. ) ;
#2170 = DIRECTION ( 'NONE',  ( -0.000000000000000000, -0.000000000000000000, -1.000000000000000000 ) ) ;
#2171 = ORIENTED_EDGE ( 'NONE', *, *, #1264, .T. ) ;
#2172 = ORIENTED_EDGE ( 'NONE', *, *, #2381, .T. ) ;
#2173 = FACE_OUTER_BOUND ( 'NONE', #472, .T. ) ;
#2174 = CLOSED_SHELL ( 'NONE', ( #972, #1632, #984, #410 ) ) ;
#2175 = CARTESIAN_POINT ( 'NONE',  ( -1.049999999999999822, 0.1699999999999999012, -0.5124999999999999556 ) ) ;
#2176 = AXIS2_PLACEMENT_3D ( 'NONE', #881, #111, #1340 ) ;
#2177 = ORIENTED_EDGE ( 'NONE', *, *, #598, .T. ) ;
#2178 = FILL_AREA_STYLE ('',( #1993 ) ) ;
#2179 = VERTEX_POINT ( 'NONE', #1061 ) ;
#2180 = ORIENTED_EDGE ( 'NONE', *, *, #1126, .F. ) ;
#2181 = MECHANICAL_DESIGN_GEOMETRIC_PRESENTATION_REPRESENTATION (  '', ( #24 ), #1638 ) ;
#2182 = FACE_OUTER_BOUND ( 'NONE', #905, .T. ) ;
#2183 = DIRECTION ( 'NONE',  ( -0.000000000000000000, -0.000000000000000000, -1.000000000000000000 ) ) ;
#2184 = EDGE_CURVE ( 'NONE', #1870, #2123, #2204, .T. ) ;
#2185 = SURFACE_STYLE_USAGE ( .BOTH. , #2219 ) ;
#2186 = CARTESIAN_POINT ( 'NONE',  ( 1.049999999999999822, 0.1699999999999999012, -0.7874999999999999778 ) ) ;
#2187 = ORIENTED_EDGE ( 'NONE', *, *, #1426, .F. ) ;
#2188 = VECTOR ( 'NONE', #1093, 1000.000000000000000 ) ;
#2189 = EDGE_CURVE ( 'NONE', #2155, #1967, #2235, .T. ) ;
#2190 = DIRECTION ( 'NONE',  ( 1.000000000000000000, 0.000000000000000000, 0.000000000000000000 ) ) ;
#2191 = ORIENTED_EDGE ( 'NONE', *, *, #1237, .F. ) ;
#2192 = DIRECTION ( 'NONE',  ( -1.000000000000000000, 0.000000000000000000, 0.000000000000000000 ) ) ;
#2193 = ORIENTED_EDGE ( 'NONE', *, *, #1858, .T. ) ;
#2194 = CARTESIAN_POINT ( 'NONE',  ( -0.7423154568513625762, 0.1570068462432830936, -0.1375000000000000389 ) ) ;
#2195 = ADVANCED_FACE ( 'NONE', ( #609 ), #361, .F. ) ;
#2196 = VECTOR ( 'NONE', #153, 1000.000000000000000 ) ;
#2197 = ORIENTED_EDGE ( 'NONE', *, *, #1145, .F. ) ;
#2198 = DIRECTION ( 'NONE',  ( 0.000000000000000000, 0.000000000000000000, 1.000000000000000000 ) ) ;
#2199 = MANIFOLD_SOLID_BREP ( 'LPattern1[1]', #1293 ) ;
#2200 = CARTESIAN_POINT ( 'NONE',  ( -1.049999999999999822, -1.287490079826536515E-16, 0.5124999999999999556 ) ) ;
#2201 = ORIENTED_EDGE ( 'NONE', *, *, #1562, .F. ) ;
#2202 = PRODUCT_DEFINITION ( 'UNKNOWN', '', #947, #1337 ) ;
#2203 =( NAMED_UNIT ( * ) PLANE_ANGLE_UNIT ( ) SI_UNIT ( $, .RADIAN. ) );
#2204 = LINE ( 'NONE', #1194, #1394 ) ;
#2205 = DIRECTION ( 'NONE',  ( 0.000000000000000000, -1.000000000000000000, 0.000000000000000000 ) ) ;
#2206 = VERTEX_POINT ( 'NONE', #349 ) ;
#2207 = FACE_OUTER_BOUND ( 'NONE', #2346, .T. ) ;
#2208 = AXIS2_PLACEMENT_3D ( 'NONE', #25, #1835, #1229 ) ;
#2209 = VECTOR ( 'NONE', #584, 1000.000000000000114 ) ;
#2210 = DIRECTION ( 'NONE',  ( 1.000000000000000000, 0.000000000000000000, 0.000000000000000000 ) ) ;
#2211 = ORIENTED_EDGE ( 'NONE', *, *, #1825, .F. ) ;
#2212 = CARTESIAN_POINT ( 'NONE',  ( -0.9294289299236822011, 0.1899999999999998912, 0.7874999999999999778 ) ) ;
#2213 = CIRCLE ( 'NONE', #2404, 0.1899999999999999467 ) ;
#2214 = EDGE_CURVE ( 'NONE', #39, #553, #1684, .T. ) ;
#2215 = VERTEX_POINT ( 'NONE', #241 ) ;
#2216 = EDGE_CURVE ( 'NONE', #551, #108, #2390, .T. ) ;
#2217 = CARTESIAN_POINT ( 'NONE',  ( 0.6250000000000005551, 0.6849999999999993872, 0.7874999999999999778 ) ) ;
#2218 = VECTOR ( 'NONE', #1022, 1000.000000000000227 ) ;
#2219 = SURFACE_SIDE_STYLE ('',( #193 ) ) ;
#2220 = CARTESIAN_POINT ( 'NONE',  ( 0.6250000000000005551, 0.6849999999999993872, 0.7874999999999999778 ) ) ;
#2221 = CLOSED_SHELL ( 'NONE', ( #1959, #520, #1975, #307, #139, #1039, #923, #2233, #1693, #1174, #2050, #1188 ) ) ;
#2222 = LINE ( 'NONE', #2097, #1520 ) ;
#2223 = CARTESIAN_POINT ( 'NONE',  ( 0.5666755535985059655, 1.100000000000000755, 0.9416755535985080749 ) ) ;
#2224 = EDGE_CURVE ( 'NONE', #801, #2001, #775, .T. ) ;
#2225 =( LENGTH_UNIT ( ) NAMED_UNIT ( * ) SI_UNIT ( .MILLI., .METRE. ) );
#2226 = ORIENTED_EDGE ( 'NONE', *, *, #642, .T. ) ;
#2227 = CIRCLE ( 'NONE', #487, 0.06458303986989796797 ) ;
#2228 = ORIENTED_EDGE ( 'NONE', *, *, #420, .F. ) ;
#2229 = UNCERTAINTY_MEASURE_WITH_UNIT (LENGTH_MEASURE( 1.000000000000000082E-05 ), #416, 'distance_accuracy_value', 'NONE');
#2230 = CARTESIAN_POINT ( 'NONE',  ( 0.7423154568513625762, 0.1570068462432830936, -0.7874999999999999778 ) ) ;
#2231 = PRESENTATION_STYLE_ASSIGNMENT (( #411 ) ) ;
#2232 = ORIENTED_EDGE ( 'NONE', *, *, #2214, .T. ) ;
#2233 = ADVANCED_FACE ( 'NONE', ( #2408 ), #1268, .F. ) ;
#2234 = PLANE ( 'NONE',  #1679 ) ;
#2235 = LINE ( 'NONE', #1319, #583 ) ;
#2236 = EDGE_LOOP ( 'NONE', ( #1512, #1517, #779, #2104 ) ) ;
#2237 = CARTESIAN_POINT ( 'NONE',  ( 1.049999999999999822, -1.287490079826536515E-16, -0.5124999999999999556 ) ) ;
#2238 = PRESENTATION_LAYER_ASSIGNMENT (  '', '', ( #2142 ) ) ;
#2239 = DIRECTION ( 'NONE',  ( 0.000000000000000000, 1.000000000000000000, 0.000000000000000000 ) ) ;
#2240 = LINE ( 'NONE', #388, #2253 ) ;
#2241 = CARTESIAN_POINT ( 'NONE',  ( 1.049999999999999822, 0.1699999999999999012, -0.5124999999999999556 ) ) ;
#2242 = VERTEX_POINT ( 'NONE', #1769 ) ;
#2243 = EDGE_LOOP ( 'NONE', ( #98, #1730, #1335, #2082, #837, #1617, #535, #2201, #2089, #1417 ) ) ;
#2244 = DIRECTION ( 'NONE',  ( 1.000000000000000000, 1.686042159303699286E-16, -0.000000000000000000 ) ) ;
#2245 = PRESENTATION_STYLE_ASSIGNMENT (( #1020 ) ) ;
#2246 = EDGE_CURVE ( 'NONE', #2242, #1559, #856, .T. ) ;
#2247 = DIRECTION ( 'NONE',  ( 1.000000000000000000, 0.000000000000000000, -0.000000000000000000 ) ) ;
#2248 = CIRCLE ( 'NONE', #1490, 0.01999999999999994491 ) ;
#2249 = CARTESIAN_POINT ( 'NONE',  ( -1.049999999999999822, 0.1699999999999999012, 0.5124999999999999556 ) ) ;
#2250 = EDGE_CURVE ( 'NONE', #2206, #1290, #1652, .T. ) ;
#2251 = ORIENTED_EDGE ( 'NONE', *, *, #1242, .T. ) ;
#2252 = CARTESIAN_POINT ( 'NONE',  ( 0.9294289299236822011, 0.1899999999999998912, -0.7874999999999999778 ) ) ;
#2253 = VECTOR ( 'NONE', #846, 1000.000000000000114 ) ;
#2254 = VERTEX_POINT ( 'NONE', #1328 ) ;
#2255 = EDGE_CURVE ( 'NONE', #1445, #2179, #1658, .T. ) ;
#2256 = ORIENTED_EDGE ( 'NONE', *, *, #1725, .F. ) ;
#2257 = CARTESIAN_POINT ( 'NONE',  ( -0.6250000000000005551, 0.6849999999999993872, -0.9999999999999956701 ) ) ;
#2258 = VECTOR ( 'NONE', #2358, 1000.000000000000000 ) ;
#2259 = ORIENTED_EDGE ( 'NONE', *, *, #1211, .F. ) ;
#2260 = ORIENTED_EDGE ( 'NONE', *, *, #1393, .F. ) ;
#2261 = FACE_OUTER_BOUND ( 'NONE', #668, .T. ) ;
#2262 = COLOUR_RGB ( '',0.8000000000000000444, 0.8196078431372548767, 0.9333333333333333481 ) ;
#2263 = VERTEX_POINT ( 'NONE', #1147 ) ;
#2264 =( NAMED_UNIT ( * ) PLANE_ANGLE_UNIT ( ) SI_UNIT ( $, .RADIAN. ) );
#2265 = CIRCLE ( 'NONE', #1063, 0.1000000000000000472 ) ;
#2266 = ORIENTED_EDGE ( 'NONE', *, *, #146, .T. ) ;
#2267 = DIRECTION ( 'NONE',  ( 0.000000000000000000, -0.000000000000000000, 1.000000000000000000 ) ) ;
#2268 = LINE ( 'NONE', #99, #635 ) ;
#2269 = CARTESIAN_POINT ( 'NONE',  ( -0.6250000000000005551, 0.4504169601301014070, -0.5124999999999999556 ) ) ;
#2270 = EDGE_LOOP ( 'NONE', ( #2251, #1366, #92, #1388 ) ) ;
#2271 = FACE_OUTER_BOUND ( 'NONE', #1607, .T. ) ;
#2272 = DIRECTION ( 'NONE',  ( -0.000000000000000000, -0.000000000000000000, -1.000000000000000000 ) ) ;
#2273 = ORIENTED_EDGE ( 'NONE', *, *, #633, .F. ) ;
#2274 = AXIS2_PLACEMENT_3D ( 'NONE', #1369, #1958, #290 ) ;
#2275 = VECTOR ( 'NONE', #1590, 1000.000000000000000 ) ;
#2276 = ORIENTED_EDGE ( 'NONE', *, *, #2184, .T. ) ;
#2277 = ORIENTED_EDGE ( 'NONE', *, *, #508, .T. ) ;
#2278 = AXIS2_PLACEMENT_3D ( 'NONE', #2377, #189, #302 ) ;
#2279 = ORIENTED_EDGE ( 'NONE', *, *, #576, .T. ) ;
#2280 = EDGE_LOOP ( 'NONE', ( #2067, #795, #2354, #1222 ) ) ;
#2281 = VERTEX_POINT ( 'NONE', #2095 ) ;
#2282 = EDGE_CURVE ( 'NONE', #662, #1814, #1673, .T. ) ;
#2283 = DIRECTION ( 'NONE',  ( 0.000000000000000000, 0.000000000000000000, 1.000000000000000000 ) ) ;
#2284 = EDGE_LOOP ( 'NONE', ( #2371, #364, #1541, #1991 ) ) ;
#2285 = CARTESIAN_POINT ( 'NONE',  ( -0.6250000000000005551, 0.4504169601301014070, -0.1375000000000000389 ) ) ;
#2286 = LINE ( 'NONE', #2241, #639 ) ;
#2287 = ORIENTED_EDGE ( 'NONE', *, *, #1104, .F. ) ;
#2288 = PLANE ( 'NONE',  #1236 ) ;
#2289 = VECTOR ( 'NONE', #1023, 1000.000000000000227 ) ;
#2290 = EDGE_LOOP ( 'NONE', ( #630, #1464, #602, #2 ) ) ;
#2291 = ORIENTED_EDGE ( 'NONE', *, *, #1602, .T. ) ;
#2292 = PLANE ( 'NONE',  #1746 ) ;
#2293 = ORIENTED_EDGE ( 'NONE', *, *, #203, .F. ) ;
#2294 = CYLINDRICAL_SURFACE ( 'NONE', #951, 0.2345830398698979802 ) ;
#2295 = EDGE_CURVE ( 'NONE', #1967, #641, #42, .T. ) ;
#2296 = VECTOR ( 'NONE', #1940, 1000.000000000000000 ) ;
#2297 = VECTOR ( 'NONE', #1854, 1000.000000000000000 ) ;
#2298 = EDGE_LOOP ( 'NONE', ( #705, #409 ) ) ;
#2299 = EDGE_LOOP ( 'NONE', ( #1481, #2291, #2048, #2367, #1531, #1201, #1524, #276, #257, #268 ) ) ;
#2300 = ADVANCED_FACE ( 'NONE', ( #1697 ), #1571, .F. ) ;
#2301 = CARTESIAN_POINT ( 'NONE',  ( -0.6250000000000005551, 0.5149999999999993472, -0.9999999999999956701 ) ) ;
#2302 = LINE ( 'NONE', #1057, #1620 ) ;
#2303 = EDGE_LOOP ( 'NONE', ( #1763, #1480, #813, #2277 ) ) ;
#2304 = DIRECTION ( 'NONE',  ( 0.000000000000000000, 0.000000000000000000, 1.000000000000000000 ) ) ;
#2305 = ORIENTED_EDGE ( 'NONE', *, *, #1507, .F. ) ;
#2306 = LINE ( 'NONE', #298, #2319 ) ;
#2307 = CIRCLE ( 'NONE', #1044, 0.01999999999999994491 ) ;
#2308 = LINE ( 'NONE', #428, #2353 ) ;
#2309 = VERTEX_POINT ( 'NONE', #1367 ) ;
#2310 = CARTESIAN_POINT ( 'NONE',  ( 0.9294289299236822011, 0.1699999999999999012, -0.5124999999999999556 ) ) ;
#2311 = EDGE_LOOP ( 'NONE', ( #832, #2228, #2432, #532 ) ) ;
#2312 = VECTOR ( 'NONE', #714, 1000.000000000000000 ) ;
#2313 = DIRECTION ( 'NONE',  ( -0.000000000000000000, -0.000000000000000000, -1.000000000000000000 ) ) ;
#2314 = VECTOR ( 'NONE', #1621, 1000.000000000000000 ) ;
#2315 = ORIENTED_EDGE ( 'NONE', *, *, #1547, .T. ) ;
#2316 = AXIS2_PLACEMENT_3D ( 'NONE', #1307, #1134, #1151 ) ;
#2317 = DIRECTION ( 'NONE',  ( 0.000000000000000000, -0.000000000000000000, -1.000000000000000000 ) ) ;
#2318 = VERTEX_POINT ( 'NONE', #2249 ) ;
#2319 = VECTOR ( 'NONE', #1654, 1000.000000000000000 ) ;
#2320 = CYLINDRICAL_SURFACE ( 'NONE', #459, 0.06458303986989796797 ) ;
#2321 = EDGE_LOOP ( 'NONE', ( #1721, #1435, #2165, #20 ) ) ;
#2322 = EDGE_CURVE ( 'NONE', #355, #1352, #56, .T. ) ;
#2323 = EDGE_LOOP ( 'NONE', ( #1942, #1961, #715, #643 ) ) ;
#2324 = VECTOR ( 'NONE', #1840, 1000.000000000000000 ) ;
#2325 = SURFACE_STYLE_FILL_AREA ( #6 ) ;
#2326 = EDGE_CURVE ( 'NONE', #429, #2263, #2307, .T. ) ;
#2327 = FACE_OUTER_BOUND ( 'NONE', #2355, .T. ) ;
#2328 = ORIENTED_EDGE ( 'NONE', *, *, #506, .F. ) ;
#2329 = DIRECTION ( 'NONE',  ( 1.000000000000000000, -1.686042159303699286E-16, 0.000000000000000000 ) ) ;
#2330 = ORIENTED_EDGE ( 'NONE', *, *, #2422, .T. ) ;
#2331 = ADVANCED_FACE ( 'NONE', ( #679 ), #403, .F. ) ;
#2332 = EDGE_CURVE ( 'NONE', #2254, #2145, #1479, .T. ) ;
#2333 = LINE ( 'NONE', #2051, #701 ) ;
#2334 = LINE ( 'NONE', #744, #2418 ) ;
#2335 = EDGE_CURVE ( 'NONE', #1935, #452, #685, .T. ) ;
#2336 = ORIENTED_EDGE ( 'NONE', *, *, #33, .F. ) ;
#2337 = DIRECTION ( 'NONE',  ( 0.000000000000000000, 0.000000000000000000, 1.000000000000000000 ) ) ;
#2338 = CARTESIAN_POINT ( 'NONE',  ( -0.8560191963890481093, 0.4911518775150781613, 0.1375000000000000389 ) ) ;
#2339 = EDGE_CURVE ( 'NONE', #920, #1967, #2333, .T. ) ;
#2340 = ORIENTED_EDGE ( 'NONE', *, *, #1102, .T. ) ;
#2341 = CARTESIAN_POINT ( 'NONE',  ( -1.049999999999999822, 0.1699999999999999012, -0.1375000000000000389 ) ) ;
#2342 = VECTOR ( 'NONE', #180, 1000.000000000000000 ) ;
#2343 = LINE ( 'NONE', #1181, #1486 ) ;
#2344 = ORIENTED_EDGE ( 'NONE', *, *, #2189, .F. ) ;
#2345 = PLANE ( 'NONE',  #1718 ) ;
#2346 = EDGE_LOOP ( 'NONE', ( #585, #1461, #113, #949 ) ) ;
#2347 = LINE ( 'NONE', #596, #2407 ) ;
#2348 = CIRCLE ( 'NONE', #1460, 0.06458303986989796797 ) ;
#2349 = ORIENTED_EDGE ( 'NONE', *, *, #1759, .F. ) ;
#2350 = ORIENTED_EDGE ( 'NONE', *, *, #2065, .T. ) ;
#2351 = FACE_OUTER_BOUND ( 'NONE', #479, .T. ) ;
#2352 = PLANE ( 'NONE',  #282 ) ;
#2353 = VECTOR ( 'NONE', #1195, 1000.000000000000000 ) ;
#2354 = ORIENTED_EDGE ( 'NONE', *, *, #777, .F. ) ;
#2355 = EDGE_LOOP ( 'NONE', ( #670, #935, #917, #634 ) ) ;
#2356 = CIRCLE ( 'NONE', #1252, 0.06458303986989796797 ) ;
#2357 = LINE ( 'NONE', #286, #703 ) ;
#2358 = DIRECTION ( 'NONE',  ( 0.000000000000000000, 0.000000000000000000, 1.000000000000000000 ) ) ;
#2359 = VERTEX_POINT ( 'NONE', #1944 ) ;
#2360 = CARTESIAN_POINT ( 'NONE',  ( -0.7423154568513625762, 0.1570068462432830936, 0.1375000000000000389 ) ) ;
#2361 = CARTESIAN_POINT ( 'NONE',  ( -0.3250000000000005662, 1.100000000000000755, -0.5999999999999957589 ) ) ;
#2362 = VERTEX_POINT ( 'NONE', #561 ) ;
#2363 = ADVANCED_FACE ( 'NONE', ( #610 ), #1457, .T. ) ;
#2364 = AXIS2_PLACEMENT_3D ( 'NONE', #27, #1863, #2010 ) ;
#2365 = ORIENTED_EDGE ( 'NONE', *, *, #266, .T. ) ;
#2366 = CARTESIAN_POINT ( 'NONE',  ( -1.049999999999999822, 0.1699999999999999012, -0.5124999999999999556 ) ) ;
#2367 = ORIENTED_EDGE ( 'NONE', *, *, #1725, .T. ) ;
#2368 = FACE_OUTER_BOUND ( 'NONE', #2141, .T. ) ;
#2369 = DIRECTION ( 'NONE',  ( 0.000000000000000000, 0.000000000000000000, 1.000000000000000000 ) ) ;
#2370 = AXIS2_PLACEMENT_3D ( 'NONE', #1646, #1593, #1052 ) ;
#2371 = ORIENTED_EDGE ( 'NONE', *, *, #986, .F. ) ;
#2372 = VERTEX_POINT ( 'NONE', #2113 ) ;
#2373 = CIRCLE ( 'NONE', #1351, 0.01999999999999994491 ) ;
#2374 = DIRECTION ( 'NONE',  ( -0.000000000000000000, -1.000000000000000000, -0.000000000000000000 ) ) ;
#2375 = ORIENTED_EDGE ( 'NONE', *, *, #1370, .T. ) ;
#2376 = ORIENTED_EDGE ( 'NONE', *, *, #291, .F. ) ;
#2377 = CARTESIAN_POINT ( 'NONE',  ( 1.049999999999999822, 0.1699999999999999012, 0.7874999999999999778 ) ) ;
#2378 = ORIENTED_EDGE ( 'NONE', *, *, #2339, .F. ) ;
#2379 = VECTOR ( 'NONE', #1681, 1000.000000000000227 ) ;
#2380 = CIRCLE ( 'NONE', #1722, 0.2345830398698980357 ) ;
#2381 = EDGE_CURVE ( 'NONE', #1445, #1078, #623, .T. ) ;
#2382 = FACE_OUTER_BOUND ( 'NONE', #2299, .T. ) ;
#2383 = CARTESIAN_POINT ( 'NONE',  ( -1.049999999999999822, -1.287490079826536515E-16, -0.7874999999999999778 ) ) ;
#2384 = VERTEX_POINT ( 'NONE', #1160 ) ;
#2385 = CARTESIAN_POINT ( 'NONE',  ( -0.8560191963890481093, 0.4911518775150781613, 0.7874999999999999778 ) ) ;
#2386 = DIRECTION ( 'NONE',  ( 0.000000000000000000, 0.000000000000000000, 1.000000000000000000 ) ) ;
#2387 = ORIENTED_EDGE ( 'NONE', *, *, #1556, .T. ) ;
#2388 = DIRECTION ( 'NONE',  ( 1.000000000000000000, 0.000000000000000000, -0.000000000000000000 ) ) ;
#2389 = FACE_OUTER_BOUND ( 'NONE', #46, .T. ) ;
#2390 = CIRCLE ( 'NONE', #1585, 0.2345830398698980357 ) ;
#2391 = VECTOR ( 'NONE', #1808, 1000.000000000000000 ) ;
#2392 = VERTEX_POINT ( 'NONE', #1304 ) ;
#2393 = ORIENTED_EDGE ( 'NONE', *, *, #1985, .T. ) ;
#2394 = ADVANCED_FACE ( 'NONE', ( #614 ), #632, .T. ) ;
#2395 = LINE ( 'NONE', #1909, #1514 ) ;
#2396 = VECTOR ( 'NONE', #1844, 1000.000000000000000 ) ;
#2397 = ORIENTED_EDGE ( 'NONE', *, *, #1047, .F. ) ;
#2398 = ORIENTED_EDGE ( 'NONE', *, *, #2008, .F. ) ;
#2399 = FACE_OUTER_BOUND ( 'NONE', #1438, .T. ) ;
#2400 = DIRECTION ( 'NONE',  ( 0.9848077530122081313, -0.1736481776669303589, 0.000000000000000000 ) ) ;
#2401 = CARTESIAN_POINT ( 'NONE',  ( -0.7423154568513625762, 0.1570068462432830936, -0.7874999999999999778 ) ) ;
#2402 = VERTEX_POINT ( 'NONE', #580 ) ;
#2403 = EDGE_LOOP ( 'NONE', ( #1955, #501, #1263, #1152 ) ) ;
#2404 = AXIS2_PLACEMENT_3D ( 'NONE', #60, #230, #1010 ) ;
#2405 = CARTESIAN_POINT ( 'NONE',  ( -0.6250000000000005551, 0.5149999999999993472, -0.9999999999999956701 ) ) ;
#2406 = ORIENTED_EDGE ( 'NONE', *, *, #471, .T. ) ;
#2407 = VECTOR ( 'NONE', #1932, 1000.000000000000114 ) ;
#2408 = FACE_OUTER_BOUND ( 'NONE', #419, .T. ) ;
#2409 = LINE ( 'NONE', #252, #782 ) ;
#2410 = CARTESIAN_POINT ( 'NONE',  ( 1.049999999999999822, -1.287490079826536515E-16, -0.7874999999999999778 ) ) ;
#2411 = VERTEX_POINT ( 'NONE', #1601 ) ;
#2412 = DIRECTION ( 'NONE',  ( -1.000000000000000000, 0.000000000000000000, 0.000000000000000000 ) ) ;
#2413 =( GEOMETRIC_REPRESENTATION_CONTEXT ( 3 ) GLOBAL_UNCERTAINTY_ASSIGNED_CONTEXT ( ( #1354 ) ) GLOBAL_UNIT_ASSIGNED_CONTEXT ( ( #2225, #1139, #518 ) ) REPRESENTATION_CONTEXT ( 'NONE', 'WORKASPACE' ) );
#2414 = ORIENTED_EDGE ( 'NONE', *, *, #1913, .F. ) ;
#2415 = CARTESIAN_POINT ( 'NONE',  ( 0.8560191963890481093, 0.4911518775150781613, -0.5124999999999999556 ) ) ;
#2416 = CIRCLE ( 'NONE', #162, 0.01999999999999994491 ) ;
#2417 = VECTOR ( 'NONE', #223, 1000.000000000000000 ) ;
#2418 = VECTOR ( 'NONE', #1363, 1000.000000000000000 ) ;
#2419 = ORIENTED_EDGE ( 'NONE', *, *, #441, .T. ) ;
#2420 = CARTESIAN_POINT ( 'NONE',  ( 0.7423154568513625762, 0.1570068462432830936, 0.7874999999999999778 ) ) ;
#2421 = ORIENTED_EDGE ( 'NONE', *, *, #2322, .F. ) ;
#2422 = EDGE_CURVE ( 'NONE', #2123, #1493, #2227, .T. ) ;
#2423 = FACE_OUTER_BOUND ( 'NONE', #1220, .T. ) ;
#2424 = FACE_OUTER_BOUND ( 'NONE', #868, .T. ) ;
#2425 = CLOSED_SHELL ( 'NONE', ( #1404, #466, #281, #58, #1066, #1772, #64, #2300, #2033, #164, #1779, #83 ) ) ;
#2426 = ORIENTED_EDGE ( 'NONE', *, *, #2092, .F. ) ;
#2427 = LINE ( 'NONE', #1702, #1572 ) ;
#2428 = CARTESIAN_POINT ( 'NONE',  ( -0.6250000000000005551, 0.5149999999999993472, 1.000000000000000888 ) ) ;
#2429 = VECTOR ( 'NONE', #2023, 1000.000000000000000 ) ;
#2430 = CARTESIAN_POINT ( 'NONE',  ( -0.6886018783769726204, 0.4616316873116999564, 0.5124999999999999556 ) ) ;
#2431 = LINE ( 'NONE', #1927, #1680 ) ;
#2432 = ORIENTED_EDGE ( 'NONE', *, *, #1656, .F. ) ;
ENDSEC;
END-ISO-10303-21;
