ISO-10303-21;
HEADER;
FILE_DESCRIPTION (( 'STEP AP214' ),
    '1' );
FILE_NAME ('AA3527ASESK_J3-50MAV.STEP',
    '2022-01-12T13:14:47',
    ( '' ),
    ( '' ),
    'SwSTEP 2.0',
    'SolidWorks 2017',
    '' );
FILE_SCHEMA (( 'AUTOMOTIVE_DESIGN' ));
ENDSEC;

DATA;
#1 = AXIS2_PLACEMENT_3D ( 'NONE', #1315, #871, #273 ) ;
#2 = CARTESIAN_POINT ( 'NONE',  ( 1.599999999999999900, 0.1499999999999999900, 0.3499999999999998100 ) ) ;
#3 = EDGE_CURVE ( 'NONE', #657, #686, #1265, .T. ) ;
#4 = ORIENTED_EDGE ( 'NONE', *, *, #1525, .T. ) ;
#5 = ORIENTED_EDGE ( 'NONE', *, *, #1297, .T. ) ;
#6 = EDGE_CURVE ( 'NONE', #253, #1432, #954, .T. ) ;
#7 = DIRECTION ( 'NONE',  ( 0.0000000000000000000, 0.9998476951563912700, 0.01745240643727680500 ) ) ;
#8 = EDGE_CURVE ( 'NONE', #347, #866, #574, .T. ) ;
#9 = LINE ( 'NONE', #1694, #1504 ) ;
#10 = EDGE_LOOP ( 'NONE', ( #1259, #1097, #708, #1891 ) ) ;
#11 = CIRCLE ( 'NONE', #1090, 0.1499999999999999700 ) ;
#12 = VECTOR ( 'NONE', #553, 1000.000000000000000 ) ;
#13 = VECTOR ( 'NONE', #1156, 1000.000000000000000 ) ;
#14 = CARTESIAN_POINT ( 'NONE',  ( 0.9499999999999997300, 0.0000000000000000000, -0.3499999999999998100 ) ) ;
#15 = CARTESIAN_POINT ( 'NONE',  ( -1.555453387609420500, 0.1999999999999999800, 4.702610922848042400 ) ) ;
#16 = CARTESIAN_POINT ( 'NONE',  ( 1.599999999999999900, 1.899999999999999900, 1.350000000000000100 ) ) ;
#17 = ORIENTED_EDGE ( 'NONE', *, *, #1805, .F. ) ;
#18 = CARTESIAN_POINT ( 'NONE',  ( -1.599999999999998800, 0.0000000000000000000, -1.099999999999999900 ) ) ;
#19 = ORIENTED_EDGE ( 'NONE', *, *, #348, .T. ) ;
#20 = CARTESIAN_POINT ( 'NONE',  ( 0.9499999999999997300, 0.0000000000000000000, -0.3499999999999998100 ) ) ;
#21 = ORIENTED_EDGE ( 'NONE', *, *, #293, .T. ) ;
#22 = AXIS2_PLACEMENT_3D ( 'NONE', #1214, #1359, #1054 ) ;
#23 = DIRECTION ( 'NONE',  ( 1.000000000000000000, 0.0000000000000000000, 0.0000000000000000000 ) ) ;
#24 = EDGE_CURVE ( 'NONE', #774, #1003, #84, .T. ) ;
#25 = CARTESIAN_POINT ( 'NONE',  ( 0.9499999999999997300, 0.0000000000000000000, -1.099999999999999900 ) ) ;
#26 = VECTOR ( 'NONE', #793, 1000.000000000000000 ) ;
#27 = CARTESIAN_POINT ( 'NONE',  ( -1.749999999999999800, 0.1499999999999999900, -0.3499999999999998100 ) ) ;
#28 =( NAMED_UNIT ( * ) PLANE_ANGLE_UNIT ( ) SI_UNIT ( $, .RADIAN. ) );
#29 = VECTOR ( 'NONE', #1043, 1000.000000000000000 ) ;
#30 = LINE ( 'NONE', #1057, #744 ) ;
#31 = LINE ( 'NONE', #16, #1813 ) ;
#32 = VECTOR ( 'NONE', #203, 1000.000000000000000 ) ;
#33 = EDGE_LOOP ( 'NONE', ( #894, #45, #204, #1200 ) ) ;
#34 = EDGE_LOOP ( 'NONE', ( #1742, #213, #668, #1594 ) ) ;
#35 = DIRECTION ( 'NONE',  ( -1.000000000000000000, 0.0000000000000000000, 0.0000000000000000000 ) ) ;
#36 = DIRECTION ( 'NONE',  ( 0.0000000000000000000, 1.000000000000000000, 0.0000000000000000000 ) ) ;
#37 = CARTESIAN_POINT ( 'NONE',  ( 1.599999999999998800, 0.0000000000000000000, 0.3499999999999998100 ) ) ;
#38 = ORIENTED_EDGE ( 'NONE', *, *, #944, .F. ) ;
#39 = EDGE_CURVE ( 'NONE', #1539, #1539, #1564, .T. ) ;
#40 = DIRECTION ( 'NONE',  ( -1.000000000000000000, 0.0000000000000000000, 0.0000000000000000000 ) ) ;
#41 = ORIENTED_EDGE ( 'NONE', *, *, #252, .F. ) ;
#42 = PLANE ( 'NONE',  #1619 ) ;
#43 = CARTESIAN_POINT ( 'NONE',  ( -1.589999999999999900, 0.8902314078323401200, -0.3499999999999998100 ) ) ;
#44 = AXIS2_PLACEMENT_3D ( 'NONE', #367, #1093, #1403 ) ;
#45 = ORIENTED_EDGE ( 'NONE', *, *, #1108, .F. ) ;
#46 = PLANE ( 'NONE',  #468 ) ;
#47 = PLANE ( 'NONE',  #1235 ) ;
#48 = ORIENTED_EDGE ( 'NONE', *, *, #126, .T. ) ;
#49 = PLANE ( 'NONE',  #824 ) ;
#50 = VECTOR ( 'NONE', #1514, 1000.000000000000000 ) ;
#51 = VECTOR ( 'NONE', #1738, 1000.000000000000000 ) ;
#52 = VECTOR ( 'NONE', #92, 1000.000000000000000 ) ;
#53 = DIRECTION ( 'NONE',  ( -0.9986295347545742800, -0.05233595624293745800, 0.0000000000000000000 ) ) ;
#54 = VECTOR ( 'NONE', #416, 1000.000000000000000 ) ;
#55 = PRESENTATION_LAYER_ASSIGNMENT (  '', '', ( #1663 ) ) ;
#56 = VERTEX_POINT ( 'NONE', #815 ) ;
#57 = CARTESIAN_POINT ( 'NONE',  ( 0.9499999999999997300, 0.1499999999999999900, 0.3499999999999998100 ) ) ;
#58 = EDGE_CURVE ( 'NONE', #1486, #1046, #1198, .T. ) ;
#59 = ORIENTED_EDGE ( 'NONE', *, *, #795, .F. ) ;
#60 = DIRECTION ( 'NONE',  ( 0.0000000000000000000, 1.000000000000000000, 0.0000000000000000000 ) ) ;
#61 = CARTESIAN_POINT ( 'NONE',  ( 1.592138833107544600, 0.9000000000000002400, -1.099999999999999900 ) ) ;
#62 = ORIENTED_EDGE ( 'NONE', *, *, #1726, .F. ) ;
#63 = ORIENTED_EDGE ( 'NONE', *, *, #1328, .F. ) ;
#64 = DIRECTION ( 'NONE',  ( -0.0000000000000000000, -0.0000000000000000000, 1.000000000000000000 ) ) ;
#65 = PLANE ( 'NONE',  #1289 ) ;
#66 = EDGE_CURVE ( 'NONE', #286, #455, #1293, .T. ) ;
#67 = PLANE ( 'NONE',  #687 ) ;
#68 = DIRECTION ( 'NONE',  ( 1.000000000000000000, 0.0000000000000000000, 0.0000000000000000000 ) ) ;
#69 = AXIS2_PLACEMENT_3D ( 'NONE', #1745, #1435, #706 ) ;
#70 = AXIS2_PLACEMENT_3D ( 'NONE', #1029, #1612, #729 ) ;
#71 = ADVANCED_FACE ( 'NONE', ( #527 ), #102, .F. ) ;
#72 = CARTESIAN_POINT ( 'NONE',  ( 0.9499999999999997300, 0.0000000000000000000, 1.099999999999999900 ) ) ;
#73 = DIRECTION ( 'NONE',  ( 1.000000000000000000, 0.0000000000000000000, 0.0000000000000000000 ) ) ;
#74 = LINE ( 'NONE', #1533, #1647 ) ;
#75 = EDGE_CURVE ( 'NONE', #363, #939, #1912, .T. ) ;
#76 = LINE ( 'NONE', #1897, #374 ) ;
#77 = FACE_OUTER_BOUND ( 'NONE', #419, .T. ) ;
#78 = VERTEX_POINT ( 'NONE', #555 ) ;
#79 = VECTOR ( 'NONE', #1461, 1000.000000000000000 ) ;
#80 = LINE ( 'NONE', #1606, #306 ) ;
#81 = CARTESIAN_POINT ( 'NONE',  ( 0.9499999999999997300, 0.1499999999999999900, -1.099999999999999900 ) ) ;
#82 = DIRECTION ( 'NONE',  ( -1.000000000000000000, 0.0000000000000000000, 0.0000000000000000000 ) ) ;
#83 = DIRECTION ( 'NONE',  ( -0.0000000000000000000, 1.000000000000000000, -0.0000000000000000000 ) ) ;
#84 = CIRCLE ( 'NONE', #1401, 0.01000000000000002600 ) ;
#85 = ORIENTED_EDGE ( 'NONE', *, *, #1759, .F. ) ;
#86 = ADVANCED_FACE ( 'NONE', ( #910 ), #1449, .F. ) ;
#87 = PRESENTATION_LAYER_ASSIGNMENT (  '', '', ( #1068 ) ) ;
#88 = DIRECTION ( 'NONE',  ( 1.000000000000000000, 0.0000000000000000000, 0.0000000000000000000 ) ) ;
#89 = ORIENTED_EDGE ( 'NONE', *, *, #397, .T. ) ;
#90 = ORIENTED_EDGE ( 'NONE', *, *, #337, .F. ) ;
#91 = DIRECTION ( 'NONE',  ( -0.0000000000000000000, -0.0000000000000000000, -1.000000000000000000 ) ) ;
#92 = DIRECTION ( 'NONE',  ( 0.0000000000000000000, -0.0000000000000000000, -1.000000000000000000 ) ) ;
#93 = DIRECTION ( 'NONE',  ( 4.104479652980838800E-016, -1.000000000000000000, 0.0000000000000000000 ) ) ;
#94 = CARTESIAN_POINT ( 'NONE',  ( -1.555453387609420500, 0.1999999999999999800, 4.702610922848042400 ) ) ;
#95 = CARTESIAN_POINT ( 'NONE',  ( -1.599999999999998800, 0.0000000000000000000, 0.3499999999999998100 ) ) ;
#96 = CARTESIAN_POINT ( 'NONE',  ( -1.599999999999998800, 0.0000000000000000000, 0.3499999999999998100 ) ) ;
#97 = ORIENTED_EDGE ( 'NONE', *, *, #854, .F. ) ;
#98 = CARTESIAN_POINT ( 'NONE',  ( 1.749999999999999800, 0.1499999999999999900, 1.099999999999999900 ) ) ;
#99 = ADVANCED_FACE ( 'NONE', ( #351 ), #1588, .F. ) ;
#100 = VERTEX_POINT ( 'NONE', #849 ) ;
#101 = CARTESIAN_POINT ( 'NONE',  ( 0.9499999999999997300, 0.0000000000000000000, -0.3499999999999998100 ) ) ;
#102 = PLANE ( 'NONE',  #1642 ) ;
#103 = ORIENTED_EDGE ( 'NONE', *, *, #1665, .F. ) ;
#104 = DIRECTION ( 'NONE',  ( 0.0000000000000000000, 1.000000000000000000, 0.0000000000000000000 ) ) ;
#105 = EDGE_CURVE ( 'NONE', #562, #1734, #309, .T. ) ;
#106 = ORIENTED_EDGE ( 'NONE', *, *, #459, .T. ) ;
#107 = DIRECTION ( 'NONE',  ( 1.000000000000000000, 0.0000000000000000000, -0.0000000000000000000 ) ) ;
#108 = CARTESIAN_POINT ( 'NONE',  ( 1.749999999999999800, 0.9000000000000002400, -0.3499999999999998100 ) ) ;
#109 = FACE_OUTER_BOUND ( 'NONE', #1049, .T. ) ;
#110 = EDGE_CURVE ( 'NONE', #426, #560, #612, .T. ) ;
#111 = LINE ( 'NONE', #217, #1651 ) ;
#112 = FACE_OUTER_BOUND ( 'NONE', #335, .T. ) ;
#113 = DIRECTION ( 'NONE',  ( 0.0000000000000000000, 0.0000000000000000000, -1.000000000000000000 ) ) ;
#114 = ORIENTED_EDGE ( 'NONE', *, *, #126, .F. ) ;
#115 = EDGE_LOOP ( 'NONE', ( #1637, #274, #1895, #21 ) ) ;
#116 = DIRECTION ( 'NONE',  ( 0.0000000000000000000, 1.000000000000000000, 0.0000000000000000000 ) ) ;
#117 = UNCERTAINTY_MEASURE_WITH_UNIT (LENGTH_MEASURE( 1.000000000000000100E-005 ), #510, 'distance_accuracy_value', 'NONE');
#118 = EDGE_LOOP ( 'NONE', ( #769, #125, #665, #873 ) ) ;
#119 = DIRECTION ( 'NONE',  ( 1.000000000000000000, 4.104479652980839300E-016, -7.164395883930099300E-018 ) ) ;
#120 =( LENGTH_UNIT ( ) NAMED_UNIT ( * ) SI_UNIT ( .MILLI., .METRE. ) );
#121 = ORIENTED_EDGE ( 'NONE', *, *, #564, .F. ) ;
#122 = FILL_AREA_STYLE ('',( #141 ) ) ;
#123 = DIRECTION ( 'NONE',  ( 1.000000000000000000, 0.0000000000000000000, 0.0000000000000000000 ) ) ;
#124 = AXIS2_PLACEMENT_3D ( 'NONE', #1666, #1374, #505 ) ;
#125 = ORIENTED_EDGE ( 'NONE', *, *, #1882, .F. ) ;
#126 = EDGE_CURVE ( 'NONE', #1274, #1744, #1115, .T. ) ;
#127 = CIRCLE ( 'NONE', #1569, 0.9588457268119887600 ) ;
#128 = FACE_OUTER_BOUND ( 'NONE', #1739, .T. ) ;
#129 = FACE_OUTER_BOUND ( 'NONE', #1925, .T. ) ;
#130 = VECTOR ( 'NONE', #1163, 1000.000000000000000 ) ;
#131 = CARTESIAN_POINT ( 'NONE',  ( 0.8749999999999997800, 0.2000000000000006800, -1.335163194811021000 ) ) ;
#132 = ORIENTED_EDGE ( 'NONE', *, *, #352, .F. ) ;
#133 = CIRCLE ( 'NONE', #917, 1.200000000000000000 ) ;
#134 =( NAMED_UNIT ( * ) SI_UNIT ( $, .STERADIAN. ) SOLID_ANGLE_UNIT ( ) );
#135 = DIRECTION ( 'NONE',  ( -1.000000000000000000, 0.0000000000000000000, 0.0000000000000000000 ) ) ;
#136 = ORIENTED_EDGE ( 'NONE', *, *, #1406, .T. ) ;
#137 = ORIENTED_EDGE ( 'NONE', *, *, #877, .T. ) ;
#138 = CARTESIAN_POINT ( 'NONE',  ( 1.599999999999999900, 0.8902314078323401200, -0.3499999999999998100 ) ) ;
#139 = EDGE_CURVE ( 'NONE', #1242, #347, #1610, .T. ) ;
#140 = ADVANCED_FACE ( 'NONE', ( #1888 ), #1937, .T. ) ;
#141 = FILL_AREA_STYLE_COLOUR ( '', #1112 ) ;
#142 = CARTESIAN_POINT ( 'NONE',  ( 1.589999999999999900, 0.8902314078323401200, 0.3499999999999998100 ) ) ;
#143 = ORIENTED_EDGE ( 'NONE', *, *, #379, .F. ) ;
#144 = VERTEX_POINT ( 'NONE', #1147 ) ;
#145 = EDGE_CURVE ( 'NONE', #1046, #1603, #1092, .T. ) ;
#146 = DIRECTION ( 'NONE',  ( 0.0000000000000000000, 0.0000000000000000000, 1.000000000000000000 ) ) ;
#147 = UNCERTAINTY_MEASURE_WITH_UNIT (LENGTH_MEASURE( 1.000000000000000100E-005 ), #234, 'distance_accuracy_value', 'NONE');
#148 = ADVANCED_FACE ( 'NONE', ( #1836 ), #831, .T. ) ;
#149 = ORIENTED_EDGE ( 'NONE', *, *, #1753, .F. ) ;
#150 = CIRCLE ( 'NONE', #544, 0.1499999999999999700 ) ;
#151 = CARTESIAN_POINT ( 'NONE',  ( -0.8149999999999998400, 1.399999999999999900, -1.350000000000000100 ) ) ;
#152 = TOROIDAL_SURFACE ( 'NONE', #1584, 0.6213421765283387900, 0.05000000000000000300 ) ;
#153 = ORIENTED_EDGE ( 'NONE', *, *, #1675, .T. ) ;
#154 = VECTOR ( 'NONE', #1442, 1000.000000000000000 ) ;
#155 = DIRECTION ( 'NONE',  ( -1.000000000000000000, 0.0000000000000000000, 0.0000000000000000000 ) ) ;
#156 = VECTOR ( 'NONE', #1827, 1000.000000000000000 ) ;
#157 = VECTOR ( 'NONE', #116, 1000.000000000000000 ) ;
#158 = CARTESIAN_POINT ( 'NONE',  ( -1.599999999999999900, 0.8902314078323401200, 1.099999999999999900 ) ) ;
#159 = VERTEX_POINT ( 'NONE', #1408 ) ;
#160 = CARTESIAN_POINT ( 'NONE',  ( -0.8750000000000000000, 0.05000000000000000300, 1.332544935071789300 ) ) ;
#161 = EDGE_LOOP ( 'NONE', ( #1377, #1189, #773, #1487 ) ) ;
#162 = ORIENTED_EDGE ( 'NONE', *, *, #1805, .T. ) ;
#163 = DIRECTION ( 'NONE',  ( 0.0000000000000000000, 1.000000000000000000, 0.0000000000000000000 ) ) ;
#164 = ORIENTED_EDGE ( 'NONE', *, *, #1777, .T. ) ;
#165 = AXIS2_PLACEMENT_3D ( 'NONE', #582, #1183, #313 ) ;
#166 = EDGE_CURVE ( 'NONE', #1438, #1896, #727, .T. ) ;
#167 = CARTESIAN_POINT ( 'NONE',  ( -1.592138833107544600, 0.9000000000000002400, -1.099999999999999900 ) ) ;
#168 = ORIENTED_EDGE ( 'NONE', *, *, #1071, .T. ) ;
#169 = DIRECTION ( 'NONE',  ( -1.000000000000000000, -1.445602896647339700E-015, 0.0000000000000000000 ) ) ;
#170 = ADVANCED_FACE ( 'NONE', ( #1798 ), #369, .F. ) ;
#171 = PLANE ( 'NONE',  #622 ) ;
#172 = EDGE_CURVE ( 'NONE', #1397, #1094, #846, .T. ) ;
#173 = ORIENTED_EDGE ( 'NONE', *, *, #881, .F. ) ;
#174 = VECTOR ( 'NONE', #1830, 1000.000000000000000 ) ;
#175 = CARTESIAN_POINT ( 'NONE',  ( -1.589999999999999900, 0.8902314078323401200, 0.3499999999999998100 ) ) ;
#176 = FACE_OUTER_BOUND ( 'NONE', #243, .T. ) ;
#177 = LINE ( 'NONE', #1773, #1933 ) ;
#178 = LINE ( 'NONE', #101, #52 ) ;
#179 = DIRECTION ( 'NONE',  ( -1.000000000000000000, 0.0000000000000000000, 0.0000000000000000000 ) ) ;
#180 = LINE ( 'NONE', #876, #1443 ) ;
#181 = VERTEX_POINT ( 'NONE', #1273 ) ;
#182 = EDGE_CURVE ( 'NONE', #514, #347, #1540, .T. ) ;
#183 = ORIENTED_EDGE ( 'NONE', *, *, #944, .T. ) ;
#184 = ORIENTED_EDGE ( 'NONE', *, *, #1507, .F. ) ;
#185 = EDGE_LOOP ( 'NONE', ( #1281, #418, #872, #1568 ) ) ;
#186 = ORIENTED_EDGE ( 'NONE', *, *, #3, .F. ) ;
#187 = DIRECTION ( 'NONE',  ( -0.05233595624293716600, 0.9986295347545742800, 0.0000000000000000000 ) ) ;
#188 = PLANE ( 'NONE',  #1919 ) ;
#189 = DIRECTION ( 'NONE',  ( -0.0000000000000000000, -0.0000000000000000000, 1.000000000000000000 ) ) ;
#190 = CARTESIAN_POINT ( 'NONE',  ( 1.589999999999999900, 0.8902314078323401200, 0.3499999999999998100 ) ) ;
#191 = FACE_OUTER_BOUND ( 'NONE', #1448, .T. ) ;
#192 = CARTESIAN_POINT ( 'NONE',  ( 6.156719479471242900E-017, -0.1499999999999996100, 0.0000000000000000000 ) ) ;
#193 = LINE ( 'NONE', #848, #51 ) ;
#194 = VERTEX_POINT ( 'NONE', #1867 ) ;
#196 = AXIS2_PLACEMENT_3D ( 'NONE', #479, #169, #1360 ) ;
#195 = LINE ( 'NONE', #1621, #1239 ) ;
#197 = CARTESIAN_POINT ( 'NONE',  ( -0.9499999999999997300, 0.0000000000000000000, -0.3499999999999998100 ) ) ;
#198 = PRESENTATION_STYLE_ASSIGNMENT (( #1746 ) ) ;
#199 = CIRCLE ( 'NONE', #490, 0.01000000000000002600 ) ;
#200 = EDGE_CURVE ( 'NONE', #740, #455, #411, .T. ) ;
#201 = DIRECTION ( 'NONE',  ( 1.000000000000000000, 0.0000000000000000000, 0.0000000000000000000 ) ) ;
#202 = ORIENTED_EDGE ( 'NONE', *, *, #975, .T. ) ;
#203 = DIRECTION ( 'NONE',  ( -0.0000000000000000000, 1.000000000000000000, -0.0000000000000000000 ) ) ;
#204 = ORIENTED_EDGE ( 'NONE', *, *, #1644, .F. ) ;
#205 = CARTESIAN_POINT ( 'NONE',  ( 1.599999999999999900, 1.899999999999999900, 1.350000000000000100 ) ) ;
#206 = ORIENTED_EDGE ( 'NONE', *, *, #139, .T. ) ;
#207 = EDGE_CURVE ( 'NONE', #927, #927, #133, .T. ) ;
#208 = CARTESIAN_POINT ( 'NONE',  ( -0.9499999999999997300, 0.0000000000000000000, 0.3499999999999998100 ) ) ;
#209 = DIRECTION ( 'NONE',  ( 1.000000000000000000, 0.0000000000000000000, 0.0000000000000000000 ) ) ;
#210 = EDGE_CURVE ( 'NONE', #487, #1701, #199, .T. ) ;
#211 = CARTESIAN_POINT ( 'NONE',  ( -1.589999999999999900, 0.8902314078323401200, -0.3499999999999998100 ) ) ;
#212 = CARTESIAN_POINT ( 'NONE',  ( 1.594480028216023900, 0.9446726638775546600, -1.348161504509268300 ) ) ;
#213 = ORIENTED_EDGE ( 'NONE', *, *, #714, .T. ) ;
#214 = AXIS2_PLACEMENT_3D ( 'NONE', #664, #1084, #1851 ) ;
#215 = ORIENTED_EDGE ( 'NONE', *, *, #817, .T. ) ;
#216 = ADVANCED_FACE ( 'NONE', ( #1394 ), #675, .T. ) ;
#217 = CARTESIAN_POINT ( 'NONE',  ( -1.749999999999999800, 0.9000000000000002400, 0.3499999999999998100 ) ) ;
#218 = DIRECTION ( 'NONE',  ( -0.0000000000000000000, -0.0000000000000000000, -1.000000000000000000 ) ) ;
#219 = EDGE_LOOP ( 'NONE', ( #136, #728, #1335, #1459 ) ) ;
#220 = FACE_OUTER_BOUND ( 'NONE', #498, .T. ) ;
#221 = DIRECTION ( 'NONE',  ( -1.000000000000000000, 0.0000000000000000000, 0.0000000000000000000 ) ) ;
#222 = ORIENTED_EDGE ( 'NONE', *, *, #1153, .T. ) ;
#223 = CARTESIAN_POINT ( 'NONE',  ( -1.592138833107544600, 0.9000000000000002400, -0.3499999999999998100 ) ) ;
#224 = DIRECTION ( 'NONE',  ( 0.0000000000000000000, 0.0000000000000000000, 1.000000000000000000 ) ) ;
#225 = FACE_OUTER_BOUND ( 'NONE', #1575, .T. ) ;
#226 = VECTOR ( 'NONE', #1154, 1000.000000000000000 ) ;
#227 = AXIS2_PLACEMENT_3D ( 'NONE', #425, #88, #1151 ) ;
#228 = LINE ( 'NONE', #287, #1778 ) ;
#229 = CARTESIAN_POINT ( 'NONE',  ( 0.0000000000000000000, 1.399999999999999900, 0.0000000000000000000 ) ) ;
#230 = CARTESIAN_POINT ( 'NONE',  ( 1.599999999999999900, 0.9000000000000002400, 1.099999999999999900 ) ) ;
#231 = DIRECTION ( 'NONE',  ( 0.0000000000000000000, -0.0000000000000000000, 1.000000000000000000 ) ) ;
#232 = CARTESIAN_POINT ( 'NONE',  ( -1.592138833107544600, 0.9000000000000002400, 0.3499999999999998100 ) ) ;
#233 = EDGE_CURVE ( 'NONE', #236, #1423, #1174, .T. ) ;
#234 =( LENGTH_UNIT ( ) NAMED_UNIT ( * ) SI_UNIT ( .MILLI., .METRE. ) );
#235 = CARTESIAN_POINT ( 'NONE',  ( 1.599999999999999900, 0.1499999999999999900, -1.099999999999999900 ) ) ;
#236 = VERTEX_POINT ( 'NONE', #1267 ) ;
#237 = ORIENTED_EDGE ( 'NONE', *, *, #488, .T. ) ;
#238 = DIRECTION ( 'NONE',  ( -1.000000000000000000, 0.0000000000000000000, 0.0000000000000000000 ) ) ;
#239 = ORIENTED_EDGE ( 'NONE', *, *, #854, .T. ) ;
#240 = EDGE_CURVE ( 'NONE', #774, #236, #476, .T. ) ;
#241 = ORIENTED_EDGE ( 'NONE', *, *, #1125, .T. ) ;
#242 = AXIS2_PLACEMENT_3D ( 'NONE', #1693, #936, #1705 ) ;
#243 = EDGE_LOOP ( 'NONE', ( #1627, #875, #184, #1139, #1706, #1837, #756, #386, #1544 ) ) ;
#244 = ORIENTED_EDGE ( 'NONE', *, *, #1844, .T. ) ;
#245 = CARTESIAN_POINT ( 'NONE',  ( -0.9499999999999997300, 0.1499999999999999900, 1.099999999999999900 ) ) ;
#246 = EDGE_CURVE ( 'NONE', #1397, #372, #1634, .T. ) ;
#247 = DIRECTION ( 'NONE',  ( 1.000000000000000000, -0.0000000000000000000, -0.0000000000000000000 ) ) ;
#248 = DIRECTION ( 'NONE',  ( -1.000000000000000000, 0.0000000000000000000, 0.0000000000000000000 ) ) ;
#249 = DIRECTION ( 'NONE',  ( 0.0000000000000000000, -1.000000000000000000, 0.0000000000000000000 ) ) ;
#250 = FILL_AREA_STYLE_COLOUR ( '', #704 ) ;
#251 = CIRCLE ( 'NONE', #361, 0.01000000000000002600 ) ;
#252 = EDGE_CURVE ( 'NONE', #1045, #1045, #1089, .T. ) ;
#253 = VERTEX_POINT ( 'NONE', #576 ) ;
#254 = LINE ( 'NONE', #1051, #923 ) ;
#255 = ORIENTED_EDGE ( 'NONE', *, *, #966, .T. ) ;
#256 = DIRECTION ( 'NONE',  ( 1.000000000000000000, 0.0000000000000000000, 0.0000000000000000000 ) ) ;
#257 = LINE ( 'NONE', #1669, #887 ) ;
#258 = CARTESIAN_POINT ( 'NONE',  ( -1.749999999999999800, 1.050000000000000000, 1.350000000000000100 ) ) ;
#259 = LINE ( 'NONE', #1231, #406 ) ;
#260 = CARTESIAN_POINT ( 'NONE',  ( 0.9499999999999997300, 0.0000000000000000000, 0.3499999999999998100 ) ) ;
#261 = CARTESIAN_POINT ( 'NONE',  ( 1.599999999999999900, 0.9000000000000002400, 0.3499999999999998100 ) ) ;
#262 = VECTOR ( 'NONE', #224, 1000.000000000000000 ) ;
#263 = VERTEX_POINT ( 'NONE', #712 ) ;
#264 = AXIS2_PLACEMENT_3D ( 'NONE', #1111, #1554, #187 ) ;
#265 = CARTESIAN_POINT ( 'NONE',  ( -1.599999999999999900, 1.399999999999999900, -1.350000000000000100 ) ) ;
#266 = VERTEX_POINT ( 'NONE', #1450 ) ;
#267 =( NAMED_UNIT ( * ) PLANE_ANGLE_UNIT ( ) SI_UNIT ( $, .RADIAN. ) );
#268 = DIRECTION ( 'NONE',  ( 0.0000000000000000000, -0.0000000000000000000, -1.000000000000000000 ) ) ;
#269 = MANIFOLD_SOLID_BREP ( 'Cut-Extrude4', #758 ) ;
#270 = ORIENTED_EDGE ( 'NONE', *, *, #561, .F. ) ;
#271 = DIRECTION ( 'NONE',  ( 1.000000000000000000, 0.0000000000000000000, 0.0000000000000000000 ) ) ;
#272 = CARTESIAN_POINT ( 'NONE',  ( 1.599999999999999900, 0.1499999999999999900, 1.099999999999999900 ) ) ;
#273 = DIRECTION ( 'NONE',  ( 1.000000000000000000, 0.0000000000000000000, 0.0000000000000000000 ) ) ;
#274 = ORIENTED_EDGE ( 'NONE', *, *, #172, .F. ) ;
#275 = AXIS2_PLACEMENT_3D ( 'NONE', #1016, #1639, #579 ) ;
#276 = SURFACE_STYLE_USAGE ( .BOTH. , #599 ) ;
#277 = EDGE_CURVE ( 'NONE', #1469, #1003, #1369, .T. ) ;
#278 = ORIENTED_EDGE ( 'NONE', *, *, #210, .F. ) ;
#279 = DIRECTION ( 'NONE',  ( -0.0000000000000000000, -0.0000000000000000000, 1.000000000000000000 ) ) ;
#280 = LINE ( 'NONE', #205, #1808 ) ;
#281 = VERTEX_POINT ( 'NONE', #108 ) ;
#282 = DIRECTION ( 'NONE',  ( 0.0000000000000000000, -0.0000000000000000000, -1.000000000000000000 ) ) ;
#283 = SURFACE_STYLE_FILL_AREA ( #860 ) ;
#284 = EDGE_CURVE ( 'NONE', #1407, #697, #80, .T. ) ;
#285 = VECTOR ( 'NONE', #715, 1000.000000000000000 ) ;
#286 = VERTEX_POINT ( 'NONE', #563 ) ;
#287 = CARTESIAN_POINT ( 'NONE',  ( 0.9499999999999997300, 0.0000000000000000000, 1.099999999999999900 ) ) ;
#288 = ORIENTED_EDGE ( 'NONE', *, *, #1257, .T. ) ;
#289 = CARTESIAN_POINT ( 'NONE',  ( -1.749999999999999800, 0.9000000000000002400, -1.099999999999999900 ) ) ;
#290 = EDGE_LOOP ( 'NONE', ( #1613, #578, #215, #381, #1006 ) ) ;
#291 = CARTESIAN_POINT ( 'NONE',  ( -1.749999999999999800, 0.1499999999999999900, 1.099999999999999900 ) ) ;
#292 = ORIENTED_EDGE ( 'NONE', *, *, #39, .F. ) ;
#293 = EDGE_CURVE ( 'NONE', #508, #635, #632, .T. ) ;
#294 = DIRECTION ( 'NONE',  ( 0.0000000000000000000, 0.0000000000000000000, 1.000000000000000000 ) ) ;
#295 = ORIENTED_EDGE ( 'NONE', *, *, #1644, .T. ) ;
#296 = PLANE ( 'NONE',  #1704 ) ;
#297 = ADVANCED_FACE ( 'NONE', ( #1333 ), #188, .F. ) ;
#298 = AXIS2_PLACEMENT_3D ( 'NONE', #1339, #1199, #1484 ) ;
#299 = DIRECTION ( 'NONE',  ( 0.0000000000000000000, 0.0000000000000000000, -1.000000000000000000 ) ) ;
#300 = CYLINDRICAL_SURFACE ( 'NONE', #1425, 0.1499999999999999700 ) ;
#301 = ORIENTED_EDGE ( 'NONE', *, *, #757, .T. ) ;
#302 = FACE_BOUND ( 'NONE', #1445, .T. ) ;
#303 = LINE ( 'NONE', #1541, #1349 ) ;
#304 = EDGE_LOOP ( 'NONE', ( #676 ) ) ;
#305 = LINE ( 'NONE', #1150, #154 ) ;
#306 = VECTOR ( 'NONE', #1157, 1000.000000000000000 ) ;
#307 = CARTESIAN_POINT ( 'NONE',  ( -1.599999999999999900, 1.050000000000000000, 1.350000000000000100 ) ) ;
#308 = SURFACE_STYLE_FILL_AREA ( #1162 ) ;
#309 = LINE ( 'NONE', #575, #1243 ) ;
#310 = PLANE ( 'NONE',  #22 ) ;
#311 = VERTEX_POINT ( 'NONE', #1829 ) ;
#312 = AXIS2_PLACEMENT_3D ( 'NONE', #229, #964, #1119 ) ;
#313 = DIRECTION ( 'NONE',  ( -0.0000000000000000000, 0.0000000000000000000, -1.000000000000000000 ) ) ;
#314 = EDGE_CURVE ( 'NONE', #560, #512, #1674, .T. ) ;
#315 = CARTESIAN_POINT ( 'NONE',  ( -1.599999999999999900, 0.9000000000000002400, -1.099999999999999900 ) ) ;
#316 = VERTEX_POINT ( 'NONE', #494 ) ;
#317 = ADVANCED_FACE ( 'NONE', ( #925 ), #1106, .F. ) ;
#318 = EDGE_CURVE ( 'NONE', #1438, #1589, #908, .T. ) ;
#319 = ORIENTED_EDGE ( 'NONE', *, *, #1478, .F. ) ;
#320 = CARTESIAN_POINT ( 'NONE',  ( -1.749999999999999800, 0.1499999999999999900, -1.099999999999999900 ) ) ;
#321 = EDGE_CURVE ( 'NONE', #1779, #1496, #1291, .T. ) ;
#322 = CARTESIAN_POINT ( 'NONE',  ( 0.9499999999999997300, 0.1499999999999999900, -1.099999999999999900 ) ) ;
#323 = VERTEX_POINT ( 'NONE', #1543 ) ;
#325 = FACE_OUTER_BOUND ( 'NONE', #1596, .T. ) ;
#324 = AXIS2_PLACEMENT_3D ( 'NONE', #192, #1866, #1743 ) ;
#326 = VECTOR ( 'NONE', #976, 1000.000000000000000 ) ;
#327 = ADVANCED_FACE ( 'NONE', ( #1241 ), #792, .F. ) ;
#328 = CARTESIAN_POINT ( 'NONE',  ( 0.8749999999999997800, 0.2000000000000006800, 1.335163194811020500 ) ) ;
#329 = VECTOR ( 'NONE', #1357, 1000.000000000000000 ) ;
#330 = DIRECTION ( 'NONE',  ( 0.0000000000000000000, 0.0000000000000000000, -1.000000000000000000 ) ) ;
#331 = VECTOR ( 'NONE', #1880, 1000.000000000000000 ) ;
#332 = PLANE ( 'NONE',  #725 ) ;
#333 = ORIENTED_EDGE ( 'NONE', *, *, #75, .F. ) ;
#334 = CARTESIAN_POINT ( 'NONE',  ( -1.599999999999999900, 1.050000000000000000, -1.099999999999999900 ) ) ;
#335 = EDGE_LOOP ( 'NONE', ( #1725, #519, #103, #1524 ) ) ;
#336 = CARTESIAN_POINT ( 'NONE',  ( -1.555453387609420500, 0.1999999999999999800, -1.335163194811021000 ) ) ;
#337 = EDGE_CURVE ( 'NONE', #1812, #514, #1416, .T. ) ;
#338 = CARTESIAN_POINT ( 'NONE',  ( -1.749999999999999800, 0.9000000000000002400, 1.099999999999999900 ) ) ;
#339 = ORIENTED_EDGE ( 'NONE', *, *, #1820, .F. ) ;
#340 = CARTESIAN_POINT ( 'NONE',  ( 1.749999999999999800, 0.1499999999999999900, -0.3499999999999998100 ) ) ;
#341 = CARTESIAN_POINT ( 'NONE',  ( -1.592138833107544600, 0.9000000000000002400, -0.3499999999999998100 ) ) ;
#342 = LINE ( 'NONE', #1789, #646 ) ;
#343 = AXIS2_PLACEMENT_3D ( 'NONE', #1550, #1248, #641 ) ;
#344 = CARTESIAN_POINT ( 'NONE',  ( 1.599999999999998800, 0.0000000000000000000, -0.3499999999999998100 ) ) ;
#345 = VECTOR ( 'NONE', #470, 1000.000000000000000 ) ;
#346 = VECTOR ( 'NONE', #1689, 1000.000000000000000 ) ;
#347 = VERTEX_POINT ( 'NONE', #334 ) ;
#348 = EDGE_CURVE ( 'NONE', #1900, #1432, #525, .T. ) ;
#349 = LINE ( 'NONE', #733, #1883 ) ;
#350 = VECTOR ( 'NONE', #1395, 1000.000000000000000 ) ;
#351 = FACE_OUTER_BOUND ( 'NONE', #1482, .T. ) ;
#352 = EDGE_CURVE ( 'NONE', #686, #655, #1195, .T. ) ;
#353 = DIRECTION ( 'NONE',  ( 0.0000000000000000000, -0.0000000000000000000, -1.000000000000000000 ) ) ;
#354 = EDGE_LOOP ( 'NONE', ( #41 ) ) ;
#355 = ORIENTED_EDGE ( 'NONE', *, *, #966, .F. ) ;
#356 = ORIENTED_EDGE ( 'NONE', *, *, #252, .T. ) ;
#357 = CARTESIAN_POINT ( 'NONE',  ( -0.9499999999999997300, 0.0000000000000000000, 0.3499999999999998100 ) ) ;
#358 = EDGE_LOOP ( 'NONE', ( #1611, #1617, #449, #478 ) ) ;
#359 = DIRECTION ( 'NONE',  ( 0.0000000000000000000, 0.0000000000000000000, 1.000000000000000000 ) ) ;
#360 = DIRECTION ( 'NONE',  ( 1.000000000000000000, 0.0000000000000000000, 0.0000000000000000000 ) ) ;
#361 = AXIS2_PLACEMENT_3D ( 'NONE', #211, #218, #1684 ) ;
#362 = DIRECTION ( 'NONE',  ( -0.0000000000000000000, -0.0000000000000000000, -1.000000000000000000 ) ) ;
#363 = VERTEX_POINT ( 'NONE', #1082 ) ;
#364 = CARTESIAN_POINT ( 'NONE',  ( 1.599999999999999900, 0.1499999999999999900, 0.3499999999999998100 ) ) ;
#365 = PLANE ( 'NONE',  #1804 ) ;
#366 = ORIENTED_EDGE ( 'NONE', *, *, #564, .T. ) ;
#367 = CARTESIAN_POINT ( 'NONE',  ( 1.589999999999999900, 0.8902314078323401200, 1.099999999999999900 ) ) ;
#368 = VERTEX_POINT ( 'NONE', #1362 ) ;
#369 = PLANE ( 'NONE',  #556 ) ;
#370 = PRESENTATION_STYLE_ASSIGNMENT (( #808 ) ) ;
#371 = VECTOR ( 'NONE', #993, 1000.000000000000000 ) ;
#372 = VERTEX_POINT ( 'NONE', #1064 ) ;
#374 = VECTOR ( 'NONE', #986, 1000.000000000000000 ) ;
#373 = AXIS2_PLACEMENT_3D ( 'NONE', #782, #1238, #7 ) ;
#375 = LINE ( 'NONE', #57, #870 ) ;
#376 = DIRECTION ( 'NONE',  ( -1.000000000000000000, 0.0000000000000000000, 0.0000000000000000000 ) ) ;
#377 = CARTESIAN_POINT ( 'NONE',  ( -1.749999999999999800, 0.9000000000000002400, -0.3499999999999998100 ) ) ;
#378 = VERTEX_POINT ( 'NONE', #340 ) ;
#379 = EDGE_CURVE ( 'NONE', #1046, #1396, #259, .T. ) ;
#380 = DIRECTION ( 'NONE',  ( -0.0000000000000000000, -0.0000000000000000000, -1.000000000000000000 ) ) ;
#381 = ORIENTED_EDGE ( 'NONE', *, *, #1350, .T. ) ;
#382 = ORIENTED_EDGE ( 'NONE', *, *, #1478, .T. ) ;
#383 = ORIENTED_EDGE ( 'NONE', *, *, #66, .T. ) ;
#384 = ORIENTED_EDGE ( 'NONE', *, *, #911, .T. ) ;
#385 = PLANE ( 'NONE',  #312 ) ;
#386 = ORIENTED_EDGE ( 'NONE', *, *, #1455, .F. ) ;
#387 = EDGE_CURVE ( 'NONE', #1055, #1427, #1464, .T. ) ;
#388 = DIRECTION ( 'NONE',  ( 1.000000000000000000, 0.0000000000000000000, 0.0000000000000000000 ) ) ;
#389 = EDGE_LOOP ( 'NONE', ( #59, #1792, #222, #901 ) ) ;
#390 = ORIENTED_EDGE ( 'NONE', *, *, #757, .F. ) ;
#391 = AXIS2_PLACEMENT_3D ( 'NONE', #1889, #1863, #1737 ) ;
#392 = AXIS2_PLACEMENT_3D ( 'NONE', #1845, #1531, #35 ) ;
#393 = CARTESIAN_POINT ( 'NONE',  ( 1.749999999999999800, 0.9000000000000002400, 0.3499999999999998100 ) ) ;
#394 = DIRECTION ( 'NONE',  ( 1.000000000000000000, 0.0000000000000000000, 0.0000000000000000000 ) ) ;
#395 = VERTEX_POINT ( 'NONE', #513 ) ;
#396 =( NAMED_UNIT ( * ) SI_UNIT ( $, .STERADIAN. ) SOLID_ANGLE_UNIT ( ) );
#397 = EDGE_CURVE ( 'NONE', #1589, #900, #844, .T. ) ;
#398 = FACE_OUTER_BOUND ( 'NONE', #118, .T. ) ;
#399 = DIRECTION ( 'NONE',  ( 0.0000000000000000000, 0.0000000000000000000, -1.000000000000000000 ) ) ;
#400 = ORIENTED_EDGE ( 'NONE', *, *, #427, .F. ) ;
#401 = DIRECTION ( 'NONE',  ( -0.05233595624293615300, -0.9986295347545742800, 0.0000000000000000000 ) ) ;
#402 = LINE ( 'NONE', #1652, #345 ) ;
#403 = CARTESIAN_POINT ( 'NONE',  ( -1.599999999999999900, 1.050000000000000000, -0.3499999999999998100 ) ) ;
#404 = CIRCLE ( 'NONE', #214, 0.1499999999999999700 ) ;
#405 = FACE_OUTER_BOUND ( 'NONE', #643, .T. ) ;
#406 = VECTOR ( 'NONE', #933, 1000.000000000000100 ) ;
#407 =( GEOMETRIC_REPRESENTATION_CONTEXT ( 3 ) GLOBAL_UNCERTAINTY_ASSIGNED_CONTEXT ( ( #1499 ) ) GLOBAL_UNIT_ASSIGNED_CONTEXT ( ( #1473, #1636, #134 ) ) REPRESENTATION_CONTEXT ( 'NONE', 'WORKASPACE' ) );
#408 = CARTESIAN_POINT ( 'NONE',  ( -1.599999999999999900, 1.050000000000000000, 0.3499999999999998100 ) ) ;
#409 = LINE ( 'NONE', #260, #285 ) ;
#410 = ORIENTED_EDGE ( 'NONE', *, *, #1841, .F. ) ;
#411 = LINE ( 'NONE', #1280, #999 ) ;
#412 = DIRECTION ( 'NONE',  ( -0.0000000000000000000, -0.0000000000000000000, -1.000000000000000000 ) ) ;
#413 = ADVANCED_FACE ( 'NONE', ( #1441 ), #1517, .F. ) ;
#414 = ORIENTED_EDGE ( 'NONE', *, *, #6, .F. ) ;
#415 = DIRECTION ( 'NONE',  ( 0.0000000000000000000, 0.0000000000000000000, -1.000000000000000000 ) ) ;
#416 = DIRECTION ( 'NONE',  ( 0.0000000000000000000, 1.000000000000000000, 0.0000000000000000000 ) ) ;
#417 = VERTEX_POINT ( 'NONE', #1088 ) ;
#418 = ORIENTED_EDGE ( 'NONE', *, *, #580, .F. ) ;
#419 = EDGE_LOOP ( 'NONE', ( #730 ) ) ;
#420 = DIRECTION ( 'NONE',  ( 1.000000000000000000, 0.0000000000000000000, 0.0000000000000000000 ) ) ;
#421 = CARTESIAN_POINT ( 'NONE',  ( -1.599999999999999900, 1.050000000000000000, -0.3499999999999998100 ) ) ;
#422 = CARTESIAN_POINT ( 'NONE',  ( 0.3763932022500209900, 0.1500000000000005200, 0.0000000000000000000 ) ) ;
#423 = CARTESIAN_POINT ( 'NONE',  ( 0.9499999999999997300, 0.1499999999999999900, -0.3499999999999998100 ) ) ;
#424 = AXIS2_PLACEMENT_3D ( 'NONE', #1436, #1601, #994 ) ;
#425 = CARTESIAN_POINT ( 'NONE',  ( 0.9499999999999997300, 0.0000000000000000000, 0.3499999999999998100 ) ) ;
#426 = VERTEX_POINT ( 'NONE', #804 ) ;
#427 = EDGE_CURVE ( 'NONE', #56, #100, #1538, .T. ) ;
#428 = DIRECTION ( 'NONE',  ( 0.0000000000000000000, 0.0000000000000000000, 1.000000000000000000 ) ) ;
#429 = EDGE_CURVE ( 'NONE', #783, #807, #1814, .T. ) ;
#430 = VECTOR ( 'NONE', #489, 1000.000000000000000 ) ;
#431 = LINE ( 'NONE', #1417, #905 ) ;
#432 = LINE ( 'NONE', #322, #29 ) ;
#433 = VECTOR ( 'NONE', #960, 1000.000000000000000 ) ;
#434 = PLANE ( 'NONE',  #662 ) ;
#435 = AXIS2_PLACEMENT_3D ( 'NONE', #1720, #64, #1712 ) ;
#436 = VECTOR ( 'NONE', #988, 1000.000000000000000 ) ;
#437 = ORIENTED_EDGE ( 'NONE', *, *, #652, .T. ) ;
#438 = ORIENTED_EDGE ( 'NONE', *, *, #1252, .F. ) ;
#439 = SURFACE_SIDE_STYLE ('',( #308 ) ) ;
#440 = DIRECTION ( 'NONE',  ( 0.0000000000000000000, 1.000000000000000000, 0.0000000000000000000 ) ) ;
#441 = ORIENTED_EDGE ( 'NONE', *, *, #1865, .F. ) ;
#442 = CARTESIAN_POINT ( 'NONE',  ( -1.599999999999999900, 0.9000000000000002400, -0.3499999999999998100 ) ) ;
#443 = DIRECTION ( 'NONE',  ( 0.0000000000000000000, 0.0000000000000000000, 1.000000000000000000 ) ) ;
#444 = EDGE_LOOP ( 'NONE', ( #1815, #1233, #38, #1823 ) ) ;
#445 = ORIENTED_EDGE ( 'NONE', *, *, #1753, .T. ) ;
#446 =( GEOMETRIC_REPRESENTATION_CONTEXT ( 3 ) GLOBAL_UNCERTAINTY_ASSIGNED_CONTEXT ( ( #117 ) ) GLOBAL_UNIT_ASSIGNED_CONTEXT ( ( #510, #28, #633 ) ) REPRESENTATION_CONTEXT ( 'NONE', 'WORKASPACE' ) );
#447 = CARTESIAN_POINT ( 'NONE',  ( -1.599999999999999900, 1.050000000000000000, 1.350000000000000100 ) ) ;
#448 = EDGE_CURVE ( 'NONE', #1019, #1469, #1143, .T. ) ;
#449 = ORIENTED_EDGE ( 'NONE', *, *, #318, .F. ) ;
#450 = CIRCLE ( 'NONE', #481, 0.1499999999999999700 ) ;
#451 = CARTESIAN_POINT ( 'NONE',  ( -1.592138833107544600, 0.9000000000000002400, 0.3499999999999998100 ) ) ;
#452 = VECTOR ( 'NONE', #899, 1000.000000000000000 ) ;
#453 = VECTOR ( 'NONE', #362, 1000.000000000000000 ) ;
#454 = CARTESIAN_POINT ( 'NONE',  ( 1.599999999999999900, 0.1499999999999999900, -0.3499999999999998100 ) ) ;
#455 = VERTEX_POINT ( 'NONE', #918 ) ;
#456 = AXIS2_PLACEMENT_3D ( 'NONE', #690, #1418, #1424 ) ;
#457 = EDGE_LOOP ( 'NONE', ( #785, #506, #1740, #1940, #1017, #1066, #531, #882, #1341 ) ) ;
#458 = EDGE_LOOP ( 'NONE', ( #1347, #1917, #301, #437 ) ) ;
#459 = EDGE_CURVE ( 'NONE', #1736, #236, #1044, .T. ) ;
#460 = EDGE_LOOP ( 'NONE', ( #1471, #1025, #390, #615, #754, #921, #1399, #629, #1807 ) ) ;
#461 = ORIENTED_EDGE ( 'NONE', *, *, #427, .T. ) ;
#462 = ADVANCED_FACE ( 'NONE', ( #1796 ), #1692, .F. ) ;
#463 = EDGE_CURVE ( 'NONE', #900, #783, #1776, .T. ) ;
#464 = ORIENTED_EDGE ( 'NONE', *, *, #499, .T. ) ;
#465 = CARTESIAN_POINT ( 'NONE',  ( -1.599999999999999900, 0.1499999999999999900, 0.3499999999999998100 ) ) ;
#466 = ORIENTED_EDGE ( 'NONE', *, *, #105, .T. ) ;
#467 = ORIENTED_EDGE ( 'NONE', *, *, #3, .T. ) ;
#468 = AXIS2_PLACEMENT_3D ( 'NONE', #1702, #640, #935 ) ;
#469 = ADVANCED_FACE ( 'NONE', ( #112 ), #1884, .F. ) ;
#470 = DIRECTION ( 'NONE',  ( 1.000000000000000000, 0.0000000000000000000, 0.0000000000000000000 ) ) ;
#471 = VECTOR ( 'NONE', #1222, 1000.000000000000000 ) ;
#472 = CIRCLE ( 'NONE', #828, 0.1499999999999999700 ) ;
#473 = ORIENTED_EDGE ( 'NONE', *, *, #528, .T. ) ;
#474 = VECTOR ( 'NONE', #972, 1000.000000000000000 ) ;
#475 = FACE_OUTER_BOUND ( 'NONE', #444, .T. ) ;
#476 = LINE ( 'NONE', #61, #1217 ) ;
#477 = UNCERTAINTY_MEASURE_WITH_UNIT (LENGTH_MEASURE( 1.000000000000000100E-005 ), #1842, 'distance_accuracy_value', 'NONE');
#478 = ORIENTED_EDGE ( 'NONE', *, *, #166, .T. ) ;
#479 = CARTESIAN_POINT ( 'NONE',  ( 0.8749999999999997800, 0.2000000000000006800, 4.702610922848042400 ) ) ;
#480 = ADVANCED_FACE ( 'NONE', ( #1485 ), #49, .F. ) ;
#481 = AXIS2_PLACEMENT_3D ( 'NONE', #465, #1208, #617 ) ;
#482 = DIRECTION ( 'NONE',  ( 1.000000000000000000, 4.160411205076585600E-016, 0.0000000000000000000 ) ) ;
#483 = EDGE_CURVE ( 'NONE', #1812, #1242, #800, .T. ) ;
#484 = VERTEX_POINT ( 'NONE', #98 ) ;
#485 = DIRECTION ( 'NONE',  ( -0.0000000000000000000, -0.0000000000000000000, 1.000000000000000000 ) ) ;
#486 = DIRECTION ( 'NONE',  ( 0.0000000000000000000, 1.000000000000000000, 0.0000000000000000000 ) ) ;
#487 = VERTEX_POINT ( 'NONE', #1142 ) ;
#488 = EDGE_CURVE ( 'NONE', #1542, #56, #997, .T. ) ;
#489 = DIRECTION ( 'NONE',  ( 0.0000000000000000000, 0.0000000000000000000, 1.000000000000000000 ) ) ;
#490 = AXIS2_PLACEMENT_3D ( 'NONE', #695, #1562, #73 ) ;
#491 = EDGE_LOOP ( 'NONE', ( #4 ) ) ;
#492 = LINE ( 'NONE', #338, #471 ) ;
#493 = DIRECTION ( 'NONE',  ( -1.000000000000000000, 0.0000000000000000000, 0.0000000000000000000 ) ) ;
#494 = CARTESIAN_POINT ( 'NONE',  ( -1.599999999999998800, 0.0000000000000000000, 1.099999999999999900 ) ) ;
#495 = CARTESIAN_POINT ( 'NONE',  ( 0.9499999999999997300, 0.1499999999999999900, 0.3499999999999998100 ) ) ;
#496 = COLOUR_RGB ( '',0.7921568627450980000, 0.8196078431372548800, 0.9333333333333333500 ) ;
#497 = CONICAL_SURFACE ( 'NONE', #1630, 1.200000000000000000, 0.2617993877991500700 ) ;
#498 = EDGE_LOOP ( 'NONE', ( #1682, #605, #707, #1633 ) ) ;
#499 = EDGE_CURVE ( 'NONE', #1396, #323, #1856, .T. ) ;
#500 = LINE ( 'NONE', #232, #547 ) ;
#501 = DIRECTION ( 'NONE',  ( 0.05233595624293745100, 0.9986295347545742800, 0.0000000000000000000 ) ) ;
#502 = EDGE_LOOP ( 'NONE', ( #984, #1641, #333, #511 ) ) ;
#503 = CARTESIAN_POINT ( 'NONE',  ( -0.9499999999999997300, 0.1499999999999999900, -1.099999999999999900 ) ) ;
#504 = CARTESIAN_POINT ( 'NONE',  ( 1.555453387609420500, 0.2000000000000012900, 4.702610922848042400 ) ) ;
#505 = DIRECTION ( 'NONE',  ( 0.05233595624293745800, -0.9986295347545742800, 0.0000000000000000000 ) ) ;
#506 = ORIENTED_EDGE ( 'NONE', *, *, #233, .T. ) ;
#507 = ORIENTED_EDGE ( 'NONE', *, *, #985, .T. ) ;
#508 = VERTEX_POINT ( 'NONE', #678 ) ;
#509 = DIRECTION ( 'NONE',  ( 0.0000000000000000000, 0.0000000000000000000, -1.000000000000000000 ) ) ;
#510 =( LENGTH_UNIT ( ) NAMED_UNIT ( * ) SI_UNIT ( .MILLI., .METRE. ) );
#511 = ORIENTED_EDGE ( 'NONE', *, *, #1909, .T. ) ;
#512 = VERTEX_POINT ( 'NONE', #1307 ) ;
#513 = CARTESIAN_POINT ( 'NONE',  ( -0.9499999999999997300, 0.0000000000000000000, -0.3499999999999998100 ) ) ;
#514 = VERTEX_POINT ( 'NONE', #421 ) ;
#515 = DIRECTION ( 'NONE',  ( -0.0000000000000000000, 0.0000000000000000000, -1.000000000000000000 ) ) ;
#516 = DIRECTION ( 'NONE',  ( 1.000000000000000000, 0.0000000000000000000, 0.0000000000000000000 ) ) ;
#517 = DIRECTION ( 'NONE',  ( 0.05233595624293745800, -0.9986295347545742800, 0.0000000000000000000 ) ) ;
#518 = CARTESIAN_POINT ( 'NONE',  ( -1.599999999999998800, 0.0000000000000000000, -0.3499999999999998100 ) ) ;
#519 = ORIENTED_EDGE ( 'NONE', *, *, #1354, .F. ) ;
#520 = VECTOR ( 'NONE', #1080, 1000.000000000000000 ) ;
#521 = LINE ( 'NONE', #682, #1353 ) ;
#522 = EDGE_CURVE ( 'NONE', #736, #686, #572, .T. ) ;
#523 = DIRECTION ( 'NONE',  ( -1.000000000000000000, 0.0000000000000000000, 0.0000000000000000000 ) ) ;
#524 = LINE ( 'NONE', #880, #79 ) ;
#525 = LINE ( 'NONE', #344, #1586 ) ;
#526 = VERTEX_POINT ( 'NONE', #1168 ) ;
#527 = FACE_OUTER_BOUND ( 'NONE', #185, .T. ) ;
#528 = EDGE_CURVE ( 'NONE', #1734, #1226, #1608, .T. ) ;
#529 = DIRECTION ( 'NONE',  ( 0.0000000000000000000, 0.0000000000000000000, 1.000000000000000000 ) ) ;
#530 = ADVANCED_FACE ( 'NONE', ( #610 ), #1120, .T. ) ;
#531 = ORIENTED_EDGE ( 'NONE', *, *, #1040, .T. ) ;
#532 = CARTESIAN_POINT ( 'NONE',  ( -4.104479652980854700E-017, 0.1000000000000003900, 0.0000000000000000000 ) ) ;
#533 = DIRECTION ( 'NONE',  ( 0.05233595624293745100, 0.9986295347545742800, 0.0000000000000000000 ) ) ;
#534 = AXIS2_PLACEMENT_3D ( 'NONE', #671, #1127, #529 ) ;
#535 = AXIS2_PLACEMENT_3D ( 'NONE', #1587, #91, #248 ) ;
#536 = CARTESIAN_POINT ( 'NONE',  ( 1.555453387609420500, 0.2000000000000012900, 1.335163194811020500 ) ) ;
#537 = CARTESIAN_POINT ( 'NONE',  ( 0.0000000000000000000, 1.899999999999999900, 0.0000000000000000000 ) ) ;
#538 = ORIENTED_EDGE ( 'NONE', *, *, #1255, .T. ) ;
#539 = ADVANCED_FACE ( 'NONE', ( #1653 ), #1113, .T. ) ;
#540 = DIRECTION ( 'NONE',  ( -0.0000000000000000000, -0.0000000000000000000, -1.000000000000000000 ) ) ;
#541 = DIRECTION ( 'NONE',  ( -0.05232800705137123600, -0.9984778551437671900, -0.01742849579091519000 ) ) ;
#542 = ORIENTED_EDGE ( 'NONE', *, *, #1788, .T. ) ;
#543 = CARTESIAN_POINT ( 'NONE',  ( -0.8149999999999998400, 1.399999999999999900, -1.350000000000000100 ) ) ;
#545 = LINE ( 'NONE', #709, #1670 ) ;
#544 = AXIS2_PLACEMENT_3D ( 'NONE', #786, #1228, #179 ) ;
#546 = VECTOR ( 'NONE', #1024, 1000.000000000000000 ) ;
#547 = VECTOR ( 'NONE', #666, 1000.000000000000000 ) ;
#548 = ADVANCED_FACE ( 'NONE', ( #1509 ), #1862, .F. ) ;
#549 = EDGE_CURVE ( 'NONE', #1490, #866, #1910, .T. ) ;
#550 = DIRECTION ( 'NONE',  ( -0.0000000000000000000, -0.0000000000000000000, -1.000000000000000000 ) ) ;
#551 = EDGE_LOOP ( 'NONE', ( #356 ) ) ;
#552 = ORIENTED_EDGE ( 'NONE', *, *, #863, .T. ) ;
#553 = DIRECTION ( 'NONE',  ( -0.0000000000000000000, -0.0000000000000000000, 1.000000000000000000 ) ) ;
#554 = DIRECTION ( 'NONE',  ( 0.0000000000000000000, 0.0000000000000000000, -1.000000000000000000 ) ) ;
#555 = CARTESIAN_POINT ( 'NONE',  ( 1.599999999999999900, 1.899999999999999900, -1.350000000000000100 ) ) ;
#556 = AXIS2_PLACEMENT_3D ( 'NONE', #1859, #1872, #989 ) ;
#557 = ADVANCED_FACE ( 'NONE', ( #1264 ), #385, .T. ) ;
#558 = DIRECTION ( 'NONE',  ( -1.000000000000000000, 0.0000000000000000000, 0.0000000000000000000 ) ) ;
#559 = DIRECTION ( 'NONE',  ( 0.0000000000000000000, 1.000000000000000000, 0.0000000000000000000 ) ) ;
#560 = VERTEX_POINT ( 'NONE', #1848 ) ;
#561 = EDGE_CURVE ( 'NONE', #1275, #1419, #777, .T. ) ;
#562 = VERTEX_POINT ( 'NONE', #393 ) ;
#563 = CARTESIAN_POINT ( 'NONE',  ( -0.8750000000000000000, 0.1999999999999999800, -1.335163194811021200 ) ) ;
#564 = EDGE_CURVE ( 'NONE', #939, #1438, #375, .T. ) ;
#565 = ORIENTED_EDGE ( 'NONE', *, *, #642, .T. ) ;
#566 = CARTESIAN_POINT ( 'NONE',  ( -0.8750000000000000000, 0.05000000000000000300, 1.332544935071789300 ) ) ;
#567 = LINE ( 'NONE', #503, #346 ) ;
#568 = APPLICATION_PROTOCOL_DEFINITION ( 'draft international standard', 'automotive_design', 1998, #1923 ) ;
#569 = CARTESIAN_POINT ( 'NONE',  ( -1.749999999999999800, 0.9000000000000002400, 0.3499999999999998100 ) ) ;
#570 = CARTESIAN_POINT ( 'NONE',  ( 1.599999999999999900, 0.1499999999999999900, -1.099999999999999900 ) ) ;
#571 = LINE ( 'NONE', #1707, #1697 ) ;
#572 = LINE ( 'NONE', #1877, #820 ) ;
#573 = CARTESIAN_POINT ( 'NONE',  ( 1.599999999999999900, 1.050000000000000000, 0.3499999999999998100 ) ) ;
#574 = CIRCLE ( 'NONE', #1212, 0.1499999999999999700 ) ;
#575 = CARTESIAN_POINT ( 'NONE',  ( 1.749999999999999800, 0.9000000000000002400, 0.3499999999999998100 ) ) ;
#576 = CARTESIAN_POINT ( 'NONE',  ( 1.749999999999999800, 0.1499999999999999900, -1.099999999999999900 ) ) ;
#577 = PLANE ( 'NONE',  #70 ) ;
#578 = ORIENTED_EDGE ( 'NONE', *, *, #751, .T. ) ;
#579 = DIRECTION ( 'NONE',  ( -1.000000000000000000, -4.104479652980838800E-016, 0.0000000000000000000 ) ) ;
#580 = EDGE_CURVE ( 'NONE', #1497, #655, #1215, .T. ) ;
#581 = DIRECTION ( 'NONE',  ( 0.0000000000000000000, 1.000000000000000000, 0.0000000000000000000 ) ) ;
#582 = CARTESIAN_POINT ( 'NONE',  ( 0.9499999999999997300, 0.1499999999999999900, -0.3499999999999998100 ) ) ;
#583 = PRESENTATION_STYLE_ASSIGNMENT (( #1371 ) ) ;
#584 = VERTEX_POINT ( 'NONE', #1430 ) ;
#585 = DIRECTION ( 'NONE',  ( 0.0000000000000000000, -1.000000000000000000, 0.0000000000000000000 ) ) ;
#586 = ORIENTED_EDGE ( 'NONE', *, *, #795, .T. ) ;
#587 = EDGE_CURVE ( 'NONE', #181, #311, #779, .T. ) ;
#588 = VECTOR ( 'NONE', #1133, 1000.000000000000000 ) ;
#589 = EDGE_LOOP ( 'NONE', ( #1318, #85, #1570, #106 ) ) ;
#590 = LINE ( 'NONE', #1519, #474 ) ;
#591 = SHAPE_DEFINITION_REPRESENTATION ( #1929, #669 ) ;
#592 = ORIENTED_EDGE ( 'NONE', *, *, #691, .T. ) ;
#593 = PLANE ( 'NONE',  #298 ) ;
#594 = ORIENTED_EDGE ( 'NONE', *, *, #1590, .T. ) ;
#595 = EDGE_CURVE ( 'NONE', #807, #159, #1172, .T. ) ;
#596 = ORIENTED_EDGE ( 'NONE', *, *, #814, .F. ) ;
#597 = DIRECTION ( 'NONE',  ( -0.0000000000000000000, 1.000000000000000000, -0.0000000000000000000 ) ) ;
#598 = ORIENTED_EDGE ( 'NONE', *, *, #1512, .F. ) ;
#599 = SURFACE_SIDE_STYLE ('',( #1434 ) ) ;
#600 = ORIENTED_EDGE ( 'NONE', *, *, #911, .F. ) ;
#601 = CARTESIAN_POINT ( 'NONE',  ( 1.599999999999999900, 0.8902314078323401200, 1.099999999999999900 ) ) ;
#602 = ADVANCED_FACE ( 'NONE', ( #475 ), #703, .T. ) ;
#603 = DIRECTION ( 'NONE',  ( -0.0000000000000000000, -0.0000000000000000000, -1.000000000000000000 ) ) ;
#604 = VECTOR ( 'NONE', #1342, 1000.000000000000000 ) ;
#605 = ORIENTED_EDGE ( 'NONE', *, *, #691, .F. ) ;
#606 = SURFACE_STYLE_FILL_AREA ( #1250 ) ;
#607 = VECTOR ( 'NONE', #1567, 1000.000000000000000 ) ;
#608 = LINE ( 'NONE', #1026, #1795 ) ;
#609 = CARTESIAN_POINT ( 'NONE',  ( -1.592138833107544600, 0.9000000000000002400, 0.3499999999999998100 ) ) ;
#610 = FACE_OUTER_BOUND ( 'NONE', #1028, .T. ) ;
#611 = FACE_OUTER_BOUND ( 'NONE', #823, .T. ) ;
#612 = LINE ( 'NONE', #1308, #13 ) ;
#613 = ADVANCED_FACE ( 'NONE', ( #843 ), #907, .F. ) ;
#614 = VERTEX_POINT ( 'NONE', #158 ) ;
#615 = ORIENTED_EDGE ( 'NONE', *, *, #1153, .F. ) ;
#616 = AXIS2_PLACEMENT_3D ( 'NONE', #235, #1715, #68 ) ;
#617 = DIRECTION ( 'NONE',  ( -1.000000000000000000, 0.0000000000000000000, 0.0000000000000000000 ) ) ;
#618 = DIRECTION ( 'NONE',  ( -1.000000000000000000, 0.0000000000000000000, 0.0000000000000000000 ) ) ;
#619 = ADVANCED_FACE ( 'NONE', ( #1628 ), #1390, .F. ) ;
#620 = CARTESIAN_POINT ( 'NONE',  ( -1.749999999999999800, 1.050000000000000000, -1.350000000000000100 ) ) ;
#621 = AXIS2_PLACEMENT_3D ( 'NONE', #142, #1345, #135 ) ;
#622 = AXIS2_PLACEMENT_3D ( 'NONE', #764, #1809, #1227 ) ;
#623 = PLANE ( 'NONE',  #373 ) ;
#624 = PLANE ( 'NONE',  #124 ) ;
#625 = ORIENTED_EDGE ( 'NONE', *, *, #985, .F. ) ;
#626 = DIRECTION ( 'NONE',  ( 0.0000000000000000000, 0.0000000000000000000, -1.000000000000000000 ) ) ;
#627 = ADVANCED_FACE ( 'NONE', ( #129 ), #1065, .F. ) ;
#628 = PRESENTATION_STYLE_ASSIGNMENT (( #276 ) ) ;
#629 = ORIENTED_EDGE ( 'NONE', *, *, #1008, .F. ) ;
#630 = DIRECTION ( 'NONE',  ( 0.0000000000000000000, 0.01745240643727680900, 0.9998476951563913800 ) ) ;
#631 = CYLINDRICAL_SURFACE ( 'NONE', #1607, 0.1499999999999999700 ) ;
#632 = LINE ( 'NONE', #1240, #32 ) ;
#633 =( NAMED_UNIT ( * ) SI_UNIT ( $, .STERADIAN. ) SOLID_ANGLE_UNIT ( ) );
#634 = ORIENTED_EDGE ( 'NONE', *, *, #1726, .T. ) ;
#635 = VERTEX_POINT ( 'NONE', #1518 ) ;
#636 = AXIS2_PLACEMENT_3D ( 'NONE', #1457, #1887, #1299 ) ;
#637 = ORIENTED_EDGE ( 'NONE', *, *, #714, .F. ) ;
#638 = CARTESIAN_POINT ( 'NONE',  ( 0.9499999999999997300, 0.1499999999999999900, -0.3499999999999998100 ) ) ;
#639 = CARTESIAN_POINT ( 'NONE',  ( 1.599999999999999900, 1.050000000000000000, -0.3499999999999998100 ) ) ;
#640 = DIRECTION ( 'NONE',  ( 1.000000000000000000, -0.0000000000000000000, 0.0000000000000000000 ) ) ;
#641 = DIRECTION ( 'NONE',  ( 0.7071067811865435800, 0.0000000000000000000, -0.7071067811865515700 ) ) ;
#642 = EDGE_CURVE ( 'NONE', #417, #584, #1312, .T. ) ;
#643 = EDGE_LOOP ( 'NONE', ( #1552, #979, #1294, #239 ) ) ;
#644 = CARTESIAN_POINT ( 'NONE',  ( -1.749999999999999800, 0.1499999999999999900, 0.3499999999999998100 ) ) ;
#645 = DIRECTION ( 'NONE',  ( 0.0000000000000000000, -0.0000000000000000000, -1.000000000000000000 ) ) ;
#647 = EDGE_CURVE ( 'NONE', #657, #614, #653, .T. ) ;
#646 = VECTOR ( 'NONE', #1348, 1000.000000000000000 ) ;
#648 = ORIENTED_EDGE ( 'NONE', *, *, #1623, .T. ) ;
#649 = CARTESIAN_POINT ( 'NONE',  ( -1.599999999999999900, 1.050000000000000000, 1.350000000000000100 ) ) ;
#650 = LINE ( 'NONE', #160, #1138 ) ;
#651 = ORIENTED_EDGE ( 'NONE', *, *, #647, .F. ) ;
#652 = EDGE_CURVE ( 'NONE', #181, #803, #996, .T. ) ;
#653 = CIRCLE ( 'NONE', #1114, 0.01000000000000002600 ) ;
#654 = VECTOR ( 'NONE', #929, 1000.000000000000000 ) ;
#655 = VERTEX_POINT ( 'NONE', #1717 ) ;
#656 = DIRECTION ( 'NONE',  ( 0.0000000000000000000, -0.0000000000000000000, 1.000000000000000000 ) ) ;
#657 = VERTEX_POINT ( 'NONE', #837 ) ;
#658 = DIRECTION ( 'NONE',  ( 0.0000000000000000000, -0.0000000000000000000, 1.000000000000000000 ) ) ;
#659 = EDGE_LOOP ( 'NONE', ( #1565 ) ) ;
#660 = ORIENTED_EDGE ( 'NONE', *, *, #652, .F. ) ;
#661 = ORIENTED_EDGE ( 'NONE', *, *, #1008, .T. ) ;
#662 = AXIS2_PLACEMENT_3D ( 'NONE', #1604, #1622, #1901 ) ;
#663 = DIRECTION ( 'NONE',  ( 0.0000000000000000000, -0.0000000000000000000, -1.000000000000000000 ) ) ;
#664 = CARTESIAN_POINT ( 'NONE',  ( -1.599999999999999900, 0.9000000000000002400, 0.3499999999999998100 ) ) ;
#665 = ORIENTED_EDGE ( 'NONE', *, *, #861, .T. ) ;
#666 = DIRECTION ( 'NONE',  ( -0.0000000000000000000, -0.0000000000000000000, 1.000000000000000000 ) ) ;
#667 = DIRECTION ( 'NONE',  ( -0.0000000000000000000, -0.0000000000000000000, -1.000000000000000000 ) ) ;
#668 = ORIENTED_EDGE ( 'NONE', *, *, #647, .T. ) ;
#669 = ADVANCED_BREP_SHAPE_REPRESENTATION ( 'AA3527ASESK_J3-50MAV', ( #1167, #956, #1847, #1204, #269, #1522 ), #1683 ) ;
#670 = VECTOR ( 'NONE', #1392, 1000.000000000000000 ) ;
#671 = CARTESIAN_POINT ( 'NONE',  ( -1.599999999999999900, 0.1499999999999999900, -0.3499999999999998100 ) ) ;
#672 = ORIENTED_EDGE ( 'NONE', *, *, #913, .F. ) ;
#673 = EDGE_CURVE ( 'NONE', #1511, #316, #798, .T. ) ;
#674 = CYLINDRICAL_SURFACE ( 'NONE', #737, 0.1499999999999999700 ) ;
#675 = PLANE ( 'NONE',  #1376 ) ;
#676 = ORIENTED_EDGE ( 'NONE', *, *, #1525, .F. ) ;
#677 = ORIENTED_EDGE ( 'NONE', *, *, #314, .T. ) ;
#678 = CARTESIAN_POINT ( 'NONE',  ( -1.599999999999999900, 1.399999999999999900, -0.5649999999999914000 ) ) ;
#679 = ORIENTED_EDGE ( 'NONE', *, *, #1512, .T. ) ;
#680 = EDGE_CURVE ( 'NONE', #378, #253, #571, .T. ) ;
#681 = DIRECTION ( 'NONE',  ( 0.0000000000000000000, 0.0000000000000000000, -1.000000000000000000 ) ) ;
#682 = CARTESIAN_POINT ( 'NONE',  ( 1.603057575967241200, 1.108342024964071400, 1.351018363833790700 ) ) ;
#683 = DIRECTION ( 'NONE',  ( 0.0000000000000000000, 0.0000000000000000000, 1.000000000000000000 ) ) ;
#684 = ORIENTED_EDGE ( 'NONE', *, *, #1011, .F. ) ;
#685 = ADVANCED_FACE ( 'NONE', ( #1934 ), #1256, .F. ) ;
#686 = VERTEX_POINT ( 'NONE', #813 ) ;
#687 = AXIS2_PLACEMENT_3D ( 'NONE', #1134, #1122, #401 ) ;
#688 = DIRECTION ( 'NONE',  ( 0.0000000000000000000, 1.000000000000000000, 0.0000000000000000000 ) ) ;
#689 = DIRECTION ( 'NONE',  ( 0.0000000000000000000, -0.0000000000000000000, -1.000000000000000000 ) ) ;
#690 = CARTESIAN_POINT ( 'NONE',  ( -1.599999999999999900, 1.050000000000000000, 1.350000000000000100 ) ) ;
#691 = EDGE_CURVE ( 'NONE', #395, #417, #1774, .T. ) ;
#692 = ADVANCED_FACE ( 'NONE', ( #1355 ), #1850, .F. ) ;
#693 = FILL_AREA_STYLE_COLOUR ( '', #1261 ) ;
#694 = CARTESIAN_POINT ( 'NONE',  ( -6.156719479471271200E-017, 0.1500000000000003600, 0.0000000000000000000 ) ) ;
#695 = CARTESIAN_POINT ( 'NONE',  ( 1.589999999999999900, 0.8902314078323401200, -0.3499999999999998100 ) ) ;
#696 = FACE_BOUND ( 'NONE', #932, .T. ) ;
#697 = VERTEX_POINT ( 'NONE', #72 ) ;
#699 = LINE ( 'NONE', #265, #588 ) ;
#698 = MECHANICAL_DESIGN_GEOMETRIC_PRESENTATION_REPRESENTATION (  '', ( #1735 ), #446 ) ;
#700 = LINE ( 'NONE', #1802, #1794 ) ;
#701 = CARTESIAN_POINT ( 'NONE',  ( 1.599999999999999900, 0.9000000000000002400, 0.3499999999999998100 ) ) ;
#702 = CARTESIAN_POINT ( 'NONE',  ( -1.749999999999999800, 0.9000000000000002400, 0.3499999999999998100 ) ) ;
#703 = CYLINDRICAL_SURFACE ( 'NONE', #391, 0.1499999999999999700 ) ;
#704 = COLOUR_RGB ( '',1.000000000000000000, 1.000000000000000000, 1.000000000000000000 ) ;
#705 = DIRECTION ( 'NONE',  ( 0.7071067811865435800, 0.0000000000000000000, -0.7071067811865514600 ) ) ;
#706 = DIRECTION ( 'NONE',  ( -0.05233595624293745800, -0.9986295347545742800, -0.0000000000000000000 ) ) ;
#707 = ORIENTED_EDGE ( 'NONE', *, *, #1590, .F. ) ;
#708 = ORIENTED_EDGE ( 'NONE', *, *, #1615, .F. ) ;
#709 = CARTESIAN_POINT ( 'NONE',  ( -1.599999999999999900, 0.1499999999999999900, 0.3499999999999998100 ) ) ;
#710 = ORIENTED_EDGE ( 'NONE', *, *, #680, .T. ) ;
#711 = PRODUCT_CONTEXT ( 'NONE', #1923, 'mechanical' ) ;
#712 = CARTESIAN_POINT ( 'NONE',  ( 0.9499999999999997300, 0.0000000000000000000, -1.099999999999999900 ) ) ;
#713 = PLANE ( 'NONE',  #1400 ) ;
#714 = EDGE_CURVE ( 'NONE', #1427, #657, #500, .T. ) ;
#715 = DIRECTION ( 'NONE',  ( 0.0000000000000000000, 0.0000000000000000000, 1.000000000000000000 ) ) ;
#716 = ORIENTED_EDGE ( 'NONE', *, *, #1549, .T. ) ;
#717 = EDGE_CURVE ( 'NONE', #1432, #263, #1367, .T. ) ;
#718 = CARTESIAN_POINT ( 'NONE',  ( 0.0000000000000000000, 1.899999999999999900, 0.0000000000000000000 ) ) ;
#719 = ORIENTED_EDGE ( 'NONE', *, *, #1909, .F. ) ;
#720 = PLANE ( 'NONE',  #763 ) ;
#721 = VECTOR ( 'NONE', #1059, 1000.000000000000000 ) ;
#722 = LINE ( 'NONE', #536, #326 ) ;
#723 = AXIS2_PLACEMENT_3D ( 'NONE', #1301, #865, #428 ) ;
#724 = FACE_OUTER_BOUND ( 'NONE', #1696, .T. ) ;
#725 = AXIS2_PLACEMENT_3D ( 'NONE', #1648, #630, #1076 ) ;
#726 = DIRECTION ( 'NONE',  ( 0.0000000000000000000, 0.0000000000000000000, 1.000000000000000000 ) ) ;
#727 = LINE ( 'NONE', #1732, #262 ) ;
#728 = ORIENTED_EDGE ( 'NONE', *, *, #1381, .F. ) ;
#729 = DIRECTION ( 'NONE',  ( 0.0000000000000000000, 0.0000000000000000000, 1.000000000000000000 ) ) ;
#730 = ORIENTED_EDGE ( 'NONE', *, *, #207, .T. ) ;
#731 = DIRECTION ( 'NONE',  ( -0.0000000000000000000, -0.0000000000000000000, 1.000000000000000000 ) ) ;
#732 = ORIENTED_EDGE ( 'NONE', *, *, #1452, .F. ) ;
#733 = CARTESIAN_POINT ( 'NONE',  ( 1.749999999999999800, 0.9000000000000002400, -0.3499999999999998100 ) ) ;
#734 = CARTESIAN_POINT ( 'NONE',  ( 0.0000000000000000000, 0.0000000000000000000, 0.0000000000000000000 ) ) ;
#735 = ORIENTED_EDGE ( 'NONE', *, *, #1364, .F. ) ;
#736 = VERTEX_POINT ( 'NONE', #408 ) ;
#737 = AXIS2_PLACEMENT_3D ( 'NONE', #1767, #1306, #1762 ) ;
#738 = CARTESIAN_POINT ( 'NONE',  ( 1.599999999999999900, 0.1499999999999999900, 1.099999999999999900 ) ) ;
#739 = EDGE_LOOP ( 'NONE', ( #672, #1678, #202, #1760 ) ) ;
#740 = VERTEX_POINT ( 'NONE', #566 ) ;
#741 = CARTESIAN_POINT ( 'NONE',  ( -0.9499999999999997300, 0.0000000000000000000, 1.099999999999999900 ) ) ;
#742 = LINE ( 'NONE', #1828, #1832 ) ;
#743 = FACE_OUTER_BOUND ( 'NONE', #1764, .T. ) ;
#744 = VECTOR ( 'NONE', #23, 1000.000000000000000 ) ;
#745 = PRODUCT_DEFINITION_CONTEXT ( 'detailed design', #1755, 'design' ) ;
#747 = MECHANICAL_DESIGN_GEOMETRIC_PRESENTATION_REPRESENTATION (  '', ( #883 ), #790 ) ;
#746 = LINE ( 'NONE', #1180, #1332 ) ;
#748 = VECTOR ( 'NONE', #1101, 1000.000000000000000 ) ;
#749 = CARTESIAN_POINT ( 'NONE',  ( 1.749999999999999800, 0.9000000000000002400, 0.3499999999999998100 ) ) ;
#750 = ORIENTED_EDGE ( 'NONE', *, *, #1420, .F. ) ;
#751 = EDGE_CURVE ( 'NONE', #635, #266, #1585, .T. ) ;
#752 = ORIENTED_EDGE ( 'NONE', *, *, #66, .F. ) ;
#753 = PLANE ( 'NONE',  #1030 ) ;
#754 = ORIENTED_EDGE ( 'NONE', *, *, #975, .F. ) ;
#755 = CARTESIAN_POINT ( 'NONE',  ( 1.589999999999999900, 0.8902314078323401200, -0.3499999999999998100 ) ) ;
#756 = ORIENTED_EDGE ( 'NONE', *, *, #1021, .F. ) ;
#757 = EDGE_CURVE ( 'NONE', #1655, #181, #1727, .T. ) ;
#758 = CLOSED_SHELL ( 'NONE', ( #148, #895, #1635, #1284, #1041, #1660, #982, #1878, #919, #627, #327, #1806, #317, #557, #1428, #1650, #1298, #1741, #1729, #1595, #1571 ) ) ;
#759 = DIRECTION ( 'NONE',  ( -0.0000000000000000000, -0.0000000000000000000, -1.000000000000000000 ) ) ;
#760 = PRODUCT ( 'AA3527ASESK_J3-50MAV', 'AA3527ASESK_J3-50MAV', '', ( #711 ) ) ;
#761 = ADVANCED_FACE ( 'NONE', ( #1673 ), #1483, .F. ) ;
#762 = CARTESIAN_POINT ( 'NONE',  ( -1.599999999999999900, 0.1499999999999999900, 0.3499999999999998100 ) ) ;
#763 = AXIS2_PLACEMENT_3D ( 'NONE', #1326, #1009, #443 ) ;
#764 = CARTESIAN_POINT ( 'NONE',  ( -1.749999999999999800, 0.9000000000000002400, -0.3499999999999998100 ) ) ;
#765 = ORIENTED_EDGE ( 'NONE', *, *, #448, .F. ) ;
#766 = CARTESIAN_POINT ( 'NONE',  ( 1.599999999999999900, 0.8902314078323401200, -1.099999999999999900 ) ) ;
#767 = DIRECTION ( 'NONE',  ( -1.000000000000000000, 0.0000000000000000000, 0.0000000000000000000 ) ) ;
#768 = CARTESIAN_POINT ( 'NONE',  ( -0.9499999999999997300, 0.0000000000000000000, 0.3499999999999998100 ) ) ;
#769 = ORIENTED_EDGE ( 'NONE', *, *, #1350, .F. ) ;
#770 = LINE ( 'NONE', #931, #174 ) ;
#771 = CARTESIAN_POINT ( 'NONE',  ( -1.599999999999998800, 0.0000000000000000000, -1.099999999999999900 ) ) ;
#772 = VECTOR ( 'NONE', #1858, 1000.000000000000000 ) ;
#773 = ORIENTED_EDGE ( 'NONE', *, *, #24, .T. ) ;
#774 = VERTEX_POINT ( 'NONE', #1271 ) ;
#775 = VECTOR ( 'NONE', #1659, 1000.000000000000000 ) ;
#776 = CARTESIAN_POINT ( 'NONE',  ( 1.599999999999999900, 0.1499999999999999900, -0.3499999999999998100 ) ) ;
#777 = LINE ( 'NONE', #1558, #1563 ) ;
#778 = DIRECTION ( 'NONE',  ( 1.000000000000000000, -0.0000000000000000000, -0.0000000000000000000 ) ) ;
#779 = LINE ( 'NONE', #855, #1679 ) ;
#780 =( GEOMETRIC_REPRESENTATION_CONTEXT ( 3 ) GLOBAL_UNCERTAINTY_ASSIGNED_CONTEXT ( ( #477 ) ) GLOBAL_UNIT_ASSIGNED_CONTEXT ( ( #1842, #1885, #1385 ) ) REPRESENTATION_CONTEXT ( 'NONE', 'WORKASPACE' ) );
#781 = ORIENTED_EDGE ( 'NONE', *, *, #246, .T. ) ;
#782 = CARTESIAN_POINT ( 'NONE',  ( -1.749999999999999800, 0.0000000000000000000, 1.331672181825378700 ) ) ;
#783 = VERTEX_POINT ( 'NONE', #1447 ) ;
#784 = EDGE_CURVE ( 'NONE', #1497, #194, #111, .T. ) ;
#785 = ORIENTED_EDGE ( 'NONE', *, *, #240, .T. ) ;
#786 = CARTESIAN_POINT ( 'NONE',  ( -1.599999999999999900, 0.1499999999999999900, -0.3499999999999998100 ) ) ;
#787 = ORIENTED_EDGE ( 'NONE', *, *, #587, .T. ) ;
#788 = PLANE ( 'NONE',  #1548 ) ;
#789 = CARTESIAN_POINT ( 'NONE',  ( 1.749999999999999800, 0.9000000000000002400, -1.099999999999999900 ) ) ;
#790 =( GEOMETRIC_REPRESENTATION_CONTEXT ( 3 ) GLOBAL_UNCERTAINTY_ASSIGNED_CONTEXT ( ( #819 ) ) GLOBAL_UNIT_ASSIGNED_CONTEXT ( ( #1894, #1010, #1002 ) ) REPRESENTATION_CONTEXT ( 'NONE', 'WORKASPACE' ) );
#791 = CARTESIAN_POINT ( 'NONE',  ( 1.599999999999999900, 0.1499999999999999900, 0.3499999999999998100 ) ) ;
#792 = PLANE ( 'NONE',  #1785 ) ;
#793 = DIRECTION ( 'NONE',  ( 0.0000000000000000000, -0.0000000000000000000, -1.000000000000000000 ) ) ;
#794 = CIRCLE ( 'NONE', #1337, 0.1499999999999999700 ) ;
#795 = EDGE_CURVE ( 'NONE', #316, #958, #590, .T. ) ;
#796 = LINE ( 'NONE', #1661, #1928 ) ;
#797 = CARTESIAN_POINT ( 'NONE',  ( 0.0000000000000000000, 1.000000000000000000, 0.0000000000000000000 ) ) ;
#798 = LINE ( 'NONE', #95, #1290 ) ;
#799 = DIRECTION ( 'NONE',  ( -1.000000000000000000, -8.763439285121308700E-016, 0.0000000000000000000 ) ) ;
#800 = LINE ( 'NONE', #856, #1391 ) ;
#801 = CARTESIAN_POINT ( 'NONE',  ( 0.8750000000000000000, 0.05000000000000072400, 1.332544935071788600 ) ) ;
#802 = COLOUR_RGB ( '',0.7921568627450980000, 0.8196078431372548800, 0.9333333333333333500 ) ;
#803 = VERTEX_POINT ( 'NONE', #245 ) ;
#804 = CARTESIAN_POINT ( 'NONE',  ( 1.555453387609420500, 0.2000000000000014000, 1.335163194811019600 ) ) ;
#805 = ORIENTED_EDGE ( 'NONE', *, *, #1810, .F. ) ;
#806 = DIRECTION ( 'NONE',  ( 0.05233595624293745100, 0.9986295347545742800, 0.0000000000000000000 ) ) ;
#807 = VERTEX_POINT ( 'NONE', #1269 ) ;
#808 = SURFACE_STYLE_USAGE ( .BOTH. , #1365 ) ;
#809 = DIRECTION ( 'NONE',  ( -1.000000000000000000, 0.0000000000000000000, 0.0000000000000000000 ) ) ;
#810 = ORIENTED_EDGE ( 'NONE', *, *, #58, .T. ) ;
#811 = DIRECTION ( 'NONE',  ( 1.000000000000000000, 4.104479652980838800E-016, 0.0000000000000000000 ) ) ;
#812 = AXIS2_PLACEMENT_3D ( 'NONE', #230, #1870, #394 ) ;
#813 = CARTESIAN_POINT ( 'NONE',  ( -1.599999999999999900, 1.050000000000000000, 1.099999999999999900 ) ) ;
#814 = EDGE_CURVE ( 'NONE', #512, #78, #305, .T. ) ;
#815 = CARTESIAN_POINT ( 'NONE',  ( -1.599999999999999900, 0.1499999999999999900, -0.3499999999999998100 ) ) ;
#816 = LINE ( 'NONE', #789, #1852 ) ;
#817 = EDGE_CURVE ( 'NONE', #266, #1799, #31, .T. ) ;
#818 = CARTESIAN_POINT ( 'NONE',  ( -1.749999999999999800, 0.9000000000000002400, -1.099999999999999900 ) ) ;
#819 = UNCERTAINTY_MEASURE_WITH_UNIT (LENGTH_MEASURE( 1.000000000000000100E-005 ), #1894, 'distance_accuracy_value', 'NONE');
#820 = VECTOR ( 'NONE', #1721, 1000.000000000000000 ) ;
#821 = VECTOR ( 'NONE', #268, 1000.000000000000000 ) ;
#822 = DIRECTION ( 'NONE',  ( 1.000000000000000000, 0.0000000000000000000, 0.0000000000000000000 ) ) ;
#823 = EDGE_LOOP ( 'NONE', ( #992, #765, #384, #864 ) ) ;
#824 = AXIS2_PLACEMENT_3D ( 'NONE', #208, #809, #330 ) ;
#825 = ADVANCED_FACE ( 'NONE', ( #405 ), #65, .F. ) ;
#826 = ORIENTED_EDGE ( 'NONE', *, *, #337, .T. ) ;
#827 = DIRECTION ( 'NONE',  ( -0.0000000000000000000, -0.0000000000000000000, 1.000000000000000000 ) ) ;
#828 = AXIS2_PLACEMENT_3D ( 'NONE', #1838, #667, #201 ) ;
#829 = DIRECTION ( 'NONE',  ( 1.000000000000000000, 0.0000000000000000000, 0.0000000000000000000 ) ) ;
#830 = DIRECTION ( 'NONE',  ( -1.445382724324245700E-015, 0.9998476951563912700, -0.01745240643727680500 ) ) ;
#831 = PLANE ( 'NONE',  #456 ) ;
#832 = EDGE_LOOP ( 'NONE', ( #565, #173, #1748, #592 ) ) ;
#833 = ORIENTED_EDGE ( 'NONE', *, *, #1420, .T. ) ;
#834 = ADVANCED_FACE ( 'NONE', ( #1141 ), #1843, .T. ) ;
#835 = CARTESIAN_POINT ( 'NONE',  ( 1.599999999999998800, 0.0000000000000000000, -0.3499999999999998100 ) ) ;
#836 = CARTESIAN_POINT ( 'NONE',  ( -0.8750000000000000000, 0.1999999999999999800, 4.702610922848042400 ) ) ;
#837 = CARTESIAN_POINT ( 'NONE',  ( -1.592138833107544600, 0.9000000000000002400, 1.099999999999999900 ) ) ;
#838 = DIRECTION ( 'NONE',  ( -1.000000000000000000, 0.0000000000000000000, 0.0000000000000000000 ) ) ;
#839 = ORIENTED_EDGE ( 'NONE', *, *, #561, .T. ) ;
#840 = DIRECTION ( 'NONE',  ( 1.000000000000000000, 0.0000000000000000000, 0.0000000000000000000 ) ) ;
#841 = LINE ( 'NONE', #914, #1191 ) ;
#842 = ORIENTED_EDGE ( 'NONE', *, *, #379, .T. ) ;
#843 = FACE_OUTER_BOUND ( 'NONE', #10, .T. ) ;
#844 = CIRCLE ( 'NONE', #1410, 0.01000000000000002600 ) ;
#845 = PLANE ( 'NONE',  #227 ) ;
#846 = LINE ( 'NONE', #543, #891 ) ;
#847 = DIRECTION ( 'NONE',  ( 0.0000000000000000000, 0.0000000000000000000, -1.000000000000000000 ) ) ;
#848 = CARTESIAN_POINT ( 'NONE',  ( 1.592138833107544600, 0.9000000000000002400, -0.3499999999999998100 ) ) ;
#849 = CARTESIAN_POINT ( 'NONE',  ( -1.599999999999999900, 0.8902314078323401200, -0.3499999999999998100 ) ) ;
#850 = ORIENTED_EDGE ( 'NONE', *, *, #1551, .T. ) ;
#851 = AXIS2_PLACEMENT_3D ( 'NONE', #791, #924, #626 ) ;
#852 = CARTESIAN_POINT ( 'NONE',  ( -1.599999999999999900, 1.899999999999999900, 1.350000000000000100 ) ) ;
#853 = CARTESIAN_POINT ( 'NONE',  ( -0.8149999999999998400, 1.899999999999999900, -1.350000000000000100 ) ) ;
#854 = EDGE_CURVE ( 'NONE', #1303, #263, #178, .T. ) ;
#855 = CARTESIAN_POINT ( 'NONE',  ( -0.9499999999999997300, 0.1499999999999999900, 0.3499999999999998100 ) ) ;
#856 = CARTESIAN_POINT ( 'NONE',  ( -1.592138833107544600, 0.9000000000000002400, -0.3499999999999998100 ) ) ;
#857 = ADVANCED_FACE ( 'NONE', ( #1022 ), #788, .F. ) ;
#858 = CARTESIAN_POINT ( 'NONE',  ( 1.749999999999999800, 0.1499999999999999900, 0.3499999999999998100 ) ) ;
#859 = DIRECTION ( 'NONE',  ( -0.05233595624293745100, 0.9986295347545742800, 0.0000000000000000000 ) ) ;
#860 = FILL_AREA_STYLE ('',( #250 ) ) ;
#861 = EDGE_CURVE ( 'NONE', #323, #512, #1087, .T. ) ;
#862 = CARTESIAN_POINT ( 'NONE',  ( -1.599999999999999900, 0.8902314078323401200, 0.3499999999999998100 ) ) ;
#863 = EDGE_CURVE ( 'NONE', #958, #803, #257, .T. ) ;
#864 = ORIENTED_EDGE ( 'NONE', *, *, #1446, .F. ) ;
#865 = DIRECTION ( 'NONE',  ( 0.0000000000000000000, -1.000000000000000000, 0.0000000000000000000 ) ) ;
#866 = VERTEX_POINT ( 'NONE', #818 ) ;
#867 = PRODUCT_DEFINITION ( 'UNKNOWN', '', #1118, #745 ) ;
#868 = PRESENTATION_STYLE_ASSIGNMENT (( #1272 ) ) ;
#869 = VECTOR ( 'NONE', #1413, 1000.000000000000000 ) ;
#870 = VECTOR ( 'NONE', #829, 1000.000000000000000 ) ;
#871 = DIRECTION ( 'NONE',  ( -0.0000000000000000000, -0.0000000000000000000, -1.000000000000000000 ) ) ;
#872 = ORIENTED_EDGE ( 'NONE', *, *, #784, .T. ) ;
#873 = ORIENTED_EDGE ( 'NONE', *, *, #814, .T. ) ;
#874 = CARTESIAN_POINT ( 'NONE',  ( 0.9499999999999997300, 0.1499999999999999900, -0.3499999999999998100 ) ) ;
#875 = ORIENTED_EDGE ( 'NONE', *, *, #1665, .T. ) ;
#876 = CARTESIAN_POINT ( 'NONE',  ( -0.9499999999999997300, 0.0000000000000000000, 0.3499999999999998100 ) ) ;
#877 = EDGE_CURVE ( 'NONE', #281, #378, #349, .T. ) ;
#878 = DIRECTION ( 'NONE',  ( 0.0000000000000000000, 1.000000000000000000, 0.0000000000000000000 ) ) ;
#879 = CARTESIAN_POINT ( 'NONE',  ( 1.749999999999999800, 0.9000000000000002400, -1.099999999999999900 ) ) ;
#880 = CARTESIAN_POINT ( 'NONE',  ( 1.599999999999999900, 0.1499999999999999900, -0.3499999999999998100 ) ) ;
#881 = EDGE_CURVE ( 'NONE', #1542, #584, #746, .T. ) ;
#882 = ORIENTED_EDGE ( 'NONE', *, *, #277, .T. ) ;
#883 = STYLED_ITEM ( 'NONE', ( #198 ), #269 ) ;
#884 = ORIENTED_EDGE ( 'NONE', *, *, #1081, .T. ) ;
#885 = LINE ( 'NONE', #1775, #1085 ) ;
#886 = FACE_OUTER_BOUND ( 'NONE', #942, .T. ) ;
#887 = VECTOR ( 'NONE', #1336, 1000.000000000000000 ) ;
#888 = DIRECTION ( 'NONE',  ( -0.0000000000000000000, -0.0000000000000000000, 1.000000000000000000 ) ) ;
#889 = VECTOR ( 'NONE', #36, 1000.000000000000000 ) ;
#890 = ORIENTED_EDGE ( 'NONE', *, *, #1470, .F. ) ;
#891 = VECTOR ( 'NONE', #83, 1000.000000000000000 ) ;
#892 = EDGE_CURVE ( 'NONE', #368, #1603, #608, .T. ) ;
#893 = CARTESIAN_POINT ( 'NONE',  ( 1.599999999999998800, 0.0000000000000000000, -1.099999999999999900 ) ) ;
#894 = ORIENTED_EDGE ( 'NONE', *, *, #429, .T. ) ;
#895 = ADVANCED_FACE ( 'NONE', ( #1754 ), #593, .T. ) ;
#896 = CARTESIAN_POINT ( 'NONE',  ( -0.9499999999999997300, 0.1499999999999999900, 0.3499999999999998100 ) ) ;
#897 = ORIENTED_EDGE ( 'NONE', *, *, #1455, .T. ) ;
#898 = AXIS2_PLACEMENT_3D ( 'NONE', #1631, #440, #299 ) ;
#899 = DIRECTION ( 'NONE',  ( 0.0000000000000000000, 1.000000000000000000, 0.0000000000000000000 ) ) ;
#900 = VERTEX_POINT ( 'NONE', #1185 ) ;
#901 = ORIENTED_EDGE ( 'NONE', *, *, #1915, .T. ) ;
#902 = DIRECTION ( 'NONE',  ( 0.0000000000000000000, -1.000000000000000000, 0.0000000000000000000 ) ) ;
#903 = VERTEX_POINT ( 'NONE', #291 ) ;
#904 = DIRECTION ( 'NONE',  ( 1.000000000000000000, 0.0000000000000000000, 0.0000000000000000000 ) ) ;
#905 = VECTOR ( 'NONE', #830, 1000.000000000000200 ) ;
#907 = CYLINDRICAL_SURFACE ( 'NONE', #621, 0.01000000000000002600 ) ;
#906 = AXIS2_PLACEMENT_3D ( 'NONE', #928, #618, #1232 ) ;
#908 = LINE ( 'NONE', #364, #889 ) ;
#909 = DIRECTION ( 'NONE',  ( -1.000000000000000000, -4.104479652980839300E-016, -7.164395883930099300E-018 ) ) ;
#910 = FACE_OUTER_BOUND ( 'NONE', #33, .T. ) ;
#911 = EDGE_CURVE ( 'NONE', #1019, #487, #524, .T. ) ;
#912 = ADVANCED_FACE ( 'NONE', ( #1439 ), #631, .T. ) ;
#913 = EDGE_CURVE ( 'NONE', #903, #316, #953, .T. ) ;
#914 = CARTESIAN_POINT ( 'NONE',  ( -1.599999999999999900, 0.1499999999999999900, -1.099999999999999900 ) ) ;
#915 = FILL_AREA_STYLE_COLOUR ( '', #1557 ) ;
#916 = PLANE ( 'NONE',  #926 ) ;
#917 = AXIS2_PLACEMENT_3D ( 'NONE', #537, #1574, #683 ) ;
#918 = CARTESIAN_POINT ( 'NONE',  ( -0.8750000000000000000, 0.05000000000000000300, -1.332544935071789700 ) ) ;
#919 = ADVANCED_FACE ( 'NONE', ( #1415, #225 ), #1173, .F. ) ;
#920 = STYLED_ITEM ( 'NONE', ( #1316 ), #669 ) ;
#921 = ORIENTED_EDGE ( 'NONE', *, *, #784, .F. ) ;
#922 = FACE_OUTER_BOUND ( 'NONE', #502, .T. ) ;
#923 = VECTOR ( 'NONE', #1038, 1000.000000000000000 ) ;
#924 = DIRECTION ( 'NONE',  ( 1.000000000000000000, 0.0000000000000000000, 0.0000000000000000000 ) ) ;
#925 = FACE_OUTER_BOUND ( 'NONE', #115, .T. ) ;
#926 = AXIS2_PLACEMENT_3D ( 'NONE', #315, #1503, #155 ) ;
#927 = VERTEX_POINT ( 'NONE', #1898 ) ;
#928 = CARTESIAN_POINT ( 'NONE',  ( 1.749999999999999800, 0.9000000000000002400, 0.3499999999999998100 ) ) ;
#929 = DIRECTION ( 'NONE',  ( -0.0000000000000000000, -0.0000000000000000000, -1.000000000000000000 ) ) ;
#930 = ORIENTED_EDGE ( 'NONE', *, *, #75, .T. ) ;
#931 = CARTESIAN_POINT ( 'NONE',  ( -0.9499999999999997300, 0.0000000000000000000, -0.3499999999999998100 ) ) ;
#932 = EDGE_LOOP ( 'NONE', ( #1625 ) ) ;
#933 = DIRECTION ( 'NONE',  ( -0.05232800705137224300, 0.9984778551437670800, 0.01742849579091518600 ) ) ;
#934 = EDGE_LOOP ( 'NONE', ( #17, #810, #1614, #255 ) ) ;
#935 = DIRECTION ( 'NONE',  ( 0.0000000000000000000, 0.0000000000000000000, -1.000000000000000000 ) ) ;
#936 = DIRECTION ( 'NONE',  ( 0.0000000000000000000, 0.0000000000000000000, -1.000000000000000000 ) ) ;
#937 = EDGE_CURVE ( 'NONE', #455, #1769, #195, .T. ) ;
#938 = DIRECTION ( 'NONE',  ( 0.7071067811865435800, 0.0000000000000000000, -0.7071067811865514600 ) ) ;
#939 = VERTEX_POINT ( 'NONE', #1476 ) ;
#940 = CARTESIAN_POINT ( 'NONE',  ( -1.599999999999999900, 0.9000000000000002400, 1.099999999999999900 ) ) ;
#941 = ORIENTED_EDGE ( 'NONE', *, *, #1249, .T. ) ;
#942 = EDGE_LOOP ( 'NONE', ( #897, #1414, #1170, #1782 ) ) ;
#943 = CARTESIAN_POINT ( 'NONE',  ( -0.9499999999999997300, 0.0000000000000000000, -0.3499999999999998100 ) ) ;
#944 = EDGE_CURVE ( 'NONE', #514, #1490, #1037, .T. ) ;
#945 = CARTESIAN_POINT ( 'NONE',  ( 1.592138833107544600, 0.9000000000000002400, -0.3499999999999998100 ) ) ;
#946 = DIRECTION ( 'NONE',  ( 0.0000000000000000000, 1.000000000000000000, 0.0000000000000000000 ) ) ;
#947 = LINE ( 'NONE', #289, #604 ) ;
#948 = EDGE_CURVE ( 'NONE', #1275, #1184, #885, .T. ) ;
#949 = ORIENTED_EDGE ( 'NONE', *, *, #1675, .F. ) ;
#950 = LINE ( 'NONE', #1145, #607 ) ;
#951 = EDGE_LOOP ( 'NONE', ( #1456, #114, #884, #1268 ) ) ;
#952 = CARTESIAN_POINT ( 'NONE',  ( -1.599999999999999900, 0.1499999999999999900, 1.099999999999999900 ) ) ;
#953 = CIRCLE ( 'NONE', #1005, 0.1499999999999999700 ) ;
#954 = CIRCLE ( 'NONE', #616, 0.1499999999999999700 ) ;
#955 = DIRECTION ( 'NONE',  ( 0.0000000000000000000, 0.0000000000000000000, 1.000000000000000000 ) ) ;
#956 = MANIFOLD_SOLID_BREP ( 'Mirror1', #1904 ) ;
#957 = PRODUCT_RELATED_PRODUCT_CATEGORY ( 'part', '', ( #760 ) ) ;
#958 = VERTEX_POINT ( 'NONE', #741 ) ;
#959 = PLANE ( 'NONE',  #264 ) ;
#960 = DIRECTION ( 'NONE',  ( -0.0000000000000000000, -0.0000000000000000000, -1.000000000000000000 ) ) ;
#961 = ADVANCED_FACE ( 'NONE', ( #1793 ), #296, .F. ) ;
#962 = CARTESIAN_POINT ( 'NONE',  ( -1.599999999999999900, 0.1499999999999999900, 0.3499999999999998100 ) ) ;
#963 = DIRECTION ( 'NONE',  ( 0.0000000000000000000, 0.0000000000000000000, 1.000000000000000000 ) ) ;
#964 = DIRECTION ( 'NONE',  ( 0.0000000000000000000, 1.000000000000000000, -0.0000000000000000000 ) ) ;
#965 = DIRECTION ( 'NONE',  ( 0.0000000000000000000, 0.0000000000000000000, -1.000000000000000000 ) ) ;
#966 = EDGE_CURVE ( 'NONE', #1603, #286, #1508, .T. ) ;
#967 = EDGE_LOOP ( 'NONE', ( #625, #1027, #1839, #1136, #1192, #596 ) ) ;
#968 = VECTOR ( 'NONE', #189, 1000.000000000000000 ) ;
#969 = ADVANCED_FACE ( 'NONE', ( #176 ), #916, .T. ) ;
#970 = ORIENTED_EDGE ( 'NONE', *, *, #1708, .F. ) ;
#971 = FACE_OUTER_BOUND ( 'NONE', #1251, .T. ) ;
#972 = DIRECTION ( 'NONE',  ( 1.000000000000000000, 0.0000000000000000000, 0.0000000000000000000 ) ) ;
#973 = ORIENTED_EDGE ( 'NONE', *, *, #1404, .F. ) ;
#974 = VECTOR ( 'NONE', #558, 1000.000000000000000 ) ;
#975 = EDGE_CURVE ( 'NONE', #194, #1511, #450, .T. ) ;
#976 = DIRECTION ( 'NONE',  ( -1.000000000000000000, -8.763439285121309600E-016, -1.529664017162263200E-017 ) ) ;
#977 = EDGE_LOOP ( 'NONE', ( #461, #1711, #826, #183, #1555, #941, #594, #5, #237 ) ) ;
#978 = AXIS2_PLACEMENT_3D ( 'NONE', #1849, #231, #221 ) ;
#979 = ORIENTED_EDGE ( 'NONE', *, *, #348, .F. ) ;
#980 = AXIS2_PLACEMENT_3D ( 'NONE', #1279, #554, #388 ) ;
#981 = DIRECTION ( 'NONE',  ( 0.0000000000000000000, -1.000000000000000000, 0.0000000000000000000 ) ) ;
#982 = ADVANCED_FACE ( 'NONE', ( #1213 ), #753, .F. ) ;
#983 = CARTESIAN_POINT ( 'NONE',  ( 1.599999999999999900, 1.050000000000000000, -0.3499999999999998100 ) ) ;
#984 = ORIENTED_EDGE ( 'NONE', *, *, #1865, .T. ) ;
#985 = EDGE_CURVE ( 'NONE', #368, #512, #1171, .T. ) ;
#986 = DIRECTION ( 'NONE',  ( 0.0000000000000000000, 0.0000000000000000000, 1.000000000000000000 ) ) ;
#987 = ORIENTED_EDGE ( 'NONE', *, *, #948, .T. ) ;
#988 = DIRECTION ( 'NONE',  ( -1.000000000000000000, 0.0000000000000000000, 0.0000000000000000000 ) ) ;
#989 = DIRECTION ( 'NONE',  ( -0.05233595624293745800, -0.9986295347545742800, 0.0000000000000000000 ) ) ;
#990 = ADVANCED_FACE ( 'NONE', ( #724 ), #310, .F. ) ;
#991 = LINE ( 'NONE', #1472, #452 ) ;
#992 = ORIENTED_EDGE ( 'NONE', *, *, #277, .F. ) ;
#993 = DIRECTION ( 'NONE',  ( 1.000000000000000000, 8.763439285121309600E-016, -1.529664017162263200E-017 ) ) ;
#994 = DIRECTION ( 'NONE',  ( -1.000000000000000000, -4.144222389731225300E-016, 0.0000000000000000000 ) ) ;
#995 = FACE_OUTER_BOUND ( 'NONE', #354, .T. ) ;
#996 = LINE ( 'NONE', #1582, #1042 ) ;
#997 = LINE ( 'NONE', #1431, #226 ) ;
#998 = CARTESIAN_POINT ( 'NONE',  ( 0.0000000000000000000, 1.000000000000000000, 0.0000000000000000000 ) ) ;
#999 = VECTOR ( 'NONE', #550, 1000.000000000000000 ) ;
#1000 = ORIENTED_EDGE ( 'NONE', *, *, #580, .T. ) ;
#1001 = DIRECTION ( 'NONE',  ( 1.000000000000000000, 4.320756190617854500E-016, 0.0000000000000000000 ) ) ;
#1002 =( NAMED_UNIT ( * ) SI_UNIT ( $, .STERADIAN. ) SOLID_ANGLE_UNIT ( ) );
#1003 = VERTEX_POINT ( 'NONE', #766 ) ;
#1004 = VERTEX_POINT ( 'NONE', #1803 ) ;
#1005 = AXIS2_PLACEMENT_3D ( 'NONE', #1783, #888, #1914 ) ;
#1006 = ORIENTED_EDGE ( 'NONE', *, *, #1104, .T. ) ;
#1007 = FILL_AREA_STYLE_COLOUR ( '', #496 ) ;
#1008 = EDGE_CURVE ( 'NONE', #1427, #736, #1561, .T. ) ;
#1009 = DIRECTION ( 'NONE',  ( 1.000000000000000000, 0.0000000000000000000, -0.0000000000000000000 ) ) ;
#1010 =( NAMED_UNIT ( * ) PLANE_ANGLE_UNIT ( ) SI_UNIT ( $, .RADIAN. ) );
#1011 = EDGE_CURVE ( 'NONE', #1908, #1896, #402, .T. ) ;
#1012 = CARTESIAN_POINT ( 'NONE',  ( -1.555453387609420500, 0.1999999999999999800, -1.335163194811021000 ) ) ;
#1013 = UNCERTAINTY_MEASURE_WITH_UNIT (LENGTH_MEASURE( 1.000000000000000100E-005 ), #1770, 'distance_accuracy_value', 'NONE');
#1014 = PRESENTATION_LAYER_ASSIGNMENT (  '', '', ( #883 ) ) ;
#1015 = LINE ( 'NONE', #307, #1389 ) ;
#1016 = CARTESIAN_POINT ( 'NONE',  ( -0.8750000000000000000, 0.05000000000000000300, 4.702610922848042400 ) ) ;
#1017 = ORIENTED_EDGE ( 'NONE', *, *, #717, .T. ) ;
#1018 = LINE ( 'NONE', #573, #1723 ) ;
#1019 = VERTEX_POINT ( 'NONE', #776 ) ;
#1020 =( NAMED_UNIT ( * ) SI_UNIT ( $, .STERADIAN. ) SOLID_ANGLE_UNIT ( ) );
#1021 = EDGE_CURVE ( 'NONE', #1493, #1496, #11, .T. ) ;
#1022 = FACE_OUTER_BOUND ( 'NONE', #460, .T. ) ;
#1023 = VECTOR ( 'NONE', #501, 1000.000000000000000 ) ;
#1024 = DIRECTION ( 'NONE',  ( 0.0000000000000000000, 0.0000000000000000000, 1.000000000000000000 ) ) ;
#1025 = ORIENTED_EDGE ( 'NONE', *, *, #587, .F. ) ;
#1026 = CARTESIAN_POINT ( 'NONE',  ( -1.594480028216024700, 0.9446726638775533300, -1.348161504509267400 ) ) ;
#1027 = ORIENTED_EDGE ( 'NONE', *, *, #1404, .T. ) ;
#1028 = EDGE_LOOP ( 'NONE', ( #467, #1685, #288, #1182, #586, #552, #445, #1254, #651 ) ) ;
#1029 = CARTESIAN_POINT ( 'NONE',  ( 1.599999999999999900, 0.1499999999999999900, -0.3499999999999998100 ) ) ;
#1030 = AXIS2_PLACEMENT_3D ( 'NONE', #15, #163, #1060 ) ;
#1031 = DIRECTION ( 'NONE',  ( 0.0000000000000000000, 0.0000000000000000000, 1.000000000000000000 ) ) ;
#1032 = DIRECTION ( 'NONE',  ( 1.445382724324245700E-015, -0.9998476951563912700, -0.01745240643727680500 ) ) ;
#1033 = ORIENTED_EDGE ( 'NONE', *, *, #1777, .F. ) ;
#1034 = FILL_AREA_STYLE ('',( #1007 ) ) ;
#1035 = AXIS2_PLACEMENT_3D ( 'NONE', #755, #1494, #767 ) ;
#1036 = ORIENTED_EDGE ( 'NONE', *, *, #1615, .T. ) ;
#1037 = CIRCLE ( 'NONE', #1903, 0.1499999999999999700 ) ;
#1038 = DIRECTION ( 'NONE',  ( 0.0000000000000000000, -1.000000000000000000, 0.0000000000000000000 ) ) ;
#1039 = VECTOR ( 'NONE', #1495, 1000.000000000000000 ) ;
#1040 = EDGE_CURVE ( 'NONE', #1744, #1469, #432, .T. ) ;
#1041 = ADVANCED_FACE ( 'NONE', ( #302, #1854 ), #713, .T. ) ;
#1042 = VECTOR ( 'NONE', #827, 1000.000000000000000 ) ;
#1043 = DIRECTION ( 'NONE',  ( 1.000000000000000000, 0.0000000000000000000, 0.0000000000000000000 ) ) ;
#1044 = LINE ( 'NONE', #639, #748 ) ;
#1045 = VERTEX_POINT ( 'NONE', #1616 ) ;
#1046 = VERTEX_POINT ( 'NONE', #1492 ) ;
#1047 = VECTOR ( 'NONE', #1146, 1000.000000000000200 ) ;
#1048 = EDGE_CURVE ( 'NONE', #1896, #1370, #1067, .T. ) ;
#1049 = EDGE_LOOP ( 'NONE', ( #1340, #719, #319, #168 ) ) ;
#1050 = ORIENTED_EDGE ( 'NONE', *, *, #1071, .F. ) ;
#1051 = CARTESIAN_POINT ( 'NONE',  ( 1.749999999999999800, 0.9000000000000002400, 1.099999999999999900 ) ) ;
#1052 = ORIENTED_EDGE ( 'NONE', *, *, #499, .F. ) ;
#1053 = EDGE_CURVE ( 'NONE', #311, #1713, #1462, .T. ) ;
#1054 = DIRECTION ( 'NONE',  ( 0.0000000000000000000, -0.0000000000000000000, -1.000000000000000000 ) ) ;
#1055 = VERTEX_POINT ( 'NONE', #862 ) ;
#1056 = ADVANCED_FACE ( 'NONE', ( #743 ), #674, .T. ) ;
#1057 = CARTESIAN_POINT ( 'NONE',  ( -1.599999999999998800, 0.0000000000000000000, -0.3499999999999998100 ) ) ;
#1058 = DIRECTION ( 'NONE',  ( -1.000000000000000000, 0.0000000000000000000, 0.0000000000000000000 ) ) ;
#1059 = DIRECTION ( 'NONE',  ( 0.0000000000000000000, 1.000000000000000000, 0.0000000000000000000 ) ) ;
#1060 = DIRECTION ( 'NONE',  ( 0.0000000000000000000, -0.0000000000000000000, 1.000000000000000000 ) ) ;
#1061 = LINE ( 'NONE', #1686, #670 ) ;
#1062 = LINE ( 'NONE', #1577, #1559 ) ;
#1063 = EDGE_LOOP ( 'NONE', ( #464, #1379, #1502, #1691 ) ) ;
#1064 = CARTESIAN_POINT ( 'NONE',  ( -1.599999999999999900, 1.399999999999999900, -1.350000000000000100 ) ) ;
#1065 = PLANE ( 'NONE',  #196 ) ;
#1066 = ORIENTED_EDGE ( 'NONE', *, *, #1230, .T. ) ;
#1068 = STYLED_ITEM ( 'NONE', ( #628 ), #956 ) ;
#1067 = LINE ( 'NONE', #1602, #1366 ) ;
#1069 = CARTESIAN_POINT ( 'NONE',  ( 1.599999999999999900, 0.8902314078323401200, 0.3499999999999998100 ) ) ;
#1070 = VECTOR ( 'NONE', #247, 1000.000000000000000 ) ;
#1071 = EDGE_CURVE ( 'NONE', #1226, #1407, #76, .T. ) ;
#1072 = FACE_OUTER_BOUND ( 'NONE', #1451, .T. ) ;
#1073 = ORIENTED_EDGE ( 'NONE', *, *, #1926, .F. ) ;
#1074 = DIRECTION ( 'NONE',  ( -0.05233595624293745100, 0.9986295347545742800, 0.0000000000000000000 ) ) ;
#1075 = ORIENTED_EDGE ( 'NONE', *, *, #110, .F. ) ;
#1076 = DIRECTION ( 'NONE',  ( 0.0000000000000000000, -0.9998476951563912700, 0.01745240643727680500 ) ) ;
#1077 = CARTESIAN_POINT ( 'NONE',  ( 1.749999999999999800, 0.9000000000000002400, -0.3499999999999998100 ) ) ;
#1078 = ORIENTED_EDGE ( 'NONE', *, *, #892, .T. ) ;
#1079 = CARTESIAN_POINT ( 'NONE',  ( -1.749999999999999800, 0.9000000000000002400, 0.3499999999999998100 ) ) ;
#1080 = DIRECTION ( 'NONE',  ( 0.0000000000000000000, 1.000000000000000000, 0.0000000000000000000 ) ) ;
#1081 = EDGE_CURVE ( 'NONE', #1274, #1019, #1411, .T. ) ;
#1082 = CARTESIAN_POINT ( 'NONE',  ( 0.9499999999999997300, 0.0000000000000000000, 0.3499999999999998100 ) ) ;
#1083 = FACE_OUTER_BOUND ( 'NONE', #1771, .T. ) ;
#1084 = DIRECTION ( 'NONE',  ( -0.0000000000000000000, -0.0000000000000000000, 1.000000000000000000 ) ) ;
#1085 = VECTOR ( 'NONE', #1032, 1000.000000000000200 ) ;
#1086 = FACE_OUTER_BOUND ( 'NONE', #951, .T. ) ;
#1087 = LINE ( 'NONE', #1117, #1537 ) ;
#1088 = CARTESIAN_POINT ( 'NONE',  ( -0.9499999999999997300, 0.0000000000000000000, -1.099999999999999900 ) ) ;
#1089 = CIRCLE ( 'NONE', #424, 0.6213421765283387900 ) ;
#1090 = AXIS2_PLACEMENT_3D ( 'NONE', #1351, #146, #1058 ) ;
#1091 = LINE ( 'NONE', #1321, #1757 ) ;
#1092 = LINE ( 'NONE', #94, #331 ) ;
#1093 = DIRECTION ( 'NONE',  ( 0.0000000000000000000, 0.0000000000000000000, -1.000000000000000000 ) ) ;
#1094 = VERTEX_POINT ( 'NONE', #853 ) ;
#1095 = CARTESIAN_POINT ( 'NONE',  ( -1.599999999999999900, 0.8902314078323401200, -0.3499999999999998100 ) ) ;
#1096 = ORIENTED_EDGE ( 'NONE', *, *, #528, .F. ) ;
#1097 = ORIENTED_EDGE ( 'NONE', *, *, #1144, .F. ) ;
#1098 = DIRECTION ( 'NONE',  ( 0.0000000000000000000, 0.0000000000000000000, 1.000000000000000000 ) ) ;
#1099 = PLANE ( 'NONE',  #1187 ) ;
#1100 = DIRECTION ( 'NONE',  ( 0.05233595624293745100, 0.9986295347545742800, 0.0000000000000000000 ) ) ;
#1101 = DIRECTION ( 'NONE',  ( 0.0000000000000000000, -0.0000000000000000000, -1.000000000000000000 ) ) ;
#1102 = CARTESIAN_POINT ( 'NONE',  ( -1.599999999999999900, 0.9000000000000002400, 0.3499999999999998100 ) ) ;
#1103 = ORIENTED_EDGE ( 'NONE', *, *, #861, .F. ) ;
#1104 = EDGE_CURVE ( 'NONE', #78, #1094, #1811, .T. ) ;
#1105 = DIRECTION ( 'NONE',  ( 0.0000000000000000000, 0.0000000000000000000, 1.000000000000000000 ) ) ;
#1106 = PLANE ( 'NONE',  #343 ) ;
#1107 = ADVANCED_FACE ( 'NONE', ( #1879 ), #1319, .F. ) ;
#1108 = EDGE_CURVE ( 'NONE', #1320, #807, #1018, .T. ) ;
#1109 = EDGE_LOOP ( 'NONE', ( #1262, #890, #1733, #1223 ) ) ;
#1110 = FACE_OUTER_BOUND ( 'NONE', #1296, .T. ) ;
#1111 = CARTESIAN_POINT ( 'NONE',  ( -1.599999999999999900, 1.050000000000000000, 4.702610922848042400 ) ) ;
#1112 = COLOUR_RGB ( '',0.7921568627450980000, 0.8196078431372548800, 0.9333333333333333500 ) ;
#1113 = CYLINDRICAL_SURFACE ( 'NONE', #435, 0.1499999999999999700 ) ;
#1114 = AXIS2_PLACEMENT_3D ( 'NONE', #1282, #1140, #376 ) ;
#1115 = LINE ( 'NONE', #423, #821 ) ;
#1116 = ORIENTED_EDGE ( 'NONE', *, *, #1181, .T. ) ;
#1117 = CARTESIAN_POINT ( 'NONE',  ( 1.599999999999999900, 1.050000000000000000, 1.350000000000000100 ) ) ;
#1118 = PRODUCT_DEFINITION_FORMATION_WITH_SPECIFIED_SOURCE ( 'ANY', '', #760, .NOT_KNOWN. ) ;
#1119 = DIRECTION ( 'NONE',  ( 0.0000000000000000000, 0.0000000000000000000, 1.000000000000000000 ) ) ;
#1120 = PLANE ( 'NONE',  #978 ) ;
#1121 = ADVANCED_FACE ( 'NONE', ( #971 ), #1166, .F. ) ;
#1122 = DIRECTION ( 'NONE',  ( -0.9986295347545742800, 0.05233595624293615300, 0.0000000000000000000 ) ) ;
#1123 = CARTESIAN_POINT ( 'NONE',  ( -1.592138833107544600, 0.9000000000000002400, 1.099999999999999900 ) ) ;
#1124 = ORIENTED_EDGE ( 'NONE', *, *, #200, .T. ) ;
#1125 = EDGE_CURVE ( 'NONE', #372, #508, #699, .T. ) ;
#1126 = ORIENTED_EDGE ( 'NONE', *, *, #1081, .F. ) ;
#1127 = DIRECTION ( 'NONE',  ( -1.000000000000000000, 0.0000000000000000000, 0.0000000000000000000 ) ) ;
#1128 = CARTESIAN_POINT ( 'NONE',  ( 1.599999999999999900, 0.1499999999999999900, 0.3499999999999998100 ) ) ;
#1129 = FILL_AREA_STYLE ('',( #693 ) ) ;
#1130 = CARTESIAN_POINT ( 'NONE',  ( -0.8149999999999998400, 1.399999999999999900, -1.350000000000000100 ) ) ;
#1131 = ADVANCED_FACE ( 'NONE', ( #922 ), #845, .F. ) ;
#1132 = AXIS2_PLACEMENT_3D ( 'NONE', #1528, #1676, #1825 ) ;
#1133 = DIRECTION ( 'NONE',  ( 0.0000000000000000000, 0.0000000000000000000, 1.000000000000000000 ) ) ;
#1134 = CARTESIAN_POINT ( 'NONE',  ( 1.599999999999999000, 1.050000000000001400, 4.702610922848042400 ) ) ;
#1135 = CIRCLE ( 'NONE', #392, 0.01000000000000002600 ) ;
#1136 = ORIENTED_EDGE ( 'NONE', *, *, #172, .T. ) ;
#1137 = LINE ( 'NONE', #96, #1479 ) ;
#1138 = VECTOR ( 'NONE', #909, 1000.000000000000000 ) ;
#1139 = ORIENTED_EDGE ( 'NONE', *, *, #1714, .F. ) ;
#1140 = DIRECTION ( 'NONE',  ( -0.0000000000000000000, -0.0000000000000000000, 1.000000000000000000 ) ) ;
#1141 = FACE_OUTER_BOUND ( 'NONE', #457, .T. ) ;
#1142 = CARTESIAN_POINT ( 'NONE',  ( 1.599999999999999900, 0.8902314078323401200, -0.3499999999999998100 ) ) ;
#1143 = LINE ( 'NONE', #1244, #1935 ) ;
#1144 = EDGE_CURVE ( 'NONE', #1370, #1589, #1330, .T. ) ;
#1145 = CARTESIAN_POINT ( 'NONE',  ( -0.9499999999999997300, 0.1499999999999999900, 1.099999999999999900 ) ) ;
#1146 = DIRECTION ( 'NONE',  ( 0.0000000000000000000, -0.9998476951563912700, 0.01745240643727680500 ) ) ;
#1147 = CARTESIAN_POINT ( 'NONE',  ( -1.599999999999999900, 0.8902314078323401200, -1.099999999999999900 ) ) ;
#1148 = VECTOR ( 'NONE', #380, 1000.000000000000000 ) ;
#1149 = ORIENTED_EDGE ( 'NONE', *, *, #314, .F. ) ;
#1150 = CARTESIAN_POINT ( 'NONE',  ( 1.599999999999999900, 1.050000000000000000, -1.350000000000000100 ) ) ;
#1151 = DIRECTION ( 'NONE',  ( 0.0000000000000000000, 0.0000000000000000000, -1.000000000000000000 ) ) ;
#1152 = ORIENTED_EDGE ( 'NONE', *, *, #488, .F. ) ;
#1153 = EDGE_CURVE ( 'NONE', #1511, #1655, #1137, .T. ) ;
#1154 = DIRECTION ( 'NONE',  ( -1.000000000000000000, 0.0000000000000000000, 0.0000000000000000000 ) ) ;
#1155 = CARTESIAN_POINT ( 'NONE',  ( 0.8750000000000000000, 0.05000000000000071700, -1.332544935071789500 ) ) ;
#1156 = DIRECTION ( 'NONE',  ( -0.0000000000000000000, -0.0000000000000000000, -1.000000000000000000 ) ) ;
#1157 = DIRECTION ( 'NONE',  ( -1.000000000000000000, 0.0000000000000000000, 0.0000000000000000000 ) ) ;
#1158 = EDGE_CURVE ( 'NONE', #1334, #1334, #127, .T. ) ;
#1159 = EDGE_LOOP ( 'NONE', ( #1916, #1784, #137, #710 ) ) ;
#1160 = DIRECTION ( 'NONE',  ( 0.0000000000000000000, 0.0000000000000000000, 1.000000000000000000 ) ) ;
#1161 = EDGE_CURVE ( 'NONE', #311, #1055, #545, .T. ) ;
#1162 = FILL_AREA_STYLE ('',( #1324 ) ) ;
#1163 = DIRECTION ( 'NONE',  ( 0.0000000000000000000, 1.000000000000000000, 0.0000000000000000000 ) ) ;
#1164 = EDGE_LOOP ( 'NONE', ( #781, #241, #542 ) ) ;
#1165 = ORIENTED_EDGE ( 'NONE', *, *, #207, .F. ) ;
#1166 = PLANE ( 'NONE',  #1465 ) ;
#1167 = MANIFOLD_SOLID_BREP ( 'Fillet1', #1800 ) ;
#1168 = CARTESIAN_POINT ( 'NONE',  ( 0.5863494659171506500, 0.06428571428571501500, 0.0000000000000000000 ) ) ;
#1169 = FACE_OUTER_BOUND ( 'NONE', #304, .T. ) ;
#1170 = ORIENTED_EDGE ( 'NONE', *, *, #1322, .F. ) ;
#1171 = LINE ( 'NONE', #620, #775 ) ;
#1172 = CIRCLE ( 'NONE', #812, 0.1499999999999999700 ) ;
#1173 = PLANE ( 'NONE',  #275 ) ;
#1174 = CIRCLE ( 'NONE', #1, 0.1499999999999999700 ) ;
#1175 = EDGE_LOOP ( 'NONE', ( #186, #637, #661, #1890 ) ) ;
#1176 =( NAMED_UNIT ( * ) SI_UNIT ( $, .STERADIAN. ) SOLID_ANGLE_UNIT ( ) );
#1177 = CLOSED_SHELL ( 'NONE', ( #1202, #1056, #71, #539, #1440, #480, #961, #692, #857, #530, #761 ) ) ;
#1178 = MECHANICAL_DESIGN_GEOMETRIC_PRESENTATION_REPRESENTATION (  '', ( #1068 ), #407 ) ;
#1179 = ORIENTED_EDGE ( 'NONE', *, *, #595, .F. ) ;
#1180 = CARTESIAN_POINT ( 'NONE',  ( -0.9499999999999997300, 0.1499999999999999900, -0.3499999999999998100 ) ) ;
#1181 = EDGE_CURVE ( 'NONE', #281, #1423, #1352, .T. ) ;
#1182 = ORIENTED_EDGE ( 'NONE', *, *, #913, .T. ) ;
#1183 = DIRECTION ( 'NONE',  ( 0.0000000000000000000, -1.000000000000000000, -0.0000000000000000000 ) ) ;
#1184 = VERTEX_POINT ( 'NONE', #801 ) ;
#1185 = CARTESIAN_POINT ( 'NONE',  ( 1.592138833107544600, 0.9000000000000002400, 0.3499999999999998100 ) ) ;
#1186 = AXIS2_PLACEMENT_3D ( 'NONE', #962, #1857, #681 ) ;
#1188 = LINE ( 'NONE', #138, #546 ) ;
#1187 = AXIS2_PLACEMENT_3D ( 'NONE', #797, #60, #656 ) ;
#1189 = ORIENTED_EDGE ( 'NONE', *, *, #1759, .T. ) ;
#1190 = VECTOR ( 'NONE', #1907, 1000.000000000000000 ) ;
#1191 = VECTOR ( 'NONE', #486, 1000.000000000000000 ) ;
#1192 = ORIENTED_EDGE ( 'NONE', *, *, #1104, .F. ) ;
#1193 = EDGE_CURVE ( 'NONE', #939, #1908, #1283, .T. ) ;
#1194 = VECTOR ( 'NONE', #1598, 1000.000000000000000 ) ;
#1195 = CIRCLE ( 'NONE', #1325, 0.1499999999999999700 ) ;
#1196 = PLANE ( 'NONE',  #898 ) ;
#1197 = ORIENTED_EDGE ( 'NONE', *, *, #58, .F. ) ;
#1198 = LINE ( 'NONE', #1703, #436 ) ;
#1199 = DIRECTION ( 'NONE',  ( 0.0000000000000000000, 0.0000000000000000000, -1.000000000000000000 ) ) ;
#1200 = ORIENTED_EDGE ( 'NONE', *, *, #463, .T. ) ;
#1201 = ORIENTED_EDGE ( 'NONE', *, *, #1452, .T. ) ;
#1202 = ADVANCED_FACE ( 'NONE', ( #1234 ), #624, .F. ) ;
#1203 = MECHANICAL_DESIGN_GEOMETRIC_PRESENTATION_REPRESENTATION (  '', ( #1663 ), #780 ) ;
#1204 = MANIFOLD_SOLID_BREP ( 'Mirror2[2]', #1422 ) ;
#1205 = CARTESIAN_POINT ( 'NONE',  ( 1.599999999999999900, 0.1499999999999999900, -0.3499999999999998100 ) ) ;
#1206 = DIRECTION ( 'NONE',  ( 1.000000000000000000, 0.0000000000000000000, 0.0000000000000000000 ) ) ;
#1207 = ORIENTED_EDGE ( 'NONE', *, *, #1373, .T. ) ;
#1208 = DIRECTION ( 'NONE',  ( -0.0000000000000000000, -0.0000000000000000000, 1.000000000000000000 ) ) ;
#1209 = ORIENTED_EDGE ( 'NONE', *, *, #1841, .T. ) ;
#1210 = FACE_OUTER_BOUND ( 'NONE', #1063, .T. ) ;
#1211 = CARTESIAN_POINT ( 'NONE',  ( -1.599999999999998800, 0.0000000000000000000, 0.3499999999999998100 ) ) ;
#1212 = AXIS2_PLACEMENT_3D ( 'NONE', #1731, #1871, #82 ) ;
#1213 = FACE_OUTER_BOUND ( 'NONE', #934, .T. ) ;
#1214 = CARTESIAN_POINT ( 'NONE',  ( -0.9499999999999997300, 0.1499999999999999900, -0.3499999999999998100 ) ) ;
#1215 = LINE ( 'NONE', #702, #12 ) ;
#1216 = DIRECTION ( 'NONE',  ( 0.0000000000000000000, 1.000000000000000000, 0.0000000000000000000 ) ) ;
#1217 = VECTOR ( 'NONE', #533, 1000.000000000000000 ) ;
#1218 = EDGE_CURVE ( 'NONE', #1423, #253, #816, .T. ) ;
#1219 = ORIENTED_EDGE ( 'NONE', *, *, #522, .F. ) ;
#1220 = CARTESIAN_POINT ( 'NONE',  ( -0.8750000000000000000, 0.1999999999999999800, 1.335163194811020300 ) ) ;
#1221 = ORIENTED_EDGE ( 'NONE', *, *, #1161, .T. ) ;
#1222 = DIRECTION ( 'NONE',  ( 0.0000000000000000000, -1.000000000000000000, 0.0000000000000000000 ) ) ;
#1223 = ORIENTED_EDGE ( 'NONE', *, *, #1108, .T. ) ;
#1224 = AXIS2_PLACEMENT_3D ( 'NONE', #261, #1756, #516 ) ;
#1225 = CARTESIAN_POINT ( 'NONE',  ( -0.9499999999999997300, 0.0000000000000000000, -1.099999999999999900 ) ) ;
#1226 = VERTEX_POINT ( 'NONE', #37 ) ;
#1227 = DIRECTION ( 'NONE',  ( -0.0000000000000000000, 0.0000000000000000000, -1.000000000000000000 ) ) ;
#1228 = DIRECTION ( 'NONE',  ( 0.0000000000000000000, 0.0000000000000000000, 1.000000000000000000 ) ) ;
#1229 = ORIENTED_EDGE ( 'NONE', *, *, #881, .T. ) ;
#1230 = EDGE_CURVE ( 'NONE', #263, #1744, #1388, .T. ) ;
#1231 = CARTESIAN_POINT ( 'NONE',  ( -1.603057575967242100, 1.108342024964070100, 1.351018363833790700 ) ) ;
#1232 = DIRECTION ( 'NONE',  ( 0.0000000000000000000, 0.0000000000000000000, 1.000000000000000000 ) ) ;
#1233 = ORIENTED_EDGE ( 'NONE', *, *, #549, .F. ) ;
#1234 = FACE_OUTER_BOUND ( 'NONE', #1175, .T. ) ;
#1236 = VECTOR ( 'NONE', #113, 1000.000000000000000 ) ;
#1235 = AXIS2_PLACEMENT_3D ( 'NONE', #518, #946, #658 ) ;
#1237 = CIRCLE ( 'NONE', #44, 0.01000000000000002600 ) ;
#1238 = DIRECTION ( 'NONE',  ( 0.0000000000000000000, 0.01745240643727680900, -0.9998476951563913800 ) ) ;
#1239 = VECTOR ( 'NONE', #119, 1000.000000000000000 ) ;
#1240 = CARTESIAN_POINT ( 'NONE',  ( -1.599999999999999900, 1.399999999999999900, -0.5649999999999914000 ) ) ;
#1241 = FACE_OUTER_BOUND ( 'NONE', #1939, .T. ) ;
#1242 = VERTEX_POINT ( 'NONE', #167 ) ;
#1243 = VECTOR ( 'NONE', #249, 1000.000000000000000 ) ;
#1244 = CARTESIAN_POINT ( 'NONE',  ( 1.599999999999999900, 0.1499999999999999900, -0.3499999999999998100 ) ) ;
#1245 = ORIENTED_EDGE ( 'NONE', *, *, #1810, .T. ) ;
#1246 = ORIENTED_EDGE ( 'NONE', *, *, #483, .T. ) ;
#1247 = CARTESIAN_POINT ( 'NONE',  ( 1.592138833107544600, 0.9000000000000002400, 0.3499999999999998100 ) ) ;
#1248 = DIRECTION ( 'NONE',  ( 0.7071067811865515700, 0.0000000000000000000, 0.7071067811865435800 ) ) ;
#1249 = EDGE_CURVE ( 'NONE', #1491, #1779, #150, .T. ) ;
#1250 = FILL_AREA_STYLE ('',( #915 ) ) ;
#1251 = EDGE_LOOP ( 'NONE', ( #1592, #89, #295, #244, #466, #473, #382, #930, #366 ) ) ;
#1252 = EDGE_CURVE ( 'NONE', #1303, #1274, #1624, .T. ) ;
#1253 = DIRECTION ( 'NONE',  ( 4.104479652980838800E-016, -1.000000000000000000, 0.0000000000000000000 ) ) ;
#1254 = ORIENTED_EDGE ( 'NONE', *, *, #1926, .T. ) ;
#1255 = EDGE_CURVE ( 'NONE', #1396, #266, #1905, .T. ) ;
#1256 = PLANE ( 'NONE',  #1618 ) ;
#1257 = EDGE_CURVE ( 'NONE', #655, #903, #492, .T. ) ;
#1258 = CARTESIAN_POINT ( 'NONE',  ( -1.599999999999999900, 0.8902314078323401200, 0.3499999999999998100 ) ) ;
#1259 = ORIENTED_EDGE ( 'NONE', *, *, #397, .F. ) ;
#1260 = DIRECTION ( 'NONE',  ( 0.0000000000000000000, 0.0000000000000000000, -1.000000000000000000 ) ) ;
#1261 = COLOUR_RGB ( '',0.7921568627450980000, 0.8196078431372548800, 0.9333333333333333500 ) ;
#1262 = ORIENTED_EDGE ( 'NONE', *, *, #595, .T. ) ;
#1263 = VECTOR ( 'NONE', #1216, 1000.000000000000000 ) ;
#1264 = FACE_OUTER_BOUND ( 'NONE', #1164, .T. ) ;
#1265 = LINE ( 'NONE', #1123, #1654 ) ;
#1266 = DIRECTION ( 'NONE',  ( -1.000000000000000000, 0.0000000000000000000, 0.0000000000000000000 ) ) ;
#1267 = CARTESIAN_POINT ( 'NONE',  ( 1.599999999999999900, 1.050000000000000000, -1.099999999999999900 ) ) ;
#1268 = ORIENTED_EDGE ( 'NONE', *, *, #448, .T. ) ;
#1269 = CARTESIAN_POINT ( 'NONE',  ( 1.599999999999999900, 1.050000000000000000, 1.099999999999999900 ) ) ;
#1270 = DIRECTION ( 'NONE',  ( -1.000000000000000000, 0.0000000000000000000, 0.0000000000000000000 ) ) ;
#1271 = CARTESIAN_POINT ( 'NONE',  ( 1.592138833107544600, 0.9000000000000002400, -1.099999999999999900 ) ) ;
#1272 = SURFACE_STYLE_USAGE ( .BOTH. , #1730 ) ;
#1273 = CARTESIAN_POINT ( 'NONE',  ( -0.9499999999999997300, 0.1499999999999999900, 0.3499999999999998100 ) ) ;
#1274 = VERTEX_POINT ( 'NONE', #638 ) ;
#1275 = VERTEX_POINT ( 'NONE', #328 ) ;
#1276 = SURFACE_SIDE_STYLE ('',( #1719 ) ) ;
#1277 = DIRECTION ( 'NONE',  ( 0.0000000000000000000, -0.0000000000000000000, 1.000000000000000000 ) ) ;
#1278 = EDGE_CURVE ( 'NONE', #635, #1094, #74, .T. ) ;
#1279 = CARTESIAN_POINT ( 'NONE',  ( 1.599999999999999900, 0.9000000000000002400, 0.3499999999999998100 ) ) ;
#1280 = CARTESIAN_POINT ( 'NONE',  ( -0.8750000000000000000, 0.05000000000000000300, 4.702610922848042400 ) ) ;
#1281 = ORIENTED_EDGE ( 'NONE', *, *, #1257, .F. ) ;
#1282 = CARTESIAN_POINT ( 'NONE',  ( -1.589999999999999900, 0.8902314078323401200, 1.099999999999999900 ) ) ;
#1283 = LINE ( 'NONE', #495, #430 ) ;
#1284 = ADVANCED_FACE ( 'NONE', ( #1210 ), #1545, .T. ) ;
#1285 = EDGE_CURVE ( 'NONE', #194, #903, #1605, .T. ) ;
#1286 =( NAMED_UNIT ( * ) PLANE_ANGLE_UNIT ( ) SI_UNIT ( $, .RADIAN. ) );
#1287 = CARTESIAN_POINT ( 'NONE',  ( 1.589999999999999900, 0.8902314078323401200, -1.099999999999999900 ) ) ;
#1288 = CIRCLE ( 'NONE', #1387, 0.5863494659171506500 ) ;
#1290 = VECTOR ( 'NONE', #1874, 1000.000000000000000 ) ;
#1289 = AXIS2_PLACEMENT_3D ( 'NONE', #835, #1566, #1105 ) ;
#1291 = LINE ( 'NONE', #1824, #654 ) ;
#1292 = ORIENTED_EDGE ( 'NONE', *, *, #1021, .T. ) ;
#1293 = LINE ( 'NONE', #1600, #1047 ) ;
#1294 = ORIENTED_EDGE ( 'NONE', *, *, #1687, .T. ) ;
#1295 = EDGE_LOOP ( 'NONE', ( #1886, #97, #1899, #48 ) ) ;
#1296 = EDGE_LOOP ( 'NONE', ( #1292, #1305, #1329, #716 ) ) ;
#1297 = EDGE_CURVE ( 'NONE', #395, #1542, #770, .T. ) ;
#1298 = ADVANCED_FACE ( 'NONE', ( #325 ), #365, .T. ) ;
#1299 = DIRECTION ( 'NONE',  ( 1.000000000000000000, 0.0000000000000000000, 0.0000000000000000000 ) ) ;
#1300 = CARTESIAN_POINT ( 'NONE',  ( 1.555453387609420500, 0.2000000000000012900, -1.335163194811021000 ) ) ;
#1301 = CARTESIAN_POINT ( 'NONE',  ( 0.9499999999999997300, 0.1499999999999999900, 0.3499999999999998100 ) ) ;
#1302 = DIRECTION ( 'NONE',  ( -1.000000000000000000, 0.0000000000000000000, 0.0000000000000000000 ) ) ;
#1303 = VERTEX_POINT ( 'NONE', #14 ) ;
#1304 = ORIENTED_EDGE ( 'NONE', *, *, #1048, .F. ) ;
#1305 = ORIENTED_EDGE ( 'NONE', *, *, #321, .F. ) ;
#1306 = DIRECTION ( 'NONE',  ( -0.0000000000000000000, -0.0000000000000000000, 1.000000000000000000 ) ) ;
#1307 = CARTESIAN_POINT ( 'NONE',  ( 1.599999999999999000, 1.050000000000001400, -1.350000000000000100 ) ) ;
#1308 = CARTESIAN_POINT ( 'NONE',  ( 1.555453387609420500, 0.2000000000000012900, 4.702610922848042400 ) ) ;
#1309 = EDGE_LOOP ( 'NONE', ( #414, #1826, #1201, #19 ) ) ;
#1310 = TOROIDAL_SURFACE ( 'NONE', #324, 0.3763932022500210400, 0.2999999999999999900 ) ;
#1311 = DIRECTION ( 'NONE',  ( 0.0000000000000000000, 1.000000000000000000, 0.0000000000000000000 ) ) ;
#1312 = LINE ( 'NONE', #1225, #869 ) ;
#1313 = APPLICATION_PROTOCOL_DEFINITION ( 'draft international standard', 'automotive_design', 1998, #1755 ) ;
#1314 = DIRECTION ( 'NONE',  ( 0.0000000000000000000, 0.0000000000000000000, 1.000000000000000000 ) ) ;
#1315 = CARTESIAN_POINT ( 'NONE',  ( 1.599999999999999900, 0.9000000000000002400, -1.099999999999999900 ) ) ;
#1316 = PRESENTATION_STYLE_ASSIGNMENT (( #1463 ) ) ;
#1317 = VECTOR ( 'NONE', #859, 1000.000000000000000 ) ;
#1318 = ORIENTED_EDGE ( 'NONE', *, *, #240, .F. ) ;
#1319 = PLANE ( 'NONE',  #636 ) ;
#1320 = VERTEX_POINT ( 'NONE', #1835 ) ;
#1321 = CARTESIAN_POINT ( 'NONE',  ( 1.599999999999999900, 1.050000000000000000, 1.350000000000000100 ) ) ;
#1322 = EDGE_CURVE ( 'NONE', #1490, #1491, #1061, .T. ) ;
#1323 = DIRECTION ( 'NONE',  ( 0.05232800705137224300, -0.9984778551437670800, 0.01742849579091518600 ) ) ;
#1324 = FILL_AREA_STYLE_COLOUR ( '', #802 ) ;
#1325 = AXIS2_PLACEMENT_3D ( 'NONE', #940, #485, #40 ) ;
#1326 = CARTESIAN_POINT ( 'NONE',  ( 0.9499999999999997300, 0.0000000000000000000, -0.3499999999999998100 ) ) ;
#1327 = LINE ( 'NONE', #1095, #1409 ) ;
#1328 = EDGE_CURVE ( 'NONE', #1701, #1736, #9, .T. ) ;
#1329 = ORIENTED_EDGE ( 'NONE', *, *, #1249, .F. ) ;
#1330 = LINE ( 'NONE', #1752, #1236 ) ;
#1331 = CYLINDRICAL_SURFACE ( 'NONE', #1529, 0.1499999999999999700 ) ;
#1332 = VECTOR ( 'NONE', #603, 1000.000000000000000 ) ;
#1333 = FACE_OUTER_BOUND ( 'NONE', #1546, .T. ) ;
#1334 = VERTEX_POINT ( 'NONE', #1911 ) ;
#1335 = ORIENTED_EDGE ( 'NONE', *, *, #105, .F. ) ;
#1336 = DIRECTION ( 'NONE',  ( 0.0000000000000000000, 1.000000000000000000, 0.0000000000000000000 ) ) ;
#1337 = AXIS2_PLACEMENT_3D ( 'NONE', #738, #1643, #1206 ) ;
#1338 = DIRECTION ( 'NONE',  ( 0.0000000000000000000, 0.0000000000000000000, 1.000000000000000000 ) ) ;
#1339 = CARTESIAN_POINT ( 'NONE',  ( 1.599999999999999900, 1.050000000000000000, -1.350000000000000100 ) ) ;
#1340 = ORIENTED_EDGE ( 'NONE', *, *, #284, .T. ) ;
#1341 = ORIENTED_EDGE ( 'NONE', *, *, #24, .F. ) ;
#1342 = DIRECTION ( 'NONE',  ( 0.0000000000000000000, -1.000000000000000000, 0.0000000000000000000 ) ) ;
#1343 = ADVANCED_FACE ( 'NONE', ( #220 ), #47, .F. ) ;
#1344 = EDGE_LOOP ( 'NONE', ( #149, #660, #787, #1402 ) ) ;
#1345 = DIRECTION ( 'NONE',  ( 0.0000000000000000000, 0.0000000000000000000, -1.000000000000000000 ) ) ;
#1346 = AXIS2_PLACEMENT_3D ( 'NONE', #1576, #847, #1728 ) ;
#1347 = ORIENTED_EDGE ( 'NONE', *, *, #863, .F. ) ;
#1348 = DIRECTION ( 'NONE',  ( -0.0000000000000000000, -0.0000000000000000000, -1.000000000000000000 ) ) ;
#1350 = EDGE_CURVE ( 'NONE', #1799, #78, #280, .T. ) ;
#1349 = VECTOR ( 'NONE', #1833, 1000.000000000000200 ) ;
#1351 = CARTESIAN_POINT ( 'NONE',  ( -1.599999999999999900, 0.1499999999999999900, -1.099999999999999900 ) ) ;
#1352 = LINE ( 'NONE', #1077, #26 ) ;
#1353 = VECTOR ( 'NONE', #541, 1000.000000000000100 ) ;
#1354 = EDGE_CURVE ( 'NONE', #144, #100, #1327, .T. ) ;
#1355 = FACE_OUTER_BOUND ( 'NONE', #1467, .T. ) ;
#1356 = ORIENTED_EDGE ( 'NONE', *, *, #1406, .F. ) ;
#1357 = DIRECTION ( 'NONE',  ( -0.05233595624293745100, 0.9986295347545742800, 0.0000000000000000000 ) ) ;
#1358 = ADVANCED_FACE ( 'NONE', ( #1578 ), #1331, .T. ) ;
#1359 = DIRECTION ( 'NONE',  ( 0.0000000000000000000, -1.000000000000000000, 0.0000000000000000000 ) ) ;
#1360 = DIRECTION ( 'NONE',  ( 1.445602896647339700E-015, -1.000000000000000000, 0.0000000000000000000 ) ) ;
#1361 = CARTESIAN_POINT ( 'NONE',  ( -2.638594062630558900E-017, 0.06428571428571477900, 0.0000000000000000000 ) ) ;
#1362 = CARTESIAN_POINT ( 'NONE',  ( -1.599999999999999900, 1.050000000000000000, -1.350000000000000300 ) ) ;
#1363 = ORIENTED_EDGE ( 'NONE', *, *, #1507, .T. ) ;
#1364 = EDGE_CURVE ( 'NONE', #368, #1396, #1015, .T. ) ;
#1365 = SURFACE_SIDE_STYLE ('',( #606 ) ) ;
#1366 = VECTOR ( 'NONE', #1609, 1000.000000000000000 ) ;
#1367 = LINE ( 'NONE', #1750, #974 ) ;
#1368 = DIRECTION ( 'NONE',  ( -1.000000000000000000, 0.0000000000000000000, 0.0000000000000000000 ) ) ;
#1369 = LINE ( 'NONE', #570, #130 ) ;
#1370 = VERTEX_POINT ( 'NONE', #601 ) ;
#1371 = SURFACE_STYLE_USAGE ( .BOTH. , #1276 ) ;
#1372 = ORIENTED_EDGE ( 'NONE', *, *, #1687, .F. ) ;
#1373 = EDGE_CURVE ( 'NONE', #56, #1004, #342, .T. ) ;
#1374 = DIRECTION ( 'NONE',  ( -0.9986295347545742800, -0.05233595624293745800, 0.0000000000000000000 ) ) ;
#1375 = ORIENTED_EDGE ( 'NONE', *, *, #39, .T. ) ;
#1376 = AXIS2_PLACEMENT_3D ( 'NONE', #1710, #963, #822 ) ;
#1377 = ORIENTED_EDGE ( 'NONE', *, *, #210, .T. ) ;
#1378 = MECHANICAL_DESIGN_GEOMETRIC_PRESENTATION_REPRESENTATION (  '', ( #1556 ), #1921 ) ;
#1379 = ORIENTED_EDGE ( 'NONE', *, *, #1882, .T. ) ;
#1380 = DIRECTION ( 'NONE',  ( 0.05232800705137123600, 0.9984778551437671900, -0.01742849579091519000 ) ) ;
#1381 = EDGE_CURVE ( 'NONE', #1734, #484, #177, .T. ) ;
#1382 = CARTESIAN_POINT ( 'NONE',  ( -1.599999999999999900, 0.1499999999999999900, -0.3499999999999998100 ) ) ;
#1383 = ORIENTED_EDGE ( 'NONE', *, *, #182, .F. ) ;
#1384 = EDGE_LOOP ( 'NONE', ( #1363, #1861, #400, #1207 ) ) ;
#1385 =( NAMED_UNIT ( * ) SI_UNIT ( $, .STERADIAN. ) SOLID_ANGLE_UNIT ( ) );
#1386 = DIRECTION ( 'NONE',  ( -0.0000000000000000000, -0.0000000000000000000, 1.000000000000000000 ) ) ;
#1388 = LINE ( 'NONE', #25, #721 ) ;
#1387 = AXIS2_PLACEMENT_3D ( 'NONE', #1361, #1657, #482 ) ;
#1389 = VECTOR ( 'NONE', #731, 1000.000000000000000 ) ;
#1390 = CYLINDRICAL_SURFACE ( 'NONE', #1035, 0.01000000000000002600 ) ;
#1391 = VECTOR ( 'NONE', #412, 1000.000000000000000 ) ;
#1392 = DIRECTION ( 'NONE',  ( 0.0000000000000000000, -1.000000000000000000, 0.0000000000000000000 ) ) ;
#1393 = CYLINDRICAL_SURFACE ( 'NONE', #535, 0.1499999999999999700 ) ;
#1394 = FACE_OUTER_BOUND ( 'NONE', #1620, .T. ) ;
#1395 = DIRECTION ( 'NONE',  ( 0.0000000000000000000, 0.0000000000000000000, 1.000000000000000000 ) ) ;
#1396 = VERTEX_POINT ( 'NONE', #447 ) ;
#1397 = VERTEX_POINT ( 'NONE', #151 ) ;
#1398 = DIRECTION ( 'NONE',  ( -4.104479652980838800E-016, 1.000000000000000000, 0.0000000000000000000 ) ) ;
#1399 = ORIENTED_EDGE ( 'NONE', *, *, #1623, .F. ) ;
#1400 = AXIS2_PLACEMENT_3D ( 'NONE', #718, #1311, #1875 ) ;
#1401 = AXIS2_PLACEMENT_3D ( 'NONE', #1287, #689, #840 ) ;
#1402 = ORIENTED_EDGE ( 'NONE', *, *, #1053, .T. ) ;
#1403 = DIRECTION ( 'NONE',  ( 1.000000000000000000, 0.0000000000000000000, 0.0000000000000000000 ) ) ;
#1404 = EDGE_CURVE ( 'NONE', #368, #372, #991, .T. ) ;
#1405 = ADVANCED_FACE ( 'NONE', ( #1481 ), #300, .T. ) ;
#1406 = EDGE_CURVE ( 'NONE', #159, #484, #254, .T. ) ;
#1407 = VERTEX_POINT ( 'NONE', #1786 ) ;
#1408 = CARTESIAN_POINT ( 'NONE',  ( 1.749999999999999800, 0.9000000000000002400, 1.099999999999999900 ) ) ;
#1409 = VECTOR ( 'NONE', #359, 1000.000000000000000 ) ;
#1410 = AXIS2_PLACEMENT_3D ( 'NONE', #190, #1386, #1526 ) ;
#1411 = LINE ( 'NONE', #874, #1931 ) ;
#1412 = ORIENTED_EDGE ( 'NONE', *, *, #110, .T. ) ;
#1413 = DIRECTION ( 'NONE',  ( 0.0000000000000000000, 1.000000000000000000, 0.0000000000000000000 ) ) ;
#1414 = ORIENTED_EDGE ( 'NONE', *, *, #1549, .F. ) ;
#1415 = FACE_BOUND ( 'NONE', #551, .T. ) ;
#1416 = LINE ( 'NONE', #1662, #1629 ) ;
#1417 = CARTESIAN_POINT ( 'NONE',  ( 0.8749999999999998900, 0.09464236104519706300, -1.333324170382382200 ) ) ;
#1418 = DIRECTION ( 'NONE',  ( -1.000000000000000000, 0.0000000000000000000, 0.0000000000000000000 ) ) ;
#1419 = VERTEX_POINT ( 'NONE', #131 ) ;
#1420 = EDGE_CURVE ( 'NONE', #484, #1407, #794, .T. ) ;
#1421 = ADVANCED_FACE ( 'NONE', ( #1086 ), #1466, .F. ) ;
#1422 = CLOSED_SHELL ( 'NONE', ( #86, #140, #1513, #1358, #1791, #1131, #99, #413, #1121, #216, #613 ) ) ;
#1423 = VERTEX_POINT ( 'NONE', #879 ) ;
#1424 = DIRECTION ( 'NONE',  ( 0.0000000000000000000, 0.0000000000000000000, 1.000000000000000000 ) ) ;
#1425 = AXIS2_PLACEMENT_3D ( 'NONE', #1489, #1480, #1474 ) ;
#1426 = ORIENTED_EDGE ( 'NONE', *, *, #1053, .F. ) ;
#1427 = VERTEX_POINT ( 'NONE', #451 ) ;
#1428 = ADVANCED_FACE ( 'NONE', ( #696, #77 ), #497, .F. ) ;
#1429 = FACE_OUTER_BOUND ( 'NONE', #977, .T. ) ;
#1430 = CARTESIAN_POINT ( 'NONE',  ( -0.9499999999999997300, 0.1499999999999999900, -1.099999999999999900 ) ) ;
#1431 = CARTESIAN_POINT ( 'NONE',  ( -0.9499999999999997300, 0.1499999999999999900, -0.3499999999999998100 ) ) ;
#1432 = VERTEX_POINT ( 'NONE', #893 ) ;
#1433 = CARTESIAN_POINT ( 'NONE',  ( 1.599999999999998800, 0.0000000000000000000, 0.3499999999999998100 ) ) ;
#1434 = SURFACE_STYLE_FILL_AREA ( #122 ) ;
#1435 = DIRECTION ( 'NONE',  ( 0.9986295347545742800, -0.05233595624293745800, 0.0000000000000000000 ) ) ;
#1436 = CARTESIAN_POINT ( 'NONE',  ( -2.052239826490434100E-017, 0.05000000000000036400, 0.0000000000000000000 ) ) ;
#1437 = LINE ( 'NONE', #18, #1876 ) ;
#1438 = VERTEX_POINT ( 'NONE', #1932 ) ;
#1439 = FACE_OUTER_BOUND ( 'NONE', #1309, .T. ) ;
#1440 = ADVANCED_FACE ( 'NONE', ( #1626 ), #1196, .F. ) ;
#1441 = FACE_OUTER_BOUND ( 'NONE', #358, .T. ) ;
#1442 = DIRECTION ( 'NONE',  ( 0.0000000000000000000, 1.000000000000000000, 0.0000000000000000000 ) ) ;
#1443 = VECTOR ( 'NONE', #279, 1000.000000000000000 ) ;
#1444 = ORIENTED_EDGE ( 'NONE', *, *, #937, .F. ) ;
#1445 = EDGE_LOOP ( 'NONE', ( #1165 ) ) ;
#1446 = EDGE_CURVE ( 'NONE', #1003, #487, #1188, .T. ) ;
#1447 = CARTESIAN_POINT ( 'NONE',  ( 1.592138833107544600, 0.9000000000000002400, 1.099999999999999900 ) ) ;
#1448 = EDGE_LOOP ( 'NONE', ( #507, #1149, #805, #339, #1444, #752, #355, #1638 ) ) ;
#1449 = PLANE ( 'NONE',  #69 ) ;
#1450 = CARTESIAN_POINT ( 'NONE',  ( -1.599999999999999900, 1.899999999999999900, 1.350000000000000100 ) ) ;
#1451 = EDGE_LOOP ( 'NONE', ( #1591, #153, #162, #383 ) ) ;
#1452 = EDGE_CURVE ( 'NONE', #378, #1900, #1790, .T. ) ;
#1453 = ORIENTED_EDGE ( 'NONE', *, *, #1364, .T. ) ;
#1454 = DIRECTION ( 'NONE',  ( 0.0000000000000000000, 0.0000000000000000000, 1.000000000000000000 ) ) ;
#1455 = EDGE_CURVE ( 'NONE', #866, #1493, #947, .T. ) ;
#1456 = ORIENTED_EDGE ( 'NONE', *, *, #1040, .F. ) ;
#1457 = CARTESIAN_POINT ( 'NONE',  ( 1.599999999999999900, 0.9000000000000002400, -0.3499999999999998100 ) ) ;
#1458 = CARTESIAN_POINT ( 'NONE',  ( 0.9499999999999997300, 0.1499999999999999900, 1.099999999999999900 ) ) ;
#1459 = ORIENTED_EDGE ( 'NONE', *, *, #1470, .T. ) ;
#1460 = LINE ( 'NONE', #1300, #371 ) ;
#1461 = DIRECTION ( 'NONE',  ( 0.0000000000000000000, 1.000000000000000000, 0.0000000000000000000 ) ) ;
#1462 = LINE ( 'NONE', #762, #1190 ) ;
#1463 = SURFACE_STYLE_USAGE ( .BOTH. , #439 ) ;
#1464 = CIRCLE ( 'NONE', #1680, 0.01000000000000002600 ) ;
#1465 = AXIS2_PLACEMENT_3D ( 'NONE', #701, #1454, #256 ) ;
#1466 = PLANE ( 'NONE',  #165 ) ;
#1467 = EDGE_LOOP ( 'NONE', ( #1073, #1426, #1221, #970 ) ) ;
#1468 = DIRECTION ( 'NONE',  ( 0.0000000000000000000, 0.0000000000000000000, 1.000000000000000000 ) ) ;
#1469 = VERTEX_POINT ( 'NONE', #1500 ) ;
#1470 = EDGE_CURVE ( 'NONE', #562, #159, #1581, .T. ) ;
#1471 = ORIENTED_EDGE ( 'NONE', *, *, #1161, .F. ) ;
#1472 = CARTESIAN_POINT ( 'NONE',  ( -1.599999999999999900, 1.050000000000000000, -1.350000000000000100 ) ) ;
#1473 =( LENGTH_UNIT ( ) NAMED_UNIT ( * ) SI_UNIT ( .MILLI., .METRE. ) );
#1474 = DIRECTION ( 'NONE',  ( 1.000000000000000000, 0.0000000000000000000, 0.0000000000000000000 ) ) ;
#1475 = MECHANICAL_DESIGN_GEOMETRIC_PRESENTATION_REPRESENTATION (  '', ( #920 ), #1656 ) ;
#1476 = CARTESIAN_POINT ( 'NONE',  ( 0.9499999999999997300, 0.1499999999999999900, 0.3499999999999998100 ) ) ;
#1477 = LINE ( 'NONE', #1258, #1831 ) ;
#1478 = EDGE_CURVE ( 'NONE', #1226, #363, #700, .T. ) ;
#1479 = VECTOR ( 'NONE', #420, 1000.000000000000000 ) ;
#1480 = DIRECTION ( 'NONE',  ( 0.0000000000000000000, -0.0000000000000000000, -1.000000000000000000 ) ) ;
#1481 = FACE_OUTER_BOUND ( 'NONE', #1913, .T. ) ;
#1482 = EDGE_LOOP ( 'NONE', ( #1819, #1536, #121, #1658 ) ) ;
#1483 = CYLINDRICAL_SURFACE ( 'NONE', #242, 0.01000000000000002600 ) ;
#1484 = DIRECTION ( 'NONE',  ( -1.000000000000000000, 0.0000000000000000000, -0.0000000000000000000 ) ) ;
#1485 = FACE_OUTER_BOUND ( 'NONE', #458, .T. ) ;
#1486 = VERTEX_POINT ( 'NONE', #1220 ) ;
#1487 = ORIENTED_EDGE ( 'NONE', *, *, #1446, .T. ) ;
#1488 = EDGE_LOOP ( 'NONE', ( #1103, #164, #1412, #677 ) ) ;
#1489 = CARTESIAN_POINT ( 'NONE',  ( 1.599999999999999900, 0.9000000000000002400, -0.3499999999999998100 ) ) ;
#1490 = VERTEX_POINT ( 'NONE', #1664 ) ;
#1491 = VERTEX_POINT ( 'NONE', #27 ) ;
#1492 = CARTESIAN_POINT ( 'NONE',  ( -1.555453387609420500, 0.1999999999999999800, 1.335163194811020500 ) ) ;
#1493 = VERTEX_POINT ( 'NONE', #320 ) ;
#1494 = DIRECTION ( 'NONE',  ( 0.0000000000000000000, 0.0000000000000000000, 1.000000000000000000 ) ) ;
#1495 = DIRECTION ( 'NONE',  ( -0.0000000000000000000, -0.0000000000000000000, -1.000000000000000000 ) ) ;
#1496 = VERTEX_POINT ( 'NONE', #771 ) ;
#1497 = VERTEX_POINT ( 'NONE', #1079 ) ;
#1498 = PRESENTATION_LAYER_ASSIGNMENT (  '', '', ( #1735 ) ) ;
#1499 = UNCERTAINTY_MEASURE_WITH_UNIT (LENGTH_MEASURE( 1.000000000000000100E-005 ), #1473, 'distance_accuracy_value', 'NONE');
#1500 = CARTESIAN_POINT ( 'NONE',  ( 1.599999999999999900, 0.1499999999999999900, -1.099999999999999900 ) ) ;
#1501 = AXIS2_PLACEMENT_3D ( 'NONE', #694, #93, #1001 ) ;
#1502 = ORIENTED_EDGE ( 'NONE', *, *, #817, .F. ) ;
#1503 = DIRECTION ( 'NONE',  ( -0.0000000000000000000, 0.0000000000000000000, -1.000000000000000000 ) ) ;
#1504 = VECTOR ( 'NONE', #1100, 1000.000000000000000 ) ;
#1505 = SURFACE_STYLE_FILL_AREA ( #1129 ) ;
#1506 = ORIENTED_EDGE ( 'NONE', *, *, #284, .F. ) ;
#1507 = EDGE_CURVE ( 'NONE', #1004, #144, #841, .T. ) ;
#1508 = LINE ( 'NONE', #1012, #1772 ) ;
#1509 = FACE_OUTER_BOUND ( 'NONE', #1384, .T. ) ;
#1510 = CARTESIAN_POINT ( 'NONE',  ( -0.9499999999999997300, 0.1499999999999999900, -0.3499999999999998100 ) ) ;
#1511 = VERTEX_POINT ( 'NONE', #1211 ) ;
#1512 = EDGE_CURVE ( 'NONE', #1184, #740, #650, .T. ) ;
#1513 = ADVANCED_FACE ( 'NONE', ( #1671 ), #1527, .F. ) ;
#1514 = DIRECTION ( 'NONE',  ( 0.0000000000000000000, 1.000000000000000000, 0.0000000000000000000 ) ) ;
#1515 = ORIENTED_EDGE ( 'NONE', *, *, #751, .F. ) ;
#1516 = AXIS2_PLACEMENT_3D ( 'NONE', #197, #1698, #955 ) ;
#1517 = PLANE ( 'NONE',  #851 ) ;
#1518 = CARTESIAN_POINT ( 'NONE',  ( -1.599999999999999900, 1.899999999999999900, -0.5649999999999908400 ) ) ;
#1519 = CARTESIAN_POINT ( 'NONE',  ( -1.599999999999998800, 0.0000000000000000000, 1.099999999999999900 ) ) ;
#1520 = EDGE_LOOP ( 'NONE', ( #600, #1126, #438, #1372, #732, #1640, #62, #63, #278 ) ) ;
#1521 = ORIENTED_EDGE ( 'NONE', *, *, #1373, .F. ) ;
#1522 = AXIS2_PLACEMENT_3D ( 'NONE', #734, #1780, #123 ) ;
#1523 = DIRECTION ( 'NONE',  ( -0.0000000000000000000, -0.0000000000000000000, -1.000000000000000000 ) ) ;
#1524 = ORIENTED_EDGE ( 'NONE', *, *, #483, .F. ) ;
#1525 = EDGE_CURVE ( 'NONE', #526, #526, #1288, .T. ) ;
#1526 = DIRECTION ( 'NONE',  ( 1.000000000000000000, 0.0000000000000000000, 0.0000000000000000000 ) ) ;
#1527 = PLANE ( 'NONE',  #906 ) ;
#1528 = CARTESIAN_POINT ( 'NONE',  ( 1.599999999999999900, 1.050000000000000000, 1.350000000000000100 ) ) ;
#1529 = AXIS2_PLACEMENT_3D ( 'NONE', #2, #294, #1781 ) ;
#1530 = FACE_OUTER_BOUND ( 'NONE', #659, .T. ) ;
#1531 = DIRECTION ( 'NONE',  ( 0.0000000000000000000, 0.0000000000000000000, 1.000000000000000000 ) ) ;
#1532 = DIRECTION ( 'NONE',  ( -8.763439285121308700E-016, 1.000000000000000000, 0.0000000000000000000 ) ) ;
#1533 = CARTESIAN_POINT ( 'NONE',  ( -1.599999999999999900, 1.899999999999999900, -0.5649999999999914000 ) ) ;
#1534 = VECTOR ( 'NONE', #238, 1000.000000000000000 ) ;
#1535 = LINE ( 'NONE', #1817, #1039 ) ;
#1536 = ORIENTED_EDGE ( 'NONE', *, *, #166, .F. ) ;
#1537 = VECTOR ( 'NONE', #1690, 1000.000000000000000 ) ;
#1538 = LINE ( 'NONE', #1382, #156 ) ;
#1539 = VERTEX_POINT ( 'NONE', #422 ) ;
#1540 = LINE ( 'NONE', #403, #1148 ) ;
#1541 = CARTESIAN_POINT ( 'NONE',  ( -0.8750000000000000000, 0.2587611154402136300, 1.336188873896283300 ) ) ;
#1542 = VERTEX_POINT ( 'NONE', #1510 ) ;
#1543 = CARTESIAN_POINT ( 'NONE',  ( 1.599999999999998800, 1.050000000000000000, 1.350000000000000100 ) ) ;
#1544 = ORIENTED_EDGE ( 'NONE', *, *, #8, .F. ) ;
#1545 = PLANE ( 'NONE',  #1132 ) ;
#1546 = EDGE_LOOP ( 'NONE', ( #206, #1383, #90, #1246 ) ) ;
#1547 = ORIENTED_EDGE ( 'NONE', *, *, #293, .F. ) ;
#1548 = AXIS2_PLACEMENT_3D ( 'NONE', #1102, #1277, #1270 ) ;
#1549 = EDGE_CURVE ( 'NONE', #1491, #1493, #796, .T. ) ;
#1550 = CARTESIAN_POINT ( 'NONE',  ( -1.599999999999999900, 1.399999999999999900, -0.5649999999999914000 ) ) ;
#1551 = EDGE_CURVE ( 'NONE', #1184, #1769, #1535, .T. ) ;
#1552 = ORIENTED_EDGE ( 'NONE', *, *, #717, .F. ) ;
#1553 = CARTESIAN_POINT ( 'NONE',  ( 1.749999999999999800, 0.9000000000000002400, -0.3499999999999998100 ) ) ;
#1554 = DIRECTION ( 'NONE',  ( 0.9986295347545742800, 0.05233595624293716600, -0.0000000000000000000 ) ) ;
#1555 = ORIENTED_EDGE ( 'NONE', *, *, #1322, .T. ) ;
#1557 = COLOUR_RGB ( '',0.7921568627450980000, 0.8196078431372548800, 0.9333333333333333500 ) ;
#1556 = STYLED_ITEM ( 'NONE', ( #868 ), #1847 ) ;
#1558 = CARTESIAN_POINT ( 'NONE',  ( 0.8749999999999997800, 0.2000000000000006800, 4.702610922848042400 ) ) ;
#1559 = VECTOR ( 'NONE', #705, 1000.000000000000000 ) ;
#1560 = CARTESIAN_POINT ( 'NONE',  ( -1.599999999999999900, 0.9000000000000002400, -0.3499999999999998100 ) ) ;
#1561 = LINE ( 'NONE', #609, #329 ) ;
#1562 = DIRECTION ( 'NONE',  ( -0.0000000000000000000, 0.0000000000000000000, 1.000000000000000000 ) ) ;
#1563 = VECTOR ( 'NONE', #540, 1000.000000000000000 ) ;
#1564 = CIRCLE ( 'NONE', #1501, 0.3763932022500210400 ) ;
#1565 = ORIENTED_EDGE ( 'NONE', *, *, #1158, .T. ) ;
#1566 = DIRECTION ( 'NONE',  ( 0.0000000000000000000, 1.000000000000000000, 0.0000000000000000000 ) ) ;
#1567 = DIRECTION ( 'NONE',  ( -1.000000000000000000, 0.0000000000000000000, 0.0000000000000000000 ) ) ;
#1568 = ORIENTED_EDGE ( 'NONE', *, *, #1285, .T. ) ;
#1569 = AXIS2_PLACEMENT_3D ( 'NONE', #998, #104, #1160 ) ;
#1570 = ORIENTED_EDGE ( 'NONE', *, *, #1328, .T. ) ;
#1571 = ADVANCED_FACE ( 'NONE', ( #128 ), #623, .F. ) ;
#1572 = EDGE_CURVE ( 'NONE', #1496, #417, #1437, .T. ) ;
#1573 = PLANE ( 'NONE',  #1816 ) ;
#1574 = DIRECTION ( 'NONE',  ( 0.0000000000000000000, 1.000000000000000000, 0.0000000000000000000 ) ) ;
#1575 = EDGE_LOOP ( 'NONE', ( #1924, #679, #1124, #1860 ) ) ;
#1576 = CARTESIAN_POINT ( 'NONE',  ( 1.599999999999999900, 0.9000000000000002400, -1.099999999999999900 ) ) ;
#1577 = CARTESIAN_POINT ( 'NONE',  ( -1.599999999999999900, 1.399999999999999900, -0.5649999999999914000 ) ) ;
#1578 = FACE_OUTER_BOUND ( 'NONE', #1869, .T. ) ;
#1579 = AXIS2_PLACEMENT_3D ( 'NONE', #43, #1098, #360 ) ;
#1580 = ADVANCED_FACE ( 'NONE', ( #886 ), #171, .F. ) ;
#1581 = LINE ( 'NONE', #749, #1724 ) ;
#1582 = CARTESIAN_POINT ( 'NONE',  ( -0.9499999999999997300, 0.1499999999999999900, 0.3499999999999998100 ) ) ;
#1583 = CARTESIAN_POINT ( 'NONE',  ( 1.599999999999999900, 1.899999999999999900, -1.350000000000000100 ) ) ;
#1584 = AXIS2_PLACEMENT_3D ( 'NONE', #532, #1398, #1709 ) ;
#1585 = LINE ( 'NONE', #852, #1194 ) ;
#1586 = VECTOR ( 'NONE', #353, 1000.000000000000000 ) ;
#1587 = CARTESIAN_POINT ( 'NONE',  ( -1.599999999999999900, 0.1499999999999999900, -0.3499999999999998100 ) ) ;
#1588 = PLANE ( 'NONE',  #723 ) ;
#1589 = VERTEX_POINT ( 'NONE', #1069 ) ;
#1590 = EDGE_CURVE ( 'NONE', #1779, #395, #30, .T. ) ;
#1591 = ORIENTED_EDGE ( 'NONE', *, *, #200, .F. ) ;
#1592 = ORIENTED_EDGE ( 'NONE', *, *, #318, .T. ) ;
#1593 = DIRECTION ( 'NONE',  ( 0.0000000000000000000, 0.0000000000000000000, 1.000000000000000000 ) ) ;
#1594 = ORIENTED_EDGE ( 'NONE', *, *, #1708, .T. ) ;
#1595 = ADVANCED_FACE ( 'NONE', ( #191 ), #332, .F. ) ;
#1596 = EDGE_LOOP ( 'NONE', ( #1375 ) ) ;
#1597 = CARTESIAN_POINT ( 'NONE',  ( -1.592138833107544600, 0.9000000000000002400, -1.099999999999999900 ) ) ;
#1598 = DIRECTION ( 'NONE',  ( -0.0000000000000000000, -0.0000000000000000000, 1.000000000000000000 ) ) ;
#1599 = CARTESIAN_POINT ( 'NONE',  ( 1.599999999999998800, 0.0000000000000000000, -0.3499999999999998100 ) ) ;
#1600 = CARTESIAN_POINT ( 'NONE',  ( -0.8750000000000000000, 0.09464236104519636900, -1.333324170382382200 ) ) ;
#1601 = DIRECTION ( 'NONE',  ( -4.104479652980838800E-016, 1.000000000000000000, 0.0000000000000000000 ) ) ;
#1602 = CARTESIAN_POINT ( 'NONE',  ( 1.599999999999999900, 0.1499999999999999900, 1.099999999999999900 ) ) ;
#1603 = VERTEX_POINT ( 'NONE', #336 ) ;
#1604 = CARTESIAN_POINT ( 'NONE',  ( -0.8750000000000000000, 0.1999999999999999800, 4.702610922848042400 ) ) ;
#1605 = LINE ( 'NONE', #644, #968 ) ;
#1606 = CARTESIAN_POINT ( 'NONE',  ( 1.599999999999998800, 0.0000000000000000000, 1.099999999999999900 ) ) ;
#1607 = AXIS2_PLACEMENT_3D ( 'NONE', #454, #282, #1927 ) ;
#1608 = CIRCLE ( 'NONE', #1873, 0.1499999999999999700 ) ;
#1609 = DIRECTION ( 'NONE',  ( 0.0000000000000000000, 1.000000000000000000, 0.0000000000000000000 ) ) ;
#1610 = LINE ( 'NONE', #1597, #1317 ) ;
#1611 = ORIENTED_EDGE ( 'NONE', *, *, #1048, .T. ) ;
#1612 = DIRECTION ( 'NONE',  ( 1.000000000000000000, 0.0000000000000000000, -0.0000000000000000000 ) ) ;
#1613 = ORIENTED_EDGE ( 'NONE', *, *, #1278, .F. ) ;
#1614 = ORIENTED_EDGE ( 'NONE', *, *, #145, .T. ) ;
#1615 = EDGE_CURVE ( 'NONE', #783, #1370, #1237, .T. ) ;
#1616 = CARTESIAN_POINT ( 'NONE',  ( -0.6213421765283387900, 0.05000000000000010700, 0.0000000000000000000 ) ) ;
#1617 = ORIENTED_EDGE ( 'NONE', *, *, #1144, .T. ) ;
#1618 = AXIS2_PLACEMENT_3D ( 'NONE', #1553, #1700, #965 ) ;
#1619 = AXIS2_PLACEMENT_3D ( 'NONE', #1560, #515, #523 ) ;
#1620 = EDGE_LOOP ( 'NONE', ( #1751, #1036, #1304, #684, #441, #1506, #750, #1356, #1179 ) ) ;
#1621 = CARTESIAN_POINT ( 'NONE',  ( -0.8750000000000000000, 0.05000000000000000300, -1.332544935071789700 ) ) ;
#1622 = DIRECTION ( 'NONE',  ( 1.000000000000000000, 0.0000000000000000000, -0.0000000000000000000 ) ) ;
#1623 = EDGE_CURVE ( 'NONE', #736, #1497, #404, .T. ) ;
#1624 = LINE ( 'NONE', #20, #520 ) ;
#1625 = ORIENTED_EDGE ( 'NONE', *, *, #1158, .F. ) ;
#1626 = FACE_OUTER_BOUND ( 'NONE', #389, .T. ) ;
#1627 = ORIENTED_EDGE ( 'NONE', *, *, #139, .F. ) ;
#1628 = FACE_OUTER_BOUND ( 'NONE', #161, .T. ) ;
#1629 = VECTOR ( 'NONE', #1074, 1000.000000000000000 ) ;
#1630 = AXIS2_PLACEMENT_3D ( 'NONE', #1920, #597, #1031 ) ;
#1631 = CARTESIAN_POINT ( 'NONE',  ( -1.599999999999998800, 0.0000000000000000000, 0.3499999999999998100 ) ) ;
#1632 = LINE ( 'NONE', #1765, #157 ) ;
#1633 = ORIENTED_EDGE ( 'NONE', *, *, #321, .T. ) ;
#1634 = LINE ( 'NONE', #1130, #1699 ) ;
#1635 = ADVANCED_FACE ( 'NONE', ( #398 ), #46, .T. ) ;
#1636 =( NAMED_UNIT ( * ) PLANE_ANGLE_UNIT ( ) SI_UNIT ( $, .RADIAN. ) );
#1637 = ORIENTED_EDGE ( 'NONE', *, *, #1278, .T. ) ;
#1638 = ORIENTED_EDGE ( 'NONE', *, *, #892, .F. ) ;
#1639 = DIRECTION ( 'NONE',  ( -4.104479652980838800E-016, 1.000000000000000000, 0.0000000000000000000 ) ) ;
#1640 = ORIENTED_EDGE ( 'NONE', *, *, #877, .F. ) ;
#1641 = ORIENTED_EDGE ( 'NONE', *, *, #1193, .F. ) ;
#1642 = AXIS2_PLACEMENT_3D ( 'NONE', #569, #107, #1314 ) ;
#1643 = DIRECTION ( 'NONE',  ( 0.0000000000000000000, 0.0000000000000000000, -1.000000000000000000 ) ) ;
#1644 = EDGE_CURVE ( 'NONE', #900, #1320, #1881, .T. ) ;
#1645 = EDGE_CURVE ( 'NONE', #100, #1812, #251, .T. ) ;
#1646 = UNCERTAINTY_MEASURE_WITH_UNIT (LENGTH_MEASURE( 1.000000000000000100E-005 ), #120, 'distance_accuracy_value', 'NONE');
#1647 = VECTOR ( 'NONE', #938, 1000.000000000000000 ) ;
#1648 = CARTESIAN_POINT ( 'NONE',  ( -1.749999999999999800, 0.0000000000000000000, -1.331672181825378700 ) ) ;
#1649 = LINE ( 'NONE', #836, #772 ) ;
#1650 = ADVANCED_FACE ( 'NONE', ( #1530 ), #1099, .T. ) ;
#1651 = VECTOR ( 'NONE', #981, 1000.000000000000000 ) ;
#1652 = CARTESIAN_POINT ( 'NONE',  ( 0.9499999999999997300, 0.1499999999999999900, 1.099999999999999900 ) ) ;
#1653 = FACE_OUTER_BOUND ( 'NONE', #739, .T. ) ;
#1654 = VECTOR ( 'NONE', #1846, 1000.000000000000000 ) ;
#1655 = VERTEX_POINT ( 'NONE', #357 ) ;
#1656 =( GEOMETRIC_REPRESENTATION_CONTEXT ( 3 ) GLOBAL_UNCERTAINTY_ASSIGNED_CONTEXT ( ( #1013 ) ) GLOBAL_UNIT_ASSIGNED_CONTEXT ( ( #1770, #1918, #1020 ) ) REPRESENTATION_CONTEXT ( 'NONE', 'WORKASPACE' ) );
#1657 = DIRECTION ( 'NONE',  ( 4.104479652980838800E-016, -1.000000000000000000, -0.0000000000000000000 ) ) ;
#1658 = ORIENTED_EDGE ( 'NONE', *, *, #1193, .T. ) ;
#1659 = DIRECTION ( 'NONE',  ( 1.000000000000000000, -0.0000000000000000000, -0.0000000000000000000 ) ) ;
#1660 = ADVANCED_FACE ( 'NONE', ( #1083 ), #959, .F. ) ;
#1661 = CARTESIAN_POINT ( 'NONE',  ( -1.749999999999999800, 0.1499999999999999900, -0.3499999999999998100 ) ) ;
#1662 = CARTESIAN_POINT ( 'NONE',  ( -1.592138833107544600, 0.9000000000000002400, -0.3499999999999998100 ) ) ;
#1663 = STYLED_ITEM ( 'NONE', ( #583 ), #1167 ) ;
#1664 = CARTESIAN_POINT ( 'NONE',  ( -1.749999999999999800, 0.9000000000000002400, -0.3499999999999998100 ) ) ;
#1665 = EDGE_CURVE ( 'NONE', #1242, #144, #1135, .T. ) ;
#1666 = CARTESIAN_POINT ( 'NONE',  ( -1.592138833107544600, 0.9000000000000002400, 0.3499999999999998100 ) ) ;
#1667 = ORIENTED_EDGE ( 'NONE', *, *, #1714, .T. ) ;
#1668 = CARTESIAN_POINT ( 'NONE',  ( 1.592138833107544600, 0.9000000000000002400, 1.099999999999999900 ) ) ;
#1669 = CARTESIAN_POINT ( 'NONE',  ( -0.9499999999999997300, 0.0000000000000000000, 1.099999999999999900 ) ) ;
#1670 = VECTOR ( 'NONE', #559, 1000.000000000000000 ) ;
#1671 = FACE_OUTER_BOUND ( 'NONE', #219, .T. ) ;
#1672 = DIRECTION ( 'NONE',  ( 1.000000000000000000, 0.0000000000000000000, 0.0000000000000000000 ) ) ;
#1673 = FACE_OUTER_BOUND ( 'NONE', #34, .T. ) ;
#1674 = LINE ( 'NONE', #212, #1834 ) ;
#1675 = EDGE_CURVE ( 'NONE', #740, #1486, #303, .T. ) ;
#1676 = DIRECTION ( 'NONE',  ( 0.0000000000000000000, -0.0000000000000000000, 1.000000000000000000 ) ) ;
#1677 = FACE_OUTER_BOUND ( 'NONE', #1295, .T. ) ;
#1678 = ORIENTED_EDGE ( 'NONE', *, *, #1285, .F. ) ;
#1679 = VECTOR ( 'NONE', #838, 1000.000000000000000 ) ;
#1680 = AXIS2_PLACEMENT_3D ( 'NONE', #175, #1821, #1368 ) ;
#1681 = ORIENTED_EDGE ( 'NONE', *, *, #1381, .T. ) ;
#1682 = ORIENTED_EDGE ( 'NONE', *, *, #1572, .T. ) ;
#1683 =( GEOMETRIC_REPRESENTATION_CONTEXT ( 3 ) GLOBAL_UNCERTAINTY_ASSIGNED_CONTEXT ( ( #1646 ) ) GLOBAL_UNIT_ASSIGNED_CONTEXT ( ( #120, #267, #1176 ) ) REPRESENTATION_CONTEXT ( 'NONE', 'WORKASPACE' ) );
#1684 = DIRECTION ( 'NONE',  ( -1.000000000000000000, 0.0000000000000000000, 0.0000000000000000000 ) ) ;
#1685 = ORIENTED_EDGE ( 'NONE', *, *, #352, .T. ) ;
#1686 = CARTESIAN_POINT ( 'NONE',  ( -1.749999999999999800, 0.9000000000000002400, -0.3499999999999998100 ) ) ;
#1687 = EDGE_CURVE ( 'NONE', #1900, #1303, #742, .T. ) ;
#1688 = CARTESIAN_POINT ( 'NONE',  ( 1.592138833107544600, 0.9000000000000002400, 0.3499999999999998100 ) ) ;
#1689 = DIRECTION ( 'NONE',  ( -1.000000000000000000, 0.0000000000000000000, 0.0000000000000000000 ) ) ;
#1690 = DIRECTION ( 'NONE',  ( 0.0000000000000000000, 0.0000000000000000000, -1.000000000000000000 ) ) ;
#1691 = ORIENTED_EDGE ( 'NONE', *, *, #1255, .F. ) ;
#1692 = PLANE ( 'NONE',  #1516 ) ;
#1693 = CARTESIAN_POINT ( 'NONE',  ( -1.589999999999999900, 0.8902314078323401200, 0.3499999999999998100 ) ) ;
#1694 = CARTESIAN_POINT ( 'NONE',  ( 1.592138833107544600, 0.9000000000000002400, -0.3499999999999998100 ) ) ;
#1695 = FACE_OUTER_BOUND ( 'NONE', #1761, .T. ) ;
#1696 = EDGE_LOOP ( 'NONE', ( #1667, #1521, #1152, #1229 ) ) ;
#1697 = VECTOR ( 'NONE', #663, 1000.000000000000000 ) ;
#1698 = DIRECTION ( 'NONE',  ( -1.000000000000000000, 0.0000000000000000000, 0.0000000000000000000 ) ) ;
#1699 = VECTOR ( 'NONE', #1302, 1000.000000000000000 ) ;
#1700 = DIRECTION ( 'NONE',  ( -1.000000000000000000, 0.0000000000000000000, 0.0000000000000000000 ) ) ;
#1701 = VERTEX_POINT ( 'NONE', #945 ) ;
#1702 = CARTESIAN_POINT ( 'NONE',  ( 1.599999999999999900, 1.050000000000000000, 1.350000000000000100 ) ) ;
#1703 = CARTESIAN_POINT ( 'NONE',  ( -1.555453387609420500, 0.1999999999999999800, 1.335163194811020500 ) ) ;
#1704 = AXIS2_PLACEMENT_3D ( 'NONE', #896, #902, #726 ) ;
#1705 = DIRECTION ( 'NONE',  ( 1.000000000000000000, 0.0000000000000000000, 0.0000000000000000000 ) ) ;
#1706 = ORIENTED_EDGE ( 'NONE', *, *, #642, .F. ) ;
#1707 = CARTESIAN_POINT ( 'NONE',  ( 1.749999999999999800, 0.1499999999999999900, -0.3499999999999998100 ) ) ;
#1708 = EDGE_CURVE ( 'NONE', #614, #1055, #1477, .T. ) ;
#1709 = DIRECTION ( 'NONE',  ( -1.000000000000000000, -4.104479652980839300E-016, 0.0000000000000000000 ) ) ;
#1710 = CARTESIAN_POINT ( 'NONE',  ( 1.599999999999999900, 0.9000000000000002400, 1.099999999999999900 ) ) ;
#1711 = ORIENTED_EDGE ( 'NONE', *, *, #1645, .T. ) ;
#1712 = DIRECTION ( 'NONE',  ( -1.000000000000000000, 0.0000000000000000000, 0.0000000000000000000 ) ) ;
#1713 = VERTEX_POINT ( 'NONE', #952 ) ;
#1714 = EDGE_CURVE ( 'NONE', #584, #1004, #567, .T. ) ;
#1715 = DIRECTION ( 'NONE',  ( -0.0000000000000000000, -0.0000000000000000000, -1.000000000000000000 ) ) ;
#1716 = ADVANCED_FACE ( 'NONE', ( #1429 ), #42, .F. ) ;
#1717 = CARTESIAN_POINT ( 'NONE',  ( -1.749999999999999800, 0.9000000000000002400, 1.099999999999999900 ) ) ;
#1719 = SURFACE_STYLE_FILL_AREA ( #1034 ) ;
#1718 = PRESENTATION_LAYER_ASSIGNMENT (  '', '', ( #1556 ) ) ;
#1720 = CARTESIAN_POINT ( 'NONE',  ( -1.599999999999999900, 0.1499999999999999900, 0.3499999999999998100 ) ) ;
#1721 = DIRECTION ( 'NONE',  ( -0.0000000000000000000, -0.0000000000000000000, 1.000000000000000000 ) ) ;
#1722 = CARTESIAN_POINT ( 'NONE',  ( 1.599999999999999900, 1.899999999999999900, 1.350000000000000100 ) ) ;
#1723 = VECTOR ( 'NONE', #1593, 1000.000000000000000 ) ;
#1724 = VECTOR ( 'NONE', #1822, 1000.000000000000000 ) ;
#1725 = ORIENTED_EDGE ( 'NONE', *, *, #1645, .F. ) ;
#1726 = EDGE_CURVE ( 'NONE', #1736, #281, #472, .T. ) ;
#1727 = LINE ( 'NONE', #768, #1263 ) ;
#1728 = DIRECTION ( 'NONE',  ( 1.000000000000000000, 0.0000000000000000000, 0.0000000000000000000 ) ) ;
#1729 = ADVANCED_FACE ( 'NONE', ( #995, #1169 ), #152, .T. ) ;
#1730 = SURFACE_SIDE_STYLE ('',( #1505 ) ) ;
#1731 = CARTESIAN_POINT ( 'NONE',  ( -1.599999999999999900, 0.9000000000000002400, -1.099999999999999900 ) ) ;
#1732 = CARTESIAN_POINT ( 'NONE',  ( 1.599999999999999900, 0.1499999999999999900, 0.3499999999999998100 ) ) ;
#1733 = ORIENTED_EDGE ( 'NONE', *, *, #1844, .F. ) ;
#1734 = VERTEX_POINT ( 'NONE', #858 ) ;
#1735 = STYLED_ITEM ( 'NONE', ( #370 ), #1204 ) ;
#1736 = VERTEX_POINT ( 'NONE', #983 ) ;
#1737 = DIRECTION ( 'NONE',  ( -1.000000000000000000, 0.0000000000000000000, 0.0000000000000000000 ) ) ;
#1738 = DIRECTION ( 'NONE',  ( 0.0000000000000000000, -0.0000000000000000000, -1.000000000000000000 ) ) ;
#1739 = EDGE_LOOP ( 'NONE', ( #1197, #949, #598, #1801, #410, #1033, #1052, #143 ) ) ;
#1740 = ORIENTED_EDGE ( 'NONE', *, *, #1218, .T. ) ;
#1741 = ADVANCED_FACE ( 'NONE', ( #1749, #1695 ), #1310, .F. ) ;
#1742 = ORIENTED_EDGE ( 'NONE', *, *, #387, .T. ) ;
#1743 = DIRECTION ( 'NONE',  ( -1.000000000000000000, -4.104479652980838800E-016, 0.0000000000000000000 ) ) ;
#1744 = VERTEX_POINT ( 'NONE', #81 ) ;
#1745 = CARTESIAN_POINT ( 'NONE',  ( 1.592138833107544600, 0.9000000000000002400, 0.3499999999999998100 ) ) ;
#1746 = SURFACE_STYLE_USAGE ( .BOTH. , #1902 ) ;
#1747 = VECTOR ( 'NONE', #806, 1000.000000000000000 ) ;
#1748 = ORIENTED_EDGE ( 'NONE', *, *, #1297, .F. ) ;
#1749 = FACE_OUTER_BOUND ( 'NONE', #491, .T. ) ;
#1750 = CARTESIAN_POINT ( 'NONE',  ( 1.599999999999998800, 0.0000000000000000000, -1.099999999999999900 ) ) ;
#1751 = ORIENTED_EDGE ( 'NONE', *, *, #429, .F. ) ;
#1752 = CARTESIAN_POINT ( 'NONE',  ( 1.599999999999999900, 0.8902314078323401200, 0.3499999999999998100 ) ) ;
#1753 = EDGE_CURVE ( 'NONE', #803, #1713, #950, .T. ) ;
#1754 = FACE_OUTER_BOUND ( 'NONE', #967, .T. ) ;
#1755 = APPLICATION_CONTEXT ( 'automotive_design' ) ;
#1756 = DIRECTION ( 'NONE',  ( 0.0000000000000000000, 0.0000000000000000000, 1.000000000000000000 ) ) ;
#1757 = VECTOR ( 'NONE', #878, 1000.000000000000000 ) ;
#1758 = ORIENTED_EDGE ( 'NONE', *, *, #145, .F. ) ;
#1759 = EDGE_CURVE ( 'NONE', #1701, #774, #193, .T. ) ;
#1760 = ORIENTED_EDGE ( 'NONE', *, *, #673, .T. ) ;
#1761 = EDGE_LOOP ( 'NONE', ( #292 ) ) ;
#1762 = DIRECTION ( 'NONE',  ( -1.000000000000000000, 0.0000000000000000000, 0.0000000000000000000 ) ) ;
#1763 = ORIENTED_EDGE ( 'NONE', *, *, #1125, .F. ) ;
#1764 = EDGE_LOOP ( 'NONE', ( #132, #1219, #648, #1000 ) ) ;
#1765 = CARTESIAN_POINT ( 'NONE',  ( -1.599999999999999900, 0.1499999999999999900, 1.099999999999999900 ) ) ;
#1766 = PRESENTATION_LAYER_ASSIGNMENT (  '', '', ( #920 ) ) ;
#1767 = CARTESIAN_POINT ( 'NONE',  ( -1.599999999999999900, 0.9000000000000002400, 0.3499999999999998100 ) ) ;
#1768 = ORIENTED_EDGE ( 'NONE', *, *, #459, .F. ) ;
#1769 = VERTEX_POINT ( 'NONE', #1155 ) ;
#1770 =( LENGTH_UNIT ( ) NAMED_UNIT ( * ) SI_UNIT ( .MILLI., .METRE. ) );
#1771 = EDGE_LOOP ( 'NONE', ( #1758, #842, #735, #1078 ) ) ;
#1772 = VECTOR ( 'NONE', #904, 1000.000000000000000 ) ;
#1773 = CARTESIAN_POINT ( 'NONE',  ( 1.749999999999999800, 0.1499999999999999900, 0.3499999999999998100 ) ) ;
#1774 = LINE ( 'NONE', #943, #453 ) ;
#1775 = CARTESIAN_POINT ( 'NONE',  ( 0.8749999999999996700, 0.2587611154402143500, 1.336188873896283300 ) ) ;
#1776 = LINE ( 'NONE', #1688, #350 ) ;
#1777 = EDGE_CURVE ( 'NONE', #323, #426, #521, .T. ) ;
#1778 = VECTOR ( 'NONE', #581, 1000.000000000000000 ) ;
#1779 = VERTEX_POINT ( 'NONE', #1892 ) ;
#1780 = DIRECTION ( 'NONE',  ( 0.0000000000000000000, 0.0000000000000000000, 1.000000000000000000 ) ) ;
#1781 = DIRECTION ( 'NONE',  ( 1.000000000000000000, 0.0000000000000000000, 0.0000000000000000000 ) ) ;
#1782 = ORIENTED_EDGE ( 'NONE', *, *, #549, .T. ) ;
#1783 = CARTESIAN_POINT ( 'NONE',  ( -1.599999999999999900, 0.1499999999999999900, 1.099999999999999900 ) ) ;
#1784 = ORIENTED_EDGE ( 'NONE', *, *, #1181, .F. ) ;
#1785 = AXIS2_PLACEMENT_3D ( 'NONE', #504, #1532, #799 ) ;
#1786 = CARTESIAN_POINT ( 'NONE',  ( 1.599999999999998800, 0.0000000000000000000, 1.099999999999999900 ) ) ;
#1787 = ORIENTED_EDGE ( 'NONE', *, *, #233, .F. ) ;
#1788 = EDGE_CURVE ( 'NONE', #508, #1397, #1062, .T. ) ;
#1789 = CARTESIAN_POINT ( 'NONE',  ( -1.599999999999999900, 0.1499999999999999900, -0.3499999999999998100 ) ) ;
#1790 = CIRCLE ( 'NONE', #1930, 0.1499999999999999700 ) ;
#1791 = ADVANCED_FACE ( 'NONE', ( #109 ), #1573, .F. ) ;
#1792 = ORIENTED_EDGE ( 'NONE', *, *, #673, .F. ) ;
#1793 = FACE_OUTER_BOUND ( 'NONE', #1344, .T. ) ;
#1794 = VECTOR ( 'NONE', #493, 1000.000000000000000 ) ;
#1795 = VECTOR ( 'NONE', #1323, 1000.000000000000100 ) ;
#1796 = FACE_OUTER_BOUND ( 'NONE', #832, .T. ) ;
#1797 = DIRECTION ( 'NONE',  ( 1.000000000000000000, 0.0000000000000000000, 0.0000000000000000000 ) ) ;
#1798 = FACE_OUTER_BOUND ( 'NONE', #589, .T. ) ;
#1799 = VERTEX_POINT ( 'NONE', #1722 ) ;
#1800 = CLOSED_SHELL ( 'NONE', ( #297, #602, #1580, #1855, #1343, #462, #990, #548, #1716, #969, #469 ) ) ;
#1801 = ORIENTED_EDGE ( 'NONE', *, *, #948, .F. ) ;
#1802 = CARTESIAN_POINT ( 'NONE',  ( 1.599999999999998800, 0.0000000000000000000, 0.3499999999999998100 ) ) ;
#1803 = CARTESIAN_POINT ( 'NONE',  ( -1.599999999999999900, 0.1499999999999999900, -1.099999999999999900 ) ) ;
#1804 = AXIS2_PLACEMENT_3D ( 'NONE', #1840, #1253, #811 ) ;
#1805 = EDGE_CURVE ( 'NONE', #1486, #286, #1649, .T. ) ;
#1806 = ADVANCED_FACE ( 'NONE', ( #1906 ), #67, .F. ) ;
#1807 = ORIENTED_EDGE ( 'NONE', *, *, #387, .F. ) ;
#1808 = VECTOR ( 'NONE', #1260, 1000.000000000000000 ) ;
#1809 = DIRECTION ( 'NONE',  ( 1.000000000000000000, 0.0000000000000000000, -0.0000000000000000000 ) ) ;
#1810 = EDGE_CURVE ( 'NONE', #1419, #560, #1460, .T. ) ;
#1811 = LINE ( 'NONE', #1583, #1534 ) ;
#1812 = VERTEX_POINT ( 'NONE', #223 ) ;
#1813 = VECTOR ( 'NONE', #778, 1000.000000000000000 ) ;
#1814 = LINE ( 'NONE', #1668, #1023 ) ;
#1815 = ORIENTED_EDGE ( 'NONE', *, *, #8, .T. ) ;
#1816 = AXIS2_PLACEMENT_3D ( 'NONE', #1433, #688, #415 ) ;
#1817 = CARTESIAN_POINT ( 'NONE',  ( 0.8750000000000000000, 0.05000000000000071700, 4.702610922848042400 ) ) ;
#1818 = DIRECTION ( 'NONE',  ( 0.0000000000000000000, -1.000000000000000000, 0.0000000000000000000 ) ) ;
#1819 = ORIENTED_EDGE ( 'NONE', *, *, #1011, .T. ) ;
#1820 = EDGE_CURVE ( 'NONE', #1769, #1419, #431, .T. ) ;
#1821 = DIRECTION ( 'NONE',  ( 0.0000000000000000000, 0.0000000000000000000, -1.000000000000000000 ) ) ;
#1822 = DIRECTION ( 'NONE',  ( 0.0000000000000000000, 0.0000000000000000000, 1.000000000000000000 ) ) ;
#1823 = ORIENTED_EDGE ( 'NONE', *, *, #182, .T. ) ;
#1824 = CARTESIAN_POINT ( 'NONE',  ( -1.599999999999998800, 0.0000000000000000000, -0.3499999999999998100 ) ) ;
#1825 = DIRECTION ( 'NONE',  ( 1.000000000000000000, 0.0000000000000000000, -0.0000000000000000000 ) ) ;
#1826 = ORIENTED_EDGE ( 'NONE', *, *, #680, .F. ) ;
#1827 = DIRECTION ( 'NONE',  ( 0.0000000000000000000, 1.000000000000000000, 0.0000000000000000000 ) ) ;
#1828 = CARTESIAN_POINT ( 'NONE',  ( 1.599999999999998800, 0.0000000000000000000, -0.3499999999999998100 ) ) ;
#1829 = CARTESIAN_POINT ( 'NONE',  ( -1.599999999999999900, 0.1499999999999999900, 0.3499999999999998100 ) ) ;
#1830 = DIRECTION ( 'NONE',  ( 0.0000000000000000000, 1.000000000000000000, 0.0000000000000000000 ) ) ;
#1831 = VECTOR ( 'NONE', #509, 1000.000000000000000 ) ;
#1832 = VECTOR ( 'NONE', #1266, 1000.000000000000000 ) ;
#1833 = DIRECTION ( 'NONE',  ( 0.0000000000000000000, 0.9998476951563912700, 0.01745240643727680500 ) ) ;
#1834 = VECTOR ( 'NONE', #1380, 1000.000000000000100 ) ;
#1835 = CARTESIAN_POINT ( 'NONE',  ( 1.599999999999999900, 1.050000000000000000, 0.3499999999999998100 ) ) ;
#1836 = FACE_OUTER_BOUND ( 'NONE', #1936, .T. ) ;
#1837 = ORIENTED_EDGE ( 'NONE', *, *, #1572, .F. ) ;
#1838 = CARTESIAN_POINT ( 'NONE',  ( 1.599999999999999900, 0.9000000000000002400, -0.3499999999999998100 ) ) ;
#1839 = ORIENTED_EDGE ( 'NONE', *, *, #246, .F. ) ;
#1840 = CARTESIAN_POINT ( 'NONE',  ( -6.156719479471272500E-017, 0.1500000000000003600, 0.0000000000000000000 ) ) ;
#1841 = EDGE_CURVE ( 'NONE', #426, #1275, #722, .T. ) ;
#1842 =( LENGTH_UNIT ( ) NAMED_UNIT ( * ) SI_UNIT ( .MILLI., .METRE. ) );
#1843 = PLANE ( 'NONE',  #1346 ) ;
#1844 = EDGE_CURVE ( 'NONE', #1320, #562, #1853, .T. ) ;
#1845 = CARTESIAN_POINT ( 'NONE',  ( -1.589999999999999900, 0.8902314078323401200, -1.099999999999999900 ) ) ;
#1846 = DIRECTION ( 'NONE',  ( -0.05233595624293745100, 0.9986295347545742800, 0.0000000000000000000 ) ) ;
#1847 = MANIFOLD_SOLID_BREP ( 'Mirror2[1]', #1177 ) ;
#1848 = CARTESIAN_POINT ( 'NONE',  ( 1.555453387609420500, 0.2000000000000012900, -1.335163194811021900 ) ) ;
#1849 = CARTESIAN_POINT ( 'NONE',  ( -1.599999999999999900, 0.9000000000000002400, 1.099999999999999900 ) ) ;
#1850 = PLANE ( 'NONE',  #1186 ) ;
#1851 = DIRECTION ( 'NONE',  ( -1.000000000000000000, 0.0000000000000000000, 0.0000000000000000000 ) ) ;
#1852 = VECTOR ( 'NONE', #1818, 1000.000000000000000 ) ;
#1853 = CIRCLE ( 'NONE', #980, 0.1499999999999999700 ) ;
#1854 = FACE_OUTER_BOUND ( 'NONE', #290, .T. ) ;
#1855 = ADVANCED_FACE ( 'NONE', ( #1110 ), #1393, .T. ) ;
#1856 = LINE ( 'NONE', #258, #1070 ) ;
#1857 = DIRECTION ( 'NONE',  ( -1.000000000000000000, 0.0000000000000000000, 0.0000000000000000000 ) ) ;
#1858 = DIRECTION ( 'NONE',  ( -0.0000000000000000000, -0.0000000000000000000, -1.000000000000000000 ) ) ;
#1859 = CARTESIAN_POINT ( 'NONE',  ( 1.592138833107544600, 0.9000000000000002400, -0.3499999999999998100 ) ) ;
#1860 = ORIENTED_EDGE ( 'NONE', *, *, #937, .T. ) ;
#1861 = ORIENTED_EDGE ( 'NONE', *, *, #1354, .T. ) ;
#1862 = PLANE ( 'NONE',  #534 ) ;
#1863 = DIRECTION ( 'NONE',  ( -0.0000000000000000000, -0.0000000000000000000, -1.000000000000000000 ) ) ;
#1864 = ORIENTED_EDGE ( 'NONE', *, *, #1820, .T. ) ;
#1865 = EDGE_CURVE ( 'NONE', #697, #1908, #228, .T. ) ;
#1866 = DIRECTION ( 'NONE',  ( -4.104479652980838800E-016, 1.000000000000000000, -0.0000000000000000000 ) ) ;
#1867 = CARTESIAN_POINT ( 'NONE',  ( -1.749999999999999800, 0.1499999999999999900, 0.3499999999999998100 ) ) ;
#1868 = ADVANCED_FACE ( 'NONE', ( #611 ), #577, .F. ) ;
#1869 = EDGE_LOOP ( 'NONE', ( #833, #1050, #1096, #1681 ) ) ;
#1870 = DIRECTION ( 'NONE',  ( 0.0000000000000000000, 0.0000000000000000000, -1.000000000000000000 ) ) ;
#1871 = DIRECTION ( 'NONE',  ( 0.0000000000000000000, 0.0000000000000000000, 1.000000000000000000 ) ) ;
#1872 = DIRECTION ( 'NONE',  ( 0.9986295347545742800, -0.05233595624293745800, 0.0000000000000000000 ) ) ;
#1873 = AXIS2_PLACEMENT_3D ( 'NONE', #1128, #399, #209 ) ;
#1874 = DIRECTION ( 'NONE',  ( -0.0000000000000000000, -0.0000000000000000000, 1.000000000000000000 ) ) ;
#1875 = DIRECTION ( 'NONE',  ( 0.0000000000000000000, -0.0000000000000000000, 1.000000000000000000 ) ) ;
#1876 = VECTOR ( 'NONE', #1672, 1000.000000000000000 ) ;
#1877 = CARTESIAN_POINT ( 'NONE',  ( -1.599999999999999900, 1.050000000000000000, 0.3499999999999998100 ) ) ;
#1878 = ADVANCED_FACE ( 'NONE', ( #1072 ), #434, .F. ) ;
#1879 = FACE_OUTER_BOUND ( 'NONE', #1520, .T. ) ;
#1880 = DIRECTION ( 'NONE',  ( -0.0000000000000000000, -0.0000000000000000000, -1.000000000000000000 ) ) ;
#1881 = LINE ( 'NONE', #1247, #1747 ) ;
#1882 = EDGE_CURVE ( 'NONE', #323, #1799, #1091, .T. ) ;
#1883 = VECTOR ( 'NONE', #585, 1000.000000000000000 ) ;
#1884 = CYLINDRICAL_SURFACE ( 'NONE', #1579, 0.01000000000000002600 ) ;
#1885 =( NAMED_UNIT ( * ) PLANE_ANGLE_UNIT ( ) SI_UNIT ( $, .RADIAN. ) );
#1886 = ORIENTED_EDGE ( 'NONE', *, *, #1230, .F. ) ;
#1887 = DIRECTION ( 'NONE',  ( 0.0000000000000000000, 0.0000000000000000000, -1.000000000000000000 ) ) ;
#1888 = FACE_OUTER_BOUND ( 'NONE', #1109, .T. ) ;
#1889 = CARTESIAN_POINT ( 'NONE',  ( -1.599999999999999900, 0.9000000000000002400, -0.3499999999999998100 ) ) ;
#1890 = ORIENTED_EDGE ( 'NONE', *, *, #522, .T. ) ;
#1891 = ORIENTED_EDGE ( 'NONE', *, *, #463, .F. ) ;
#1892 = CARTESIAN_POINT ( 'NONE',  ( -1.599999999999998800, 0.0000000000000000000, -0.3499999999999998100 ) ) ;
#1893 = CARTESIAN_POINT ( 'NONE',  ( 0.9499999999999997300, 0.0000000000000000000, 0.3499999999999998100 ) ) ;
#1894 =( LENGTH_UNIT ( ) NAMED_UNIT ( * ) SI_UNIT ( .MILLI., .METRE. ) );
#1895 = ORIENTED_EDGE ( 'NONE', *, *, #1788, .F. ) ;
#1896 = VERTEX_POINT ( 'NONE', #272 ) ;
#1897 = CARTESIAN_POINT ( 'NONE',  ( 1.599999999999998800, 0.0000000000000000000, 0.3499999999999998100 ) ) ;
#1898 = CARTESIAN_POINT ( 'NONE',  ( 0.0000000000000000000, 1.899999999999999900, 1.200000000000000000 ) ) ;
#1899 = ORIENTED_EDGE ( 'NONE', *, *, #1252, .T. ) ;
#1900 = VERTEX_POINT ( 'NONE', #1599 ) ;
#1901 = DIRECTION ( 'NONE',  ( -0.0000000000000000000, 0.0000000000000000000, -1.000000000000000000 ) ) ;
#1902 = SURFACE_SIDE_STYLE ('',( #283 ) ) ;
#1903 = AXIS2_PLACEMENT_3D ( 'NONE', #442, #1468, #1922 ) ;
#1904 = CLOSED_SHELL ( 'NONE', ( #170, #1405, #685, #912, #825, #1938, #1421, #1868, #1107, #834, #619 ) ) ;
#1905 = LINE ( 'NONE', #649, #50 ) ;
#1906 = FACE_OUTER_BOUND ( 'NONE', #1488, .T. ) ;
#1907 = DIRECTION ( 'NONE',  ( -0.0000000000000000000, -0.0000000000000000000, 1.000000000000000000 ) ) ;
#1908 = VERTEX_POINT ( 'NONE', #1458 ) ;
#1909 = EDGE_CURVE ( 'NONE', #363, #697, #409, .T. ) ;
#1910 = LINE ( 'NONE', #377, #433 ) ;
#1911 = CARTESIAN_POINT ( 'NONE',  ( 0.0000000000000000000, 1.000000000000000000, 0.9588457268119887600 ) ) ;
#1912 = LINE ( 'NONE', #1893, #54 ) ;
#1913 = EDGE_LOOP ( 'NONE', ( #1787, #1768, #634, #1116 ) ) ;
#1914 = DIRECTION ( 'NONE',  ( -1.000000000000000000, 0.0000000000000000000, 0.0000000000000000000 ) ) ;
#1915 = EDGE_CURVE ( 'NONE', #1655, #958, #180, .T. ) ;
#1916 = ORIENTED_EDGE ( 'NONE', *, *, #1218, .F. ) ;
#1917 = ORIENTED_EDGE ( 'NONE', *, *, #1915, .F. ) ;
#1918 =( NAMED_UNIT ( * ) PLANE_ANGLE_UNIT ( ) SI_UNIT ( $, .RADIAN. ) );
#1919 = AXIS2_PLACEMENT_3D ( 'NONE', #341, #53, #517 ) ;
#1920 = CARTESIAN_POINT ( 'NONE',  ( 0.0000000000000000000, 1.899999999999999900, 0.0000000000000000000 ) ) ;
#1921 =( GEOMETRIC_REPRESENTATION_CONTEXT ( 3 ) GLOBAL_UNCERTAINTY_ASSIGNED_CONTEXT ( ( #147 ) ) GLOBAL_UNIT_ASSIGNED_CONTEXT ( ( #234, #1286, #396 ) ) REPRESENTATION_CONTEXT ( 'NONE', 'WORKASPACE' ) );
#1922 = DIRECTION ( 'NONE',  ( -1.000000000000000000, 0.0000000000000000000, 0.0000000000000000000 ) ) ;
#1923 = APPLICATION_CONTEXT ( 'automotive_design' ) ;
#1924 = ORIENTED_EDGE ( 'NONE', *, *, #1551, .F. ) ;
#1925 = EDGE_LOOP ( 'NONE', ( #270, #987, #850, #1864 ) ) ;
#1926 = EDGE_CURVE ( 'NONE', #1713, #614, #1632, .T. ) ;
#1927 = DIRECTION ( 'NONE',  ( 1.000000000000000000, 0.0000000000000000000, 0.0000000000000000000 ) ) ;
#1928 = VECTOR ( 'NONE', #1523, 1000.000000000000000 ) ;
#1929 = PRODUCT_DEFINITION_SHAPE ( 'NONE', 'NONE',  #867 ) ;
#1931 = VECTOR ( 'NONE', #271, 1000.000000000000000 ) ;
#1930 = AXIS2_PLACEMENT_3D ( 'NONE', #1205, #759, #1797 ) ;
#1932 = CARTESIAN_POINT ( 'NONE',  ( 1.599999999999999900, 0.1499999999999999900, 0.3499999999999998100 ) ) ;
#1933 = VECTOR ( 'NONE', #1338, 1000.000000000000000 ) ;
#1934 = FACE_OUTER_BOUND ( 'NONE', #1159, .T. ) ;
#1935 = VECTOR ( 'NONE', #645, 1000.000000000000000 ) ;
#1936 = EDGE_LOOP ( 'NONE', ( #1547, #1763, #973, #1453, #538, #1515 ) ) ;
#1937 = CYLINDRICAL_SURFACE ( 'NONE', #1224, 0.1499999999999999700 ) ;
#1938 = ADVANCED_FACE ( 'NONE', ( #1677 ), #720, .F. ) ;
#1939 = EDGE_LOOP ( 'NONE', ( #1075, #1209, #839, #1245 ) ) ;
#1940 = ORIENTED_EDGE ( 'NONE', *, *, #6, .T. ) ;
ENDSEC;
END-ISO-10303-21;
