ISO-10303-21;
HEADER;
FILE_DESCRIPTION (( 'STEP AP214' ),
    '1' );
FILE_NAME ('TSR 1SM.STEP',
    '2018-10-15T10:19:01',
    ( 'user' ),
    ( '' ),
    'SwSTEP 2.0',
    'SolidWorks 2016',
    '' );
FILE_SCHEMA (( 'AUTOMOTIVE_DESIGN' ));
ENDSEC;

DATA;
#1 = DIRECTION ( 'NONE',  ( -1.000000000000000000, 0.0000000000000000000, 9.326470300950576100E-017 ) ) ;
#2 = VECTOR ( 'NONE', #5163, 1000.000000000000100 ) ;
#3 = VERTEX_POINT ( 'NONE', #457 ) ;
#4 = EDGE_CURVE ( 'NONE', #5707, #1334, #1776, .T. ) ;
#5 = VECTOR ( 'NONE', #4705, 1000.000000000000000 ) ;
#6 = EDGE_CURVE ( 'NONE', #5919, #6363, #2603, .T. ) ;
#7 = ADVANCED_FACE ( 'NONE', ( #1786 ), #3867, .T. ) ;
#8 = DIRECTION ( 'NONE',  ( 0.0000000000000000000, 0.0000000000000000000, -1.000000000000000000 ) ) ;
#9 = VECTOR ( 'NONE', #7001, 1000.000000000000000 ) ;
#10 = DIRECTION ( 'NONE',  ( 0.0000000000000000000, 0.0000000000000000000, 1.000000000000000000 ) ) ;
#11 = CARTESIAN_POINT ( 'NONE',  ( 7.268053096400541900, 7.100000000000000500, -4.350000000000001400 ) ) ;
#12 = CARTESIAN_POINT ( 'NONE',  ( 7.160000000000000100, 0.2000000000000000100, 2.899999999999998100 ) ) ;
#13 = ORIENTED_EDGE ( 'NONE', *, *, #5657, .T. ) ;
#14 = LINE ( 'NONE', #5434, #37 ) ;
#15 = MECHANICAL_DESIGN_GEOMETRIC_PRESENTATION_REPRESENTATION (  '', ( #91 ), #8251 ) ;
#16 = FACE_OUTER_BOUND ( 'NONE', #1919, .T. ) ;
#17 = DIRECTION ( 'NONE',  ( 0.0000000000000000000, -1.000000000000000000, 0.0000000000000000000 ) ) ;
#18 = CARTESIAN_POINT ( 'NONE',  ( 2.290000000000000000, -4.258936691357909700E-017, -5.550000000000002500 ) ) ;
#19 = CARTESIAN_POINT ( 'NONE',  ( -7.273907373841034900, 7.299999999999999800, -4.306693038679447300 ) ) ;
#20 = EDGE_CURVE ( 'NONE', #5707, #3970, #7914, .T. ) ;
#21 = CARTESIAN_POINT ( 'NONE',  ( 7.160000000000000100, 0.6999999999999999600, -3.259999999999999800 ) ) ;
#22 = LINE ( 'NONE', #2882, #5 ) ;
#23 = VECTOR ( 'NONE', #2203, 1000.000000000000100 ) ;
#24 = CARTESIAN_POINT ( 'NONE',  ( 5.580000000000001000, 0.6999999999999994000, -4.650000000000003000 ) ) ;
#25 = FACE_OUTER_BOUND ( 'NONE', #3869, .T. ) ;
#26 = CARTESIAN_POINT ( 'NONE',  ( 3.040000000000000000, 1.724059192313015100E-016, -5.550000000000002500 ) ) ;
#27 =( NAMED_UNIT ( * ) SI_UNIT ( $, .STERADIAN. ) SOLID_ANGLE_UNIT ( ) );
#28 = VECTOR ( 'NONE', #4586, 1000.000000000000000 ) ;
#29 = UNCERTAINTY_MEASURE_WITH_UNIT (LENGTH_MEASURE( 1.000000000000000100E-005 ), #1837, 'distance_accuracy_value', 'NONE');
#30 = DIRECTION ( 'NONE',  ( -0.0000000000000000000, -0.0000000000000000000, 1.000000000000000000 ) ) ;
#31 = EDGE_CURVE ( 'NONE', #5664, #3970, #1767, .T. ) ;
#32 = DIRECTION ( 'NONE',  ( -1.000000000000000000, -0.0000000000000000000, -0.0000000000000000000 ) ) ;
#33 = LINE ( 'NONE', #175, #28 ) ;
#34 = DIRECTION ( 'NONE',  ( -0.0000000000000000000, -0.0000000000000000000, -1.000000000000000000 ) ) ;
#35 = CARTESIAN_POINT ( 'NONE',  ( 7.119999999999997400, 1.300000000000000000, -3.200000000000001100 ) ) ;
#36 = SURFACE_SIDE_STYLE ('',( #3985 ) ) ;
#37 = VECTOR ( 'NONE', #4818, 1000.000000000000000 ) ;
#38 = SURFACE_SIDE_STYLE ('',( #291 ) ) ;
#39 = ORIENTED_EDGE ( 'NONE', *, *, #1920, .F. ) ;
#40 = EDGE_CURVE ( 'NONE', #7244, #4861, #4314, .T. ) ;
#41 = DIRECTION ( 'NONE',  ( -1.000000000000000000, -0.0000000000000000000, 0.0000000000000000000 ) ) ;
#42 = VECTOR ( 'NONE', #4357, 1000.000000000000000 ) ;
#43 = CARTESIAN_POINT ( 'NONE',  ( -7.268053096400543600, 7.299999999999999800, -4.298053096400543000 ) ) ;
#44 = CARTESIAN_POINT ( 'NONE',  ( -7.319999999999999400, 1.300000000000000000, 4.649999999999999500 ) ) ;
#45 = PLANE ( 'NONE',  #170 ) ;
#46 = ADVANCED_FACE ( 'NONE', ( #6126 ), #8027, .F. ) ;
#47 = AXIS2_PLACEMENT_3D ( 'NONE', #272, #2120, #4822 ) ;
#48 = SURFACE_SIDE_STYLE ('',( #7364 ) ) ;
#49 = LINE ( 'NONE', #1602, #1621 ) ;
#50 = ORIENTED_EDGE ( 'NONE', *, *, #2533, .T. ) ;
#51 = CARTESIAN_POINT ( 'NONE',  ( 7.119999999999999200, 0.6899999999999999500, -2.070000000000001200 ) ) ;
#52 = CARTESIAN_POINT ( 'NONE',  ( 7.353931230946315600, 7.280629566228957300, 4.336274910730166400 ) ) ;
#53 = CARTESIAN_POINT ( 'NONE',  ( 7.358629133453518100, 7.117751940953621800, -4.493683307513141900 ) ) ;
#54 = LINE ( 'NONE', #1257, #3469 ) ;
#55 = COLOUR_RGB ( '',1.000000000000000000, 1.000000000000000000, 1.000000000000000000 ) ;
#56 = ORIENTED_EDGE ( 'NONE', *, *, #672, .F. ) ;
#57 = SURFACE_STYLE_USAGE ( .BOTH. , #3994 ) ;
#58 = DIRECTION ( 'NONE',  ( 0.8944271909999161900, 0.0000000000000000000, 0.4472135954999573200 ) ) ;
#59 = DIRECTION ( 'NONE',  ( 7.354021354117929400E-032, 1.000000000000000000, 3.942553354492744000E-016 ) ) ;
#60 = LINE ( 'NONE', #2643, #4933 ) ;
#61 = CARTESIAN_POINT ( 'NONE',  ( -7.346273657784207600, 7.201753364643491500, 4.467882273751235400 ) ) ;
#62 = ORIENTED_EDGE ( 'NONE', *, *, #63, .F. ) ;
#63 = EDGE_CURVE ( 'NONE', #6554, #4861, #1748, .T. ) ;
#64 = EDGE_CURVE ( 'NONE', #3596, #5664, #3584, .T. ) ;
#65 = LINE ( 'NONE', #147, #143 ) ;
#66 = ORIENTED_EDGE ( 'NONE', *, *, #7437, .F. ) ;
#67 = VECTOR ( 'NONE', #4696, 1000.000000000000000 ) ;
#68 = LINE ( 'NONE', #7682, #4901 ) ;
#69 =( NAMED_UNIT ( * ) PLANE_ANGLE_UNIT ( ) SI_UNIT ( $, .RADIAN. ) );
#70 = FILL_AREA_STYLE_COLOUR ( '', #1664 ) ;
#71 = VERTEX_POINT ( 'NONE', #6965 ) ;
#72 = DIRECTION ( 'NONE',  ( -0.0000000000000000000, -1.000000000000000000, -0.0000000000000000000 ) ) ;
#73 = LINE ( 'NONE', #4223, #5238 ) ;
#74 = VECTOR ( 'NONE', #1306, 1000.000000000000000 ) ;
#75 = CARTESIAN_POINT ( 'NONE',  ( -7.318454368052815800, 7.153912947499948800, 4.490950433677190800 ) ) ;
#76 = VECTOR ( 'NONE', #7955, 1000.000000000000000 ) ;
#77 = AXIS2_PLACEMENT_3D ( 'NONE', #1367, #1347, #820 ) ;
#78 = EDGE_LOOP ( 'NONE', ( #1932, #1939, #1941, #1946, #1954, #1963, #1971, #1977 ) ) ;
#79 =( LENGTH_UNIT ( ) NAMED_UNIT ( * ) SI_UNIT ( .MILLI., .METRE. ) );
#80 = CYLINDRICAL_SURFACE ( 'NONE', #2718, 1.250000000000000000 ) ;
#81 = DIRECTION ( 'NONE',  ( 0.0000000000000000000, 0.0000000000000000000, 1.000000000000000000 ) ) ;
#82 = EDGE_CURVE ( 'NONE', #723, #3596, #981, .T. ) ;
#83 = LINE ( 'NONE', #2180, #92 ) ;
#84 =( GEOMETRIC_REPRESENTATION_CONTEXT ( 3 ) GLOBAL_UNCERTAINTY_ASSIGNED_CONTEXT ( ( #4142 ) ) GLOBAL_UNIT_ASSIGNED_CONTEXT ( ( #8127, #4394, #541 ) ) REPRESENTATION_CONTEXT ( 'NONE', 'WORKASPACE' ) );
#85 = ORIENTED_EDGE ( 'NONE', *, *, #2639, .T. ) ;
#86 = CARTESIAN_POINT ( 'NONE',  ( -7.620000000000000100, 0.0000000000000000000, -4.350000000000001400 ) ) ;
#87 = CARTESIAN_POINT ( 'NONE',  ( 7.359313922695616100, 7.278556934371540200, 4.329905225382421300 ) ) ;
#88 = CARTESIAN_POINT ( 'NONE',  ( 7.435715775340926600, 7.134245506651353700, -4.438655241419176000 ) ) ;
#89 = FACE_OUTER_BOUND ( 'NONE', #381, .T. ) ;
#90 = EDGE_LOOP ( 'NONE', ( #6229, #5233, #6333, #5814, #5651, #7472, #161, #7841, #5514, #7037, #6667, #1649 ) ) ;
#91 = STYLED_ITEM ( 'NONE', ( #2907 ), #2484 ) ;
#92 = VECTOR ( 'NONE', #3430, 1000.000000000000000 ) ;
#93 =( LENGTH_UNIT ( ) NAMED_UNIT ( * ) SI_UNIT ( .MILLI., .METRE. ) );
#94 = VECTOR ( 'NONE', #4769, 1000.000000000000000 ) ;
#95 = ORIENTED_EDGE ( 'NONE', *, *, #491, .T. ) ;
#96 = DIRECTION ( 'NONE',  ( 0.02617694830787321200, -0.9996573249755572600, -2.609756710293046200E-018 ) ) ;
#97 = CARTESIAN_POINT ( 'NONE',  ( -7.296211031906254100, 7.269086108212556000, 4.405403212481490800 ) ) ;
#98 = ORIENTED_EDGE ( 'NONE', *, *, #1579, .F. ) ;
#99 = PRESENTATION_LAYER_ASSIGNMENT (  '', '', ( #150 ) ) ;
#100 = DIRECTION ( 'NONE',  ( 0.0000000000000000000, -1.000000000000000000, 0.0000000000000000000 ) ) ;
#101 = EDGE_CURVE ( 'NONE', #2490, #6283, #5997, .T. ) ;
#102 = VERTEX_POINT ( 'NONE', #7318 ) ;
#103 = ORIENTED_EDGE ( 'NONE', *, *, #1207, .T. ) ;
#104 = CARTESIAN_POINT ( 'NONE',  ( -7.161822484923008300, 1.250000000000000000, -0.7200000000000002000 ) ) ;
#105 = FILL_AREA_STYLE ('',( #528 ) ) ;
#106 = STYLED_ITEM ( 'NONE', ( #788 ), #7196 ) ;
#107 = VERTEX_POINT ( 'NONE', #7446 ) ;
#108 = CARTESIAN_POINT ( 'NONE',  ( -7.160000000000000100, 1.899999999999999700, 3.259999999999999800 ) ) ;
#109 = DIRECTION ( 'NONE',  ( 0.0000000000000000000, 0.0000000000000000000, 1.000000000000000000 ) ) ;
#110 = ORIENTED_EDGE ( 'NONE', *, *, #672, .T. ) ;
#111 =( NAMED_UNIT ( * ) PLANE_ANGLE_UNIT ( ) SI_UNIT ( $, .RADIAN. ) );
#112 = CARTESIAN_POINT ( 'NONE',  ( -7.119999999999999200, 1.300000000000000000, 3.199999999999999700 ) ) ;
#113 = VERTEX_POINT ( 'NONE', #7509 ) ;
#114 = PLANE ( 'NONE',  #1332 ) ;
#115 = LINE ( 'NONE', #2074, #244 ) ;
#116 = ADVANCED_FACE ( 'NONE', ( #3560 ), #6818, .F. ) ;
#117 = VECTOR ( 'NONE', #1610, 1000.000000000000000 ) ;
#118 = CARTESIAN_POINT ( 'NONE',  ( 7.459702267885732300, 7.158634173696294000, -4.366131461356972400 ) ) ;
#119 = VECTOR ( 'NONE', #2936, 1000.000000000000000 ) ;
#120 = ORIENTED_EDGE ( 'NONE', *, *, #2888, .T. ) ;
#121 =( NAMED_UNIT ( * ) PLANE_ANGLE_UNIT ( ) SI_UNIT ( $, .RADIAN. ) );
#122 = FACE_OUTER_BOUND ( 'NONE', #7655, .T. ) ;
#123 = DIRECTION ( 'NONE',  ( -0.0000000000000000000, 0.0000000000000000000, -1.000000000000000000 ) ) ;
#124 = CYLINDRICAL_SURFACE ( 'NONE', #8083, 0.2999999999999999300 ) ;
#125 = DIRECTION ( 'NONE',  ( 0.0000000000000000000, 0.0000000000000000000, 1.000000000000000000 ) ) ;
#126 = LINE ( 'NONE', #7470, #2802 ) ;
#127 = DIRECTION ( 'NONE',  ( 0.0000000000000000000, -1.000000000000000000, 0.0000000000000000000 ) ) ;
#128 = CIRCLE ( 'NONE', #1502, 0.2500000000000004400 ) ;
#129 = SURFACE_STYLE_USAGE ( .BOTH. , #48 ) ;
#130 = CARTESIAN_POINT ( 'NONE',  ( -7.119999999999999200, 1.300000000000000000, -3.199999999999999700 ) ) ;
#131 = ORIENTED_EDGE ( 'NONE', *, *, #4179, .F. ) ;
#132 = DIRECTION ( 'NONE',  ( 0.4472135954999567100, -1.077488781791352200E-016, -0.8944271909999164100 ) ) ;
#133 = VECTOR ( 'NONE', #4974, 1000.000000000000000 ) ;
#134 =( GEOMETRIC_REPRESENTATION_CONTEXT ( 3 ) GLOBAL_UNCERTAINTY_ASSIGNED_CONTEXT ( ( #3306 ) ) GLOBAL_UNIT_ASSIGNED_CONTEXT ( ( #7270, #3544, #7898 ) ) REPRESENTATION_CONTEXT ( 'NONE', 'WORKASPACE' ) );
#135 = DIRECTION ( 'NONE',  ( 0.0000000000000000000, 0.0000000000000000000, 1.000000000000000000 ) ) ;
#136 = VECTOR ( 'NONE', #59, 1000.000000000000000 ) ;
#137 = DIRECTION ( 'NONE',  ( -0.0000000000000000000, -0.0000000000000000000, 1.000000000000000000 ) ) ;
#138 = DIRECTION ( 'NONE',  ( 0.0000000000000000000, 1.000000000000000000, 0.0000000000000000000 ) ) ;
#139 = EDGE_CURVE ( 'NONE', #2490, #3115, #4543, .T. ) ;
#140 = LINE ( 'NONE', #2928, #76 ) ;
#141 = EDGE_LOOP ( 'NONE', ( #4118, #4856, #4877, #5153, #3991 ) ) ;
#142 = CARTESIAN_POINT ( 'NONE',  ( 7.160000000000000100, 0.6999999999999999600, 2.020000000000000000 ) ) ;
#143 = VECTOR ( 'NONE', #269, 1000.000000000000000 ) ;
#144 = CARTESIAN_POINT ( 'NONE',  ( 2.290000000000000000, 3.049999999999999800, -5.300000000000002500 ) ) ;
#145 = CARTESIAN_POINT ( 'NONE',  ( 3.040000000000000000, -0.2499999999999997800, -5.300000000000002500 ) ) ;
#146 = DIRECTION ( 'NONE',  ( 0.0000000000000000000, -0.0000000000000000000, -1.000000000000000000 ) ) ;
#147 = CARTESIAN_POINT ( 'NONE',  ( -7.160000000000000100, 0.6999999999999999600, -0.7200000000000002000 ) ) ;
#148 = CARTESIAN_POINT ( 'NONE',  ( 7.330867588715419100, 7.196913052583598300, -4.473753099456546400 ) ) ;
#149 = DIRECTION ( 'NONE',  ( -0.6073758397232873500, -0.7944146205354176700, 0.0000000000000000000 ) ) ;
#150 = STYLED_ITEM ( 'NONE', ( #7674 ), #5386 ) ;
#151 = EDGE_CURVE ( 'NONE', #3115, #3485, #2758, .T. ) ;
#152 = ADVANCED_FACE ( 'NONE', ( #1478 ), #6090, .T. ) ;
#153 = SURFACE_STYLE_USAGE ( .BOTH. , #4090 ) ;
#154 = DIRECTION ( 'NONE',  ( 1.000000000000000000, 0.0000000000000000000, -1.865294060190115200E-016 ) ) ;
#155 = PLANE ( 'NONE',  #1933 ) ;
#156 = DIRECTION ( 'NONE',  ( 0.0000000000000000000, -1.000000000000000000, 0.0000000000000000000 ) ) ;
#157 = DIRECTION ( 'NONE',  ( -0.7944146205354176700, 0.6073758397232873500, 0.0000000000000000000 ) ) ;
#158 = DIRECTION ( 'NONE',  ( 0.4472135954999573200, 0.0000000000000000000, -0.8944271909999161900 ) ) ;
#159 = PLANE ( 'NONE',  #7146 ) ;
#160 = CARTESIAN_POINT ( 'NONE',  ( 7.280766672596897100, 7.294426546386947800, 4.346194075747809500 ) ) ;
#161 = ORIENTED_EDGE ( 'NONE', *, *, #31, .T. ) ;
#162 = AXIS2_PLACEMENT_3D ( 'NONE', #2256, #3585, #7945 ) ;
#163 = EDGE_CURVE ( 'NONE', #3485, #7244, #2727, .T. ) ;
#164 =( LENGTH_UNIT ( ) NAMED_UNIT ( * ) SI_UNIT ( .MILLI., .METRE. ) );
#165 = CARTESIAN_POINT ( 'NONE',  ( -7.268053096400543600, 7.299999999999999800, -4.298053096400543000 ) ) ;
#166 = DIRECTION ( 'NONE',  ( 0.0000000000000000000, -1.204669080539449800E-016, -1.000000000000000000 ) ) ;
#167 = DIRECTION ( 'NONE',  ( 0.0000000000000000000, -1.828634731526980300E-016, -1.000000000000000000 ) ) ;
#168 = EDGE_LOOP ( 'NONE', ( #467, #5446, #5435, #2946 ) ) ;
#169 = ORIENTED_EDGE ( 'NONE', *, *, #6971, .T. ) ;
#170 = AXIS2_PLACEMENT_3D ( 'NONE', #2688, #7103, #3350 ) ;
#171 = CARTESIAN_POINT ( 'NONE',  ( -7.394470379107756000, 7.106692120384179700, -4.479144484194736500 ) ) ;
#172 = EDGE_CURVE ( 'NONE', #5730, #7244, #176, .T. ) ;
#173 = VECTOR ( 'NONE', #3050, 1000.000000000000000 ) ;
#174 = EDGE_CURVE ( 'NONE', #4255, #7129, #1463, .T. ) ;
#175 = CARTESIAN_POINT ( 'NONE',  ( -7.160000000000000100, 0.6999999999999999600, 2.020000000000000000 ) ) ;
#176 = LINE ( 'NONE', #4484, #1445 ) ;
#177 = ORIENTED_EDGE ( 'NONE', *, *, #5496, .F. ) ;
#178 = LINE ( 'NONE', #4887, #7949 ) ;
#179 = CARTESIAN_POINT ( 'NONE',  ( 7.381775099449707300, 7.221952907830020900, -4.434301745778942200 ) ) ;
#180 = MECHANICAL_DESIGN_GEOMETRIC_PRESENTATION_REPRESENTATION (  '', ( #305 ), #84 ) ;
#181 = CARTESIAN_POINT ( 'NONE',  ( -5.440000000000000400, 0.9499999999999995100, -5.080000000000001800 ) ) ;
#182 = ORIENTED_EDGE ( 'NONE', *, *, #4413, .F. ) ;
#183 = VECTOR ( 'NONE', #7855, 1000.000000000000000 ) ;
#184 = DIRECTION ( 'NONE',  ( 0.0000000000000000000, -0.0000000000000000000, 1.000000000000000000 ) ) ;
#185 = EDGE_LOOP ( 'NONE', ( #1999, #2010, #2025, #2036 ) ) ;
#186 = CARTESIAN_POINT ( 'NONE',  ( 4.830000000000000100, -0.2499999999999998900, -5.910000000000002800 ) ) ;
#187 = CARTESIAN_POINT ( 'NONE',  ( -7.330867588716393400, 7.196913052586554100, 4.473753099456733800 ) ) ;
#188 = MECHANICAL_DESIGN_GEOMETRIC_PRESENTATION_REPRESENTATION (  '', ( #316 ), #134 ) ;
#189 = DIRECTION ( 'NONE',  ( 0.8944271909999161900, 0.0000000000000000000, 0.4472135954999573200 ) ) ;
#190 = EDGE_CURVE ( 'NONE', #4033, #1773, #1470, .T. ) ;
#191 =( LENGTH_UNIT ( ) NAMED_UNIT ( * ) SI_UNIT ( .MILLI., .METRE. ) );
#192 = CARTESIAN_POINT ( 'NONE',  ( 7.318454368058938000, 7.153912947501639900, 4.490950433676749400 ) ) ;
#193 = PRESENTATION_STYLE_ASSIGNMENT (( #2300 ) ) ;
#194 = FILL_AREA_STYLE ('',( #3100 ) ) ;
#195 = ORIENTED_EDGE ( 'NONE', *, *, #5058, .F. ) ;
#196 = EDGE_CURVE ( 'NONE', #8001, #7615, #5799, .T. ) ;
#197 = PRESENTATION_LAYER_ASSIGNMENT (  '', '', ( #305 ) ) ;
#198 = COLOUR_RGB ( '',1.000000000000000000, 1.000000000000000000, 1.000000000000000000 ) ;
#199 = ORIENTED_EDGE ( 'NONE', *, *, #6123, .T. ) ;
#200 = CARTESIAN_POINT ( 'NONE',  ( 4.830000000000003600, 0.6999999999999998400, 5.300000000000009600 ) ) ;
#201 = ADVANCED_FACE ( 'NONE', ( #8051 ), #626, .T. ) ;
#202 = PLANE ( 'NONE',  #7910 ) ;
#203 = ORIENTED_EDGE ( 'NONE', *, *, #5992, .F. ) ;
#204 = PRESENTATION_LAYER_ASSIGNMENT (  '', '', ( #316 ) ) ;
#205 = CARTESIAN_POINT ( 'NONE',  ( 4.830000000000000100, -0.2500000000000001100, -6.000000000000001800 ) ) ;
#206 = ORIENTED_EDGE ( 'NONE', *, *, #5496, .T. ) ;
#207 = CARTESIAN_POINT ( 'NONE',  ( -7.320000517603376400, 7.116844109650933200, -4.497680576364493800 ) ) ;
#208 = EDGE_CURVE ( 'NONE', #6283, #5730, #1279, .T. ) ;
#209 = CARTESIAN_POINT ( 'NONE',  ( 7.417989872328414300, 7.229807912136794600, -4.365984449083951400 ) ) ;
#210 = ORIENTED_EDGE ( 'NONE', *, *, #5445, .F. ) ;
#211 = PLANE ( 'NONE',  #1994 ) ;
#212 = VERTEX_POINT ( 'NONE', #1131 ) ;
#213 = EDGE_LOOP ( 'NONE', ( #6239, #5237, #6040, #6906 ) ) ;
#214 = AXIS2_PLACEMENT_3D ( 'NONE', #1881, #8247, #848 ) ;
#215 = CARTESIAN_POINT ( 'NONE',  ( 7.299339024137609000, 7.261564332074677900, 4.416745320334992900 ) ) ;
#216 = CARTESIAN_POINT ( 'NONE',  ( 4.830000000000000100, 1.899999999999999700, -5.300000000000002500 ) ) ;
#217 = DIRECTION ( 'NONE',  ( 0.0000000000000000000, 0.0000000000000000000, -1.000000000000000000 ) ) ;
#218 = VECTOR ( 'NONE', #6046, 1000.000000000000000 ) ;
#219 = LINE ( 'NONE', #855, #136 ) ;
#220 = CARTESIAN_POINT ( 'NONE',  ( 7.620000000000000100, 0.4999999999999997800, 3.199999999999998000 ) ) ;
#221 = AXIS2_PLACEMENT_3D ( 'NONE', #1642, #6125, #2287 ) ;
#222 = DIRECTION ( 'NONE',  ( 0.0000000000000000000, 0.0000000000000000000, 1.000000000000000000 ) ) ;
#223 = EDGE_CURVE ( 'NONE', #3208, #4549, #5216, .T. ) ;
#224 = ORIENTED_EDGE ( 'NONE', *, *, #5657, .F. ) ;
#225 = CARTESIAN_POINT ( 'NONE',  ( 5.329999999999999200, 1.899999999999999700, 5.300000000000006000 ) ) ;
#226 =( NAMED_UNIT ( * ) PLANE_ANGLE_UNIT ( ) SI_UNIT ( $, .RADIAN. ) );
#227 = VERTEX_POINT ( 'NONE', #6749 ) ;
#228 = DIRECTION ( 'NONE',  ( 0.0000000000000000000, 0.0000000000000000000, -1.000000000000000000 ) ) ;
#229 = PRESENTATION_LAYER_ASSIGNMENT (  '', '', ( #91 ) ) ;
#230 = CARTESIAN_POINT ( 'NONE',  ( 4.720000000000000600, 0.9499999999999998400, 5.080000000000001800 ) ) ;
#231 = CARTESIAN_POINT ( 'NONE',  ( -7.119999999999999200, 0.6899999999999999500, -2.069999999999999800 ) ) ;
#232 = DIRECTION ( 'NONE',  ( 0.0000000000000000000, -1.000000000000000000, 1.204669080539449800E-016 ) ) ;
#233 = ORIENTED_EDGE ( 'NONE', *, *, #5710, .F. ) ;
#234 = SURFACE_STYLE_USAGE ( .BOTH. , #4141 ) ;
#235 = EDGE_LOOP ( 'NONE', ( #3304, #6485, #7192, #6750 ) ) ;
#236 = LINE ( 'NONE', #7883, #854 ) ;
#237 = EDGE_CURVE ( 'NONE', #2181, #3256, #1256, .T. ) ;
#238 = CIRCLE ( 'NONE', #5861, 0.2500000000000002200 ) ;
#239 = LINE ( 'NONE', #6765, #6647 ) ;
#240 = DIRECTION ( 'NONE',  ( -1.000000000000000000, -0.0000000000000000000, -0.0000000000000000000 ) ) ;
#241 = CARTESIAN_POINT ( 'NONE',  ( -7.454773261490974100, 7.161173463111364200, -4.383854750247551600 ) ) ;
#242 = VERTEX_POINT ( 'NONE', #6264 ) ;
#243 = FACE_OUTER_BOUND ( 'NONE', #1578, .T. ) ;
#244 = VECTOR ( 'NONE', #5306, 1000.000000000000000 ) ;
#245 = CARTESIAN_POINT ( 'NONE',  ( 7.307093392809666600, 7.234265163963204500, -4.446452235892017800 ) ) ;
#246 = EDGE_CURVE ( 'NONE', #8001, #4128, #1242, .T. ) ;
#247 = DIRECTION ( 'NONE',  ( 0.0000000000000000000, -0.0000000000000000000, -1.000000000000000000 ) ) ;
#248 = EDGE_LOOP ( 'NONE', ( #7328, #7566, #5292, #6961 ) ) ;
#249 = EDGE_CURVE ( 'NONE', #3208, #5948, #1159, .T. ) ;
#250 = VECTOR ( 'NONE', #6403, 1000.000000000000000 ) ;
#251 = CARTESIAN_POINT ( 'NONE',  ( -4.580000000000000100, 0.6999999999999998400, 4.650000000000003000 ) ) ;
#252 = CYLINDRICAL_SURFACE ( 'NONE', #1408, 0.2999999999999999300 ) ;
#253 = DIRECTION ( 'NONE',  ( 0.0000000000000000000, 1.000000000000000000, 0.0000000000000000000 ) ) ;
#254 = FACE_OUTER_BOUND ( 'NONE', #425, .T. ) ;
#255 = EDGE_LOOP ( 'NONE', ( #8208, #199, #468, #6947, #2987, #731, #416, #867, #850, #5938, #335, #7640, #7633, #2243, #2205, #7573, #7528, #7522, #2513, #4507, #4700, #4691, #2557, #2541 ) ) ;
#256 = SURFACE_STYLE_FILL_AREA ( #7616 ) ;
#257 = AXIS2_PLACEMENT_3D ( 'NONE', #5399, #1537, #6017 ) ;
#258 = DIRECTION ( 'NONE',  ( -0.0000000000000000000, -0.9996573249755572600, -0.02617694830787321200 ) ) ;
#259 = EDGE_LOOP ( 'NONE', ( #899, #549, #4589, #7692 ) ) ;
#260 = DIRECTION ( 'NONE',  ( -0.0000000000000000000, -0.0000000000000000000, 1.000000000000000000 ) ) ;
#261 = EDGE_CURVE ( 'NONE', #5948, #3326, #1169, .T. ) ;
#262 = SURFACE_STYLE_USAGE ( .BOTH. , #4164 ) ;
#263 = AXIS2_PLACEMENT_3D ( 'NONE', #5006, #1143, #5660 ) ;
#264 = DIRECTION ( 'NONE',  ( -0.0000000000000000000, 1.204669080539449800E-016, 1.000000000000000000 ) ) ;
#265 = ORIENTED_EDGE ( 'NONE', *, *, #8069, .F. ) ;
#266 = SURFACE_STYLE_USAGE ( .BOTH. , #38 ) ;
#267 = CARTESIAN_POINT ( 'NONE',  ( -7.397895112053203300, 7.182873056282087300, -4.453172828561679200 ) ) ;
#268 = VECTOR ( 'NONE', #7999, 1000.000000000000000 ) ;
#269 = DIRECTION ( 'NONE',  ( -1.000000000000000000, 0.0000000000000000000, 0.0000000000000000000 ) ) ;
#270 = CARTESIAN_POINT ( 'NONE',  ( 7.348486828516685800, 7.254525283275823400, -4.414958123418229800 ) ) ;
#271 = EDGE_CURVE ( 'NONE', #3326, #4925, #1128, .T. ) ;
#272 = CARTESIAN_POINT ( 'NONE',  ( 7.320000000000001200, 1.300000000000000000, 4.349999999999999600 ) ) ;
#273 = EDGE_LOOP ( 'NONE', ( #3444, #5258, #4488, #7806 ) ) ;
#274 = ORIENTED_EDGE ( 'NONE', *, *, #4365, .T. ) ;
#275 = SURFACE_SIDE_STYLE ('',( #8173 ) ) ;
#276 = AXIS2_PLACEMENT_3D ( 'NONE', #4004, #72, #7721 ) ;
#277 = DIRECTION ( 'NONE',  ( -1.000000000000000000, -0.0000000000000000000, 0.0000000000000000000 ) ) ;
#278 = AXIS2_PLACEMENT_3D ( 'NONE', #5389, #5297, #5041 ) ;
#279 = CARTESIAN_POINT ( 'NONE',  ( -7.360185625135118300, 7.236116482237293600, 4.432036029648825700 ) ) ;
#280 = CARTESIAN_POINT ( 'NONE',  ( 2.290000000000000000, 3.049999999999999800, -6.000000000000001800 ) ) ;
#281 = CIRCLE ( 'NONE', #2813, 0.2500000000000002200 ) ;
#282 = DIRECTION ( 'NONE',  ( 0.6073758397232873500, 0.7944146205354176700, 0.0000000000000000000 ) ) ;
#283 = PRESENTATION_STYLE_ASSIGNMENT (( #7697 ) ) ;
#284 = ORIENTED_EDGE ( 'NONE', *, *, #2533, .F. ) ;
#285 = SURFACE_STYLE_FILL_AREA ( #3957 ) ;
#286 = DIRECTION ( 'NONE',  ( 0.0000000000000000000, -1.204669080539449800E-016, 1.000000000000000000 ) ) ;
#287 = LINE ( 'NONE', #6460, #297 ) ;
#288 = CARTESIAN_POINT ( 'NONE',  ( -5.329999999999997400, 0.0000000000000000000, 5.300000000000009600 ) ) ;
#289 = VERTEX_POINT ( 'NONE', #1041 ) ;
#290 = LINE ( 'NONE', #1388, #2735 ) ;
#291 = SURFACE_STYLE_FILL_AREA ( #194 ) ;
#292 = DIRECTION ( 'NONE',  ( 0.0000000000000000000, 1.000000000000000000, 0.0000000000000000000 ) ) ;
#293 = ORIENTED_EDGE ( 'NONE', *, *, #7346, .T. ) ;
#294 = VERTEX_POINT ( 'NONE', #2236 ) ;
#295 = VECTOR ( 'NONE', #5427, 1000.000000000000000 ) ;
#296 = CARTESIAN_POINT ( 'NONE',  ( -7.330867588272489900, 7.196913052996929000, -4.473753099265839400 ) ) ;
#297 = VECTOR ( 'NONE', #30, 1000.000000000000000 ) ;
#298 = ORIENTED_EDGE ( 'NONE', *, *, #5370, .T. ) ;
#299 = EDGE_CURVE ( 'NONE', #5647, #6611, #1119, .T. ) ;
#300 = VECTOR ( 'NONE', #7773, 1000.000000000000000 ) ;
#301 = LINE ( 'NONE', #5088, #509 ) ;
#302 = CARTESIAN_POINT ( 'NONE',  ( 7.371212674063529300, 7.266426168734146700, -4.369055309206945700 ) ) ;
#303 = LINE ( 'NONE', #1351, #4840 ) ;
#304 = ORIENTED_EDGE ( 'NONE', *, *, #2087, .F. ) ;
#305 = STYLED_ITEM ( 'NONE', ( #2634 ), #4470 ) ;
#306 = PRESENTATION_STYLE_ASSIGNMENT (( #4369 ) ) ;
#307 = ORIENTED_EDGE ( 'NONE', *, *, #648, .F. ) ;
#308 = PLANE ( 'NONE',  #162 ) ;
#309 = VECTOR ( 'NONE', #7440, 1000.000000000000000 ) ;
#310 = CARTESIAN_POINT ( 'NONE',  ( -4.829999989325327400, 0.0000000000000000000, 5.550000000000002500 ) ) ;
#311 = UNCERTAINTY_MEASURE_WITH_UNIT (LENGTH_MEASURE( 1.000000000000000100E-005 ), #4031, 'distance_accuracy_value', 'NONE');
#312 = ORIENTED_EDGE ( 'NONE', *, *, #7246, .T. ) ;
#313 = ADVANCED_FACE ( 'NONE', ( #1081 ), #1216, .T. ) ;
#314 = CARTESIAN_POINT ( 'NONE',  ( -2.289999999999999600, 0.6999999999999992900, -5.300000000000002500 ) ) ;
#315 = EDGE_LOOP ( 'NONE', ( #7900, #7135, #7968, #3489 ) ) ;
#316 = STYLED_ITEM ( 'NONE', ( #1348 ), #6507 ) ;
#317 = CARTESIAN_POINT ( 'NONE',  ( 7.446951211599468900, 7.190459303313788900, 4.344955818545626500 ) ) ;
#318 = EDGE_CURVE ( 'NONE', #3103, #4925, #1057, .T. ) ;
#319 = DIRECTION ( 'NONE',  ( -0.0000000000000000000, -0.0000000000000000000, 1.000000000000000000 ) ) ;
#320 = CARTESIAN_POINT ( 'NONE',  ( 7.299905212972711300, 7.278556928462878200, 4.389313932889337800 ) ) ;
#321 = SURFACE_STYLE_FILL_AREA ( #3739 ) ;
#322 = ORIENTED_EDGE ( 'NONE', *, *, #897, .T. ) ;
#323 = CARTESIAN_POINT ( 'NONE',  ( 7.316375507316552200, 7.268745680473654300, 4.404956645156925500 ) ) ;
#324 = VERTEX_POINT ( 'NONE', #8037 ) ;
#325 =( LENGTH_UNIT ( ) NAMED_UNIT ( * ) SI_UNIT ( .MILLI., .METRE. ) );
#326 = ORIENTED_EDGE ( 'NONE', *, *, #3300, .F. ) ;
#327 = DIRECTION ( 'NONE',  ( 0.0000000000000000000, 0.0000000000000000000, 1.000000000000000000 ) ) ;
#328 = SURFACE_STYLE_USAGE ( .BOTH. , #1385 ) ;
#329 = PRESENTATION_STYLE_ASSIGNMENT (( #6482 ) ) ;
#330 = CARTESIAN_POINT ( 'NONE',  ( -7.424512035604778700, 7.225076480558848300, -4.353276788036356300 ) ) ;
#331 = EDGE_CURVE ( 'NONE', #3103, #4549, #1032, .T. ) ;
#332 = VERTEX_POINT ( 'NONE', #6827 ) ;
#333 = LINE ( 'NONE', #1372, #640 ) ;
#334 = CARTESIAN_POINT ( 'NONE',  ( 7.386745320335022000, 7.261564332074650400, -4.329339024137607500 ) ) ;
#335 = ORIENTED_EDGE ( 'NONE', *, *, #2162, .T. ) ;
#336 = VECTOR ( 'NONE', #6655, 999.9999999999998900 ) ;
#337 = CARTESIAN_POINT ( 'NONE',  ( -7.160000000000000100, 0.6999999999999999600, 0.7200000000000002000 ) ) ;
#338 = EDGE_CURVE ( 'NONE', #4025, #1635, #1055, .T. ) ;
#339 =( NAMED_UNIT ( * ) SI_UNIT ( $, .STERADIAN. ) SOLID_ANGLE_UNIT ( ) );
#340 = SURFACE_STYLE_USAGE ( .BOTH. , #8231 ) ;
#341 = CARTESIAN_POINT ( 'NONE',  ( 7.279568070390015000, 7.300000000000000700, 4.301094192904073100 ) ) ;
#342 = B_SPLINE_SURFACE_WITH_KNOTS ( 'NONE', 3, 3, ( 
 ( #7864, #7539, #7340, #7330, #7313, #7136, #7112, #7099, #7082, #7072 ),
 ( #7051, #6890, #6883, #6862, #6728, #6694, #6661, #6644, #6610, #6502 ),
 ( #6343, #6255, #6114, #6060, #6009, #5957, #5896, #5847, #5686, #5666 ),
 ( #5661, #5639, #5529, #5485, #5469, #5327, #5323, #5096, #5062, #5035 ),
 ( #5014, #4922, #4817, #4785, #4727, #2831, #4622, #4597, #4455, #4403 ),
 ( #4371, #4368, #4344, #4329, #4219, #4192, #4064, #4012, #3895, #3841 ),
 ( #3835, #3785, #3684, #3638, #3477, #3420, #3384, #3332, #3268, #3157 ),
 ( #3149, #3105, #3076, #3011, #3592, #2960, #2934, #2912, #2724, #2695 ),
 ( #2684, #2662, #2623, #2571, #2495, #2464, #2286, #2239, #2194, #2145 ),
 ( #2114, #2031, #1986, #1853, #1792, #1764, #1658, #1620, #1591, #1527 ),
 ( #1500, #1433, #1361, #1342, #1308, #1176, #1150, #1144, #1031, #967 ),
 ( #958, #939, #896, #815, #759, #728, #674, #644, #598, #578 ),
 ( #3753, #517, #481, #452, #8104, #388, #7285, #323, #6489, #215 ),
 ( #5352, #87, #52, #4419, #7831, #8011, #6724, #7838, #320, #7343 ),
 ( #7618, #7035, #7018, #6795, #6148, #6740, #6766, #6387, #5803, #5144 ),
 ( #4897, #4865, #4732, #4647, #6440, #3923, #3661, #3643, #3293, #1398 ),
 ( #3033, #3009, #2568, #2784, #2392, #2682, #3473, #2749, #1903, #2295 ),
 ( #2314, #1761, #4537, #1875, #1000, #1530, #1949, #1521, #1770, #1148 ),
 ( #1459, #1026, #7997, #486, #810, #423, #8218, #8241, #8109, #8026 ),
 ( #7986, #7985, #7778, #7664, #7641, #7469, #7445, #7395, #7378, #7371 ) ),
 .UNSPECIFIED., .F., .F., .F.,
 ( 4, 2, 2, 2, 2, 2, 2, 2, 2, 4 ),
 ( 4, 2, 2, 2, 4 ),
 ( 0.0000000000000000000, 0.1190919775370640600, 0.2381839550741281200, 0.3677971626966308200, 0.4326037665078821300, 0.4974103703191334900, 0.6276388186690260400, 0.7578672670189187100, 0.8789336335094593000, 1.000000000000000000 ),
 ( 0.0000000000000000000, 0.2500000000000000000, 0.5000000000000000000, 0.7500000000000000000, 1.000000000000000000 ),
 .UNSPECIFIED. ) ;
#343 = DIRECTION ( 'NONE',  ( 0.0000000000000000000, -1.000000000000000000, 0.0000000000000000000 ) ) ;
#344 = ORIENTED_EDGE ( 'NONE', *, *, #2696, .T. ) ;
#345 = DIRECTION ( 'NONE',  ( 1.000000000000000000, 0.0000000000000000000, 0.0000000000000000000 ) ) ;
#346 = PLANE ( 'NONE',  #3853 ) ;
#347 = LINE ( 'NONE', #6252, #8178 ) ;
#348 = VECTOR ( 'NONE', #7535, 1000.000000000000000 ) ;
#349 = FILL_AREA_STYLE_COLOUR ( '', #4048 ) ;
#350 = DIRECTION ( 'NONE',  ( -1.000000000000000000, 0.0000000000000000000, 0.0000000000000000000 ) ) ;
#351 = CARTESIAN_POINT ( 'NONE',  ( 7.160000000000000100, 0.6999999999999999600, 3.259999999999999800 ) ) ;
#352 = FILL_AREA_STYLE_COLOUR ( '', #4117 ) ;
#353 = ORIENTED_EDGE ( 'NONE', *, *, #3528, .T. ) ;
#354 = CARTESIAN_POINT ( 'NONE',  ( -7.388628082392697700, 7.242566341854593600, -4.398297202367031900 ) ) ;
#355 = AXIS2_PLACEMENT_3D ( 'NONE', #5876, #5923, #6296 ) ;
#356 = UNCERTAINTY_MEASURE_WITH_UNIT (LENGTH_MEASURE( 1.000000000000000100E-005 ), #3519, 'distance_accuracy_value', 'NONE');
#357 = CARTESIAN_POINT ( 'NONE',  ( 7.301423792664154500, 7.285445309557858600, -4.373092503136703600 ) ) ;
#358 = COLOUR_RGB ( '',1.000000000000000000, 1.000000000000000000, 1.000000000000000000 ) ;
#359 = DIRECTION ( 'NONE',  ( -0.0000000000000000000, 1.000000000000000000, -0.0000000000000000000 ) ) ;
#360 = VECTOR ( 'NONE', #5808, 1000.000000000000000 ) ;
#361 = EDGE_CURVE ( 'NONE', #6949, #2933, #1013, .T. ) ;
#362 =( LENGTH_UNIT ( ) NAMED_UNIT ( * ) SI_UNIT ( .MILLI., .METRE. ) );
#363 = EDGE_CURVE ( 'NONE', #1635, #5188, #1978, .T. ) ;
#364 = LINE ( 'NONE', #495, #5981 ) ;
#365 = ORIENTED_EDGE ( 'NONE', *, *, #2667, .T. ) ;
#366 = CARTESIAN_POINT ( 'NONE',  ( 7.160000000000000100, 0.6999999999999999600, 0.6699999999999987100 ) ) ;
#367 = VECTOR ( 'NONE', #4042, 1000.000000000000000 ) ;
#368 =( LENGTH_UNIT ( ) NAMED_UNIT ( * ) SI_UNIT ( .MILLI., .METRE. ) );
#369 = PRESENTATION_STYLE_ASSIGNMENT (( #2394 ) ) ;
#370 = PLANE ( 'NONE',  #7478 ) ;
#371 = ADVANCED_FACE ( 'NONE', ( #1070 ), #4963, .F. ) ;
#372 =( GEOMETRIC_REPRESENTATION_CONTEXT ( 3 ) GLOBAL_UNCERTAINTY_ASSIGNED_CONTEXT ( ( #3470 ) ) GLOBAL_UNIT_ASSIGNED_CONTEXT ( ( #4133, #226, #4741 ) ) REPRESENTATION_CONTEXT ( 'NONE', 'WORKASPACE' ) );
#373 =( LENGTH_UNIT ( ) NAMED_UNIT ( * ) SI_UNIT ( .MILLI., .METRE. ) );
#374 = CARTESIAN_POINT ( 'NONE',  ( -7.301710463000782500, 7.300000000000001600, -4.306941985193107700 ) ) ;
#375 = CARTESIAN_POINT ( 'NONE',  ( -7.460000000000000000, 0.6999999999999999600, 0.7200000000000002000 ) ) ;
#376 = DIRECTION ( 'NONE',  ( 0.0000000000000000000, 1.000000000000000000, -1.777380610631973500E-016 ) ) ;
#377 = VECTOR ( 'NONE', #5300, 1000.000000000000000 ) ;
#378 = ORIENTED_EDGE ( 'NONE', *, *, #6061, .T. ) ;
#379 = CARTESIAN_POINT ( 'NONE',  ( -7.329845320610187000, 7.244428336893876400, -4.434624796896184100 ) ) ;
#380 = SURFACE_STYLE_FILL_AREA ( #2764 ) ;
#381 = EDGE_LOOP ( 'NONE', ( #4766, #7937, #7107, #7161 ) ) ;
#382 = CARTESIAN_POINT ( 'NONE',  ( 7.310396105973772800, 7.294412108731029000, -4.333091635712816200 ) ) ;
#383 = DIRECTION ( 'NONE',  ( 0.0000000000000000000, -1.000000000000000000, 0.0000000000000000000 ) ) ;
#384 = CARTESIAN_POINT ( 'NONE',  ( 3.040000000000000000, 0.6999999999999994000, -5.300000000000002500 ) ) ;
#385 = EDGE_CURVE ( 'NONE', #4255, #4861, #3305, .T. ) ;
#386 = SURFACE_STYLE_FILL_AREA ( #1456 ) ;
#387 = VERTEX_POINT ( 'NONE', #1073 ) ;
#388 = CARTESIAN_POINT ( 'NONE',  ( 7.340194377764808200, 7.273875216930491700, 4.384886207896845400 ) ) ;
#389 = VECTOR ( 'NONE', #5768, 1000.000000000000000 ) ;
#390 = DIRECTION ( 'NONE',  ( 0.0000000000000000000, -1.000000000000000000, 0.0000000000000000000 ) ) ;
#391 = VECTOR ( 'NONE', #7730, 1000.000000000000000 ) ;
#392 = ORIENTED_EDGE ( 'NONE', *, *, #3365, .F. ) ;
#393 =( GEOMETRIC_REPRESENTATION_CONTEXT ( 3 ) GLOBAL_UNCERTAINTY_ASSIGNED_CONTEXT ( ( #6754 ) ) GLOBAL_UNIT_ASSIGNED_CONTEXT ( ( #1364, #5866, #2020 ) ) REPRESENTATION_CONTEXT ( 'NONE', 'WORKASPACE' ) );
#394 = LINE ( 'NONE', #5250, #67 ) ;
#395 = ADVANCED_FACE ( 'NONE', ( #876 ), #3040, .F. ) ;
#396 = CARTESIAN_POINT ( 'NONE',  ( -7.460000000000000000, 0.8599999999999999900, 2.020000000000000000 ) ) ;
#397 = SURFACE_STYLE_USAGE ( .BOTH. , #432 ) ;
#398 = DIRECTION ( 'NONE',  ( -1.000000000000000000, 0.0000000000000000000, 9.326470300950576100E-017 ) ) ;
#399 = FILL_AREA_STYLE ('',( #7428 ) ) ;
#400 = VECTOR ( 'NONE', #1, 1000.000000000000000 ) ;
#401 = DIRECTION ( 'NONE',  ( -0.0000000000000000000, -0.0000000000000000000, -1.000000000000000000 ) ) ;
#402 = ORIENTED_EDGE ( 'NONE', *, *, #2362, .F. ) ;
#403 = PRESENTATION_STYLE_ASSIGNMENT (( #8220 ) ) ;
#404 = ORIENTED_EDGE ( 'NONE', *, *, #3922, .F. ) ;
#405 = ORIENTED_EDGE ( 'NONE', *, *, #950, .F. ) ;
#406 = DIRECTION ( 'NONE',  ( 0.0000000000000000000, 1.000000000000000000, 0.0000000000000000000 ) ) ;
#407 = CARTESIAN_POINT ( 'NONE',  ( -6.948407623149841500, 1.899999999999999700, -2.069999999999999800 ) ) ;
#408 = CARTESIAN_POINT ( 'NONE',  ( -7.466698545625533300, 7.154346350554204600, -4.350001086620878300 ) ) ;
#409 =( GEOMETRIC_REPRESENTATION_CONTEXT ( 3 ) GLOBAL_UNCERTAINTY_ASSIGNED_CONTEXT ( ( #1866 ) ) GLOBAL_UNIT_ASSIGNED_CONTEXT ( ( #3741, #8103, #4367 ) ) REPRESENTATION_CONTEXT ( 'NONE', 'WORKASPACE' ) );
#410 = CARTESIAN_POINT ( 'NONE',  ( -6.269999999999999600, 0.6999999999999998400, -3.259999999999999300 ) ) ;
#411 = LINE ( 'NONE', #1975, #400 ) ;
#412 = ORIENTED_EDGE ( 'NONE', *, *, #3578, .T. ) ;
#413 = LINE ( 'NONE', #1260, #389 ) ;
#414 =( GEOMETRIC_REPRESENTATION_CONTEXT ( 3 ) GLOBAL_UNCERTAINTY_ASSIGNED_CONTEXT ( ( #7909 ) ) GLOBAL_UNIT_ASSIGNED_CONTEXT ( ( #93, #121, #1721 ) ) REPRESENTATION_CONTEXT ( 'NONE', 'WORKASPACE' ) );
#415 = ORIENTED_EDGE ( 'NONE', *, *, #7437, .T. ) ;
#416 = ORIENTED_EDGE ( 'NONE', *, *, #2558, .T. ) ;
#417 = DIRECTION ( 'NONE',  ( -0.4472135954999567100, 0.0000000000000000000, 0.8944271909999164100 ) ) ;
#418 = CARTESIAN_POINT ( 'NONE',  ( -7.397221497757531200, 7.253297392573502500, -4.332081799705623100 ) ) ;
#419 = ORIENTED_EDGE ( 'NONE', *, *, #2683, .F. ) ;
#420 = CARTESIAN_POINT ( 'NONE',  ( 7.313232745091567300, 7.295109410483306100, -4.313920321192642700 ) ) ;
#421 = MECHANICAL_DESIGN_GEOMETRIC_PRESENTATION_REPRESENTATION (  '', ( #535 ), #409 ) ;
#422 = DIRECTION ( 'NONE',  ( 0.0000000000000000000, 1.000000000000000000, 0.0000000000000000000 ) ) ;
#423 = CARTESIAN_POINT ( 'NONE',  ( 7.274600976975931700, 7.300000000000000700, 4.305993812021768900 ) ) ;
#424 = DIRECTION ( 'NONE',  ( -1.000000000000000000, -0.0000000000000000000, -0.0000000000000000000 ) ) ;
#425 = EDGE_LOOP ( 'NONE', ( #5999, #7217, #3192, #2838 ) ) ;
#426 = DIRECTION ( 'NONE',  ( 0.1736481776669303300, 0.9848077530122081300, 3.338803953625401000E-016 ) ) ;
#427 = EDGE_LOOP ( 'NONE', ( #8138, #1857, #5410, #7565 ) ) ;
#428 = DIRECTION ( 'NONE',  ( 0.0000000000000000000, 1.000000000000000000, 0.0000000000000000000 ) ) ;
#429 = CARTESIAN_POINT ( 'NONE',  ( 4.830000000000000100, 1.899999999999999700, -5.300000000000002500 ) ) ;
#430 = MECHANICAL_DESIGN_GEOMETRIC_PRESENTATION_REPRESENTATION (  '', ( #597 ), #372 ) ;
#431 = ORIENTED_EDGE ( 'NONE', *, *, #299, .F. ) ;
#432 = SURFACE_SIDE_STYLE ('',( #2349 ) ) ;
#433 =( LENGTH_UNIT ( ) NAMED_UNIT ( * ) SI_UNIT ( .MILLI., .METRE. ) );
#434 =( LENGTH_UNIT ( ) NAMED_UNIT ( * ) SI_UNIT ( .MILLI., .METRE. ) );
#435 = ORIENTED_EDGE ( 'NONE', *, *, #4711, .T. ) ;
#436 = ORIENTED_EDGE ( 'NONE', *, *, #4573, .T. ) ;
#437 = EDGE_CURVE ( 'NONE', #4317, #5188, #3292, .T. ) ;
#438 = CARTESIAN_POINT ( 'NONE',  ( -7.460000000000000000, 0.6999999999999999600, 2.020000000000000000 ) ) ;
#439 = VECTOR ( 'NONE', #5881, 1000.000000000000000 ) ;
#440 = CYLINDRICAL_SURFACE ( 'NONE', #2013, 0.2500000000000002200 ) ;
#441 = CARTESIAN_POINT ( 'NONE',  ( 7.397225182192278800, 7.106755979990135900, -4.482000280289731200 ) ) ;
#442 =( NAMED_UNIT ( * ) SI_UNIT ( $, .STERADIAN. ) SOLID_ANGLE_UNIT ( ) );
#443 = ORIENTED_EDGE ( 'NONE', *, *, #5605, .F. ) ;
#444 = SURFACE_SIDE_STYLE ('',( #1467 ) ) ;
#445 = EDGE_LOOP ( 'NONE', ( #4202, #404, #2156, #1788 ) ) ;
#446 = CARTESIAN_POINT ( 'NONE',  ( 7.160000000000000100, 0.4999999999999998900, -3.200000000000001100 ) ) ;
#447 = LINE ( 'NONE', #1686, #553 ) ;
#448 = ADVANCED_FACE ( 'NONE', ( #874 ), #7123, .T. ) ;
#449 = VECTOR ( 'NONE', #3291, 1000.000000000000000 ) ;
#450 = EDGE_CURVE ( 'NONE', #4317, #332, #859, .T. ) ;
#451 = VERTEX_POINT ( 'NONE', #3670 ) ;
#452 = CARTESIAN_POINT ( 'NONE',  ( 7.361857270312856200, 7.272849311533464700, 4.362473627608224500 ) ) ;
#453 = ORIENTED_EDGE ( 'NONE', *, *, #1784, .T. ) ;
#454 = CYLINDRICAL_SURFACE ( 'NONE', #7975, 0.2999999999999999300 ) ;
#455 = CARTESIAN_POINT ( 'NONE',  ( 7.271808586455034800, 7.300000000000000700, -4.308831183975131700 ) ) ;
#456 = CARTESIAN_POINT ( 'NONE',  ( -4.580000000000000100, -1.084202172485504400E-016, 5.910000000000002800 ) ) ;
#457 = CARTESIAN_POINT ( 'NONE',  ( 2.790000000000000500, 0.0000000000000000000, -5.550000000000002500 ) ) ;
#458 = EDGE_LOOP ( 'NONE', ( #2393, #3756, #7057, #3003 ) ) ;
#459 = DIRECTION ( 'NONE',  ( 1.000000000000000000, 0.0000000000000000000, 0.0000000000000000000 ) ) ;
#460 = LINE ( 'NONE', #1759, #336 ) ;
#461 = PRESENTATION_STYLE_ASSIGNMENT (( #1829 ) ) ;
#462 = CARTESIAN_POINT ( 'NONE',  ( -7.160000000000000100, 0.6999999999999999600, -3.259999999999999800 ) ) ;
#463 = PLANE ( 'NONE',  #6525 ) ;
#464 = PRESENTATION_LAYER_ASSIGNMENT (  '', '', ( #535 ) ) ;
#465 = DIRECTION ( 'NONE',  ( 0.0000000000000000000, 1.000000000000000000, 0.0000000000000000000 ) ) ;
#466 = PLANE ( 'NONE',  #3632 ) ;
#467 = ORIENTED_EDGE ( 'NONE', *, *, #1757, .F. ) ;
#468 = ORIENTED_EDGE ( 'NONE', *, *, #4582, .T. ) ;
#469 = ORIENTED_EDGE ( 'NONE', *, *, #1728, .F. ) ;
#470 = ADVANCED_FACE ( 'NONE', ( #4646 ), #3283, .T. ) ;
#471 = AXIS2_PLACEMENT_3D ( 'NONE', #7139, #7273, #2726 ) ;
#472 = CARTESIAN_POINT ( 'NONE',  ( -7.291757689262044400, 7.298890286592131500, 4.304314320597267600 ) ) ;
#473 = EDGE_CURVE ( 'NONE', #332, #4025, #828, .T. ) ;
#474 = DIRECTION ( 'NONE',  ( -1.000000000000000000, 0.0000000000000000000, 9.326470300950576100E-017 ) ) ;
#475 = DIRECTION ( 'NONE',  ( -0.0000000000000000000, -0.0000000000000000000, -1.000000000000000000 ) ) ;
#476 = CARTESIAN_POINT ( 'NONE',  ( 2.290000000000000000, 0.9499999999999994000, -5.550000000000002500 ) ) ;
#477 = EDGE_LOOP ( 'NONE', ( #4462, #3573, #2563, #6180 ) ) ;
#478 = FACE_OUTER_BOUND ( 'NONE', #1076, .T. ) ;
#479 = ORIENTED_EDGE ( 'NONE', *, *, #3168, .T. ) ;
#480 = DIRECTION ( 'NONE',  ( 0.0000000000000000000, 1.828634731526981100E-016, -1.000000000000000000 ) ) ;
#481 = CARTESIAN_POINT ( 'NONE',  ( 7.374956640809483800, 7.268745683343861500, 4.346375509992880900 ) ) ;
#482 = AXIS2_PLACEMENT_3D ( 'NONE', #7516, #8238, #2985 ) ;
#483 = CARTESIAN_POINT ( 'NONE',  ( 7.268053096400541900, 7.300000000000000700, -4.298053096400543000 ) ) ;
#484 = LINE ( 'NONE', #3576, #4135 ) ;
#485 = CARTESIAN_POINT ( 'NONE',  ( -2.039999999999999600, 0.9499999999999994000, -5.550000000000002500 ) ) ;
#486 = CARTESIAN_POINT ( 'NONE',  ( 7.276693033007231500, 7.300000000000000700, 4.303907377058785700 ) ) ;
#487 = ORIENTED_EDGE ( 'NONE', *, *, #2888, .F. ) ;
#488 = PRESENTATION_STYLE_ASSIGNMENT (( #7433 ) ) ;
#489 = ORIENTED_EDGE ( 'NONE', *, *, #2401, .F. ) ;
#490 =( LENGTH_UNIT ( ) NAMED_UNIT ( * ) SI_UNIT ( .MILLI., .METRE. ) );
#491 = EDGE_CURVE ( 'NONE', #3215, #5167, #837, .T. ) ;
#492 =( NAMED_UNIT ( * ) SI_UNIT ( $, .STERADIAN. ) SOLID_ANGLE_UNIT ( ) );
#493 = FACE_OUTER_BOUND ( 'NONE', #4796, .T. ) ;
#494 = B_SPLINE_CURVE_WITH_KNOTS ( 'NONE', 3,
 ( #8072, #7435, #472, #4967, #1106, #5634, #1756, #6241, #2411, #6857, #3096, #7458, #3737, #8098, #4360, #502, #4999, #1135, #5652, #1782 ),
 .UNSPECIFIED., .F., .F.,
 ( 4, 2, 2, 2, 2, 2, 2, 2, 2, 4 ),
 ( 0.0000000000000000000, 0.1210663664907274400, 0.2421327329814549900, 0.3723611813313091300, 0.5025896296811632700, 0.5673962334924013100, 0.6322028373036394600, 0.7618160449261155400, 0.8809080224630577700, 1.000000000000000000 ),
 .UNSPECIFIED. ) ;
#495 = CARTESIAN_POINT ( 'NONE',  ( 6.948407623149841500, 1.899999999999999700, -2.070000000000001200 ) ) ;
#496 = DIRECTION ( 'NONE',  ( 0.1736481776669303300, -0.9848077530122081300, -1.619524571824814700E-017 ) ) ;
#497 = DIRECTION ( 'NONE',  ( -0.0000000000000000000, 1.000000000000000000, -0.0000000000000000000 ) ) ;
#498 = ORIENTED_EDGE ( 'NONE', *, *, #6162, .F. ) ;
#499 = AXIS2_PLACEMENT_3D ( 'NONE', #11, #6407, #793 ) ;
#500 = FILL_AREA_STYLE_COLOUR ( '', #8206 ) ;
#501 = LINE ( 'NONE', #7255, #3708 ) ;
#502 = CARTESIAN_POINT ( 'NONE',  ( -7.457176294355329900, 7.166261939744290800, 4.347528216487159400 ) ) ;
#503 = DIRECTION ( 'NONE',  ( 0.0000000000000000000, 0.0000000000000000000, 1.000000000000000000 ) ) ;
#504 = VECTOR ( 'NONE', #2323, 1000.000000000000000 ) ;
#505 = ORIENTED_EDGE ( 'NONE', *, *, #3805, .T. ) ;
#506 = DIRECTION ( 'NONE',  ( 0.0000000000000000000, 0.0000000000000000000, 1.000000000000000000 ) ) ;
#507 = EDGE_LOOP ( 'NONE', ( #4372, #5576, #5717, #4271 ) ) ;
#508 = LINE ( 'NONE', #1960, #5917 ) ;
#509 = VECTOR ( 'NONE', #2570, 1000.000000000000100 ) ;
#510 =( LENGTH_UNIT ( ) NAMED_UNIT ( * ) SI_UNIT ( .MILLI., .METRE. ) );
#511 = EDGE_LOOP ( 'NONE', ( #3222, #2935, #5383, #3434 ) ) ;
#512 = ADVANCED_FACE ( 'NONE', ( #4226 ), #603, .F. ) ;
#513 = VERTEX_POINT ( 'NONE', #1098 ) ;
#514 = DIRECTION ( 'NONE',  ( -0.4472135954999567100, 0.0000000000000000000, 0.8944271909999164100 ) ) ;
#515 = CARTESIAN_POINT ( 'NONE',  ( -7.314955818545565900, 7.190459303313717900, 4.476951211599493200 ) ) ;
#516 = EDGE_CURVE ( 'NONE', #5034, #3215, #3548, .T. ) ;
#517 = CARTESIAN_POINT ( 'NONE',  ( 7.381084942535496300, 7.265667961699373100, 4.337998148220277600 ) ) ;
#518 = AXIS2_PLACEMENT_3D ( 'NONE', #8081, #4343, #480 ) ;
#519 = ORIENTED_EDGE ( 'NONE', *, *, #5697, .T. ) ;
#520 = DIRECTION ( 'NONE',  ( -0.0000000000000000000, 1.000000000000000000, -0.0000000000000000000 ) ) ;
#521 = DIRECTION ( 'NONE',  ( -0.0000000000000000000, 0.0000000000000000000, 1.000000000000000000 ) ) ;
#522 = MECHANICAL_DESIGN_GEOMETRIC_PRESENTATION_REPRESENTATION (  '', ( #774 ), #393 ) ;
#523 = VERTEX_POINT ( 'NONE', #1725 ) ;
#524 = DIRECTION ( 'NONE',  ( -0.0000000000000000000, 1.000000000000000000, -0.0000000000000000000 ) ) ;
#525 = PLANE ( 'NONE',  #6102 ) ;
#526 = CARTESIAN_POINT ( 'NONE',  ( -5.580000000000000100, 0.9499999999999995100, -4.650000000000003000 ) ) ;
#527 = CARTESIAN_POINT ( 'NONE',  ( -5.580000000000000100, 0.6999999999999998400, 4.650000000000003000 ) ) ;
#528 = FILL_AREA_STYLE_COLOUR ( '', #805 ) ;
#529 = ORIENTED_EDGE ( 'NONE', *, *, #5159, .T. ) ;
#530 =( GEOMETRIC_REPRESENTATION_CONTEXT ( 3 ) GLOBAL_UNCERTAINTY_ASSIGNED_CONTEXT ( ( #6304 ) ) GLOBAL_UNIT_ASSIGNED_CONTEXT ( ( #4380, #4803, #4312 ) ) REPRESENTATION_CONTEXT ( 'NONE', 'WORKASPACE' ) );
#531 = UNCERTAINTY_MEASURE_WITH_UNIT (LENGTH_MEASURE( 1.000000000000000100E-005 ), #689, 'distance_accuracy_value', 'NONE');
#532 = DIRECTION ( 'NONE',  ( -0.0000000000000000000, 0.0000000000000000000, -1.000000000000000000 ) ) ;
#533 = ORIENTED_EDGE ( 'NONE', *, *, #4270, .F. ) ;
#534 = DIRECTION ( 'NONE',  ( 0.0000000000000000000, 0.0000000000000000000, 1.000000000000000000 ) ) ;
#535 = STYLED_ITEM ( 'NONE', ( #1997 ), #4447 ) ;
#536 = DIRECTION ( 'NONE',  ( -1.000000000000000000, 0.0000000000000000000, 0.0000000000000000000 ) ) ;
#537 = FACE_OUTER_BOUND ( 'NONE', #2164, .T. ) ;
#538 = ORIENTED_EDGE ( 'NONE', *, *, #4802, .F. ) ;
#539 = LINE ( 'NONE', #8007, #582 ) ;
#540 = VERTEX_POINT ( 'NONE', #1672 ) ;
#541 =( NAMED_UNIT ( * ) SI_UNIT ( $, .STERADIAN. ) SOLID_ANGLE_UNIT ( ) );
#542 = MECHANICAL_DESIGN_GEOMETRIC_PRESENTATION_REPRESENTATION (  '', ( #693 ), #530 ) ;
#543 = EDGE_CURVE ( 'NONE', #757, #5034, #8250, .T. ) ;
#544 = DIRECTION ( 'NONE',  ( 1.000000000000000000, -0.0000000000000000000, -0.0000000000000000000 ) ) ;
#545 = CARTESIAN_POINT ( 'NONE',  ( -7.457176294356462300, 7.166261939741007200, 4.347528216476862700 ) ) ;
#546 = EDGE_LOOP ( 'NONE', ( #1753, #1806, #1814, #1833 ) ) ;
#547 = UNCERTAINTY_MEASURE_WITH_UNIT (LENGTH_MEASURE( 1.000000000000000100E-005 ), #6576, 'distance_accuracy_value', 'NONE');
#548 =( NAMED_UNIT ( * ) PLANE_ANGLE_UNIT ( ) SI_UNIT ( $, .RADIAN. ) );
#549 = ORIENTED_EDGE ( 'NONE', *, *, #5880, .T. ) ;
#550 = ORIENTED_EDGE ( 'NONE', *, *, #1116, .F. ) ;
#551 = DIRECTION ( 'NONE',  ( 0.0000000000000000000, 0.0000000000000000000, 1.000000000000000000 ) ) ;
#552 = CARTESIAN_POINT ( 'NONE',  ( 7.619999999999999200, 1.300000000000000000, 2.069999999999999000 ) ) ;
#553 = VECTOR ( 'NONE', #2030, 1000.000000000000000 ) ;
#554 = PLANE ( 'NONE',  #5742 ) ;
#555 = EDGE_CURVE ( 'NONE', #1186, #757, #3275, .T. ) ;
#556 = VERTEX_POINT ( 'NONE', #3088 ) ;
#557 = DIRECTION ( 'NONE',  ( -9.969675149291993300E-017, 3.226557990323826000E-034, -1.000000000000000000 ) ) ;
#558 = LINE ( 'NONE', #8044, #7030 ) ;
#559 = ADVANCED_FACE ( 'NONE', ( #4241 ), #3281, .F. ) ;
#560 = DIRECTION ( 'NONE',  ( 0.0000000000000000000, 1.000000000000000000, 0.0000000000000000000 ) ) ;
#561 = DIRECTION ( 'NONE',  ( 1.000000000000000000, 0.0000000000000000000, -9.326470300950576100E-017 ) ) ;
#562 = VECTOR ( 'NONE', #286, 1000.000000000000000 ) ;
#563 = VERTEX_POINT ( 'NONE', #4240 ) ;
#564 = VERTEX_POINT ( 'NONE', #6211 ) ;
#565 = PLANE ( 'NONE',  #2473 ) ;
#566 = LINE ( 'NONE', #7538, #23 ) ;
#567 = FACE_OUTER_BOUND ( 'NONE', #2241, .T. ) ;
#568 = AXIS2_PLACEMENT_3D ( 'NONE', #6718, #2948, #7319 ) ;
#569 = EDGE_CURVE ( 'NONE', #4255, #3208, #669, .T. ) ;
#570 = UNCERTAINTY_MEASURE_WITH_UNIT (LENGTH_MEASURE( 1.000000000000000100E-005 ), #8042, 'distance_accuracy_value', 'NONE');
#571 = PLANE ( 'NONE',  #8053 ) ;
#572 = LINE ( 'NONE', #2591, #951 ) ;
#573 = CARTESIAN_POINT ( 'NONE',  ( -7.361857270312190100, 7.272849311533575700, -4.362473627607699600 ) ) ;
#574 = CARTESIAN_POINT ( 'NONE',  ( -2.039999999999999100, 0.6999999999999994000, -4.650000000000001200 ) ) ;
#575 = SURFACE_STYLE_FILL_AREA ( #5481 ) ;
#576 = PRESENTATION_LAYER_ASSIGNMENT (  '', '', ( #774 ) ) ;
#577 = VECTOR ( 'NONE', #7147, 1000.000000000000000 ) ;
#578 = CARTESIAN_POINT ( 'NONE',  ( 7.302081799705621100, 7.253297392573493600, 4.427221497757512800 ) ) ;
#579 = CARTESIAN_POINT ( 'NONE',  ( -3.039999999999999100, 0.9499999999999995100, -4.800000000000002500 ) ) ;
#580 = DIRECTION ( 'NONE',  ( 0.0000000000000000000, -1.000000000000000000, 0.0000000000000000000 ) ) ;
#581 = VECTOR ( 'NONE', #2618, 1000.000000000000000 ) ;
#582 = VECTOR ( 'NONE', #8063, 999.9999999999998900 ) ;
#583 =( NAMED_UNIT ( * ) PLANE_ANGLE_UNIT ( ) SI_UNIT ( $, .RADIAN. ) );
#584 = FACE_BOUND ( 'NONE', #2456, .T. ) ;
#585 =( LENGTH_UNIT ( ) NAMED_UNIT ( * ) SI_UNIT ( .MILLI., .METRE. ) );
#586 = FACE_OUTER_BOUND ( 'NONE', #315, .T. ) ;
#587 = PLANE ( 'NONE',  #3940 ) ;
#588 = DIRECTION ( 'NONE',  ( 0.0000000000000000000, -1.000000000000000000, 0.0000000000000000000 ) ) ;
#589 = DIRECTION ( 'NONE',  ( -1.000000000000000000, 0.0000000000000000000, 0.0000000000000000000 ) ) ;
#590 = FACE_OUTER_BOUND ( 'NONE', #1382, .T. ) ;
#591 = PRESENTATION_LAYER_ASSIGNMENT (  '', '', ( #693 ) ) ;
#592 = FACE_OUTER_BOUND ( 'NONE', #3234, .T. ) ;
#593 = LINE ( 'NONE', #8016, #3540 ) ;
#594 = VECTOR ( 'NONE', #5776, 1000.000000000000000 ) ;
#595 = CARTESIAN_POINT ( 'NONE',  ( -7.318793059142027600, 7.283393067740160400, -4.372729071137273500 ) ) ;
#596 =( NAMED_UNIT ( * ) SI_UNIT ( $, .STERADIAN. ) SOLID_ANGLE_UNIT ( ) );
#597 = STYLED_ITEM ( 'NONE', ( #4269 ), #6474 ) ;
#598 = CARTESIAN_POINT ( 'NONE',  ( 7.311781620385316300, 7.258071493008603900, 4.421508836055558300 ) ) ;
#599 = CARTESIAN_POINT ( 'NONE',  ( -2.899999999999999900, 0.6999999999999994000, -5.080000000000001800 ) ) ;
#600 = FACE_OUTER_BOUND ( 'NONE', #4231, .T. ) ;
#601 = VERTEX_POINT ( 'NONE', #5160 ) ;
#602 = COLOUR_RGB ( '',1.000000000000000000, 1.000000000000000000, 1.000000000000000000 ) ;
#603 = PLANE ( 'NONE',  #8210 ) ;
#604 = FILL_AREA_STYLE ('',( #2556 ) ) ;
#605 = COLOUR_RGB ( '',1.000000000000000000, 1.000000000000000000, 1.000000000000000000 ) ;
#606 = ORIENTED_EDGE ( 'NONE', *, *, #5385, .T. ) ;
#607 = VECTOR ( 'NONE', #799, 1000.000000000000000 ) ;
#608 = LINE ( 'NONE', #144, #2876 ) ;
#609 = DIRECTION ( 'NONE',  ( 0.0000000000000000000, 0.0000000000000000000, -1.000000000000000000 ) ) ;
#610 = VECTOR ( 'NONE', #5597, 1000.000000000000000 ) ;
#611 = ORIENTED_EDGE ( 'NONE', *, *, #4835, .F. ) ;
#612 =( LENGTH_UNIT ( ) NAMED_UNIT ( * ) SI_UNIT ( .MILLI., .METRE. ) );
#613 = VECTOR ( 'NONE', #5865, 1000.000000000000000 ) ;
#614 = DIRECTION ( 'NONE',  ( -0.1736481776669303300, 0.9848077530122081300, 4.044609567351224300E-016 ) ) ;
#615 = CARTESIAN_POINT ( 'NONE',  ( 7.462096897555509800, 7.154992268588589600, -4.348707280176668600 ) ) ;
#616 = EDGE_CURVE ( 'NONE', #1186, #5167, #667, .T. ) ;
#617 = DIRECTION ( 'NONE',  ( -1.000000000000000000, 0.0000000000000000000, -0.0000000000000000000 ) ) ;
#618 = ORIENTED_EDGE ( 'NONE', *, *, #4166, .F. ) ;
#619 = COLOUR_RGB ( '',1.000000000000000000, 1.000000000000000000, 1.000000000000000000 ) ;
#620 = VECTOR ( 'NONE', #4755, 1000.000000000000000 ) ;
#621 = CARTESIAN_POINT ( 'NONE',  ( -7.290361451906552000, 7.281755574941695600, -4.382579468360932000 ) ) ;
#622 = ORIENTED_EDGE ( 'NONE', *, *, #6220, .T. ) ;
#623 = CARTESIAN_POINT ( 'NONE',  ( -7.119999999999999200, 0.1999999999999999600, -3.199999999999999700 ) ) ;
#624 = EDGE_CURVE ( 'NONE', #4925, #2933, #3516, .T. ) ;
#625 = FACE_BOUND ( 'NONE', #4096, .T. ) ;
#626 = PLANE ( 'NONE',  #851 ) ;
#627 = ORIENTED_EDGE ( 'NONE', *, *, #1497, .T. ) ;
#628 = SURFACE_STYLE_USAGE ( .BOTH. , #768 ) ;
#629 = AXIS2_PLACEMENT_3D ( 'NONE', #6472, #5200, #3321 ) ;
#630 =( GEOMETRIC_REPRESENTATION_CONTEXT ( 3 ) GLOBAL_UNCERTAINTY_ASSIGNED_CONTEXT ( ( #8055 ) ) GLOBAL_UNIT_ASSIGNED_CONTEXT ( ( #2681, #7768, #4500 ) ) REPRESENTATION_CONTEXT ( 'NONE', 'WORKASPACE' ) );
#631 =( NAMED_UNIT ( * ) PLANE_ANGLE_UNIT ( ) SI_UNIT ( $, .RADIAN. ) );
#632 = EDGE_CURVE ( 'NONE', #2956, #2933, #681, .T. ) ;
#633 = EDGE_CURVE ( 'NONE', #4453, #5845, #663, .T. ) ;
#634 = ADVANCED_FACE ( 'NONE', ( #584, #625, #600 ), #6319, .F. ) ;
#635 = VECTOR ( 'NONE', #7529, 1000.000000000000000 ) ;
#636 = CARTESIAN_POINT ( 'NONE',  ( 5.580000000000001000, -0.2500000000000000600, 5.550000000000002500 ) ) ;
#637 = CARTESIAN_POINT ( 'NONE',  ( 7.302081799705631800, 7.253297392573459800, -4.427221497757533300 ) ) ;
#638 = LINE ( 'NONE', #7520, #1739 ) ;
#639 =( NAMED_UNIT ( * ) PLANE_ANGLE_UNIT ( ) SI_UNIT ( $, .RADIAN. ) );
#640 = VECTOR ( 'NONE', #7267, 1000.000000000000000 ) ;
#641 = PRESENTATION_LAYER_ASSIGNMENT (  '', '', ( #597 ) ) ;
#642 = EDGE_LOOP ( 'NONE', ( #2098, #2135, #2142, #2188, #2198, #2213, #2223, #2229 ) ) ;
#643 =( NAMED_UNIT ( * ) PLANE_ANGLE_UNIT ( ) SI_UNIT ( $, .RADIAN. ) );
#644 = CARTESIAN_POINT ( 'NONE',  ( 7.321149596486701000, 7.261652068323091000, 4.415131228794107800 ) ) ;
#645 = AXIS2_PLACEMENT_3D ( 'NONE', #1008, #3569, #4827 ) ;
#646 = VECTOR ( 'NONE', #4521, 999.9999999999998900 ) ;
#647 = CARTESIAN_POINT ( 'NONE',  ( -7.310326258673161900, 7.295621563281278200, -4.316971042477957700 ) ) ;
#648 = EDGE_CURVE ( 'NONE', #2956, #702, #539, .T. ) ;
#649 = SURFACE_STYLE_USAGE ( .BOTH. , #4512 ) ;
#650 = VECTOR ( 'NONE', #7919, 1000.000000000000000 ) ;
#651 = CARTESIAN_POINT ( 'NONE',  ( 7.160000000000000100, 0.6999999999999999600, -0.6700000000000017100 ) ) ;
#652 = CARTESIAN_POINT ( 'NONE',  ( -7.620000000000000100, 0.0000000000000000000, -4.650000000000001200 ) ) ;
#653 = VERTEX_POINT ( 'NONE', #7481 ) ;
#654 = DIRECTION ( 'NONE',  ( 0.0000000000000000000, -1.000000000000000000, 0.0000000000000000000 ) ) ;
#655 = VECTOR ( 'NONE', #5796, 1000.000000000000000 ) ;
#656 = ADVANCED_FACE ( 'NONE', ( #590 ), #7518, .F. ) ;
#657 = CIRCLE ( 'NONE', #5955, 0.2500000000000002200 ) ;
#658 = AXIS2_PLACEMENT_3D ( 'NONE', #665, #5165, #1300 ) ;
#659 = VECTOR ( 'NONE', #8003, 1000.000000000000200 ) ;
#660 = FILL_AREA_STYLE ('',( #7002 ) ) ;
#661 = EDGE_CURVE ( 'NONE', #702, #5034, #2593, .T. ) ;
#662 = ORIENTED_EDGE ( 'NONE', *, *, #3365, .T. ) ;
#663 = LINE ( 'NONE', #5019, #594 ) ;
#664 = SURFACE_STYLE_USAGE ( .BOTH. , #4531 ) ;
#665 = CARTESIAN_POINT ( 'NONE',  ( 0.0000000000000000000, 0.5999999999999998700, 0.0000000000000000000 ) ) ;
#666 = MECHANICAL_DESIGN_GEOMETRIC_PRESENTATION_REPRESENTATION (  '', ( #905 ), #630 ) ;
#667 = LINE ( 'NONE', #4492, #764 ) ;
#668 = VERTEX_POINT ( 'NONE', #3736 ) ;
#669 = LINE ( 'NONE', #6425, #2212 ) ;
#670 = CARTESIAN_POINT ( 'NONE',  ( 2.179999999999999700, 0.6999999999999994000, -5.080000000000001800 ) ) ;
#671 = AXIS2_PLACEMENT_3D ( 'NONE', #6686, #2920, #7290 ) ;
#672 = EDGE_CURVE ( 'NONE', #2082, #6611, #3773, .T. ) ;
#673 = CARTESIAN_POINT ( 'NONE',  ( 2.790000000000000500, -4.258936691357909700E-017, -5.550000000000002500 ) ) ;
#674 = CARTESIAN_POINT ( 'NONE',  ( 7.339055309209555800, 7.266426168728585800, 4.401212674065567000 ) ) ;
#675 = VECTOR ( 'NONE', #8061, 1000.000000000000000 ) ;
#676 = CARTESIAN_POINT ( 'NONE',  ( -7.281502053008492400, 7.299291242173025800, -4.314382847673987200 ) ) ;
#677 = DIRECTION ( 'NONE',  ( -0.0000000000000000000, -0.0000000000000000000, -1.000000000000000000 ) ) ;
#678 = ADVANCED_FACE ( 'NONE', ( #478 ), #4359, .T. ) ;
#679 = CARTESIAN_POINT ( 'NONE',  ( -7.455269228921617100, 7.171798978320820700, 4.364889758489310300 ) ) ;
#680 = ORIENTED_EDGE ( 'NONE', *, *, #5710, .T. ) ;
#681 = LINE ( 'NONE', #5187, #610 ) ;
#682 = FILL_AREA_STYLE_COLOUR ( '', #2709 ) ;
#683 = VERTEX_POINT ( 'NONE', #6562 ) ;
#684 = CARTESIAN_POINT ( 'NONE',  ( 7.320000000000000300, 1.300000000000000000, -4.350000000000001400 ) ) ;
#685 = CARTESIAN_POINT ( 'NONE',  ( 2.040000000000000500, 0.6999999999999992900, -4.800000000000002500 ) ) ;
#686 = CIRCLE ( 'NONE', #4655, 0.2999999999999999300 ) ;
#687 = PRESENTATION_LAYER_ASSIGNMENT (  '', '', ( #905 ) ) ;
#688 = CARTESIAN_POINT ( 'NONE',  ( -5.329999989325322000, 0.0000000000000000000, 5.550000000000002500 ) ) ;
#689 =( LENGTH_UNIT ( ) NAMED_UNIT ( * ) SI_UNIT ( .MILLI., .METRE. ) );
#690 = DIRECTION ( 'NONE',  ( 0.0000000000000000000, 0.0000000000000000000, -1.000000000000000000 ) ) ;
#691 = DIRECTION ( 'NONE',  ( 1.000000000000000000, -0.0000000000000000000, -0.0000000000000000000 ) ) ;
#692 = AXIS2_PLACEMENT_3D ( 'NONE', #5307, #1444, #5933 ) ;
#693 = STYLED_ITEM ( 'NONE', ( #2679 ), #371 ) ;
#694 = ORIENTED_EDGE ( 'NONE', *, *, #1207, .F. ) ;
#695 = DIRECTION ( 'NONE',  ( 0.0000000000000000000, -1.828634731526980300E-016, -1.000000000000000000 ) ) ;
#696 = CARTESIAN_POINT ( 'NONE',  ( -7.271808586065935400, 7.299999999999999800, -4.308831186818714800 ) ) ;
#697 = CARTESIAN_POINT ( 'NONE',  ( 7.160000000000000100, 0.0000000000000000000, -3.259999999999999800 ) ) ;
#699 = VERTEX_POINT ( 'NONE', #7948 ) ;
#698 = DIRECTION ( 'NONE',  ( 1.000000000000000000, 0.0000000000000000000, -1.865294060190115200E-016 ) ) ;
#700 = LINE ( 'NONE', #6078, #613 ) ;
#701 = AXIS2_PLACEMENT_3D ( 'NONE', #3619, #497, #1042 ) ;
#702 = VERTEX_POINT ( 'NONE', #3790 ) ;
#703 = CARTESIAN_POINT ( 'NONE',  ( 5.580000000000001000, -0.2499999999999998900, -5.910000000000002800 ) ) ;
#704 = EDGE_CURVE ( 'NONE', #1892, #4549, #1682, .T. ) ;
#705 = SURFACE_STYLE_FILL_AREA ( #3435 ) ;
#706 =( GEOMETRIC_REPRESENTATION_CONTEXT ( 3 ) GLOBAL_UNCERTAINTY_ASSIGNED_CONTEXT ( ( #5495 ) ) GLOBAL_UNIT_ASSIGNED_CONTEXT ( ( #6837, #3075, #7439 ) ) REPRESENTATION_CONTEXT ( 'NONE', 'WORKASPACE' ) );
#707 =( LENGTH_UNIT ( ) NAMED_UNIT ( * ) SI_UNIT ( .MILLI., .METRE. ) );
#708 = CARTESIAN_POINT ( 'NONE',  ( 7.320000000000000300, 7.105235389661575400, -4.497984561395654200 ) ) ;
#709 = VERTEX_POINT ( 'NONE', #2703 ) ;
#710 = PLANE ( 'NONE',  #2984 ) ;
#711 = FILL_AREA_STYLE_COLOUR ( '', #4876 ) ;
#712 = EDGE_LOOP ( 'NONE', ( #5656, #4261, #4181, #7669, #443, #4995 ) ) ;
#713 = FILL_AREA_STYLE ('',( #814 ) ) ;
#714 = EDGE_CURVE ( 'NONE', #1832, #4602, #1714, .T. ) ;
#715 =( LENGTH_UNIT ( ) NAMED_UNIT ( * ) SI_UNIT ( .MILLI., .METRE. ) );
#716 = ORIENTED_EDGE ( 'NONE', *, *, #632, .T. ) ;
#717 =( NAMED_UNIT ( * ) SI_UNIT ( $, .STERADIAN. ) SOLID_ANGLE_UNIT ( ) );
#718 = ORIENTED_EDGE ( 'NONE', *, *, #5899, .T. ) ;
#719 = AXIS2_PLACEMENT_3D ( 'NONE', #2440, #1902, #1691 ) ;
#720 = FILL_AREA_STYLE ('',( #7689 ) ) ;
#721 = SURFACE_SIDE_STYLE ('',( #3958 ) ) ;
#722 = CARTESIAN_POINT ( 'NONE',  ( -7.449928076920726600, 7.175951757415242900, 4.381821767932691200 ) ) ;
#723 = VERTEX_POINT ( 'NONE', #7434 ) ;
#724 = EDGE_LOOP ( 'NONE', ( #877, #694, #7582, #2721 ) ) ;
#725 = MECHANICAL_DESIGN_GEOMETRIC_PRESENTATION_REPRESENTATION (  '', ( #902 ), #706 ) ;
#726 = CARTESIAN_POINT ( 'NONE',  ( -7.620000000000000100, 1.300000000000000000, -4.650000000000001200 ) ) ;
#727 = DIRECTION ( 'NONE',  ( 0.1736481776669303000, 0.9848077530122080200, 0.0000000000000000000 ) ) ;
#728 = CARTESIAN_POINT ( 'NONE',  ( 7.347593045831025900, 7.267619693819596300, 4.393671726598477700 ) ) ;
#729 = LINE ( 'NONE', #7947, #650 ) ;
#730 = CARTESIAN_POINT ( 'NONE',  ( 7.410723406539610800, 7.118445683010485900, -4.468069157194316100 ) ) ;
#731 = ORIENTED_EDGE ( 'NONE', *, *, #2438, .F. ) ;
#732 = EDGE_CURVE ( 'NONE', #1635, #3215, #2620, .T. ) ;
#733 = VERTEX_POINT ( 'NONE', #6681 ) ;
#734 = EDGE_CURVE ( 'NONE', #4453, #733, #4598, .T. ) ;
#735 =( NAMED_UNIT ( * ) PLANE_ANGLE_UNIT ( ) SI_UNIT ( $, .RADIAN. ) );
#736 = LINE ( 'NONE', #7863, #659 ) ;
#737 = CARTESIAN_POINT ( 'NONE',  ( -7.119999999999999200, 0.0000000000000000000, -4.663235150475288100E-017 ) ) ;
#738 = PRESENTATION_LAYER_ASSIGNMENT (  '', '', ( #902 ) ) ;
#739 = DIRECTION ( 'NONE',  ( 0.9848077530122081300, -0.1736481776669303300, 0.0000000000000000000 ) ) ;
#740 = PLANE ( 'NONE',  #5070 ) ;
#741 = VERTEX_POINT ( 'NONE', #5448 ) ;
#742 = LINE ( 'NONE', #6914, #751 ) ;
#743 = DIRECTION ( 'NONE',  ( 1.000000000000000000, 0.0000000000000000000, 0.0000000000000000000 ) ) ;
#744 = UNCERTAINTY_MEASURE_WITH_UNIT (LENGTH_MEASURE( 1.000000000000000100E-005 ), #7220, 'distance_accuracy_value', 'NONE');
#745 =( GEOMETRIC_REPRESENTATION_CONTEXT ( 3 ) GLOBAL_UNCERTAINTY_ASSIGNED_CONTEXT ( ( #7512 ) ) GLOBAL_UNIT_ASSIGNED_CONTEXT ( ( #7637, #3916, #8237 ) ) REPRESENTATION_CONTEXT ( 'NONE', 'WORKASPACE' ) );
#746 = DIRECTION ( 'NONE',  ( 0.0000000000000000000, -0.0000000000000000000, -1.000000000000000000 ) ) ;
#747 = EDGE_CURVE ( 'NONE', #4025, #7758, #2579, .T. ) ;
#748 = COLOUR_RGB ( '',1.000000000000000000, 1.000000000000000000, 1.000000000000000000 ) ;
#749 = ADVANCED_FACE ( 'NONE', ( #1707 ), #4660, .F. ) ;
#750 = CARTESIAN_POINT ( 'NONE',  ( 7.620000000000000100, 0.4999999999999998900, 2.899999999999998100 ) ) ;
#751 = VECTOR ( 'NONE', #8074, 1000.000000000000000 ) ;
#752 = CARTESIAN_POINT ( 'NONE',  ( 7.160000000000000100, 0.6899999999999999500, 0.6699999999999989300 ) ) ;
#753 = LINE ( 'NONE', #7965, #348 ) ;
#754 = LINE ( 'NONE', #6260, #846 ) ;
#755 = CARTESIAN_POINT ( 'NONE',  ( 4.830000000000003600, 0.0000000000000000000, 5.300000000000009600 ) ) ;
#756 = FILL_AREA_STYLE ('',( #3356 ) ) ;
#757 = VERTEX_POINT ( 'NONE', #3587 ) ;
#758 = DIRECTION ( 'NONE',  ( -1.000000000000000000, -0.0000000000000000000, -0.0000000000000000000 ) ) ;
#759 = CARTESIAN_POINT ( 'NONE',  ( 7.363671729270743400, 7.267619693795903200, 4.377593042372019700 ) ) ;
#760 = VERTEX_POINT ( 'NONE', #1105 ) ;
#761 = CARTESIAN_POINT ( 'NONE',  ( 7.461672836081950400, 7.132125076184729900, -4.387567555790141700 ) ) ;
#762 = EDGE_CURVE ( 'NONE', #7758, #2957, #303, .T. ) ;
#763 = CARTESIAN_POINT ( 'NONE',  ( -4.829999973953794900, -1.084202172485503400E-016, 5.910000000000002800 ) ) ;
#764 = VECTOR ( 'NONE', #4874, 1000.000000000000000 ) ;
#765 = EDGE_LOOP ( 'NONE', ( #2245, #2249, #2253, #2264, #2329, #2352, #2376, #2390 ) ) ;
#766 = VECTOR ( 'NONE', #2526, 1000.000000000000000 ) ;
#767 = CARTESIAN_POINT ( 'NONE',  ( -7.301323318794087100, 7.255099030907029300, 4.424482716633624700 ) ) ;
#768 = SURFACE_SIDE_STYLE ('',( #1061 ) ) ;
#769 = ORIENTED_EDGE ( 'NONE', *, *, #3137, .T. ) ;
#770 = EDGE_CURVE ( 'NONE', #6772, #2957, #4051, .T. ) ;
#771 = DIRECTION ( 'NONE',  ( -1.000000000000000000, -0.0000000000000000000, 0.0000000000000000000 ) ) ;
#772 = CARTESIAN_POINT ( 'NONE',  ( -4.580000000000000100, 0.9499999999999995100, -4.650000000000003000 ) ) ;
#773 = CARTESIAN_POINT ( 'NONE',  ( -4.580000000000000100, 0.6999999999999994000, -4.650000000000003000 ) ) ;
#774 = STYLED_ITEM ( 'NONE', ( #2429 ), #7163 ) ;
#775 = LINE ( 'NONE', #1187, #7731 ) ;
#776 = CARTESIAN_POINT ( 'NONE',  ( 5.580000000000001000, 0.6999999999999994000, -4.650000000000003000 ) ) ;
#777 = LINE ( 'NONE', #6075, #6784 ) ;
#778 = ORIENTED_EDGE ( 'NONE', *, *, #4882, .F. ) ;
#779 = PLANE ( 'NONE',  #2576 ) ;
#780 = CARTESIAN_POINT ( 'NONE',  ( 7.317528216476919300, 7.166261939741021400, -4.487176294356460800 ) ) ;
#781 = AXIS2_PLACEMENT_3D ( 'NONE', #6003, #3806, #7556 ) ;
#782 = EDGE_LOOP ( 'NONE', ( #3998, #3959, #7799, #3966 ) ) ;
#783 = CARTESIAN_POINT ( 'NONE',  ( -7.460000000000000000, 0.8599999999999999900, -0.7200000000000002000 ) ) ;
#784 = PRESENTATION_STYLE_ASSIGNMENT (( #3547 ) ) ;
#785 = DIRECTION ( 'NONE',  ( 0.0000000000000000000, 0.9996573249755572600, 0.02617694830787320800 ) ) ;
#786 = CARTESIAN_POINT ( 'NONE',  ( 7.460000000000000000, 0.8599999999999999900, 0.7200000000000002000 ) ) ;
#787 = DIRECTION ( 'NONE',  ( 4.269869874340407800E-008, 0.0000000000000000000, 0.9999999999999991100 ) ) ;
#788 = PRESENTATION_STYLE_ASSIGNMENT (( #7743 ) ) ;
#789 = ORIENTED_EDGE ( 'NONE', *, *, #361, .F. ) ;
#790 = MECHANICAL_DESIGN_GEOMETRIC_PRESENTATION_REPRESENTATION (  '', ( #1060 ), #745 ) ;
#791 = CARTESIAN_POINT ( 'NONE',  ( 7.160000000000000100, 0.6999999999999999600, 2.069999999999999000 ) ) ;
#792 = EDGE_CURVE ( 'NONE', #8107, #3400, #4853, .T. ) ;
#793 = DIRECTION ( 'NONE',  ( -1.000000000000000000, 0.0000000000000000000, 0.0000000000000000000 ) ) ;
#794 = FACE_OUTER_BOUND ( 'NONE', #642, .T. ) ;
#795 = EDGE_CURVE ( 'NONE', #8149, #1892, #4057, .T. ) ;
#796 = DIRECTION ( 'NONE',  ( -1.865294060190115200E-016, -0.0000000000000000000, -1.000000000000000000 ) ) ;
#797 = VERTEX_POINT ( 'NONE', #8172 ) ;
#798 = LINE ( 'NONE', #5341, #6118 ) ;
#799 = DIRECTION ( 'NONE',  ( 1.330309414092643500E-016, 0.0000000000000000000, 1.000000000000000000 ) ) ;
#800 = PRESENTATION_STYLE_ASSIGNMENT (( #4580 ) ) ;
#801 = PLANE ( 'NONE',  #4686 ) ;
#802 = DIRECTION ( 'NONE',  ( 0.0000000000000000000, -1.000000000000000000, 0.0000000000000000000 ) ) ;
#803 = ORIENTED_EDGE ( 'NONE', *, *, #5159, .F. ) ;
#804 = FILL_AREA_STYLE_COLOUR ( '', #6999 ) ;
#805 = COLOUR_RGB ( '',1.000000000000000000, 1.000000000000000000, 1.000000000000000000 ) ;
#806 = VECTOR ( 'NONE', #4463, 1000.000000000000000 ) ;
#807 = EDGE_LOOP ( 'NONE', ( #7143, #1052, #7817, #2193 ) ) ;
#808 = VECTOR ( 'NONE', #4558, 1000.000000000000000 ) ;
#809 = PRESENTATION_LAYER_ASSIGNMENT (  '', '', ( #1060 ) ) ;
#810 = CARTESIAN_POINT ( 'NONE',  ( 7.275993806559045000, 7.300000000000000700, 4.304600981211421200 ) ) ;
#811 = DIRECTION ( 'NONE',  ( 0.0000000000000000000, 1.777380610631973500E-016, 1.000000000000000000 ) ) ;
#812 = EDGE_CURVE ( 'NONE', #6772, #2490, #3448, .T. ) ;
#813 = ORIENTED_EDGE ( 'NONE', *, *, #6, .T. ) ;
#814 = FILL_AREA_STYLE_COLOUR ( '', #1035 ) ;
#815 = CARTESIAN_POINT ( 'NONE',  ( 7.371212676088994400, 7.266426168681201500, 4.369055305612649300 ) ) ;
#816 = ADVANCED_FACE ( 'NONE', ( #243 ), #7005, .T. ) ;
#817 = VECTOR ( 'NONE', #3437, 1000.000000000000000 ) ;
#818 = CARTESIAN_POINT ( 'NONE',  ( 7.374990887585538800, 7.208207114167427300, -4.451878701579425400 ) ) ;
#819 = ORIENTED_EDGE ( 'NONE', *, *, #931, .T. ) ;
#820 = DIRECTION ( 'NONE',  ( 0.0000000000000000000, 0.0000000000000000000, -1.000000000000000000 ) ) ;
#821 = COLOUR_RGB ( '',0.2509803921568627400, 0.2509803921568627400, 0.2509803921568627400 ) ;
#822 = CARTESIAN_POINT ( 'NONE',  ( -6.269999999999998700, 1.300000000000000000, 3.260000000000000200 ) ) ;
#823 = ORIENTED_EDGE ( 'NONE', *, *, #174, .F. ) ;
#824 = SURFACE_SIDE_STYLE ('',( #2005 ) ) ;
#825 = VERTEX_POINT ( 'NONE', #5823 ) ;
#826 = DIRECTION ( 'NONE',  ( 0.9999999999999991100, -0.0000000000000000000, -4.269869799995166000E-008 ) ) ;
#827 = EDGE_CURVE ( 'NONE', #1011, #6283, #3408, .T. ) ;
#828 = LINE ( 'NONE', #462, #866 ) ;
#829 = FILL_AREA_STYLE_COLOUR ( '', #3871 ) ;
#830 = ORIENTED_EDGE ( 'NONE', *, *, #3805, .F. ) ;
#831 = CARTESIAN_POINT ( 'NONE',  ( 7.290361451908455400, 7.281755574942398100, 4.382579468359327100 ) ) ;
#832 = AXIS2_PLACEMENT_3D ( 'NONE', #7670, #1337, #5843 ) ;
#833 = UNCERTAINTY_MEASURE_WITH_UNIT (LENGTH_MEASURE( 1.000000000000000100E-005 ), #4493, 'distance_accuracy_value', 'NONE');
#834 = AXIS2_PLACEMENT_3D ( 'NONE', #7611, #7638, #7649 ) ;
#835 = EDGE_LOOP ( 'NONE', ( #7367, #3783, #4125, #4087 ) ) ;
#836 =( NAMED_UNIT ( * ) SI_UNIT ( $, .STERADIAN. ) SOLID_ANGLE_UNIT ( ) );
#837 = LINE ( 'NONE', #1859, #3543 ) ;
#838 = FILL_AREA_STYLE_COLOUR ( '', #5673 ) ;
#839 = CARTESIAN_POINT ( 'NONE',  ( -7.160000000000000100, 0.6999999999999999600, 2.020000000000000000 ) ) ;
#840 = ORIENTED_EDGE ( 'NONE', *, *, #2519, .T. ) ;
#841 = AXIS2_PLACEMENT_3D ( 'NONE', #952, #5477, #1607 ) ;
#842 = LINE ( 'NONE', #7734, #675 ) ;
#843 = CARTESIAN_POINT ( 'NONE',  ( -7.339417166743123400, 7.105743497656090000, -4.497971256119560800 ) ) ;
#844 = ORIENTED_EDGE ( 'NONE', *, *, #8069, .T. ) ;
#845 = CARTESIAN_POINT ( 'NONE',  ( 7.160000000000000100, 0.6999999999999991800, -0.6700000000000017100 ) ) ;
#846 = VECTOR ( 'NONE', #4490, 1000.000000000000000 ) ;
#847 = CARTESIAN_POINT ( 'NONE',  ( 7.414220185703627800, 7.220312276947580300, -4.399166894688782700 ) ) ;
#848 = DIRECTION ( 'NONE',  ( -1.000000000000000000, 0.0000000000000000000, 9.326470300950576100E-017 ) ) ;
#849 = ADVANCED_FACE ( 'NONE', ( #122 ), #6378, .F. ) ;
#850 = ORIENTED_EDGE ( 'NONE', *, *, #5212, .F. ) ;
#851 = AXIS2_PLACEMENT_3D ( 'NONE', #3067, #345, #3618 ) ;
#852 = VECTOR ( 'NONE', #8091, 1000.000000000000000 ) ;
#853 = CARTESIAN_POINT ( 'NONE',  ( 5.580000000000001000, 0.6999999999999998400, 4.650000000000003000 ) ) ;
#854 = VECTOR ( 'NONE', #475, 1000.000000000000000 ) ;
#855 = CARTESIAN_POINT ( 'NONE',  ( 7.620000000000000100, 1.300000000000000000, 3.199999999999998400 ) ) ;
#856 = CARTESIAN_POINT ( 'NONE',  ( -7.268053096400545400, 7.300000000000000700, 4.298053096400541200 ) ) ;
#857 = CARTESIAN_POINT ( 'NONE',  ( 7.320000517609940100, 7.116844109651507800, 4.497680576364466300 ) ) ;
#858 = VERTEX_POINT ( 'NONE', #8209 ) ;
#859 = LINE ( 'NONE', #6157, #852 ) ;
#860 = AXIS2_PLACEMENT_3D ( 'NONE', #3175, #7552, #3827 ) ;
#861 = CARTESIAN_POINT ( 'NONE',  ( -4.830000000000000100, 0.6999999999999992900, -5.550000000000002500 ) ) ;
#862 = LINE ( 'NONE', #7081, #577 ) ;
#863 = DIRECTION ( 'NONE',  ( -0.0000000000000000000, 0.0000000000000000000, 1.000000000000000000 ) ) ;
#864 = EDGE_CURVE ( 'NONE', #1011, #5612, #140, .T. ) ;
#865 = DIRECTION ( 'NONE',  ( 1.000000000000000000, 0.0000000000000000000, -1.865294060190115200E-016 ) ) ;
#866 = VECTOR ( 'NONE', #524, 1000.000000000000000 ) ;
#867 = ORIENTED_EDGE ( 'NONE', *, *, #714, .T. ) ;
#868 = ORIENTED_EDGE ( 'NONE', *, *, #931, .F. ) ;
#869 = ADVANCED_FACE ( 'NONE', ( #89 ), #4321, .T. ) ;
#870 = CARTESIAN_POINT ( 'NONE',  ( 7.460000000000000000, 0.8599999999999999900, -2.020000000000000000 ) ) ;
#871 = CARTESIAN_POINT ( 'NONE',  ( -7.465850739573826700, 7.132015091984838400, -4.368449773277493600 ) ) ;
#872 = EDGE_LOOP ( 'NONE', ( #1659, #4495, #3833, #3831 ) ) ;
#873 = CARTESIAN_POINT ( 'NONE',  ( 7.429155590140706700, 7.218767909187204300, -4.340385900845968900 ) ) ;
#874 = FACE_OUTER_BOUND ( 'NONE', #1872, .T. ) ;
#875 = EDGE_CURVE ( 'NONE', #5730, #6205, #65, .T. ) ;
#876 = FACE_OUTER_BOUND ( 'NONE', #6717, .T. ) ;
#877 = ORIENTED_EDGE ( 'NONE', *, *, #7554, .T. ) ;
#878 = DIRECTION ( 'NONE',  ( 0.0000000000000000000, -1.000000000000000000, -3.554761221263949000E-016 ) ) ;
#879 = AXIS2_PLACEMENT_3D ( 'NONE', #3784, #4233, #5744 ) ;
#880 = LINE ( 'NONE', #940, #6490 ) ;
#881 = CARTESIAN_POINT ( 'NONE',  ( -7.335984448207890200, 7.229807909595240100, 4.447989874637939600 ) ) ;
#882 = VERTEX_POINT ( 'NONE', #4203 ) ;
#883 = DIRECTION ( 'NONE',  ( -1.000000000000000000, -0.0000000000000000000, -0.0000000000000000000 ) ) ;
#884 = PLANE ( 'NONE',  #5638 ) ;
#885 = DIRECTION ( 'NONE',  ( 0.0000000000000000000, 0.0000000000000000000, 1.000000000000000000 ) ) ;
#886 = CARTESIAN_POINT ( 'NONE',  ( 7.160000000000000100, 0.6999999999999999600, -2.020000000000000000 ) ) ;
#887 = PRESENTATION_LAYER_ASSIGNMENT (  '', '', ( #106 ) ) ;
#888 =( NAMED_UNIT ( * ) PLANE_ANGLE_UNIT ( ) SI_UNIT ( $, .RADIAN. ) );
#889 = VECTOR ( 'NONE', #4217, 1000.000000000000000 ) ;
#890 = VERTEX_POINT ( 'NONE', #924 ) ;
#891 = CARTESIAN_POINT ( 'NONE',  ( 2.790000000000000500, 3.049999999999999800, -5.300000000000002500 ) ) ;
#892 = SHAPE_DEFINITION_REPRESENTATION ( #2572, #6731 ) ;
#893 = CARTESIAN_POINT ( 'NONE',  ( -7.467984561395653900, 7.105235389661575400, -4.350000000000001400 ) ) ;
#894 = CARTESIAN_POINT ( 'NONE',  ( -7.428041258852323900, 7.166370870044809200, -4.431899877108869600 ) ) ;
#895 = EDGE_CURVE ( 'NONE', #8149, #3103, #33, .T. ) ;
#896 = CARTESIAN_POINT ( 'NONE',  ( 7.385131229598976600, 7.261652068263853900, 4.351149593714987800 ) ) ;
#897 = EDGE_CURVE ( 'NONE', #2956, #5750, #49, .T. ) ;
#898 = ADVANCED_FACE ( 'NONE', ( #3163 ), #2219, .F. ) ;
#899 = ORIENTED_EDGE ( 'NONE', *, *, #3388, .T. ) ;
#900 = VECTOR ( 'NONE', #6167, 1000.000000000000000 ) ;
#901 = CARTESIAN_POINT ( 'NONE',  ( 7.329845316843712800, 7.244428334278094200, -4.434624800275878800 ) ) ;
#902 = STYLED_ITEM ( 'NONE', ( #2433 ), #4435 ) ;
#903 = LINE ( 'NONE', #7044, #3962 ) ;
#904 = ORIENTED_EDGE ( 'NONE', *, *, #190, .T. ) ;
#905 = STYLED_ITEM ( 'NONE', ( #6656 ), #2158 ) ;
#906 = ORIENTED_EDGE ( 'NONE', *, *, #4668, .F. ) ;
#907 = DIRECTION ( 'NONE',  ( -1.000000000000000000, -0.0000000000000000000, 9.326470300950576100E-017 ) ) ;
#908 = SURFACE_SIDE_STYLE ('',( #2581 ) ) ;
#909 = CARTESIAN_POINT ( 'NONE',  ( -7.323276788036489300, 7.225076480558458400, 4.454512035604941500 ) ) ;
#910 = CARTESIAN_POINT ( 'NONE',  ( -5.440000000000000400, 0.6999999999999994000, -5.080000000000001800 ) ) ;
#911 = LINE ( 'NONE', #7012, #917 ) ;
#912 = EDGE_LOOP ( 'NONE', ( #3449, #3460, #3494, #3502, #3515 ) ) ;
#913 = EDGE_CURVE ( 'NONE', #760, #858, #3173, .T. ) ;
#914 = ORIENTED_EDGE ( 'NONE', *, *, #5880, .F. ) ;
#915 = DIRECTION ( 'NONE',  ( -1.000000000000000000, 0.0000000000000000000, 0.0000000000000000000 ) ) ;
#916 = PLANE ( 'NONE',  #6099 ) ;
#917 = VECTOR ( 'NONE', #1952, 1000.000000000000000 ) ;
#918 =( NAMED_UNIT ( * ) PLANE_ANGLE_UNIT ( ) SI_UNIT ( $, .RADIAN. ) );
#919 = CARTESIAN_POINT ( 'NONE',  ( 5.330000000000001000, 0.9499999999999994000, -5.550000000000002500 ) ) ;
#920 = ORIENTED_EDGE ( 'NONE', *, *, #5605, .T. ) ;
#921 = ORIENTED_EDGE ( 'NONE', *, *, #3676, .F. ) ;
#922 = CARTESIAN_POINT ( 'NONE',  ( -7.351821767933088800, 7.175951757414971200, -4.479928076920598000 ) ) ;
#923 = EDGE_CURVE ( 'NONE', #6108, #760, #22, .T. ) ;
#924 = CARTESIAN_POINT ( 'NONE',  ( -2.039999999999999600, 0.9499999999999995100, -4.800000000000002500 ) ) ;
#925 = VECTOR ( 'NONE', #2847, 1000.000000000000000 ) ;
#926 = CARTESIAN_POINT ( 'NONE',  ( 7.376553507522950200, 7.255921869946569700, -4.388317870329313300 ) ) ;
#927 = ORIENTED_EDGE ( 'NONE', *, *, #3608, .F. ) ;
#928 = ORIENTED_EDGE ( 'NONE', *, *, #3876, .F. ) ;
#929 =( LENGTH_UNIT ( ) NAMED_UNIT ( * ) SI_UNIT ( .MILLI., .METRE. ) );
#930 = DIRECTION ( 'NONE',  ( -4.269869874340407800E-008, 0.0000000000000000000, -0.9999999999999991100 ) ) ;
#931 = EDGE_CURVE ( 'NONE', #5850, #1405, #14, .T. ) ;
#932 = CARTESIAN_POINT ( 'NONE',  ( -7.433879876740247600, 7.181488796393965800, 4.413324444713988500 ) ) ;
#933 = ORIENTED_EDGE ( 'NONE', *, *, #3776, .T. ) ;
#934 = CARTESIAN_POINT ( 'NONE',  ( -7.268053096400545400, 7.300000000000000700, 4.298053096400541200 ) ) ;
#935 = DIRECTION ( 'NONE',  ( 0.0000000000000000000, 0.0000000000000000000, 1.000000000000000000 ) ) ;
#936 = VERTEX_POINT ( 'NONE', #7911 ) ;
#937 = ADVANCED_FACE ( 'NONE', ( #1275 ), #7835, .T. ) ;
#938 = CARTESIAN_POINT ( 'NONE',  ( -3.039999999999999600, 0.6999999999999994000, -4.650000000000003000 ) ) ;
#939 = CARTESIAN_POINT ( 'NONE',  ( 7.391508836290708700, 7.258071492961206200, 4.341781618576694900 ) ) ;
#940 = CARTESIAN_POINT ( 'NONE',  ( 5.580000000000001000, 2.168404344971008900E-016, -5.300000000000002500 ) ) ;
#941 = COLOUR_RGB ( '',1.000000000000000000, 1.000000000000000000, 1.000000000000000000 ) ;
#942 = CARTESIAN_POINT ( 'NONE',  ( -7.160000000000000100, 0.6899999999999999500, 0.6700000000000003700 ) ) ;
#943 = CARTESIAN_POINT ( 'NONE',  ( 2.040000000000000500, 0.9499999999999995100, -4.800000000000002500 ) ) ;
#944 = ORIENTED_EDGE ( 'NONE', *, *, #3316, .T. ) ;
#945 = DIRECTION ( 'NONE',  ( 0.0000000000000000000, 1.000000000000000000, 0.0000000000000000000 ) ) ;
#946 = AXIS2_PLACEMENT_3D ( 'NONE', #1619, #7430, #2326 ) ;
#947 = CARTESIAN_POINT ( 'NONE',  ( -7.440492519791033200, 7.202265325486682600, -4.343307157224990600 ) ) ;
#948 = ORIENTED_EDGE ( 'NONE', *, *, #3720, .T. ) ;
#949 = CARTESIAN_POINT ( 'NONE',  ( 7.391508836054643300, 7.258071493011190300, -4.341781620383875900 ) ) ;
#950 = EDGE_CURVE ( 'NONE', #6215, #4453, #7803, .T. ) ;
#951 = VECTOR ( 'NONE', #1226, 1000.000000000000000 ) ;
#952 = CARTESIAN_POINT ( 'NONE',  ( 5.330000010674673700, 0.0000000000000000000, 5.550000000000002500 ) ) ;
#953 = CARTESIAN_POINT ( 'NONE',  ( -7.268053096400545400, 7.300000000000000700, 4.298053096400541200 ) ) ;
#954 = CARTESIAN_POINT ( 'NONE',  ( 7.429155590140719100, 7.218767909187198100, 4.340385900845986600 ) ) ;
#955 = DIRECTION ( 'NONE',  ( -0.0000000000000000000, -0.0000000000000000000, 1.000000000000000000 ) ) ;
#956 = DIRECTION ( 'NONE',  ( -1.000000000000000000, -0.0000000000000000000, -0.0000000000000000000 ) ) ;
#957 = VERTEX_POINT ( 'NONE', #3950 ) ;
#958 = CARTESIAN_POINT ( 'NONE',  ( 7.397221497757529500, 7.253297392573471400, 4.332081799705619600 ) ) ;
#959 = EDGE_LOOP ( 'NONE', ( #2596, #8142, #6709, #6019 ) ) ;
#960 = MECHANICAL_DESIGN_GEOMETRIC_PRESENTATION_REPRESENTATION (  '', ( #7197 ), #6091 ) ;
#961 = CARTESIAN_POINT ( 'NONE',  ( -6.269999999999998700, 0.6999999999999998400, 3.260000000000000200 ) ) ;
#962 =( NAMED_UNIT ( * ) SI_UNIT ( $, .STERADIAN. ) SOLID_ANGLE_UNIT ( ) );
#963 = ORIENTED_EDGE ( 'NONE', *, *, #3829, .F. ) ;
#964 = CARTESIAN_POINT ( 'NONE',  ( -7.402036029648472800, 7.236116482238097400, -4.390185625134674500 ) ) ;
#965 = ORIENTED_EDGE ( 'NONE', *, *, #792, .T. ) ;
#966 =( GEOMETRIC_REPRESENTATION_CONTEXT ( 3 ) GLOBAL_UNCERTAINTY_ASSIGNED_CONTEXT ( ( #1448 ) ) GLOBAL_UNIT_ASSIGNED_CONTEXT ( ( #79, #1883, #2428 ) ) REPRESENTATION_CONTEXT ( 'NONE', 'WORKASPACE' ) );
#967 = CARTESIAN_POINT ( 'NONE',  ( 7.305897810492060900, 7.239162846125090300, 4.441856465389439500 ) ) ;
#968 = CARTESIAN_POINT ( 'NONE',  ( 7.299905225382635100, 7.278556934371285300, -4.389313922695755800 ) ) ;
#969 = VECTOR ( 'NONE', #1258, 1000.000000000000100 ) ;
#970 = CARTESIAN_POINT ( 'NONE',  ( 2.040000000000000000, 0.6999999999999994000, -4.650000000000003000 ) ) ;
#971 =( GEOMETRIC_REPRESENTATION_CONTEXT ( 3 ) GLOBAL_UNCERTAINTY_ASSIGNED_CONTEXT ( ( #6825 ) ) GLOBAL_UNIT_ASSIGNED_CONTEXT ( ( #929, #5444, #1581 ) ) REPRESENTATION_CONTEXT ( 'NONE', 'WORKASPACE' ) );
#972 = EDGE_CURVE ( 'NONE', #2627, #289, #7793, .T. ) ;
#973 = ORIENTED_EDGE ( 'NONE', *, *, #5184, .T. ) ;
#974 = ORIENTED_EDGE ( 'NONE', *, *, #4038, .T. ) ;
#975 = CARTESIAN_POINT ( 'NONE',  ( 7.619999999999999200, 0.6899999999999999500, 2.069999999999999000 ) ) ;
#976 = AXIS2_PLACEMENT_3D ( 'NONE', #4542, #1964, #6446 ) ;
#977 = ADVANCED_FACE ( 'NONE', ( #7628 ), #7787, .T. ) ;
#978 = CARTESIAN_POINT ( 'NONE',  ( -7.423172828560660200, 7.182873056278264600, 4.427895112051905000 ) ) ;
#979 = CARTESIAN_POINT ( 'NONE',  ( -7.268053096400545400, 7.300000000000000700, 4.298053096400541200 ) ) ;
#980 = CARTESIAN_POINT ( 'NONE',  ( 7.620000000000001000, 1.300000000000000000, 4.349999999999999600 ) ) ;
#981 = LINE ( 'NONE', #7289, #2777 ) ;
#982 = VERTEX_POINT ( 'NONE', #6510 ) ;
#983 = LINE ( 'NONE', #5886, #7353 ) ;
#984 = CARTESIAN_POINT ( 'NONE',  ( 5.330000010674673700, 0.9499999999999997300, 5.550000000000002500 ) ) ;
#985 = FILL_AREA_STYLE_COLOUR ( '', #5349 ) ;
#986 = VERTEX_POINT ( 'NONE', #6621 ) ;
#987 = CARTESIAN_POINT ( 'NONE',  ( 4.580000000000001000, 1.899999999999999700, -4.800000000000002500 ) ) ;
#988 = FACE_OUTER_BOUND ( 'NONE', #6511, .T. ) ;
#989 = VECTOR ( 'NONE', #6072, 1000.000000000000000 ) ;
#990 = ORIENTED_EDGE ( 'NONE', *, *, #5860, .F. ) ;
#991 = VECTOR ( 'NONE', #292, 1000.000000000000000 ) ;
#992 = CARTESIAN_POINT ( 'NONE',  ( -7.357194848932732800, 7.241024789573523400, -4.427856597820346400 ) ) ;
#993 = PRESENTATION_STYLE_ASSIGNMENT (( #8214 ) ) ;
#994 = VERTEX_POINT ( 'NONE', #6530 ) ;
#995 = VECTOR ( 'NONE', #1845, 1000.000000000000000 ) ;
#996 = CARTESIAN_POINT ( 'NONE',  ( 7.317597958016870400, 7.288080828693076700, -4.358043603145152800 ) ) ;
#997 = ADVANCED_FACE ( 'NONE', ( #7601 ), #7292, .F. ) ;
#998 = ORIENTED_EDGE ( 'NONE', *, *, #4656, .F. ) ;
#999 = LINE ( 'NONE', #5154, #5751 ) ;
#1000 = CARTESIAN_POINT ( 'NONE',  ( 7.284382834537183300, 7.299291242466735800, 4.311502063266806900 ) ) ;
#1001 = SURFACE_STYLE_FILL_AREA ( #7613 ) ;
#1002 = ORIENTED_EDGE ( 'NONE', *, *, #8168, .F. ) ;
#1003 =( NAMED_UNIT ( * ) SI_UNIT ( $, .STERADIAN. ) SOLID_ANGLE_UNIT ( ) );
#1004 = SURFACE_STYLE_FILL_AREA ( #4908 ) ;
#1005 = CARTESIAN_POINT ( 'NONE',  ( -7.268053096400545400, 7.300000000000000700, 4.298053096400541200 ) ) ;
#1006 = DIRECTION ( 'NONE',  ( 0.0000000000000000000, 0.0000000000000000000, -1.000000000000000000 ) ) ;
#1007 = VECTOR ( 'NONE', #3830, 1000.000000000000000 ) ;
#1008 = CARTESIAN_POINT ( 'NONE',  ( -7.160000000000000100, 0.6999999999999999600, 2.020000000000000000 ) ) ;
#1009 = VECTOR ( 'NONE', #2799, 1000.000000000000000 ) ;
#1010 = VERTEX_POINT ( 'NONE', #5333 ) ;
#1011 = VERTEX_POINT ( 'NONE', #1533 ) ;
#1012 =( NAMED_UNIT ( * ) SI_UNIT ( $, .STERADIAN. ) SOLID_ANGLE_UNIT ( ) );
#1013 = LINE ( 'NONE', #6160, #1093 ) ;
#1014 = CARTESIAN_POINT ( 'NONE',  ( -7.460000000000000000, 0.8599999999999999900, -0.7200000000000002000 ) ) ;
#1015 = ORIENTED_EDGE ( 'NONE', *, *, #4583, .T. ) ;
#1016 = DIRECTION ( 'NONE',  ( -0.0000000000000000000, -0.0000000000000000000, 1.000000000000000000 ) ) ;
#1017 = CARTESIAN_POINT ( 'NONE',  ( -7.307093392809662200, 7.234265163963240000, -4.446452235892016000 ) ) ;
#1018 = ORIENTED_EDGE ( 'NONE', *, *, #3221, .F. ) ;
#1019 = MECHANICAL_DESIGN_GEOMETRIC_PRESENTATION_REPRESENTATION (  '', ( #1089 ), #971 ) ;
#1020 = EDGE_CURVE ( 'NONE', #289, #4638, #7718, .T. ) ;
#1021 = VECTOR ( 'NONE', #7925, 1000.000000000000000 ) ;
#1022 = ORIENTED_EDGE ( 'NONE', *, *, #4711, .F. ) ;
#1023 = FACE_OUTER_BOUND ( 'NONE', #7264, .T. ) ;
#1024 = CARTESIAN_POINT ( 'NONE',  ( 7.321211320536849400, 7.293020610837873000, -4.321839753347533500 ) ) ;
#1025 = DIRECTION ( 'NONE',  ( -0.9999999999999991100, -0.0000000000000000000, 4.269869923903965000E-008 ) ) ;
#1026 = CARTESIAN_POINT ( 'NONE',  ( 7.278831183975123400, 7.300000000000000700, 4.301808586455062600 ) ) ;
#1027 = LINE ( 'NONE', #5502, #7303 ) ;
#1028 = UNCERTAINTY_MEASURE_WITH_UNIT (LENGTH_MEASURE( 1.000000000000000100E-005 ), #7060, 'distance_accuracy_value', 'NONE');
#1029 = MECHANICAL_DESIGN_GEOMETRIC_PRESENTATION_REPRESENTATION (  '', ( #1160 ), #966 ) ;
#1030 = ORIENTED_EDGE ( 'NONE', *, *, #4390, .F. ) ;
#1031 = CARTESIAN_POINT ( 'NONE',  ( 7.317004681704472300, 7.244749188172961300, 4.436455295263119300 ) ) ;
#1032 = LINE ( 'NONE', #7483, #1021 ) ;
#1033 = PRESENTATION_LAYER_ASSIGNMENT (  '', '', ( #1089 ) ) ;
#1034 = CARTESIAN_POINT ( 'NONE',  ( 7.119999999999999200, 1.300000000000000000, 2.069999999999999000 ) ) ;
#1035 = COLOUR_RGB ( '',1.000000000000000000, 1.000000000000000000, 1.000000000000000000 ) ;
#1036 = CARTESIAN_POINT ( 'NONE',  ( -7.268053096400545400, 7.300000000000000700, 4.298053096400541200 ) ) ;
#1037 = DIRECTION ( 'NONE',  ( 1.000000000000000000, 0.0000000000000000000, 0.0000000000000000000 ) ) ;
#1038 = FACE_OUTER_BOUND ( 'NONE', #2612, .T. ) ;
#1039 = AXIS2_PLACEMENT_3D ( 'NONE', #2819, #2622, #2611 ) ;
#1040 = ORIENTED_EDGE ( 'NONE', *, *, #5860, .T. ) ;
#1041 = CARTESIAN_POINT ( 'NONE',  ( 7.620000000000001000, -5.546707964138188500E-017, 3.259999999999999800 ) ) ;
#1042 = DIRECTION ( 'NONE',  ( 0.0000000000000000000, 0.0000000000000000000, 1.000000000000000000 ) ) ;
#1043 = ORIENTED_EDGE ( 'NONE', *, *, #3338, .F. ) ;
#1044 = LINE ( 'NONE', #1294, #5403 ) ;
#1045 = CARTESIAN_POINT ( 'NONE',  ( -7.160000000000000100, 0.6999999999999999600, 2.069999999999999800 ) ) ;
#1046 = LINE ( 'NONE', #1095, #360 ) ;
#1047 = EDGE_CURVE ( 'NONE', #540, #7077, #7517, .T. ) ;
#1048 = PLANE ( 'NONE',  #6384 ) ;
#1049 = CIRCLE ( 'NONE', #568, 0.2500000000000004400 ) ;
#1050 = ORIENTED_EDGE ( 'NONE', *, *, #4341, .T. ) ;
#1051 = EDGE_CURVE ( 'NONE', #7936, #71, #7486, .T. ) ;
#1052 = ORIENTED_EDGE ( 'NONE', *, *, #3527, .F. ) ;
#1053 = CARTESIAN_POINT ( 'NONE',  ( -7.385131229598445500, 7.261652068265400200, -4.351149593714208800 ) ) ;
#1054 = VECTOR ( 'NONE', #5623, 1000.000000000000000 ) ;
#1055 = LINE ( 'NONE', #6780, #4828 ) ;
#1056 = CARTESIAN_POINT ( 'NONE',  ( 7.274314320596392500, 7.298890286592054200, -4.321757689262922100 ) ) ;
#1057 = LINE ( 'NONE', #7298, #5003 ) ;
#1058 =( NAMED_UNIT ( * ) PLANE_ANGLE_UNIT ( ) SI_UNIT ( $, .RADIAN. ) );
#1059 = CARTESIAN_POINT ( 'NONE',  ( -7.160000000000000100, 0.6999999999999999600, -3.259999999999999800 ) ) ;
#1060 = STYLED_ITEM ( 'NONE', ( #4379 ), #6394 ) ;
#1061 = SURFACE_STYLE_FILL_AREA ( #713 ) ;
#1062 = EDGE_CURVE ( 'NONE', #6064, #723, #7422, .T. ) ;
#1063 = CARTESIAN_POINT ( 'NONE',  ( -2.289999999999999600, -1.084202172485503600E-016, -5.910000000000002800 ) ) ;
#1064 = EDGE_CURVE ( 'NONE', #7912, #2648, #7411, .T. ) ;
#1065 = VECTOR ( 'NONE', #3058, 1000.000000000000000 ) ;
#1066 = VERTEX_POINT ( 'NONE', #7872 ) ;
#1067 = DIRECTION ( 'NONE',  ( 0.0000000000000000000, 0.0000000000000000000, 1.000000000000000000 ) ) ;
#1068 = ORIENTED_EDGE ( 'NONE', *, *, #5382, .T. ) ;
#1069 = CARTESIAN_POINT ( 'NONE',  ( -7.268053096400545400, 7.300000000000000700, 4.298053096400541200 ) ) ;
#1070 = FACE_OUTER_BOUND ( 'NONE', #458, .T. ) ;
#1071 =( NAMED_UNIT ( * ) SI_UNIT ( $, .STERADIAN. ) SOLID_ANGLE_UNIT ( ) );
#1072 = DIRECTION ( 'NONE',  ( 1.000000000000000000, -0.0000000000000000000, 0.0000000000000000000 ) ) ;
#1073 = CARTESIAN_POINT ( 'NONE',  ( -5.329999999999997400, 0.9499999999999998400, 5.300000000000009600 ) ) ;
#1074 = SURFACE_STYLE_FILL_AREA ( #3722 ) ;
#1075 = CARTESIAN_POINT ( 'NONE',  ( 7.467958016022931700, 7.106249116547280300, -4.388742267624622600 ) ) ;
#1076 = EDGE_LOOP ( 'NONE', ( #6140, #436, #5839, #4846 ) ) ;
#1077 = CARTESIAN_POINT ( 'NONE',  ( -4.580000000000000100, 0.6999999999999998400, 4.650000000000003000 ) ) ;
#1078 = EDGE_CURVE ( 'NONE', #5612, #5730, #7322, .T. ) ;
#1079 = LINE ( 'NONE', #7332, #4147 ) ;
#1080 =( LENGTH_UNIT ( ) NAMED_UNIT ( * ) SI_UNIT ( .MILLI., .METRE. ) );
#1081 = FACE_OUTER_BOUND ( 'NONE', #2867, .T. ) ;
#1082 = ORIENTED_EDGE ( 'NONE', *, *, #5827, .F. ) ;
#1083 = PLANE ( 'NONE',  #6974 ) ;
#1084 = PRESENTATION_LAYER_ASSIGNMENT (  '', '', ( #1160 ) ) ;
#1085 = DIRECTION ( 'NONE',  ( -1.000000000000000000, 0.0000000000000000000, 0.0000000000000000000 ) ) ;
#1086 = ORIENTED_EDGE ( 'NONE', *, *, #4153, .T. ) ;
#1087 = CARTESIAN_POINT ( 'NONE',  ( 7.273907377058755200, 7.300000000000000700, -4.306693033007247700 ) ) ;
#1088 =( LENGTH_UNIT ( ) NAMED_UNIT ( * ) SI_UNIT ( .MILLI., .METRE. ) );
#1089 = STYLED_ITEM ( 'NONE', ( #8162 ), #5347 ) ;
#1090 = EDGE_CURVE ( 'NONE', #5065, #2627, #7387, .T. ) ;
#1091 = LINE ( 'NONE', #7560, #7073 ) ;
#1092 = CARTESIAN_POINT ( 'NONE',  ( -7.319999999999999400, 1.300000000000000000, 4.649999999999999500 ) ) ;
#1093 = VECTOR ( 'NONE', #1102, 1000.000000000000000 ) ;
#1094 = ORIENTED_EDGE ( 'NONE', *, *, #5401, .T. ) ;
#1095 = CARTESIAN_POINT ( 'NONE',  ( -4.580000000000000100, 0.6999999999999998400, 5.300000000000002500 ) ) ;
#1096 = AXIS2_PLACEMENT_3D ( 'NONE', #6418, #2600, #7024 ) ;
#1097 = VECTOR ( 'NONE', #1573, 1000.000000000000000 ) ;
#1098 = CARTESIAN_POINT ( 'NONE',  ( -7.160000000000000100, 0.4999999999999998900, -3.199999999999999700 ) ) ;
#1099 = SURFACE_STYLE_USAGE ( .BOTH. , #4961 ) ;
#1100 = ORIENTED_EDGE ( 'NONE', *, *, #3860, .F. ) ;
#1101 = UNCERTAINTY_MEASURE_WITH_UNIT (LENGTH_MEASURE( 1.000000000000000100E-005 ), #4075, 'distance_accuracy_value', 'NONE');
#1102 = DIRECTION ( 'NONE',  ( 0.0000000000000000000, -1.000000000000000000, 0.0000000000000000000 ) ) ;
#1103 = ORIENTED_EDGE ( 'NONE', *, *, #5221, .T. ) ;
#1104 = DIRECTION ( 'NONE',  ( 0.0000000000000000000, 0.0000000000000000000, 1.000000000000000000 ) ) ;
#1105 = CARTESIAN_POINT ( 'NONE',  ( 7.620000000000001000, -5.546707964138188500E-017, -3.259999999999999800 ) ) ;
#1106 = CARTESIAN_POINT ( 'NONE',  ( -7.328440843359802100, 7.291072519589971700, 4.313998896905272500 ) ) ;
#1107 = DIRECTION ( 'NONE',  ( -1.000000000000000000, 0.0000000000000000000, 0.0000000000000000000 ) ) ;
#1108 = CARTESIAN_POINT ( 'NONE',  ( 6.948407623149841500, 1.899999999999999700, 2.069999999999999000 ) ) ;
#1109 = ORIENTED_EDGE ( 'NONE', *, *, #7906, .F. ) ;
#1110 = VECTOR ( 'NONE', #465, 1000.000000000000000 ) ;
#1111 = VERTEX_POINT ( 'NONE', #7600 ) ;
#1112 = PRESENTATION_STYLE_ASSIGNMENT (( #2537 ) ) ;
#1113 = CARTESIAN_POINT ( 'NONE',  ( -7.619999999999999200, 0.4999999999999997800, 3.199999999999999300 ) ) ;
#1114 = EDGE_CURVE ( 'NONE', #3596, #7117, #7218, .T. ) ;
#1115 = EDGE_LOOP ( 'NONE', ( #2316, #2744, #2420, #2632 ) ) ;
#1116 = EDGE_CURVE ( 'NONE', #8101, #3481, #7302, .T. ) ;
#1117 = CARTESIAN_POINT ( 'NONE',  ( 7.268053096400541900, 7.300000000000000700, -4.298053096400543000 ) ) ;
#1118 = DIRECTION ( 'NONE',  ( -1.000000000000000000, 0.0000000000000000000, 0.0000000000000000000 ) ) ;
#1119 = CIRCLE ( 'NONE', #946, 0.2500000000000002200 ) ;
#1120 = ORIENTED_EDGE ( 'NONE', *, *, #5343, .F. ) ;
#1121 = COLOUR_RGB ( '',1.000000000000000000, 1.000000000000000000, 1.000000000000000000 ) ;
#1122 =( NAMED_UNIT ( * ) SI_UNIT ( $, .STERADIAN. ) SOLID_ANGLE_UNIT ( ) );
#1123 = SURFACE_STYLE_FILL_AREA ( #1673 ) ;
#1124 =( NAMED_UNIT ( * ) SI_UNIT ( $, .STERADIAN. ) SOLID_ANGLE_UNIT ( ) );
#1125 = LINE ( 'NONE', #7484, #8079 ) ;
#1126 = ORIENTED_EDGE ( 'NONE', *, *, #4748, .T. ) ;
#1127 =( NAMED_UNIT ( * ) SI_UNIT ( $, .STERADIAN. ) SOLID_ANGLE_UNIT ( ) );
#1128 = LINE ( 'NONE', #1698, #1110 ) ;
#1129 = EDGE_LOOP ( 'NONE', ( #6007, #4903, #2608, #7266 ) ) ;
#1130 = EDGE_CURVE ( 'NONE', #5065, #957, #7392, .T. ) ;
#1131 = CARTESIAN_POINT ( 'NONE',  ( 7.619999999999999200, 0.1999999999999999800, 2.899999999999996800 ) ) ;
#1132 = VECTOR ( 'NONE', #878, 1000.000000000000000 ) ;
#1133 = PLANE ( 'NONE',  #3949 ) ;
#1134 = DIRECTION ( 'NONE',  ( 0.1736481776669299700, -0.9848077530122081300, -0.0000000000000000000 ) ) ;
#1135 = CARTESIAN_POINT ( 'NONE',  ( -7.466202574681001500, 7.129204032456586400, 4.349690518627166800 ) ) ;
#1136 = DIRECTION ( 'NONE',  ( -0.0000000000000000000, -0.0000000000000000000, -1.000000000000000000 ) ) ;
#1137 = ORIENTED_EDGE ( 'NONE', *, *, #4070, .F. ) ;
#1138 = CARTESIAN_POINT ( 'NONE',  ( -7.619999999999999200, 1.300000000000000000, 3.259999999999999800 ) ) ;
#1139 = CARTESIAN_POINT ( 'NONE',  ( -2.039999999999999600, 0.9499999999999995100, -4.650000000000003000 ) ) ;
#1140 = AXIS2_PLACEMENT_3D ( 'NONE', #6012, #4151, #247 ) ;
#1141 = EDGE_CURVE ( 'NONE', #957, #289, #7132, .T. ) ;
#1142 = EDGE_LOOP ( 'NONE', ( #206, #5636, #274, #233 ) ) ;
#1143 = DIRECTION ( 'NONE',  ( 1.000000000000000000, 0.0000000000000000000, 0.0000000000000000000 ) ) ;
#1144 = CARTESIAN_POINT ( 'NONE',  ( 7.327830241167327500, 7.248938944244993200, 4.429909011356885500 ) ) ;
#1145 = VECTOR ( 'NONE', #1778, 1000.000000000000000 ) ;
#1146 = COLOUR_RGB ( '',1.000000000000000000, 1.000000000000000000, 1.000000000000000000 ) ;
#1147 =( NAMED_UNIT ( * ) SI_UNIT ( $, .STERADIAN. ) SOLID_ANGLE_UNIT ( ) );
#1148 = CARTESIAN_POINT ( 'NONE',  ( 7.274314320596389800, 7.298890286592048900, 4.321757689262914100 ) ) ;
#1149 = CARTESIAN_POINT ( 'NONE',  ( -7.397895112976195600, 7.182873056597390600, 4.453172827654946700 ) ) ;
#1150 = CARTESIAN_POINT ( 'NONE',  ( 7.348486835479155500, 7.254525285133178500, 4.414958117486285100 ) ) ;
#1151 = DIRECTION ( 'NONE',  ( 1.000000000000000000, 0.0000000000000000000, 0.0000000000000000000 ) ) ;
#1152 = ORIENTED_EDGE ( 'NONE', *, *, #5370, .F. ) ;
#1153 = ORIENTED_EDGE ( 'NONE', *, *, #491, .F. ) ;
#1154 = SURFACE_SIDE_STYLE ('',( #5986 ) ) ;
#1155 = FACE_OUTER_BOUND ( 'NONE', #2629, .T. ) ;
#1156 = CARTESIAN_POINT ( 'NONE',  ( -4.580000000000000100, 0.6999999999999998400, 4.650000000000003000 ) ) ;
#1157 = DIRECTION ( 'NONE',  ( 0.0000000000000000000, 0.0000000000000000000, -1.000000000000000000 ) ) ;
#1158 = ORIENTED_EDGE ( 'NONE', *, *, #5132, .T. ) ;
#1159 = LINE ( 'NONE', #2929, #1232 ) ;
#1160 = STYLED_ITEM ( 'NONE', ( #5613 ), #2117 ) ;
#1161 = DIRECTION ( 'NONE',  ( -1.000000000000000000, 0.0000000000000000000, 9.326470300950576100E-017 ) ) ;
#1162 = DIRECTION ( 'NONE',  ( 0.0000000000000000000, -1.000000000000000000, -1.204669080539449800E-016 ) ) ;
#1163 = CARTESIAN_POINT ( 'NONE',  ( 6.948407623149841500, 1.899999999999999000, -0.6700000000000009300 ) ) ;
#1164 = EDGE_CURVE ( 'NONE', #1186, #2981, #7113, .T. ) ;
#1165 = EDGE_CURVE ( 'NONE', #2914, #5707, #7032, .T. ) ;
#1166 = LINE ( 'NONE', #3220, #6640 ) ;
#1167 = VECTOR ( 'NONE', #8066, 1000.000000000000000 ) ;
#1168 = ORIENTED_EDGE ( 'NONE', *, *, #5032, .T. ) ;
#1169 = LINE ( 'NONE', #2265, #5102 ) ;
#1170 = DIRECTION ( 'NONE',  ( 0.0000000000000000000, 0.0000000000000000000, 1.000000000000000000 ) ) ;
#1171 = FILL_AREA_STYLE ('',( #8129 ) ) ;
#1172 = VECTOR ( 'NONE', #8201, 1000.000000000000000 ) ;
#1173 = CARTESIAN_POINT ( 'NONE',  ( -7.383324445571317600, 7.181488797032219700, 4.463879875920069300 ) ) ;
#1174 = ORIENTED_EDGE ( 'NONE', *, *, #4866, .T. ) ;
#1175 =( GEOMETRIC_REPRESENTATION_CONTEXT ( 3 ) GLOBAL_UNCERTAINTY_ASSIGNED_CONTEXT ( ( #29 ) ) GLOBAL_UNIT_ASSIGNED_CONTEXT ( ( #1837, #6326, #2506 ) ) REPRESENTATION_CONTEXT ( 'NONE', 'WORKASPACE' ) );
#1176 = CARTESIAN_POINT ( 'NONE',  ( 7.358317870328127300, 7.255921869949336400, 4.406553507521918400 ) ) ;
#1177 = EDGE_LOOP ( 'NONE', ( #4110, #7661, #4670, #6478 ) ) ;
#1178 = CARTESIAN_POINT ( 'NONE',  ( -4.830000000000000100, -0.2500000000000001100, -5.910000000000002800 ) ) ;
#1179 = EDGE_CURVE ( 'NONE', #2981, #4535, #7148, .T. ) ;
#1180 = CARTESIAN_POINT ( 'NONE',  ( -7.460000000000000000, 0.8599999999999999900, -2.020000000000000000 ) ) ;
#1181 = LINE ( 'NONE', #1653, #969 ) ;
#1182 = SURFACE_STYLE_FILL_AREA ( #3937 ) ;
#1183 = DIRECTION ( 'NONE',  ( 0.0000000000000000000, 1.000000000000000000, 0.0000000000000000000 ) ) ;
#1184 = DIRECTION ( 'NONE',  ( 1.000000000000000000, 0.0000000000000000000, -9.326470300950576100E-017 ) ) ;
#1185 = CARTESIAN_POINT ( 'NONE',  ( -4.830000000000000100, 1.724059192313015100E-016, -5.300000000000002500 ) ) ;
#1186 = VERTEX_POINT ( 'NONE', #4871 ) ;
#1187 = CARTESIAN_POINT ( 'NONE',  ( -2.039999999999999600, 0.6999999999999994000, -4.650000000000003000 ) ) ;
#1188 = CARTESIAN_POINT ( 'NONE',  ( 5.329999999999999200, 0.6999999999999998400, 5.300000000000006000 ) ) ;
#1189 = LINE ( 'NONE', #652, #6497 ) ;
#1190 = SURFACE_SIDE_STYLE ('',( #1572 ) ) ;
#1191 = EDGE_CURVE ( 'NONE', #5167, #4535, #6952, .T. ) ;
#1192 = DIRECTION ( 'NONE',  ( -1.865294060190115200E-016, -0.0000000000000000000, -1.000000000000000000 ) ) ;
#1193 = VECTOR ( 'NONE', #3185, 1000.000000000000000 ) ;
#1194 = CARTESIAN_POINT ( 'NONE',  ( -7.351821768489669400, 7.175951758213058100, 4.479928076410192100 ) ) ;
#1195 = EDGE_LOOP ( 'NONE', ( #1030, #990, #998, #974, #1015, #5402, #1541, #2364 ) ) ;
#1196 = ORIENTED_EDGE ( 'NONE', *, *, #4956, .T. ) ;
#1197 = ADVANCED_FACE ( 'NONE', ( #6850 ), #4764, .T. ) ;
#1198 = VECTOR ( 'NONE', #1942, 1000.000000000000000 ) ;
#1199 = ORIENTED_EDGE ( 'NONE', *, *, #3528, .F. ) ;
#1200 = DIRECTION ( 'NONE',  ( 0.0000000000000000000, 1.000000000000000000, 0.0000000000000000000 ) ) ;
#1201 = LINE ( 'NONE', #6334, #995 ) ;
#1202 = CARTESIAN_POINT ( 'NONE',  ( -7.340194377764362300, 7.273875216930562700, -4.384886207896482100 ) ) ;
#1203 = UNCERTAINTY_MEASURE_WITH_UNIT (LENGTH_MEASURE( 1.000000000000000100E-005 ), #5164, 'distance_accuracy_value', 'NONE');
#1204 = CARTESIAN_POINT ( 'NONE',  ( 7.460000000000000000, 0.8599999999999999900, -2.020000000000000000 ) ) ;
#1205 = ORIENTED_EDGE ( 'NONE', *, *, #3840, .T. ) ;
#1206 = EDGE_LOOP ( 'NONE', ( #6855, #353, #6395, #5531, #5996, #5208, #5897, #7752, #3660, #8187, #6299, #7109 ) ) ;
#1207 = EDGE_CURVE ( 'NONE', #3839, #5194, #6270, .T. ) ;
#1208 = VECTOR ( 'NONE', #5057, 1000.000000000000000 ) ;
#1209 = CARTESIAN_POINT ( 'NONE',  ( -2.039999999999999600, 0.6999999999999994000, -4.650000000000003000 ) ) ;
#1210 = ORIENTED_EDGE ( 'NONE', *, *, #4996, .F. ) ;
#1211 = DIRECTION ( 'NONE',  ( -1.000000000000000000, 0.0000000000000000000, 9.326470300950576100E-017 ) ) ;
#1212 = FILL_AREA_STYLE_COLOUR ( '', #4885 ) ;
#1213 = CARTESIAN_POINT ( 'NONE',  ( -7.460000000000000000, 0.6999999999999999600, -0.7200000000000002000 ) ) ;
#1214 = EDGE_LOOP ( 'NONE', ( #56, #7923, #965, #2279 ) ) ;
#1215 =( NAMED_UNIT ( * ) SI_UNIT ( $, .STERADIAN. ) SOLID_ANGLE_UNIT ( ) );
#1216 = PLANE ( 'NONE',  #645 ) ;
#1217 = LINE ( 'NONE', #2480, #1208 ) ;
#1218 = ORIENTED_EDGE ( 'NONE', *, *, #5804, .F. ) ;
#1219 =( GEOMETRIC_REPRESENTATION_CONTEXT ( 3 ) GLOBAL_UNCERTAINTY_ASSIGNED_CONTEXT ( ( #7935 ) ) GLOBAL_UNIT_ASSIGNED_CONTEXT ( ( #5629, #6188, #6852 ) ) REPRESENTATION_CONTEXT ( 'NONE', 'WORKASPACE' ) );
#1220 = ADVANCED_FACE ( 'NONE', ( #3219 ), #3942, .T. ) ;
#1221 = LINE ( 'NONE', #6935, #1193 ) ;
#1222 = DIRECTION ( 'NONE',  ( 0.0000000000000000000, 0.0000000000000000000, -1.000000000000000000 ) ) ;
#1223 = CARTESIAN_POINT ( 'NONE',  ( -7.160000000000000100, 0.6999999999999999600, -3.259999999999999800 ) ) ;
#1224 = ORIENTED_EDGE ( 'NONE', *, *, #5827, .T. ) ;
#1225 = DIRECTION ( 'NONE',  ( -1.000000000000000000, 0.0000000000000000000, 0.0000000000000000000 ) ) ;
#1226 = DIRECTION ( 'NONE',  ( -1.865294060190115200E-016, -0.0000000000000000000, -1.000000000000000000 ) ) ;
#1227 = LINE ( 'NONE', #4439, #3287 ) ;
#1228 = VECTOR ( 'NONE', #6903, 1000.000000000000000 ) ;
#1229 = ORIENTED_EDGE ( 'NONE', *, *, #6531, .T. ) ;
#1230 = DIRECTION ( 'NONE',  ( 0.0000000000000000000, 0.0000000000000000000, -1.000000000000000000 ) ) ;
#1231 = ORIENTED_EDGE ( 'NONE', *, *, #5358, .F. ) ;
#1232 = VECTOR ( 'NONE', #2382, 1000.000000000000000 ) ;
#1233 = ORIENTED_EDGE ( 'NONE', *, *, #5092, .F. ) ;
#1234 = MECHANICAL_DESIGN_GEOMETRIC_PRESENTATION_REPRESENTATION (  '', ( #1450 ), #1175 ) ;
#1235 = DIRECTION ( 'NONE',  ( -1.000000000000000000, 0.0000000000000000000, 0.0000000000000000000 ) ) ;
#1236 = EDGE_CURVE ( 'NONE', #7077, #7912, #2469, .T. ) ;
#1237 = CARTESIAN_POINT ( 'NONE',  ( -7.299905212972718400, 7.278556928462911000, -4.389313932889341400 ) ) ;
#1238 = EDGE_CURVE ( 'NONE', #2578, #982, #6185, .T. ) ;
#1239 = CARTESIAN_POINT ( 'NONE',  ( -4.580000000000000100, 0.0000000000000000000, 5.550000000000002500 ) ) ;
#1240 = LINE ( 'NONE', #6301, #4180 ) ;
#1241 = ORIENTED_EDGE ( 'NONE', *, *, #5008, .T. ) ;
#1242 = LINE ( 'NONE', #1729, #1145 ) ;
#1243 = ORIENTED_EDGE ( 'NONE', *, *, #5082, .T. ) ;
#1244 = CARTESIAN_POINT ( 'NONE',  ( 5.330000000000001000, -0.2500000000000001100, -5.550000000000002500 ) ) ;
#1245 = PRESENTATION_LAYER_ASSIGNMENT (  '', '', ( #1450 ) ) ;
#1246 = CARTESIAN_POINT ( 'NONE',  ( -7.320000000000000300, 1.300000000000000000, -4.350000000000001400 ) ) ;
#1247 = EDGE_CURVE ( 'NONE', #387, #3255, #3203, .T. ) ;
#1248 =( GEOMETRIC_REPRESENTATION_CONTEXT ( 3 ) GLOBAL_UNCERTAINTY_ASSIGNED_CONTEXT ( ( #4740 ) ) GLOBAL_UNIT_ASSIGNED_CONTEXT ( ( #5289, #2930, #2851 ) ) REPRESENTATION_CONTEXT ( 'NONE', 'WORKASPACE' ) );
#1249 =( NAMED_UNIT ( * ) SI_UNIT ( $, .STERADIAN. ) SOLID_ANGLE_UNIT ( ) );
#1250 = SURFACE_STYLE_FILL_AREA ( #7373 ) ;
#1251 = CARTESIAN_POINT ( 'NONE',  ( 7.320000000000000300, 7.105235389661575400, -4.497984561395655100 ) ) ;
#1252 = CARTESIAN_POINT ( 'NONE',  ( 7.440320631612068200, 7.202483313248917400, -4.343209690006650800 ) ) ;
#1253 = LINE ( 'NONE', #7252, #7992 ) ;
#1254 = AXIS2_PLACEMENT_3D ( 'NONE', #2152, #2002, #1972 ) ;
#1255 = ORIENTED_EDGE ( 'NONE', *, *, #4928, .T. ) ;
#1256 = LINE ( 'NONE', #7351, #1167 ) ;
#1257 = CARTESIAN_POINT ( 'NONE',  ( -6.269999999999999600, 1.300000000000000000, -3.259999999999999300 ) ) ;
#1258 = DIRECTION ( 'NONE',  ( -0.4472135954999567100, 0.0000000000000000000, -0.8944271909999164100 ) ) ;
#1259 = EDGE_CURVE ( 'NONE', #387, #1987, #4992, .T. ) ;
#1260 = CARTESIAN_POINT ( 'NONE',  ( -7.268053096400542800, 7.299999999999999800, 4.349999999999999600 ) ) ;
#1261 = PRESENTATION_STYLE_ASSIGNMENT (( #1820 ) ) ;
#1262 = CARTESIAN_POINT ( 'NONE',  ( -7.324809436368958000, 7.292185718913058800, -4.317979638364385600 ) ) ;
#1263 = EDGE_LOOP ( 'NONE', ( #7833, #868, #50, #265 ) ) ;
#1264 = CARTESIAN_POINT ( 'NONE',  ( 5.330000000000001000, 0.6999999999999992900, -5.300000000000002500 ) ) ;
#1265 = ORIENTED_EDGE ( 'NONE', *, *, #5317, .F. ) ;
#1266 = ADVANCED_FACE ( 'NONE', ( #5072 ), #6821, .T. ) ;
#1267 =( GEOMETRIC_REPRESENTATION_CONTEXT ( 3 ) GLOBAL_UNCERTAINTY_ASSIGNED_CONTEXT ( ( #3663 ) ) GLOBAL_UNIT_ASSIGNED_CONTEXT ( ( #5150, #1285, #5793 ) ) REPRESENTATION_CONTEXT ( 'NONE', 'WORKASPACE' ) );
#1268 = AXIS2_PLACEMENT_3D ( 'NONE', #4302, #6845, #5095 ) ;
#1269 = PLANE ( 'NONE',  #6746 ) ;
#1270 = ORIENTED_EDGE ( 'NONE', *, *, #1020, .F. ) ;
#1271 = AXIS2_PLACEMENT_3D ( 'NONE', #7265, #3534, #7895 ) ;
#1272 = ORIENTED_EDGE ( 'NONE', *, *, #5120, .F. ) ;
#1273 = EDGE_LOOP ( 'NONE', ( #4258, #4185, #5328, #3921 ) ) ;
#1274 = MECHANICAL_DESIGN_GEOMETRIC_PRESENTATION_REPRESENTATION (  '', ( #1386 ), #1248 ) ;
#1275 = FACE_OUTER_BOUND ( 'NONE', #546, .T. ) ;
#1276 = CARTESIAN_POINT ( 'NONE',  ( 7.293478850238086500, 7.275793423258767800, -4.394424305636726500 ) ) ;
#1277 = PLANE ( 'NONE',  #658 ) ;
#1278 = CARTESIAN_POINT ( 'NONE',  ( 5.639999999999998800, 0.9499999999999995100, -4.680000000000002400 ) ) ;
#1279 = LINE ( 'NONE', #3645, #5475 ) ;
#1280 = EDGE_CURVE ( 'NONE', #1334, #5925, #239, .T. ) ;
#1281 = PRESENTATION_LAYER_ASSIGNMENT (  '', '', ( #1386 ) ) ;
#1282 = CYLINDRICAL_SURFACE ( 'NONE', #4207, 0.2500000000000002200 ) ;
#1283 = VERTEX_POINT ( 'NONE', #6408 ) ;
#1284 = CARTESIAN_POINT ( 'NONE',  ( -7.301668507696696500, 7.296475144189591000, -4.325869190280896800 ) ) ;
#1285 =( NAMED_UNIT ( * ) PLANE_ANGLE_UNIT ( ) SI_UNIT ( $, .RADIAN. ) );
#1286 = ADVANCED_FACE ( 'NONE', ( #8169 ), #6483, .T. ) ;
#1287 = EDGE_CURVE ( 'NONE', #699, #1987, #5694, .T. ) ;
#1288 = VERTEX_POINT ( 'NONE', #6371 ) ;
#1289 = AXIS2_PLACEMENT_3D ( 'NONE', #5978, #5914, #5891 ) ;
#1290 = VECTOR ( 'NONE', #6023, 1000.000000000000000 ) ;
#1291 = DIRECTION ( 'NONE',  ( 0.0000000000000000000, -0.0000000000000000000, 1.000000000000000000 ) ) ;
#1292 = SURFACE_STYLE_USAGE ( .BOTH. , #5161 ) ;
#1293 = DIRECTION ( 'NONE',  ( 0.1736481776669299700, -0.9848077530122081300, -0.0000000000000000000 ) ) ;
#1294 = CARTESIAN_POINT ( 'NONE',  ( 7.119999999999998300, 0.9268512727847124700, -3.260000000000000700 ) ) ;
#1295 = EDGE_LOOP ( 'NONE', ( #5968, #7825, #2171, #2371 ) ) ;
#1296 = ADVANCED_FACE ( 'NONE', ( #1449 ), #5959, .F. ) ;
#1297 = ORIENTED_EDGE ( 'NONE', *, *, #5820, .F. ) ;
#1298 = CARTESIAN_POINT ( 'NONE',  ( 5.330000029889088600, -0.2500000000000001100, 6.000000000000001800 ) ) ;
#1299 =( NAMED_UNIT ( * ) PLANE_ANGLE_UNIT ( ) SI_UNIT ( $, .RADIAN. ) );
#1300 = DIRECTION ( 'NONE',  ( 0.0000000000000000000, -0.0000000000000000000, 1.000000000000000000 ) ) ;
#1301 = UNCERTAINTY_MEASURE_WITH_UNIT (LENGTH_MEASURE( 1.000000000000000100E-005 ), #1471, 'distance_accuracy_value', 'NONE');
#1302 = AXIS2_PLACEMENT_3D ( 'NONE', #6618, #217, #4735 ) ;
#1303 = LINE ( 'NONE', #6374, #2825 ) ;
#1304 = ORIENTED_EDGE ( 'NONE', *, *, #633, .T. ) ;
#1305 = ORIENTED_EDGE ( 'NONE', *, *, #1959, .F. ) ;
#1306 = DIRECTION ( 'NONE',  ( -0.0000000000000000000, -0.0000000000000000000, -1.000000000000000000 ) ) ;
#1307 = AXIS2_PLACEMENT_3D ( 'NONE', #7542, #3704, #785 ) ;
#1308 = CARTESIAN_POINT ( 'NONE',  ( 7.376553514297398800, 7.255921869021589600, 4.388317863036756500 ) ) ;
#1309 = COLOUR_RGB ( '',1.000000000000000000, 1.000000000000000000, 1.000000000000000000 ) ;
#1310 = CARTESIAN_POINT ( 'NONE',  ( -7.277200029594070900, 7.299124177066372200, -4.318762836004073500 ) ) ;
#1311 = ORIENTED_EDGE ( 'NONE', *, *, #3416, .T. ) ;
#1312 = BREP_WITH_VOIDS ( 'NONE', #8233, ( #3396 ) );
#1313 = CARTESIAN_POINT ( 'NONE',  ( -7.334889758812895600, 7.171798978959066600, 4.485269228635188700 ) ) ;
#1314 = ORIENTED_EDGE ( 'NONE', *, *, #5382, .F. ) ;
#1315 = SURFACE_STYLE_USAGE ( .BOTH. , #3412 ) ;
#1316 = FACE_OUTER_BOUND ( 'NONE', #7339, .T. ) ;
#1317 = DIRECTION ( 'NONE',  ( -1.000000000000000000, -0.0000000000000000000, -0.0000000000000000000 ) ) ;
#1318 = LINE ( 'NONE', #1138, #1387 ) ;
#1319 = VERTEX_POINT ( 'NONE', #6250 ) ;
#1320 = FILL_AREA_STYLE ('',( #1212 ) ) ;
#1321 = DIRECTION ( 'NONE',  ( -9.326470300950576100E-017, 3.942553354492744000E-016, -1.000000000000000000 ) ) ;
#1322 = VERTEX_POINT ( 'NONE', #5991 ) ;
#1323 = EDGE_CURVE ( 'NONE', #2482, #699, #5379, .T. ) ;
#1324 = DIRECTION ( 'NONE',  ( -1.865294060190115700E-016, 1.057860829179710500E-015, -1.000000000000000000 ) ) ;
#1325 = VECTOR ( 'NONE', #8122, 1000.000000000000000 ) ;
#1326 = EDGE_CURVE ( 'NONE', #5602, #6812, #5405, .T. ) ;
#1327 = LINE ( 'NONE', #5704, #4172 ) ;
#1328 = DIRECTION ( 'NONE',  ( -1.000000000000000000, -0.0000000000000000000, -0.0000000000000000000 ) ) ;
#1329 = DIRECTION ( 'NONE',  ( 0.0000000000000000000, -1.828634731526980600E-016, -1.000000000000000000 ) ) ;
#1330 = CARTESIAN_POINT ( 'NONE',  ( -4.580000000000000100, 0.0000000000000000000, 5.300000000000002500 ) ) ;
#1331 = EDGE_LOOP ( 'NONE', ( #5440, #3147, #8228, #4276, #4951, #5935 ) ) ;
#1332 = AXIS2_PLACEMENT_3D ( 'NONE', #8203, #739, #727 ) ;
#1333 = FACE_OUTER_BOUND ( 'NONE', #3343, .T. ) ;
#1334 = VERTEX_POINT ( 'NONE', #1925 ) ;
#1335 = CARTESIAN_POINT ( 'NONE',  ( -7.268053096400543600, 7.299999999999999800, -4.298053096400543000 ) ) ;
#1336 = EDGE_CURVE ( 'NONE', #2482, #2406, #5262, .T. ) ;
#1337 = DIRECTION ( 'NONE',  ( 1.000000000000000000, 0.0000000000000000000, -1.330309414092643500E-016 ) ) ;
#1338 = CARTESIAN_POINT ( 'NONE',  ( 7.119999999999999200, 1.300000000000000000, -2.070000000000001200 ) ) ;
#1339 = LINE ( 'NONE', #1785, #3868 ) ;
#1340 = CARTESIAN_POINT ( 'NONE',  ( 7.119999999999999200, 1.300000000000000000, 0.6699999999999989300 ) ) ;
#1341 = ORIENTED_EDGE ( 'NONE', *, *, #5419, .F. ) ;
#1342 = CARTESIAN_POINT ( 'NONE',  ( 7.384958123417702900, 7.254525283277682300, 4.378486828515958600 ) ) ;
#1343 = CARTESIAN_POINT ( 'NONE',  ( -7.620000000000000100, 1.300000000000000000, -4.350000000000001400 ) ) ;
#1344 = AXIS2_PLACEMENT_3D ( 'NONE', #4389, #534, #5026 ) ;
#1345 = CARTESIAN_POINT ( 'NONE',  ( 7.394470379019719700, 7.106692120384063400, -4.479144484278386100 ) ) ;
#1346 = EDGE_CURVE ( 'NONE', #2406, #3255, #5508, .T. ) ;
#1347 = DIRECTION ( 'NONE',  ( 1.000000000000000000, 0.0000000000000000000, -9.326470300950576100E-017 ) ) ;
#1348 = PRESENTATION_STYLE_ASSIGNMENT (( #2895 ) ) ;
#1349 = DIRECTION ( 'NONE',  ( -1.000000000000000000, 0.0000000000000000000, -0.0000000000000000000 ) ) ;
#1350 = VECTOR ( 'NONE', #3973, 1000.000000000000000 ) ;
#1351 = CARTESIAN_POINT ( 'NONE',  ( -6.948407623149841500, 1.899999999999999700, -3.199999999999999700 ) ) ;
#1352 = SURFACE_STYLE_USAGE ( .BOTH. , #3280 ) ;
#1353 =( NAMED_UNIT ( * ) SI_UNIT ( $, .STERADIAN. ) SOLID_ANGLE_UNIT ( ) );
#1354 = CARTESIAN_POINT ( 'NONE',  ( -7.161822484923008300, 1.250000000000000000, -2.020000000000000000 ) ) ;
#1355 = COLOUR_RGB ( '',1.000000000000000000, 1.000000000000000000, 1.000000000000000000 ) ;
#1356 = CARTESIAN_POINT ( 'NONE',  ( -2.790000000000000000, -0.2500000000000001100, -5.550000000000002500 ) ) ;
#1357 = ORIENTED_EDGE ( 'NONE', *, *, #5184, .F. ) ;
#1358 = ADVANCED_FACE ( 'NONE', ( #5270 ), #1769, .F. ) ;
#1359 = EDGE_CURVE ( 'NONE', #1319, #1111, #6170, .T. ) ;
#1360 = SURFACE_STYLE_USAGE ( .BOTH. , #5219 ) ;
#1361 = CARTESIAN_POINT ( 'NONE',  ( 7.399909014814863200, 7.248938941925612100, 4.357830236419636600 ) ) ;
#1362 = PLANE ( 'NONE',  #5129 ) ;
#1363 = DIRECTION ( 'NONE',  ( 0.0000000000000000000, 1.828634731526980300E-016, 1.000000000000000000 ) ) ;
#1364 =( LENGTH_UNIT ( ) NAMED_UNIT ( * ) SI_UNIT ( .MILLI., .METRE. ) );
#1365 = CARTESIAN_POINT ( 'NONE',  ( -7.317528216476880200, 7.166261939740994800, 4.487176294356459000 ) ) ;
#1366 = VERTEX_POINT ( 'NONE', #2313 ) ;
#1367 = CARTESIAN_POINT ( 'NONE',  ( 7.119999999999999200, 0.4999999999999998900, 2.899999999999998100 ) ) ;
#1368 = MECHANICAL_DESIGN_GEOMETRIC_PRESENTATION_REPRESENTATION (  '', ( #1585 ), #1267 ) ;
#1369 = CARTESIAN_POINT ( 'NONE',  ( -7.619999999999999200, 0.6899999999999999500, 0.6700000000000003700 ) ) ;
#1370 = ORIENTED_EDGE ( 'NONE', *, *, #437, .F. ) ;
#1371 = DIRECTION ( 'NONE',  ( 1.000000000000000000, 0.0000000000000000000, 0.0000000000000000000 ) ) ;
#1372 = CARTESIAN_POINT ( 'NONE',  ( -4.580000000000000100, 0.6999999999999998400, 4.650000000000003000 ) ) ;
#1373 = MECHANICAL_DESIGN_GEOMETRIC_PRESENTATION_REPRESENTATION (  '', ( #1760 ), #1219 ) ;
#1374 = ORIENTED_EDGE ( 'NONE', *, *, #5820, .T. ) ;
#1375 = CARTESIAN_POINT ( 'NONE',  ( 7.448885130942602300, 7.118299021584149100, -4.424307690086758200 ) ) ;
#1376 = CARTESIAN_POINT ( 'NONE',  ( 7.160000000000000100, 0.6899999999999999500, -2.070000000000001200 ) ) ;
#1377 =( GEOMETRIC_REPRESENTATION_CONTEXT ( 3 ) GLOBAL_UNCERTAINTY_ASSIGNED_CONTEXT ( ( #5367 ) ) GLOBAL_UNIT_ASSIGNED_CONTEXT ( ( #6314, #7421, #7058 ) ) REPRESENTATION_CONTEXT ( 'NONE', 'WORKASPACE' ) );
#1378 = CARTESIAN_POINT ( 'NONE',  ( -7.460000000000000000, 0.6999999999999999600, -0.7200000000000002000 ) ) ;
#1379 = CARTESIAN_POINT ( 'NONE',  ( -4.580000000000000100, 0.9499999999999994000, -5.550000000000002500 ) ) ;
#1380 = CARTESIAN_POINT ( 'NONE',  ( -7.268053096400545400, 7.300000000000000700, 4.298053096400541200 ) ) ;
#1381 = DIRECTION ( 'NONE',  ( 0.1736481776669303300, -0.9848077530122081300, -1.619524571824814700E-017 ) ) ;
#1382 = EDGE_LOOP ( 'NONE', ( #2702, #4962, #6138, #6605 ) ) ;
#1383 = ORIENTED_EDGE ( 'NONE', *, *, #5303, .T. ) ;
#1384 = EDGE_CURVE ( 'NONE', #5052, #563, #6163, .T. ) ;
#1385 = SURFACE_SIDE_STYLE ('',( #3820 ) ) ;
#1386 = STYLED_ITEM ( 'NONE', ( #2414 ), #4236 ) ;
#1387 = VECTOR ( 'NONE', #7495, 1000.000000000000000 ) ;
#1388 = CARTESIAN_POINT ( 'NONE',  ( 6.269999999999999600, 1.300000000000000000, -3.259999999999999300 ) ) ;
#1389 = DIRECTION ( 'NONE',  ( 0.0000000000000000000, -1.000000000000000000, 1.204669080539449800E-016 ) ) ;
#1390 =( NAMED_UNIT ( * ) SI_UNIT ( $, .STERADIAN. ) SOLID_ANGLE_UNIT ( ) );
#1391 = CARTESIAN_POINT ( 'NONE',  ( -7.119999999999999200, 0.6899999999999999500, 2.070000000000000300 ) ) ;
#1392 = PRESENTATION_STYLE_ASSIGNMENT (( #3729 ) ) ;
#1393 = ORIENTED_EDGE ( 'NONE', *, *, #450, .F. ) ;
#1394 = CARTESIAN_POINT ( 'NONE',  ( -7.460950433677195000, 7.153912947499957700, 4.348454368052801800 ) ) ;
#1395 = LINE ( 'NONE', #6698, #900 ) ;
#1396 = AXIS2_PLACEMENT_3D ( 'NONE', #310, #1025, #930 ) ;
#1397 = CARTESIAN_POINT ( 'NONE',  ( 2.790000000000000500, -1.084202172485503600E-016, -5.910000000000002800 ) ) ;
#1398 = CARTESIAN_POINT ( 'NONE',  ( 7.283998896902895500, 7.291072519589327800, 4.358440843361853100 ) ) ;
#1399 = LINE ( 'NONE', #4391, #1325 ) ;
#1400 = ORIENTED_EDGE ( 'NONE', *, *, #7865, .T. ) ;
#1401 = SURFACE_STYLE_USAGE ( .BOTH. , #5259 ) ;
#1402 = EDGE_CURVE ( 'NONE', #2759, #5052, #6076, .T. ) ;
#1403 = FACE_OUTER_BOUND ( 'NONE', #6070, .T. ) ;
#1404 = CARTESIAN_POINT ( 'NONE',  ( -4.520000000000000500, 0.9499999999999998400, 4.680000000000002400 ) ) ;
#1405 = VERTEX_POINT ( 'NONE', #1694 ) ;
#1406 = CARTESIAN_POINT ( 'NONE',  ( 7.466202574681205700, 7.129204032454929100, -4.349690518616074400 ) ) ;
#1407 = VECTOR ( 'NONE', #536, 1000.000000000000000 ) ;
#1408 = AXIS2_PLACEMENT_3D ( 'NONE', #6182, #7111, #7162 ) ;
#1409 = ORIENTED_EDGE ( 'NONE', *, *, #5697, .F. ) ;
#1410 = VECTOR ( 'NONE', #7775, 1000.000000000000000 ) ;
#1411 = SURFACE_STYLE_FILL_AREA ( #3124 ) ;
#1412 = SURFACE_SIDE_STYLE ('',( #1525 ) ) ;
#1413 = ORIENTED_EDGE ( 'NONE', *, *, #3563, .F. ) ;
#1414 = DIRECTION ( 'NONE',  ( -0.0000000000000000000, 0.0000000000000000000, 1.000000000000000000 ) ) ;
#1415 = CARTESIAN_POINT ( 'NONE',  ( -7.303642415677925800, 7.247427452727444000, 4.433221055359161300 ) ) ;
#1416 = VERTEX_POINT ( 'NONE', #5071 ) ;
#1417 = CARTESIAN_POINT ( 'NONE',  ( 7.119999999999998300, 0.1999999999999999800, 2.899999999999998600 ) ) ;
#1418 = EDGE_CURVE ( 'NONE', #3267, #2759, #6550, .T. ) ;
#1419 = CARTESIAN_POINT ( 'NONE',  ( -7.268053096400545400, 7.300000000000000700, 4.298053096400541200 ) ) ;
#1420 = CARTESIAN_POINT ( 'NONE',  ( 7.619999999999999200, 1.300000000000000000, -2.070000000000001200 ) ) ;
#1421 = EDGE_LOOP ( 'NONE', ( #3184, #3198, #3223, #3228 ) ) ;
#1422 = PRESENTATION_LAYER_ASSIGNMENT (  '', '', ( #1585 ) ) ;
#1423 = ORIENTED_EDGE ( 'NONE', *, *, #4783, .T. ) ;
#1424 = DIRECTION ( 'NONE',  ( 0.0000000000000000000, 0.0000000000000000000, -1.000000000000000000 ) ) ;
#1425 = CARTESIAN_POINT ( 'NONE',  ( -7.319999999999999400, 0.0000000000000000000, 4.349999999999999600 ) ) ;
#1426 = CARTESIAN_POINT ( 'NONE',  ( -4.830000000000000100, -4.258936691357909700E-017, -5.550000000000002500 ) ) ;
#1427 = CARTESIAN_POINT ( 'NONE',  ( 7.160000000000000100, 0.6999999999999999600, -0.7200000000000002000 ) ) ;
#1428 = CARTESIAN_POINT ( 'NONE',  ( -7.459702267885832700, 7.158634173696307300, 4.366131461356923500 ) ) ;
#1429 = EDGE_LOOP ( 'NONE', ( #5949, #7984, #778, #505, #8032, #8235, #8123, #7530 ) ) ;
#1430 = UNCERTAINTY_MEASURE_WITH_UNIT (LENGTH_MEASURE( 1.000000000000000100E-005 ), #4776, 'distance_accuracy_value', 'NONE');
#1431 = VECTOR ( 'NONE', #4280, 1000.000000000000000 ) ;
#1432 = ORIENTED_EDGE ( 'NONE', *, *, #555, .T. ) ;
#1433 = CARTESIAN_POINT ( 'NONE',  ( 7.406455297091718600, 7.244749186317447400, 4.347004678844110800 ) ) ;
#1434 = CARTESIAN_POINT ( 'NONE',  ( 7.351821768491024800, 7.175951758217000700, -4.479928076410349300 ) ) ;
#1435 = ORIENTED_EDGE ( 'NONE', *, *, #5802, .F. ) ;
#1436 = SURFACE_STYLE_FILL_AREA ( #2427 ) ;
#1437 = ORIENTED_EDGE ( 'NONE', *, *, #4322, .T. ) ;
#1438 = CARTESIAN_POINT ( 'NONE',  ( 5.580000000000001000, 0.9499999999999994000, -5.550000000000002500 ) ) ;
#1439 = DIRECTION ( 'NONE',  ( -0.6073758397232873500, 0.7944146205354176700, 0.0000000000000000000 ) ) ;
#1440 = CARTESIAN_POINT ( 'NONE',  ( -7.460000000000000000, 0.6999999999999999600, 2.020000000000000000 ) ) ;
#1441 = EDGE_LOOP ( 'NONE', ( #7380, #4651, #5464 ) ) ;
#1442 = CARTESIAN_POINT ( 'NONE',  ( -7.279568070390026500, 7.300000000000000700, 4.301094192904064300 ) ) ;
#1443 = CARTESIAN_POINT ( 'NONE',  ( 7.619999999999999200, 1.300000000000000000, 0.6699999999999989300 ) ) ;
#1444 = DIRECTION ( 'NONE',  ( -0.0000000000000000000, -1.000000000000000000, -0.0000000000000000000 ) ) ;
#1445 = VECTOR ( 'NONE', #1639, 1000.000000000000000 ) ;
#1446 = ADVANCED_FACE ( 'NONE', ( #6465 ), #7996, .F. ) ;
#1447 = FILL_AREA_STYLE ('',( #2671 ) ) ;
#1448 = UNCERTAINTY_MEASURE_WITH_UNIT (LENGTH_MEASURE( 1.000000000000000100E-005 ), #79, 'distance_accuracy_value', 'NONE');
#1449 = FACE_OUTER_BOUND ( 'NONE', #5342, .T. ) ;
#1450 = STYLED_ITEM ( 'NONE', ( #4513 ), #6352 ) ;
#1451 = FILL_AREA_STYLE_COLOUR ( '', #6976 ) ;
#1452 = CARTESIAN_POINT ( 'NONE',  ( -7.314826676225190600, 7.190859281300842700, -4.476697652976700000 ) ) ;
#1453 = DIRECTION ( 'NONE',  ( 0.6073758397232873500, 0.7944146205354176700, 0.0000000000000000000 ) ) ;
#1454 = ORIENTED_EDGE ( 'NONE', *, *, #4253, .T. ) ;
#1455 = EDGE_CURVE ( 'NONE', #3267, #563, #1553, .T. ) ;
#1456 = FILL_AREA_STYLE ('',( #804 ) ) ;
#1457 = CARTESIAN_POINT ( 'NONE',  ( 7.619999999999999200, 0.6899999999999999500, 0.6699999999999989300 ) ) ;
#1458 = COLOUR_RGB ( '',0.2509803921568627400, 0.2509803921568627400, 0.2509803921568627400 ) ;
#1459 = CARTESIAN_POINT ( 'NONE',  ( 7.279568070390015000, 7.300000000000000700, 4.301094192904073100 ) ) ;
#1460 = CARTESIAN_POINT ( 'NONE',  ( -7.460000000000000000, 0.6999999999999999600, 0.7200000000000002000 ) ) ;
#1461 = ORIENTED_EDGE ( 'NONE', *, *, #5871, .F. ) ;
#1462 =( NAMED_UNIT ( * ) SI_UNIT ( $, .STERADIAN. ) SOLID_ANGLE_UNIT ( ) );
#1463 = LINE ( 'NONE', #4349, #1431 ) ;
#1464 = CARTESIAN_POINT ( 'NONE',  ( 7.411745955332685700, 7.209820551846514800, -4.418302047784975700 ) ) ;
#1465 = AXIS2_PLACEMENT_3D ( 'NONE', #1468, #4098, #184 ) ;
#1466 = EDGE_CURVE ( 'NONE', #7004, #5052, #5094, .T. ) ;
#1467 = SURFACE_STYLE_FILL_AREA ( #4319 ) ;
#1468 = CARTESIAN_POINT ( 'NONE',  ( -7.161822484923008300, 1.250000000000000000, 2.020000000000000000 ) ) ;
#1469 = ORIENTED_EDGE ( 'NONE', *, *, #5795, .T. ) ;
#1470 = LINE ( 'NONE', #4820, #5794 ) ;
#1471 =( LENGTH_UNIT ( ) NAMED_UNIT ( * ) SI_UNIT ( .MILLI., .METRE. ) );
#1472 = CARTESIAN_POINT ( 'NONE',  ( -7.278831186818732300, 7.300000000000000700, 4.301808586065925900 ) ) ;
#1473 = CARTESIAN_POINT ( 'NONE',  ( 7.299339024140588000, 7.261564332076090100, 4.416745320333046000 ) ) ;
#1474 = CARTESIAN_POINT ( 'NONE',  ( 4.830000000000000100, 0.6999999999999992900, -5.550000000000002500 ) ) ;
#1475 = LINE ( 'NONE', #4295, #1516 ) ;
#1476 = ORIENTED_EDGE ( 'NONE', *, *, #1164, .F. ) ;
#1477 = EDGE_CURVE ( 'NONE', #982, #1526, #4976, .T. ) ;
#1478 = FACE_OUTER_BOUND ( 'NONE', #3690, .T. ) ;
#1479 = DIRECTION ( 'NONE',  ( 0.0000000000000000000, 0.0000000000000000000, 1.000000000000000000 ) ) ;
#1480 = VECTOR ( 'NONE', #4793, 1000.000000000000000 ) ;
#1481 = ADVANCED_FACE ( 'NONE', ( #4862 ), #4297, .T. ) ;
#1482 = DIRECTION ( 'NONE',  ( 0.0000000000000000000, -1.000000000000000000, 0.0000000000000000000 ) ) ;
#1483 =( NAMED_UNIT ( * ) PLANE_ANGLE_UNIT ( ) SI_UNIT ( $, .RADIAN. ) );
#1484 =( GEOMETRIC_REPRESENTATION_CONTEXT ( 3 ) GLOBAL_UNCERTAINTY_ASSIGNED_CONTEXT ( ( #5392 ) ) GLOBAL_UNIT_ASSIGNED_CONTEXT ( ( #6411, #6231, #6178 ) ) REPRESENTATION_CONTEXT ( 'NONE', 'WORKASPACE' ) );
#1485 = CARTESIAN_POINT ( 'NONE',  ( -4.580000000000000100, 0.6999999999999992900, -5.550000000000002500 ) ) ;
#1486 = AXIS2_PLACEMENT_3D ( 'NONE', #623, #6393, #2574 ) ;
#1487 = CARTESIAN_POINT ( 'NONE',  ( 7.160000000000000100, 0.6999999999999999600, 2.069999999999999000 ) ) ;
#1488 = CARTESIAN_POINT ( 'NONE',  ( -7.620000000000000100, -5.546707964138177400E-017, -3.259999999999999800 ) ) ;
#1489 = CARTESIAN_POINT ( 'NONE',  ( -7.467680576364494400, 7.116844109650942900, -4.350000517603365100 ) ) ;
#1490 = FACE_OUTER_BOUND ( 'NONE', #1589, .T. ) ;
#1491 = EDGE_CURVE ( 'NONE', #3532, #6134, #4474, .T. ) ;
#1492 = UNCERTAINTY_MEASURE_WITH_UNIT (LENGTH_MEASURE( 1.000000000000000100E-005 ), #4749, 'distance_accuracy_value', 'NONE');
#1493 = VECTOR ( 'NONE', #5685, 1000.000000000000000 ) ;
#1494 = ORIENTED_EDGE ( 'NONE', *, *, #5785, .T. ) ;
#1495 = SURFACE_SIDE_STYLE ('',( #6459 ) ) ;
#1496 = CARTESIAN_POINT ( 'NONE',  ( -7.161822484923008300, 1.250000000000000000, 2.020000000000000000 ) ) ;
#1497 = EDGE_CURVE ( 'NONE', #6812, #2578, #4464, .T. ) ;
#1498 = CARTESIAN_POINT ( 'NONE',  ( 7.436602352529341400, 7.208827853718032600, -4.357956379902749900 ) ) ;
#1499 = MECHANICAL_DESIGN_GEOMETRIC_PRESENTATION_REPRESENTATION (  '', ( #1595 ), #1484 ) ;
#1500 = CARTESIAN_POINT ( 'NONE',  ( 7.411856465389462300, 7.239162846125061000, 4.335897810492069100 ) ) ;
#1501 = VECTOR ( 'NONE', #5528, 1000.000000000000000 ) ;
#1502 = AXIS2_PLACEMENT_3D ( 'NONE', #688, #826, #787 ) ;
#1503 = CARTESIAN_POINT ( 'NONE',  ( 6.270000000000000500, 0.6999999999999998400, 3.260000000000000200 ) ) ;
#1504 = LINE ( 'NONE', #2276, #1097 ) ;
#1505 = DIRECTION ( 'NONE',  ( 0.0000000000000000000, 1.000000000000000000, 0.0000000000000000000 ) ) ;
#1506 =( NAMED_UNIT ( * ) PLANE_ANGLE_UNIT ( ) SI_UNIT ( $, .RADIAN. ) );
#1507 = ADVANCED_FACE ( 'NONE', ( #1023 ), #779, .F. ) ;
#1508 = FACE_OUTER_BOUND ( 'NONE', #2857, .T. ) ;
#1509 = CARTESIAN_POINT ( 'NONE',  ( -7.278111726077956900, 7.300000000000000700, 4.302511178386007300 ) ) ;
#1510 = EDGE_CURVE ( 'NONE', #242, #8107, #3686, .T. ) ;
#1511 = CARTESIAN_POINT ( 'NONE',  ( 7.460000000000000000, 0.6999999999999999600, -0.7200000000000002000 ) ) ;
#1512 = FACE_OUTER_BOUND ( 'NONE', #6527, .T. ) ;
#1513 = EDGE_CURVE ( 'NONE', #2431, #7004, #3797, .T. ) ;
#1514 = PRESENTATION_LAYER_ASSIGNMENT (  '', '', ( #1595 ) ) ;
#1515 = DIRECTION ( 'NONE',  ( 1.000000000000000000, -0.0000000000000000000, -0.0000000000000000000 ) ) ;
#1516 = VECTOR ( 'NONE', #5579, 1000.000000000000000 ) ;
#1517 = CARTESIAN_POINT ( 'NONE',  ( 4.830000000000003600, 1.899999999999999700, 5.300000000000009600 ) ) ;
#1518 = ORIENTED_EDGE ( 'NONE', *, *, #7334, .T. ) ;
#1519 = PLANE ( 'NONE',  #7612 ) ;
#1520 = FACE_OUTER_BOUND ( 'NONE', #4457, .T. ) ;
#1521 = CARTESIAN_POINT ( 'NONE',  ( 7.277200029594026500, 7.299124177066340200, 4.318762836004032700 ) ) ;
#1522 = CARTESIAN_POINT ( 'NONE',  ( -7.446575955743946400, 7.133815488908993500, -4.422540873896533500 ) ) ;
#1523 = UNCERTAINTY_MEASURE_WITH_UNIT (LENGTH_MEASURE( 1.000000000000000100E-005 ), #362, 'distance_accuracy_value', 'NONE');
#1524 = EDGE_CURVE ( 'NONE', #2455, #825, #3703, .T. ) ;
#1525 = SURFACE_STYLE_FILL_AREA ( #4627 ) ;
#1526 = VERTEX_POINT ( 'NONE', #12 ) ;
#1527 = CARTESIAN_POINT ( 'NONE',  ( 7.307093392809659500, 7.234265163963240000, 4.446452235891999100 ) ) ;
#1528 = CARTESIAN_POINT ( 'NONE',  ( 7.321695326151893100, 7.230233910043699200, -4.450239259964401000 ) ) ;
#1529 = EDGE_LOOP ( 'NONE', ( #1137, #3657, #3823, #6993 ) ) ;
#1530 = CARTESIAN_POINT ( 'NONE',  ( 7.281502053008509300, 7.299291242173152800, 4.314382847673980100 ) ) ;
#1531 = ORIENTED_EDGE ( 'NONE', *, *, #3965, .T. ) ;
#1532 = PLANE ( 'NONE',  #671 ) ;
#1533 = CARTESIAN_POINT ( 'NONE',  ( -7.063020160610344400, 1.250000000000000000, -2.020000000000000000 ) ) ;
#1534 = ORIENTED_EDGE ( 'NONE', *, *, #4677, .T. ) ;
#1535 = ORIENTED_EDGE ( 'NONE', *, *, #5562, .F. ) ;
#1536 = CARTESIAN_POINT ( 'NONE',  ( -7.276693038679463000, 7.300000000000000700, 4.303907373841021800 ) ) ;
#1537 = DIRECTION ( 'NONE',  ( 0.0000000000000000000, 0.0000000000000000000, 1.000000000000000000 ) ) ;
#1538 = CARTESIAN_POINT ( 'NONE',  ( -4.580000000000001000, 0.9499999999999998400, 4.649999999999999500 ) ) ;
#1539 = MECHANICAL_DESIGN_GEOMETRIC_PRESENTATION_REPRESENTATION (  '', ( #106 ), #3458 ) ;
#1540 = ADVANCED_FACE ( 'NONE', ( #3506 ), #1584, .F. ) ;
#1541 = ORIENTED_EDGE ( 'NONE', *, *, #4487, .F. ) ;
#1542 = DIRECTION ( 'NONE',  ( -1.000000000000000000, 0.0000000000000000000, 9.326470300950576100E-017 ) ) ;
#1543 = UNCERTAINTY_MEASURE_WITH_UNIT (LENGTH_MEASURE( 1.000000000000000100E-005 ), #1080, 'distance_accuracy_value', 'NONE');
#1544 = SURFACE_STYLE_FILL_AREA ( #7891 ) ;
#1545 = DIRECTION ( 'NONE',  ( 0.0000000000000000000, -1.000000000000000000, 0.0000000000000000000 ) ) ;
#1546 = ORIENTED_EDGE ( 'NONE', *, *, #1141, .F. ) ;
#1547 = DIRECTION ( 'NONE',  ( -1.000000000000000000, 0.0000000000000000000, 9.326470300950576100E-017 ) ) ;
#1548 = PRESENTATION_LAYER_ASSIGNMENT (  '', '', ( #1760 ) ) ;
#1549 = VECTOR ( 'NONE', #2767, 1000.000000000000000 ) ;
#1550 = CARTESIAN_POINT ( 'NONE',  ( -7.160000000000000100, 0.6899999999999999500, -0.6700000000000001500 ) ) ;
#1551 = AXIS2_PLACEMENT_3D ( 'NONE', #7158, #7133, #7050 ) ;
#1552 = CARTESIAN_POINT ( 'NONE',  ( -7.386674249805623500, 7.165329412774631200, -4.468928058433929700 ) ) ;
#1553 = LINE ( 'NONE', #2645, #5087 ) ;
#1554 = CARTESIAN_POINT ( 'NONE',  ( 7.361648704812952600, 7.251687743364944300, -4.410624618573571400 ) ) ;
#1555 = ORIENTED_EDGE ( 'NONE', *, *, #3761, .T. ) ;
#1556 = EDGE_CURVE ( 'NONE', #6570, #7462, #3615, .T. ) ;
#1557 = VERTEX_POINT ( 'NONE', #86 ) ;
#1558 = CARTESIAN_POINT ( 'NONE',  ( 6.269999999999999600, 0.6999999999999998400, -3.259999999999999300 ) ) ;
#1559 = FACE_OUTER_BOUND ( 'NONE', #3238, .T. ) ;
#1560 = EDGE_CURVE ( 'NONE', #2759, #2431, #3411, .T. ) ;
#1561 = DIRECTION ( 'NONE',  ( 1.000000000000000000, 0.0000000000000000000, 0.0000000000000000000 ) ) ;
#1562 = CARTESIAN_POINT ( 'NONE',  ( 4.830000000000000100, 0.9499999999999994000, -5.550000000000002500 ) ) ;
#1563 = CARTESIAN_POINT ( 'NONE',  ( -7.275993812021743800, 7.300000000000000700, 4.304600976975953200 ) ) ;
#1564 = DIRECTION ( 'NONE',  ( 1.000000000000000000, 0.0000000000000000000, 0.0000000000000000000 ) ) ;
#1565 = ORIENTED_EDGE ( 'NONE', *, *, #3706, .T. ) ;
#1566 = VECTOR ( 'NONE', #5105, 1000.000000000000000 ) ;
#1567 = AXIS2_PLACEMENT_3D ( 'NONE', #2635, #6895, #7701 ) ;
#1568 =( GEOMETRIC_REPRESENTATION_CONTEXT ( 3 ) GLOBAL_UNCERTAINTY_ASSIGNED_CONTEXT ( ( #5746 ) ) GLOBAL_UNIT_ASSIGNED_CONTEXT ( ( #3120, #7491, #3768 ) ) REPRESENTATION_CONTEXT ( 'NONE', 'WORKASPACE' ) );
#1569 = DIRECTION ( 'NONE',  ( -1.000000000000000000, 0.0000000000000000000, 9.326470300950576100E-017 ) ) ;
#1570 = CARTESIAN_POINT ( 'NONE',  ( -5.330000000000001000, -4.258936691357909700E-017, -5.550000000000002500 ) ) ;
#1571 = EDGE_CURVE ( 'NONE', #2856, #6205, #3428, .T. ) ;
#1572 = SURFACE_STYLE_FILL_AREA ( #5056 ) ;
#1573 = DIRECTION ( 'NONE',  ( -1.000000000000000000, 0.0000000000000000000, 0.0000000000000000000 ) ) ;
#1574 = EDGE_LOOP ( 'NONE', ( #5350, #6233, #6224, #7578 ) ) ;
#1575 = CARTESIAN_POINT ( 'NONE',  ( -7.317528216476914900, 7.166261939741062300, -4.487176294356435100 ) ) ;
#1576 = SURFACE_STYLE_USAGE ( .BOTH. , #2653 ) ;
#1577 = CARTESIAN_POINT ( 'NONE',  ( 7.399909011357639300, 7.248938944242920200, -4.357830241168388200 ) ) ;
#1578 = EDGE_LOOP ( 'NONE', ( #927, #914, #928, #944, #933, #948, #921, #963 ) ) ;
#1579 = EDGE_CURVE ( 'NONE', #540, #2648, #3504, .T. ) ;
#1580 = ORIENTED_EDGE ( 'NONE', *, *, #1983, .T. ) ;
#1581 =( NAMED_UNIT ( * ) SI_UNIT ( $, .STERADIAN. ) SOLID_ANGLE_UNIT ( ) );
#1582 = PRESENTATION_STYLE_ASSIGNMENT (( #664 ) ) ;
#1583 = VERTEX_POINT ( 'NONE', #4726 ) ;
#1584 = PLANE ( 'NONE',  #2511 ) ;
#1585 = STYLED_ITEM ( 'NONE', ( #2655 ), #7067 ) ;
#1586 = CARTESIAN_POINT ( 'NONE',  ( -7.438928058434321100, 7.165329412774143600, 4.416674249804861700 ) ) ;
#1587 = CARTESIAN_POINT ( 'NONE',  ( -7.274600981211382800, 7.300000000000000700, 4.305993806559072800 ) ) ;
#1588 = DIRECTION ( 'NONE',  ( 0.0000000000000000000, 0.0000000000000000000, -1.000000000000000000 ) ) ;
#1589 = EDGE_LOOP ( 'NONE', ( #2024, #8116, #2885, #7840, #6833, #7320, #3484, #2864 ) ) ;
#1590 = PLANE ( 'NONE',  #8014 ) ;
#1591 = CARTESIAN_POINT ( 'NONE',  ( 7.318578479503522700, 7.240072691651168800, 4.441209714273828300 ) ) ;
#1592 = CARTESIAN_POINT ( 'NONE',  ( 7.160000000000000100, 0.6899999999999999500, 2.069999999999999000 ) ) ;
#1593 = CARTESIAN_POINT ( 'NONE',  ( -4.830000000000000100, 3.049999999999999800, -5.300000000000002500 ) ) ;
#1594 = DIRECTION ( 'NONE',  ( 0.0000000000000000000, -1.828634731526980300E-016, -1.000000000000000000 ) ) ;
#1595 = STYLED_ITEM ( 'NONE', ( #5443 ), #4113 ) ;
#1596 = PRESENTATION_LAYER_ASSIGNMENT (  '', '', ( #2185 ) ) ;
#1597 = DIRECTION ( 'NONE',  ( 0.0000000000000000000, 0.0000000000000000000, -1.000000000000000000 ) ) ;
#1598 = CARTESIAN_POINT ( 'NONE',  ( 5.580000000000001000, 0.9499999999999995100, -4.650000000000003000 ) ) ;
#1599 = VECTOR ( 'NONE', #8146, 1000.000000000000000 ) ;
#1600 = CARTESIAN_POINT ( 'NONE',  ( -7.430370490531033500, 7.213749747877362700, -4.372257535146275100 ) ) ;
#1601 = EDGE_CURVE ( 'NONE', #982, #7175, #3093, .T. ) ;
#1602 = CARTESIAN_POINT ( 'NONE',  ( -7.119999999999999200, 1.300000000000000000, 3.199999999999999700 ) ) ;
#1603 = VERTEX_POINT ( 'NONE', #3917 ) ;
#1604 = CARTESIAN_POINT ( 'NONE',  ( 7.299339024137617900, 7.261564332074653900, -4.416745320335016000 ) ) ;
#1605 = FACE_OUTER_BOUND ( 'NONE', #1142, .T. ) ;
#1606 = ORIENTED_EDGE ( 'NONE', *, *, #7094, .T. ) ;
#1607 = DIRECTION ( 'NONE',  ( -4.269869874340407800E-008, 0.0000000000000000000, -0.9999999999999991100 ) ) ;
#1608 = ORIENTED_EDGE ( 'NONE', *, *, #2228, .T. ) ;
#1609 = ORIENTED_EDGE ( 'NONE', *, *, #3656, .F. ) ;
#1610 = DIRECTION ( 'NONE',  ( -0.0000000000000000000, -0.0000000000000000000, -1.000000000000000000 ) ) ;
#1611 = FACE_OUTER_BOUND ( 'NONE', #6420, .T. ) ;
#1612 = MECHANICAL_DESIGN_GEOMETRIC_PRESENTATION_REPRESENTATION (  '', ( #1675 ), #1568 ) ;
#1613 = CARTESIAN_POINT ( 'NONE',  ( -7.273907377058740100, 7.300000000000000700, 4.306693033007261000 ) ) ;
#1614 = FILL_AREA_STYLE_COLOUR ( '', #748 ) ;
#1615 = CARTESIAN_POINT ( 'NONE',  ( 7.416452235892022800, 7.234265163963212500, 4.337093392809668700 ) ) ;
#1616 = LINE ( 'NONE', #987, #3689 ) ;
#1617 = ORIENTED_EDGE ( 'NONE', *, *, #1165, .T. ) ;
#1618 = EDGE_CURVE ( 'NONE', #3279, #7004, #3319, .T. ) ;
#1619 = CARTESIAN_POINT ( 'NONE',  ( 5.330000000000001000, 1.724059192313015100E-016, -5.550000000000002500 ) ) ;
#1620 = CARTESIAN_POINT ( 'NONE',  ( 7.329845320610254500, 7.244428336893915500, 4.434624796896430100 ) ) ;
#1621 = VECTOR ( 'NONE', #2755, 1000.000000000000000 ) ;
#1622 = DIRECTION ( 'NONE',  ( 1.000000000000000000, 0.0000000000000000000, 0.0000000000000000000 ) ) ;
#1623 = CARTESIAN_POINT ( 'NONE',  ( 5.580000000000001000, 0.6999999999999998400, 5.300000000000002500 ) ) ;
#1624 = PLANE ( 'NONE',  #6963 ) ;
#1625 = FACE_OUTER_BOUND ( 'NONE', #1529, .T. ) ;
#1626 = ORIENTED_EDGE ( 'NONE', *, *, #261, .F. ) ;
#1627 = LINE ( 'NONE', #1930, #74 ) ;
#1628 = VERTEX_POINT ( 'NONE', #3749 ) ;
#1629 = ADVANCED_FACE ( 'NONE', ( #3005 ), #3080, .F. ) ;
#1630 = ORIENTED_EDGE ( 'NONE', *, *, #4023, .F. ) ;
#1631 = CARTESIAN_POINT ( 'NONE',  ( -7.371679144334209800, 7.237693626859950800, -4.422604342609260700 ) ) ;
#1632 = EDGE_CURVE ( 'NONE', #7455, #3279, #3021, .T. ) ;
#1633 = FACE_OUTER_BOUND ( 'NONE', #2385, .T. ) ;
#1634 = LINE ( 'NONE', #4018, #7823 ) ;
#1635 = VERTEX_POINT ( 'NONE', #5158 ) ;
#1636 = CARTESIAN_POINT ( 'NONE',  ( 7.318793091329922600, 7.283393073648437800, -4.372729041165579000 ) ) ;
#1637 = ORIENTED_EDGE ( 'NONE', *, *, #3272, .T. ) ;
#1638 = COLOUR_RGB ( '',1.000000000000000000, 1.000000000000000000, 1.000000000000000000 ) ;
#1639 = DIRECTION ( 'NONE',  ( -0.0000000000000000000, -0.0000000000000000000, 1.000000000000000000 ) ) ;
#1640 = ORIENTED_EDGE ( 'NONE', *, *, #3840, .F. ) ;
#1641 =( GEOMETRIC_REPRESENTATION_CONTEXT ( 3 ) GLOBAL_UNCERTAINTY_ASSIGNED_CONTEXT ( ( #7694 ) ) GLOBAL_UNIT_ASSIGNED_CONTEXT ( ( #7632, #2865, #7369 ) ) REPRESENTATION_CONTEXT ( 'NONE', 'WORKASPACE' ) );
#1642 = CARTESIAN_POINT ( 'NONE',  ( 5.329999999999999200, 0.6999999999999998400, 5.300000000000002500 ) ) ;
#1643 = CIRCLE ( 'NONE', #7230, 0.2999999999999999300 ) ;
#1644 = CARTESIAN_POINT ( 'NONE',  ( -7.272511179680547500, 7.300000000000000700, 4.308111721715302900 ) ) ;
#1645 = DIRECTION ( 'NONE',  ( 0.9996573249755573700, 0.02617694830787321200, -9.966258790616524300E-017 ) ) ;
#1646 = CARTESIAN_POINT ( 'NONE',  ( -2.790000000000000000, 1.724059192313015100E-016, -5.550000000000002500 ) ) ;
#1647 = FACE_OUTER_BOUND ( 'NONE', #2964, .T. ) ;
#1648 = FILL_AREA_STYLE ('',( #985 ) ) ;
#1649 = ORIENTED_EDGE ( 'NONE', *, *, #5668, .T. ) ;
#1650 = DIRECTION ( 'NONE',  ( 1.000000000000000000, -0.0000000000000000000, -0.0000000000000000000 ) ) ;
#1651 = LINE ( 'NONE', #2532, #4778 ) ;
#1652 = EDGE_CURVE ( 'NONE', #7175, #212, #2999, .T. ) ;
#1653 = CARTESIAN_POINT ( 'NONE',  ( -1.980000000000000400, 0.6999999999999994000, -4.680000000000002400 ) ) ;
#1654 = CARTESIAN_POINT ( 'NONE',  ( -7.321695326995127000, 7.230233912213567900, -4.450239258255996000 ) ) ;
#1655 = SURFACE_STYLE_FILL_AREA ( #6048 ) ;
#1656 = VECTOR ( 'NONE', #2478, 1000.000000000000000 ) ;
#1657 = EDGE_LOOP ( 'NONE', ( #1218, #1818, #6727 ) ) ;
#1658 = CARTESIAN_POINT ( 'NONE',  ( 7.351380436366275400, 7.250235863273840800, 4.419332246022510600 ) ) ;
#1659 = ORIENTED_EDGE ( 'NONE', *, *, #3664, .F. ) ;
#1660 = MECHANICAL_DESIGN_GEOMETRIC_PRESENTATION_REPRESENTATION (  '', ( #1765 ), #1641 ) ;
#1661 = VECTOR ( 'NONE', #1774, 1000.000000000000000 ) ;
#1662 = CARTESIAN_POINT ( 'NONE',  ( 7.333153968898863600, 7.287553719251109300, -4.342262536301485700 ) ) ;
#1663 = DIRECTION ( 'NONE',  ( -0.0000000000000000000, -1.000000000000000000, 0.0000000000000000000 ) ) ;
#1664 = COLOUR_RGB ( '',1.000000000000000000, 1.000000000000000000, 1.000000000000000000 ) ;
#1665 = PRESENTATION_LAYER_ASSIGNMENT (  '', '', ( #1675 ) ) ;
#1666 = AXIS2_PLACEMENT_3D ( 'NONE', #6287, #3243, #2492 ) ;
#1667 = CARTESIAN_POINT ( 'NONE',  ( 5.580000000000001000, -0.2499999999999998900, -5.910000000000002800 ) ) ;
#1668 = ORIENTED_EDGE ( 'NONE', *, *, #5221, .F. ) ;
#1669 = CARTESIAN_POINT ( 'NONE',  ( 5.330000000000001000, 0.6999999999999994000, -5.300000000000002500 ) ) ;
#1670 = PRESENTATION_STYLE_ASSIGNMENT (( #1352 ) ) ;
#1671 = CARTESIAN_POINT ( 'NONE',  ( -7.271094192904005400, 7.300000000000000700, 4.309568070390044500 ) ) ;
#1672 = CARTESIAN_POINT ( 'NONE',  ( 0.0000000000000000000, 0.0000000000000000000, 1.250000000000000000 ) ) ;
#1673 = FILL_AREA_STYLE ('',( #7983 ) ) ;
#1674 = ORIENTED_EDGE ( 'NONE', *, *, #5911, .T. ) ;
#1675 = STYLED_ITEM ( 'NONE', ( #4617 ), #6311 ) ;
#1676 = CARTESIAN_POINT ( 'NONE',  ( 5.580000000000001000, 0.9499999999999998400, 4.650000000000003000 ) ) ;
#1677 = CARTESIAN_POINT ( 'NONE',  ( -7.330856732020609300, 7.291583346290488000, -4.314421803571456800 ) ) ;
#1678 = DIRECTION ( 'NONE',  ( 0.0000000000000000000, 0.0000000000000000000, 1.000000000000000000 ) ) ;
#1679 = EDGE_CURVE ( 'NONE', #2431, #7455, #2926, .T. ) ;
#1680 = CARTESIAN_POINT ( 'NONE',  ( 4.580000000000001000, 0.6999999999999998400, 4.800000000000002500 ) ) ;
#1681 = CARTESIAN_POINT ( 'NONE',  ( -7.406455297091900600, 7.244749186316910000, -4.347004678844459800 ) ) ;
#1682 = LINE ( 'NONE', #8071, #391 ) ;
#1683 = PRESENTATION_LAYER_ASSIGNMENT (  '', '', ( #1765 ) ) ;
#1684 = CARTESIAN_POINT ( 'NONE',  ( 7.328440843361884800, 7.291072519589338400, -4.313998896902910800 ) ) ;
#1685 = ADVANCED_FACE ( 'NONE', ( #2783 ), #4130, .T. ) ;
#1686 = CARTESIAN_POINT ( 'NONE',  ( -5.580000000000000100, 0.6999999999999998400, 4.650000000000003000 ) ) ;
#1687 = CARTESIAN_POINT ( 'NONE',  ( 3.040000000000000000, 0.6999999999999994000, -4.650000000000003000 ) ) ;
#1688 = EDGE_CURVE ( 'NONE', #3279, #1740, #2691, .T. ) ;
#1689 = UNCERTAINTY_MEASURE_WITH_UNIT (LENGTH_MEASURE( 1.000000000000000100E-005 ), #5512, 'distance_accuracy_value', 'NONE');
#1690 = VECTOR ( 'NONE', #6767, 1000.000000000000000 ) ;
#1691 = DIRECTION ( 'NONE',  ( -4.269869874340407800E-008, 0.0000000000000000000, -0.9999999999999991100 ) ) ;
#1692 = ORIENTED_EDGE ( 'NONE', *, *, #3597, .T. ) ;
#1693 = DIRECTION ( 'NONE',  ( -0.0000000000000000000, -0.0000000000000000000, -1.000000000000000000 ) ) ;
#1694 = CARTESIAN_POINT ( 'NONE',  ( 5.580000000000001000, 0.9499999999999995100, -4.800000000000002500 ) ) ;
#1695 = DIRECTION ( 'NONE',  ( 9.326470300950576100E-017, 0.0000000000000000000, 1.000000000000000000 ) ) ;
#1696 = CARTESIAN_POINT ( 'NONE',  ( -7.397856597820231500, 7.241024789573267600, 4.387194848932825400 ) ) ;
#1697 = CARTESIAN_POINT ( 'NONE',  ( 5.580000000000001000, 0.6999999999999994000, -4.650000000000003000 ) ) ;
#1698 = CARTESIAN_POINT ( 'NONE',  ( -7.160000000000000100, 0.6999999999999999600, 2.069999999999999800 ) ) ;
#1699 = ORIENTED_EDGE ( 'NONE', *, *, #3819, .F. ) ;
#1700 = AXIS2_PLACEMENT_3D ( 'NONE', #7783, #154, #4682 ) ;
#1701 = FACE_OUTER_BOUND ( 'NONE', #7459, .T. ) ;
#1702 = SURFACE_STYLE_FILL_AREA ( #399 ) ;
#1703 = CARTESIAN_POINT ( 'NONE',  ( 2.290000000000000000, 0.6999999999999992900, -5.550000000000002500 ) ) ;
#1704 = AXIS2_PLACEMENT_3D ( 'NONE', #2058, #8133, #8111 ) ;
#1705 = LINE ( 'NONE', #3236, #7748 ) ;
#1706 = CARTESIAN_POINT ( 'NONE',  ( 7.460000000000000000, 0.8599999999999999900, 0.7200000000000002000 ) ) ;
#1707 = FACE_OUTER_BOUND ( 'NONE', #4805, .T. ) ;
#1708 = ORIENTED_EDGE ( 'NONE', *, *, #3338, .T. ) ;
#1709 = AXIS2_PLACEMENT_3D ( 'NONE', #5293, #3261, #7807 ) ;
#1710 = LINE ( 'NONE', #6603, #1290 ) ;
#1711 = CARTESIAN_POINT ( 'NONE',  ( -7.363671729270262000, 7.267619693796829600, -4.377593042372190300 ) ) ;
#1712 = ORIENTED_EDGE ( 'NONE', *, *, #6284, .F. ) ;
#1713 = CARTESIAN_POINT ( 'NONE',  ( 7.277200032819330000, 7.299124177800250000, -4.318762825582197700 ) ) ;
#1714 = LINE ( 'NONE', #7120, #2610 ) ;
#1715 = ORIENTED_EDGE ( 'NONE', *, *, #3892, .F. ) ;
#1716 = CARTESIAN_POINT ( 'NONE',  ( 5.330000000000001000, 0.9499999999999996200, -5.300000000000002500 ) ) ;
#1717 = UNCERTAINTY_MEASURE_WITH_UNIT (LENGTH_MEASURE( 1.000000000000000100E-005 ), #6956, 'distance_accuracy_value', 'NONE');
#1718 = PRESENTATION_STYLE_ASSIGNMENT (( #1099 ) ) ;
#1719 = VERTEX_POINT ( 'NONE', #3056 ) ;
#1720 = DIRECTION ( 'NONE',  ( 9.326470300950574900E-017, 0.0000000000000000000, 1.000000000000000000 ) ) ;
#1721 =( NAMED_UNIT ( * ) SI_UNIT ( $, .STERADIAN. ) SOLID_ANGLE_UNIT ( ) );
#1722 = VECTOR ( 'NONE', #7976, 1000.000000000000000 ) ;
#1723 = EDGE_LOOP ( 'NONE', ( #3178, #6144, #8155, #7677 ) ) ;
#1724 = CARTESIAN_POINT ( 'NONE',  ( -7.291757689262942300, 7.298890286592050600, 4.304314320596408700 ) ) ;
#1725 = CARTESIAN_POINT ( 'NONE',  ( -7.460000000000000000, 0.8599999999999999900, -2.020000000000000000 ) ) ;
#1726 = CARTESIAN_POINT ( 'NONE',  ( -4.580000000000000100, -0.2499999999999997800, -5.300000000000002500 ) ) ;
#1727 = CARTESIAN_POINT ( 'NONE',  ( 7.160000000000000100, 0.6999999999999999600, -3.200000000000001100 ) ) ;
#1728 = EDGE_CURVE ( 'NONE', #1740, #4249, #2380, .T. ) ;
#1729 = CARTESIAN_POINT ( 'NONE',  ( 7.467984561395653900, 7.105235389661575400, 4.349999999999999600 ) ) ;
#1730 = ORIENTED_EDGE ( 'NONE', *, *, #385, .T. ) ;
#1731 = CARTESIAN_POINT ( 'NONE',  ( -2.790000000000000000, -0.2500000000000001100, -5.910000000000002800 ) ) ;
#1732 = VECTOR ( 'NONE', #4867, 1000.000000000000000 ) ;
#1733 = DIRECTION ( 'NONE',  ( 0.0000000000000000000, -0.0000000000000000000, 1.000000000000000000 ) ) ;
#1734 = ORIENTED_EDGE ( 'NONE', *, *, #3482, .T. ) ;
#1735 =( NAMED_UNIT ( * ) SI_UNIT ( $, .STERADIAN. ) SOLID_ANGLE_UNIT ( ) );
#1736 = CARTESIAN_POINT ( 'NONE',  ( -4.829999989325327400, 0.0000000000000000000, 5.550000000000002500 ) ) ;
#1737 = VERTEX_POINT ( 'NONE', #2607 ) ;
#1738 = EDGE_CURVE ( 'NONE', #4249, #7455, #2673, .T. ) ;
#1739 = VECTOR ( 'NONE', #7513, 1000.000000000000000 ) ;
#1740 = VERTEX_POINT ( 'NONE', #4902 ) ;
#1741 = ORIENTED_EDGE ( 'NONE', *, *, #5911, .F. ) ;
#1742 = FILL_AREA_STYLE ('',( #3683 ) ) ;
#1743 = ADVANCED_FACE ( 'NONE', ( #2357 ), #5214, .T. ) ;
#1744 = VECTOR ( 'NONE', #5642, 1000.000000000000000 ) ;
#1745 = CARTESIAN_POINT ( 'NONE',  ( 7.275993812021742900, 7.300000000000000700, -4.304600976975946100 ) ) ;
#1746 = PLANE ( 'NONE',  #1709 ) ;
#1747 = LINE ( 'NONE', #6901, #5017 ) ;
#1748 = LINE ( 'NONE', #7998, #1722 ) ;
#1749 = CARTESIAN_POINT ( 'NONE',  ( -6.269999999999999600, 0.6999999999999998400, -3.259999999999999300 ) ) ;
#1750 = CARTESIAN_POINT ( 'NONE',  ( 5.580000000000001000, 0.6999999999999994000, -5.300000000000002500 ) ) ;
#1751 =( NAMED_UNIT ( * ) PLANE_ANGLE_UNIT ( ) SI_UNIT ( $, .RADIAN. ) );
#1752 = DIRECTION ( 'NONE',  ( -1.000000000000000000, 0.0000000000000000000, 9.326470300950576100E-017 ) ) ;
#1753 = ORIENTED_EDGE ( 'NONE', *, *, #2425, .T. ) ;
#1754 = CARTESIAN_POINT ( 'NONE',  ( 4.830000010674679000, -4.258937276960320000E-017, 5.550000032024025900 ) ) ;
#1755 = LINE ( 'NONE', #1330, #1744 ) ;
#1756 = CARTESIAN_POINT ( 'NONE',  ( -7.364424305633778400, 7.275793423260370000, 4.323478850241856200 ) ) ;
#1757 = EDGE_CURVE ( 'NONE', #5046, #3098, #2897, .T. ) ;
#1758 = PLANE ( 'NONE',  #5703 ) ;
#1759 = CARTESIAN_POINT ( 'NONE',  ( 5.639999999999998800, 0.6999999999999994000, -4.680000000000002400 ) ) ;
#1760 = STYLED_ITEM ( 'NONE', ( #1392 ), #201 ) ;
#1761 = CARTESIAN_POINT ( 'NONE',  ( 7.290246441572683100, 7.299023938794934300, 4.305763195202771100 ) ) ;
#1762 = CARTESIAN_POINT ( 'NONE',  ( 4.830000000000000100, -0.2500000000000001100, -5.910000000000002800 ) ) ;
#1763 = PLANE ( 'NONE',  #263 ) ;
#1764 = CARTESIAN_POINT ( 'NONE',  ( 7.361648711015562600, 7.251687744411022200, 4.410624612525990300 ) ) ;
#1765 = STYLED_ITEM ( 'NONE', ( #461 ), #1884 ) ;
#1766 = CARTESIAN_POINT ( 'NONE',  ( 7.268053096400541900, 7.300000000000000700, -4.298053096400543000 ) ) ;
#1767 = LINE ( 'NONE', #5476, #1732 ) ;
#1768 = ADVANCED_FACE ( 'NONE', ( #2271 ), #440, .T. ) ;
#1769 = PLANE ( 'NONE',  #3164 ) ;
#1770 = CARTESIAN_POINT ( 'NONE',  ( 7.275763194182081500, 7.299023938207763100, 4.320246448350369300 ) ) ;
#1771 = LINE ( 'NONE', #3359, #6658 ) ;
#1772 = CARTESIAN_POINT ( 'NONE',  ( 4.580000000000001000, -4.258936691357909700E-017, -5.550000000000002500 ) ) ;
#1773 = VERTEX_POINT ( 'NONE', #5363 ) ;
#1774 = DIRECTION ( 'NONE',  ( -1.000000000000000000, -0.0000000000000000000, -0.0000000000000000000 ) ) ;
#1775 = VECTOR ( 'NONE', #1912, 1000.000000000000000 ) ;
#1776 = LINE ( 'NONE', #2978, #1775 ) ;
#1777 = DIRECTION ( 'NONE',  ( -1.000000000000000000, 0.0000000000000000000, 9.326470300950576100E-017 ) ) ;
#1778 = DIRECTION ( 'NONE',  ( 9.969675149291993300E-017, 3.226557990323826000E-034, 1.000000000000000000 ) ) ;
#1779 = CARTESIAN_POINT ( 'NONE',  ( 7.320000000000000300, 1.300000000000000000, -4.650000000000001200 ) ) ;
#1780 = COLOUR_RGB ( '',1.000000000000000000, 1.000000000000000000, 1.000000000000000000 ) ;
#1781 = FILL_AREA_STYLE ('',( #500 ) ) ;
#1782 = CARTESIAN_POINT ( 'NONE',  ( -7.467984561395653000, 7.105235389661573600, 4.349999999999999600 ) ) ;
#1783 = PLANE ( 'NONE',  #1344 ) ;
#1784 = EDGE_CURVE ( 'NONE', #4968, #5046, #1046, .T. ) ;
#1785 = CARTESIAN_POINT ( 'NONE',  ( 7.620000000000001000, 1.300000000000000000, 4.349999999999999600 ) ) ;
#1786 = FACE_OUTER_BOUND ( 'NONE', #3999, .T. ) ;
#1787 = VECTOR ( 'NONE', #8064, 1000.000000000000000 ) ;
#1788 = ORIENTED_EDGE ( 'NONE', *, *, #3963, .T. ) ;
#1789 = CARTESIAN_POINT ( 'NONE',  ( 5.580000000000001000, 0.6999999999999994000, -4.650000000000003000 ) ) ;
#1790 = EDGE_CURVE ( 'NONE', #4968, #2529, #1877, .T. ) ;
#1791 = PRESENTATION_STYLE_ASSIGNMENT (( #234 ) ) ;
#1792 = CARTESIAN_POINT ( 'NONE',  ( 7.380624618573524900, 7.251687743364619200, 4.391648704813160700 ) ) ;
#1793 = CARTESIAN_POINT ( 'NONE',  ( 7.320000000000000300, 7.100000000000000500, -4.298053096400543000 ) ) ;
#1794 = ORIENTED_EDGE ( 'NONE', *, *, #4445, .F. ) ;
#1795 = AXIS2_PLACEMENT_3D ( 'NONE', #1204, #3216, #7593 ) ;
#1796 = FACE_OUTER_BOUND ( 'NONE', #1429, .T. ) ;
#1797 = CARTESIAN_POINT ( 'NONE',  ( 3.040000000000000000, -4.258936691357909700E-017, -5.550000000000002500 ) ) ;
#1798 = DIRECTION ( 'NONE',  ( 0.1736481776669303000, 0.9848077530122080200, -0.0000000000000000000 ) ) ;
#1799 =( LENGTH_UNIT ( ) NAMED_UNIT ( * ) SI_UNIT ( .MILLI., .METRE. ) );
#1800 = SURFACE_STYLE_FILL_AREA ( #7857 ) ;
#1801 = ORIENTED_EDGE ( 'NONE', *, *, #5210, .T. ) ;
#1802 = LINE ( 'NONE', #4669, #7080 ) ;
#1803 = AXIS2_PLACEMENT_3D ( 'NONE', #5093, #5438, #5501 ) ;
#1804 = EDGE_LOOP ( 'NONE', ( #4279, #4662, #4654, #3210 ) ) ;
#1805 = ADVANCED_FACE ( 'NONE', ( #1835 ), #5784, .F. ) ;
#1806 = ORIENTED_EDGE ( 'NONE', *, *, #5922, .T. ) ;
#1807 = CARTESIAN_POINT ( 'NONE',  ( 7.161822484923008300, 1.250000000000000000, 2.020000000000000000 ) ) ;
#1808 = CARTESIAN_POINT ( 'NONE',  ( 7.160000000000000100, 0.6999999999999999600, -0.7200000000000002000 ) ) ;
#1809 = FACE_OUTER_BOUND ( 'NONE', #6577, .T. ) ;
#1810 = CARTESIAN_POINT ( 'NONE',  ( -7.353854750248683700, 7.161173463111945000, 4.484773261490597700 ) ) ;
#1811 = ORIENTED_EDGE ( 'NONE', *, *, #6001, .F. ) ;
#1812 = AXIS2_PLACEMENT_3D ( 'NONE', #1379, #3224, #1561 ) ;
#1813 = ORIENTED_EDGE ( 'NONE', *, *, #3097, .T. ) ;
#1814 = ORIENTED_EDGE ( 'NONE', *, *, #2656, .T. ) ;
#1815 = LINE ( 'NONE', #4109, #925 ) ;
#1816 = CARTESIAN_POINT ( 'NONE',  ( -7.467984561395653900, 7.105235389661573600, -4.350000000000001400 ) ) ;
#1817 = EDGE_CURVE ( 'NONE', #523, #5227, #1841, .T. ) ;
#1818 = ORIENTED_EDGE ( 'NONE', *, *, #4471, .F. ) ;
#1819 = EDGE_CURVE ( 'NONE', #2319, #3271, #4385, .T. ) ;
#1820 = SURFACE_STYLE_USAGE ( .BOTH. , #5683 ) ;
#1821 = DIRECTION ( 'NONE',  ( 0.0000000000000000000, 0.0000000000000000000, 1.000000000000000000 ) ) ;
#1822 = ORIENTED_EDGE ( 'NONE', *, *, #4401, .F. ) ;
#1823 = EDGE_LOOP ( 'NONE', ( #2453, #6043, #7336, #4327, #7893, #95, #182, #195, #529, #606, #618, #4850, #4630, #920, #1100, #1409 ) ) ;
#1824 = VECTOR ( 'NONE', #3468, 1000.000000000000000 ) ;
#1825 = CARTESIAN_POINT ( 'NONE',  ( 7.467958014976505700, 7.106249156508678100, 4.388743794757788300 ) ) ;
#1826 = UNCERTAINTY_MEASURE_WITH_UNIT (LENGTH_MEASURE( 1.000000000000000100E-005 ), #6093, 'distance_accuracy_value', 'NONE');
#1827 = FACE_OUTER_BOUND ( 'NONE', #6545, .T. ) ;
#1828 = EDGE_LOOP ( 'NONE', ( #3048, #1205, #3864, #3039 ) ) ;
#1829 = SURFACE_STYLE_USAGE ( .BOTH. , #7818 ) ;
#1830 = DIRECTION ( 'NONE',  ( 1.000000000000000000, 1.205806079160472600E-016, -0.0000000000000000000 ) ) ;
#1831 = DIRECTION ( 'NONE',  ( 0.1736481776669299700, -0.9848077530122081300, 0.0000000000000000000 ) ) ;
#1832 = VERTEX_POINT ( 'NONE', #5645 ) ;
#1833 = ORIENTED_EDGE ( 'NONE', *, *, #3232, .F. ) ;
#1834 = EDGE_CURVE ( 'NONE', #2529, #3098, #1755, .T. ) ;
#1835 = FACE_OUTER_BOUND ( 'NONE', #2361, .T. ) ;
#1836 = CARTESIAN_POINT ( 'NONE',  ( -7.160000000000000100, 0.4999999999999998900, -2.899999999999999900 ) ) ;
#1837 =( LENGTH_UNIT ( ) NAMED_UNIT ( * ) SI_UNIT ( .MILLI., .METRE. ) );
#1838 = ORIENTED_EDGE ( 'NONE', *, *, #2780, .F. ) ;
#1839 = EDGE_LOOP ( 'NONE', ( #4430, #3986, #3072, #2638, #6536, #6521 ) ) ;
#1840 = ORIENTED_EDGE ( 'NONE', *, *, #5922, .F. ) ;
#1841 = LINE ( 'NONE', #1180, #8197 ) ;
#1842 = EDGE_CURVE ( 'NONE', #4002, #1011, #1771, .T. ) ;
#1843 = FACE_OUTER_BOUND ( 'NONE', #141, .T. ) ;
#1844 = ORIENTED_EDGE ( 'NONE', *, *, #3182, .F. ) ;
#1845 = DIRECTION ( 'NONE',  ( -1.000000000000000000, -0.0000000000000000000, -0.0000000000000000000 ) ) ;
#1846 = VERTEX_POINT ( 'NONE', #1716 ) ;
#1847 = CARTESIAN_POINT ( 'NONE',  ( -7.316375507316466000, 7.268745680473671200, -4.404956645156844700 ) ) ;
#1848 = VECTOR ( 'NONE', #3447, 1000.000000000000000 ) ;
#1849 = CARTESIAN_POINT ( 'NONE',  ( -5.329999973953792200, -1.084202172485503800E-016, 5.910000000000002800 ) ) ;
#1850 = ADVANCED_FACE ( 'NONE', ( #2559 ), #3112, .F. ) ;
#1851 = CARTESIAN_POINT ( 'NONE',  ( -7.336131461451249600, 7.158634174455436000, 4.489702267680555400 ) ) ;
#1852 = AXIS2_PLACEMENT_3D ( 'NONE', #1239, #6337, #5739 ) ;
#1853 = CARTESIAN_POINT ( 'NONE',  ( 7.389332251482197300, 7.250235861181034900, 4.381380430596849800 ) ) ;
#1854 = LINE ( 'NONE', #4056, #2153 ) ;
#1855 = CARTESIAN_POINT ( 'NONE',  ( -7.268053096400542800, 7.299999999999999800, 4.298053096400541200 ) ) ;
#1856 = ORIENTED_EDGE ( 'NONE', *, *, #2346, .T. ) ;
#1857 = ORIENTED_EDGE ( 'NONE', *, *, #5326, .F. ) ;
#1858 = COLOUR_RGB ( '',1.000000000000000000, 1.000000000000000000, 1.000000000000000000 ) ;
#1859 = CARTESIAN_POINT ( 'NONE',  ( -7.619999999999999200, 1.300000000000000000, 3.259999999999999800 ) ) ;
#1860 = CARTESIAN_POINT ( 'NONE',  ( 5.580000000000001000, -0.2500000000000000000, 5.300000000000002500 ) ) ;
#1861 =( GEOMETRIC_REPRESENTATION_CONTEXT ( 3 ) GLOBAL_UNCERTAINTY_ASSIGNED_CONTEXT ( ( #2659 ) ) GLOBAL_UNIT_ASSIGNED_CONTEXT ( ( #1961, #548, #8244 ) ) REPRESENTATION_CONTEXT ( 'NONE', 'WORKASPACE' ) );
#1862 = FILL_AREA_STYLE_COLOUR ( '', #6066 ) ;
#1863 = ORIENTED_EDGE ( 'NONE', *, *, #4736, .F. ) ;
#1864 =( GEOMETRIC_REPRESENTATION_CONTEXT ( 3 ) GLOBAL_UNCERTAINTY_ASSIGNED_CONTEXT ( ( #2353 ) ) GLOBAL_UNIT_ASSIGNED_CONTEXT ( ( #5048, #1506, #1462 ) ) REPRESENTATION_CONTEXT ( 'NONE', 'WORKASPACE' ) );
#1865 = CARTESIAN_POINT ( 'NONE',  ( 5.330000026046205300, -0.2500000000000001100, 5.910000000000002800 ) ) ;
#1866 = UNCERTAINTY_MEASURE_WITH_UNIT (LENGTH_MEASURE( 1.000000000000000100E-005 ), #3741, 'distance_accuracy_value', 'NONE');
#1867 = DIRECTION ( 'NONE',  ( 1.000000000000000000, 0.0000000000000000000, 0.0000000000000000000 ) ) ;
#1868 = DIRECTION ( 'NONE',  ( -0.0000000000000000000, -0.0000000000000000000, -1.000000000000000000 ) ) ;
#1869 = FILL_AREA_STYLE ('',( #7553 ) ) ;
#1870 = EDGE_CURVE ( 'NONE', #212, #1526, #3197, .T. ) ;
#1871 = FACE_OUTER_BOUND ( 'NONE', #4350, .T. ) ;
#1872 = EDGE_LOOP ( 'NONE', ( #622, #6121, #4546, #7000 ) ) ;
#1873 = ADVANCED_FACE ( 'NONE', ( #8090 ), #1746, .F. ) ;
#1874 = EDGE_LOOP ( 'NONE', ( #7540, #1908, #1993, #3621 ) ) ;
#1875 = CARTESIAN_POINT ( 'NONE',  ( 7.285831022064585700, 7.299257829636202300, 4.310069466851492900 ) ) ;
#1876 = SURFACE_SIDE_STYLE ('',( #5230 ) ) ;
#1877 = LINE ( 'NONE', #5775, #5595 ) ;
#1878 = CARTESIAN_POINT ( 'NONE',  ( -7.352579468360939800, 7.281755574941696500, -4.320361451906562100 ) ) ;
#1879 = LINE ( 'NONE', #4534, #7698 ) ;
#1880 = ORIENTED_EDGE ( 'NONE', *, *, #3066, .T. ) ;
#1881 = CARTESIAN_POINT ( 'NONE',  ( -7.119999999999999200, 1.300000000000000000, 2.070000000000000300 ) ) ;
#1882 = CARTESIAN_POINT ( 'NONE',  ( -7.619999999999999200, 1.300000000000000000, -0.6699999999999999300 ) ) ;
#1883 =( NAMED_UNIT ( * ) PLANE_ANGLE_UNIT ( ) SI_UNIT ( $, .RADIAN. ) );
#1884 = ADVANCED_FACE ( 'NONE', ( #8005 ), #7979, .F. ) ;
#1885 = CARTESIAN_POINT ( 'NONE',  ( -7.619999999999999200, 1.300000000000000000, 4.349999999999999600 ) ) ;
#1886 = DIRECTION ( 'NONE',  ( 0.0000000000000000000, 1.000000000000000000, 0.0000000000000000000 ) ) ;
#1887 = EDGE_CURVE ( 'NONE', #5829, #7282, #754, .T. ) ;
#1888 = DIRECTION ( 'NONE',  ( 0.4472135954999566500, 1.077488781791352300E-016, 0.8944271909999165200 ) ) ;
#1889 = VECTOR ( 'NONE', #3204, 1000.000000000000000 ) ;
#1890 = DIRECTION ( 'NONE',  ( -0.0000000000000000000, -1.000000000000000000, -0.0000000000000000000 ) ) ;
#1891 = CARTESIAN_POINT ( 'NONE',  ( -2.790000000000000000, -1.084202172485503600E-016, -5.910000000000002800 ) ) ;
#1892 = VERTEX_POINT ( 'NONE', #6745 ) ;
#1893 = CARTESIAN_POINT ( 'NONE',  ( 3.040000000000000000, 0.6999999999999994000, -4.650000000000003000 ) ) ;
#1894 = COLOUR_RGB ( '',1.000000000000000000, 1.000000000000000000, 1.000000000000000000 ) ;
#1895 = CARTESIAN_POINT ( 'NONE',  ( 7.319690518616075000, 7.129204032454917500, -4.496202574681211300 ) ) ;
#1896 = CARTESIAN_POINT ( 'NONE',  ( 7.422786993245059000, 7.227035812148586500, -4.338722410661391700 ) ) ;
#1897 = AXIS2_PLACEMENT_3D ( 'NONE', #7760, #4041, #123 ) ;
#1898 = EDGE_CURVE ( 'NONE', #858, #1319, #842, .T. ) ;
#1899 = CARTESIAN_POINT ( 'NONE',  ( -7.466202574681209300, 7.129204032454918400, 4.349690518616040600 ) ) ;
#1900 = ORIENTED_EDGE ( 'NONE', *, *, #4608, .T. ) ;
#1901 = ORIENTED_EDGE ( 'NONE', *, *, #3013, .T. ) ;
#1902 = DIRECTION ( 'NONE',  ( -0.9999999999999991100, -0.0000000000000000000, 4.269869923903965000E-008 ) ) ;
#1903 = CARTESIAN_POINT ( 'NONE',  ( 7.283920321192660200, 7.295109410483340700, 4.343232745091585300 ) ) ;
#1904 = MECHANICAL_DESIGN_GEOMETRIC_PRESENTATION_REPRESENTATION (  '', ( #1967 ), #1864 ) ;
#1905 = SURFACE_STYLE_FILL_AREA ( #6861 ) ;
#1906 = CARTESIAN_POINT ( 'NONE',  ( -7.314004602449958100, 7.294133813315189000, -4.329395806611786100 ) ) ;
#1907 = DIRECTION ( 'NONE',  ( 0.0000000000000000000, 0.0000000000000000000, -1.000000000000000000 ) ) ;
#1908 = ORIENTED_EDGE ( 'NONE', *, *, #5545, .F. ) ;
#1909 = VERTEX_POINT ( 'NONE', #7477 ) ;
#1910 = EDGE_CURVE ( 'NONE', #3580, #5046, #729, .T. ) ;
#1911 = PRESENTATION_STYLE_ASSIGNMENT (( #5490 ) ) ;
#1912 = DIRECTION ( 'NONE',  ( -1.865294060190115200E-016, -0.0000000000000000000, -1.000000000000000000 ) ) ;
#1913 = ORIENTED_EDGE ( 'NONE', *, *, #5058, .T. ) ;
#1914 = SURFACE_SIDE_STYLE ('',( #3610 ) ) ;
#1915 = LINE ( 'NONE', #4978, #2032 ) ;
#1916 = ORIENTED_EDGE ( 'NONE', *, *, #2917, .F. ) ;
#1917 = CARTESIAN_POINT ( 'NONE',  ( -2.039999999999999600, -4.258936691357909700E-017, -5.550000000000002500 ) ) ;
#1918 = EDGE_CURVE ( 'NONE', #1319, #601, #736, .T. ) ;
#1919 = EDGE_LOOP ( 'NONE', ( #3848, #3941, #4136, #3947, #4034 ) ) ;
#1920 = EDGE_CURVE ( 'NONE', #5829, #6317, #862, .T. ) ;
#1921 = ORIENTED_EDGE ( 'NONE', *, *, #4703, .F. ) ;
#1922 = CARTESIAN_POINT ( 'NONE',  ( 7.283998896902922100, 7.291072519589340200, -4.358440843361884200 ) ) ;
#1923 = ORIENTED_EDGE ( 'NONE', *, *, #3153, .F. ) ;
#1924 = FILL_AREA_STYLE_COLOUR ( '', #4366 ) ;
#1925 = CARTESIAN_POINT ( 'NONE',  ( 7.119999999999999200, 1.300000000000000000, -0.6700000000000013700 ) ) ;
#1926 = DIRECTION ( 'NONE',  ( 1.000000000000000000, 0.0000000000000000000, -0.0000000000000000000 ) ) ;
#1927 = CARTESIAN_POINT ( 'NONE',  ( -4.580000000000001000, 0.6999999999999992900, -4.800000000000002500 ) ) ;
#1928 = PRESENTATION_LAYER_ASSIGNMENT (  '', '', ( #1967 ) ) ;
#1929 = ORIENTED_EDGE ( 'NONE', *, *, #633, .F. ) ;
#1930 = CARTESIAN_POINT ( 'NONE',  ( -7.619999999999999200, 1.300000000000000000, 2.070000000000000300 ) ) ;
#1931 = VERTEX_POINT ( 'NONE', #3885 ) ;
#1932 = ORIENTED_EDGE ( 'NONE', *, *, #2809, .F. ) ;
#1933 = AXIS2_PLACEMENT_3D ( 'NONE', #2801, #7200, #3450 ) ;
#1934 = DIRECTION ( 'NONE',  ( -0.8944271909999165200, 0.0000000000000000000, -0.4472135954999567100 ) ) ;
#1935 = CARTESIAN_POINT ( 'NONE',  ( -7.292945438195229000, 7.296304425408886900, -4.334544182390333200 ) ) ;
#1936 = ADVANCED_FACE ( 'NONE', ( #586 ), #252, .T. ) ;
#1937 = MECHANICAL_DESIGN_GEOMETRIC_PRESENTATION_REPRESENTATION (  '', ( #2027 ), #1861 ) ;
#1938 = CARTESIAN_POINT ( 'NONE',  ( 7.054203811574920400, 1.300000000000000000, -3.259999999999999800 ) ) ;
#1939 = ORIENTED_EDGE ( 'NONE', *, *, #2971, .T. ) ;
#1940 = ORIENTED_EDGE ( 'NONE', *, *, #2569, .T. ) ;
#1941 = ORIENTED_EDGE ( 'NONE', *, *, #3054, .T. ) ;
#1942 = DIRECTION ( 'NONE',  ( -9.326470300950574900E-017, -0.0000000000000000000, -1.000000000000000000 ) ) ;
#1943 = FACE_OUTER_BOUND ( 'NONE', #3077, .T. ) ;
#1944 = CARTESIAN_POINT ( 'NONE',  ( -7.160000000000000100, 0.6999999999999999600, 3.259999999999999800 ) ) ;
#1945 =( NAMED_UNIT ( * ) PLANE_ANGLE_UNIT ( ) SI_UNIT ( $, .RADIAN. ) );
#1946 = ORIENTED_EDGE ( 'NONE', *, *, #2273, .T. ) ;
#1947 = EDGE_CURVE ( 'NONE', #3580, #797, #447, .T. ) ;
#1948 = VERTEX_POINT ( 'NONE', #5833 ) ;
#1949 = CARTESIAN_POINT ( 'NONE',  ( 7.280069459007242100, 7.299257829049035500, 4.315831035665838500 ) ) ;
#1950 = DIRECTION ( 'NONE',  ( 0.0000000000000000000, -1.000000000000000000, 0.0000000000000000000 ) ) ;
#1951 = DIRECTION ( 'NONE',  ( -0.0000000000000000000, -0.0000000000000000000, 1.000000000000000000 ) ) ;
#1952 = DIRECTION ( 'NONE',  ( -9.969675149291993300E-017, 0.0000000000000000000, -1.000000000000000000 ) ) ;
#1953 = CARTESIAN_POINT ( 'NONE',  ( -7.465850739656795000, 7.132015091387105900, 4.368449773226450000 ) ) ;
#1954 = ORIENTED_EDGE ( 'NONE', *, *, #3168, .F. ) ;
#1955 = ORIENTED_EDGE ( 'NONE', *, *, #3221, .T. ) ;
#1956 = VECTOR ( 'NONE', #796, 1000.000000000000000 ) ;
#1957 = DIRECTION ( 'NONE',  ( -0.4472135954999566500, 0.0000000000000000000, 0.8944271909999165200 ) ) ;
#1958 = FACE_OUTER_BOUND ( 'NONE', #3053, .T. ) ;
#1959 = EDGE_CURVE ( 'NONE', #4728, #797, #333, .T. ) ;
#1960 = CARTESIAN_POINT ( 'NONE',  ( 7.119999999999998300, 0.9268512727847124700, -3.260000000000000700 ) ) ;
#1961 =( LENGTH_UNIT ( ) NAMED_UNIT ( * ) SI_UNIT ( .MILLI., .METRE. ) );
#1962 = CARTESIAN_POINT ( 'NONE',  ( -7.274314320596410300, 7.298890286592052400, -4.321757689262908800 ) ) ;
#1963 = ORIENTED_EDGE ( 'NONE', *, *, #5937, .T. ) ;
#1964 = DIRECTION ( 'NONE',  ( 1.000000000000000000, -0.0000000000000000000, 0.0000000000000000000 ) ) ;
#1965 = ORIENTED_EDGE ( 'NONE', *, *, #3182, .T. ) ;
#1966 = LINE ( 'NONE', #7548, #4990 ) ;
#1967 = STYLED_ITEM ( 'NONE', ( #1670 ), #1850 ) ;
#1968 = DIRECTION ( 'NONE',  ( -1.000000000000000000, 0.0000000000000000000, 0.0000000000000000000 ) ) ;
#1969 = VECTOR ( 'NONE', #7247, 1000.000000000000000 ) ;
#1970 = ORIENTED_EDGE ( 'NONE', *, *, #1047, .T. ) ;
#1971 = ORIENTED_EDGE ( 'NONE', *, *, #2720, .T. ) ;
#1972 = DIRECTION ( 'NONE',  ( -0.02617694830787320800, -0.9996573249755572600, 0.0000000000000000000 ) ) ;
#1973 = EDGE_CURVE ( 'NONE', #6317, #2753, #219, .T. ) ;
#1974 = ORIENTED_EDGE ( 'NONE', *, *, #2606, .T. ) ;
#1975 = CARTESIAN_POINT ( 'NONE',  ( -7.119999999999999200, 0.6899999999999999500, 0.6700000000000003700 ) ) ;
#1976 = PRESENTATION_LAYER_ASSIGNMENT (  '', '', ( #2027 ) ) ;
#1977 = ORIENTED_EDGE ( 'NONE', *, *, #3121, .F. ) ;
#1978 = LINE ( 'NONE', #6131, #989 ) ;
#1979 = CARTESIAN_POINT ( 'NONE',  ( 7.619999999999998300, 1.300000000000000000, -3.200000000000001100 ) ) ;
#1980 =( NAMED_UNIT ( * ) SI_UNIT ( $, .STERADIAN. ) SOLID_ANGLE_UNIT ( ) );
#1981 = ORIENTED_EDGE ( 'NONE', *, *, #2986, .T. ) ;
#1982 = CARTESIAN_POINT ( 'NONE',  ( -7.428041259253669500, 7.166370869741417200, 4.431899876780523300 ) ) ;
#1983 = EDGE_CURVE ( 'NONE', #4879, #4728, #3609, .T. ) ;
#1984 = LINE ( 'NONE', #6591, #1009 ) ;
#1985 = DIRECTION ( 'NONE',  ( 0.0000000000000000000, -0.0000000000000000000, 1.000000000000000000 ) ) ;
#1986 = CARTESIAN_POINT ( 'NONE',  ( 7.404624800275748000, 7.244428334277897900, 4.359845316843769900 ) ) ;
#1987 = VERTEX_POINT ( 'NONE', #4376 ) ;
#1988 = CARTESIAN_POINT ( 'NONE',  ( -7.268053096400543600, 7.299999999999999800, -4.298053096400543000 ) ) ;
#1989 = FILL_AREA_STYLE ('',( #7695 ) ) ;
#1990 = AXIS2_PLACEMENT_3D ( 'NONE', #6177, #6203, #7069 ) ;
#1991 = AXIS2_PLACEMENT_3D ( 'NONE', #5362, #1505, #5990 ) ;
#1992 = EDGE_CURVE ( 'NONE', #4968, #4879, #4006, .T. ) ;
#1993 = ORIENTED_EDGE ( 'NONE', *, *, #5169, .F. ) ;
#1994 = AXIS2_PLACEMENT_3D ( 'NONE', #396, #157, #149 ) ;
#1995 = DIRECTION ( 'NONE',  ( 0.0000000000000000000, -1.000000000000000000, 0.0000000000000000000 ) ) ;
#1996 = CARTESIAN_POINT ( 'NONE',  ( 7.438307795167376400, 7.106838958628546100, -4.440914594453483100 ) ) ;
#1997 = PRESENTATION_STYLE_ASSIGNMENT (( #7465 ) ) ;
#1998 = ORIENTED_EDGE ( 'NONE', *, *, #5303, .F. ) ;
#1999 = ORIENTED_EDGE ( 'NONE', *, *, #2388, .T. ) ;
#2000 = FILL_AREA_STYLE ('',( #2641 ) ) ;
#2001 = SURFACE_SIDE_STYLE ('',( #4889 ) ) ;
#2002 = DIRECTION ( 'NONE',  ( -0.9996573249755573700, 0.02617694830787321200, 9.966258790616524300E-017 ) ) ;
#2003 = EDGE_CURVE ( 'NONE', #1740, #3098, #128, .T. ) ;
#2004 = CARTESIAN_POINT ( 'NONE',  ( 0.0000000000000000000, 0.0000000000000000000, 0.0000000000000000000 ) ) ;
#2005 = SURFACE_STYLE_FILL_AREA ( #4684 ) ;
#2006 = ORIENTED_EDGE ( 'NONE', *, *, #2483, .F. ) ;
#2007 = CARTESIAN_POINT ( 'NONE',  ( -7.290246448350305100, 7.299023938207782600, 4.305763194182016900 ) ) ;
#2008 = VECTOR ( 'NONE', #5356, 1000.000000000000000 ) ;
#2009 = ORIENTED_EDGE ( 'NONE', *, *, #5343, .T. ) ;
#2010 = ORIENTED_EDGE ( 'NONE', *, *, #2986, .F. ) ;
#2011 = AXIS2_PLACEMENT_3D ( 'NONE', #1264, #5770, #1907 ) ;
#2012 = VECTOR ( 'NONE', #7257, 1000.000000000000000 ) ;
#2013 = AXIS2_PLACEMENT_3D ( 'NONE', #5302, #5384, #5526 ) ;
#2014 =( NAMED_UNIT ( * ) PLANE_ANGLE_UNIT ( ) SI_UNIT ( $, .RADIAN. ) );
#2015 = CARTESIAN_POINT ( 'NONE',  ( 7.160000000000000100, 0.0000000000000000000, -3.259999999999999800 ) ) ;
#2016 = VECTOR ( 'NONE', #5361, 1000.000000000000000 ) ;
#2017 = CARTESIAN_POINT ( 'NONE',  ( 7.320000000000000300, 0.0000000000000000000, -4.350000000000001400 ) ) ;
#2018 = DIRECTION ( 'NONE',  ( -0.0000000000000000000, -1.000000000000000000, -0.0000000000000000000 ) ) ;
#2019 = EDGE_LOOP ( 'NONE', ( #4813, #5109, #3903, #4754 ) ) ;
#2020 =( NAMED_UNIT ( * ) SI_UNIT ( $, .STERADIAN. ) SOLID_ANGLE_UNIT ( ) );
#2021 = VECTOR ( 'NONE', #7950, 1000.000000000000000 ) ;
#2022 = ADVANCED_FACE ( 'NONE', ( #25 ), #114, .F. ) ;
#2023 = CARTESIAN_POINT ( 'NONE',  ( -7.446575955816351600, 7.133815488614929200, 4.422540873911650300 ) ) ;
#2024 = ORIENTED_EDGE ( 'NONE', *, *, #4431, .F. ) ;
#2025 = ORIENTED_EDGE ( 'NONE', *, *, #2595, .T. ) ;
#2026 = CARTESIAN_POINT ( 'NONE',  ( 7.268053096400541900, 7.299999999999999800, -4.350000000000001400 ) ) ;
#2027 = STYLED_ITEM ( 'NONE', ( #3964 ), #4054 ) ;
#2028 = PRESENTATION_STYLE_ASSIGNMENT (( #2105 ) ) ;
#2029 = ORIENTED_EDGE ( 'NONE', *, *, #5578, .F. ) ;
#2030 = DIRECTION ( 'NONE',  ( -0.0000000000000000000, -0.0000000000000000000, -1.000000000000000000 ) ) ;
#2031 = CARTESIAN_POINT ( 'NONE',  ( 7.411209716160628100, 7.240072689558346000, 4.348578477307001800 ) ) ;
#2032 = VECTOR ( 'NONE', #1085, 1000.000000000000000 ) ;
#2033 = CARTESIAN_POINT ( 'NONE',  ( 7.467606714001259000, 7.118501931345329900, -4.369107461313092200 ) ) ;
#2034 = ORIENTED_EDGE ( 'NONE', *, *, #4984, .F. ) ;
#2036 = ORIENTED_EDGE ( 'NONE', *, *, #5937, .F. ) ;
#2035 = DIRECTION ( 'NONE',  ( 0.0000000000000000000, 0.0000000000000000000, -1.000000000000000000 ) ) ;
#2037 = VECTOR ( 'NONE', #6522, 1000.000000000000000 ) ;
#2038 = EDGE_CURVE ( 'NONE', #5664, #5393, #7902, .T. ) ;
#2039 = CARTESIAN_POINT ( 'NONE',  ( -5.329999970110908900, 3.049999999999999800, 6.000000000000001800 ) ) ;
#2040 = DIRECTION ( 'NONE',  ( 0.0000000000000000000, 1.000000000000000000, 0.0000000000000000000 ) ) ;
#2041 = PLANE ( 'NONE',  #1254 ) ;
#2042 = ORIENTED_EDGE ( 'NONE', *, *, #795, .F. ) ;
#2043 = ORIENTED_EDGE ( 'NONE', *, *, #1287, .T. ) ;
#2044 = CARTESIAN_POINT ( 'NONE',  ( -7.288762836003925800, 7.299124177066355300, 4.307200029593928100 ) ) ;
#2045 = CYLINDRICAL_SURFACE ( 'NONE', #8253, 0.2500000000000002200 ) ;
#2046 = ORIENTED_EDGE ( 'NONE', *, *, #5950, .T. ) ;
#2047 = DIRECTION ( 'NONE',  ( 1.000000000000000000, -0.0000000000000000000, -0.0000000000000000000 ) ) ;
#2048 = ORIENTED_EDGE ( 'NONE', *, *, #704, .F. ) ;
#2049 = CARTESIAN_POINT ( 'NONE',  ( -2.289999999999999600, 0.6999999999999992900, -5.550000000000002500 ) ) ;
#2050 = EDGE_CURVE ( 'NONE', #2529, #4249, #7994, .T. ) ;
#2051 = DIRECTION ( 'NONE',  ( -1.000000000000000000, 0.0000000000000000000, 9.326470300950576100E-017 ) ) ;
#2052 = DIRECTION ( 'NONE',  ( 1.000000000000000000, 0.0000000000000000000, -9.326470300950576100E-017 ) ) ;
#2053 = VECTOR ( 'NONE', #2814, 1000.000000000000000 ) ;
#2054 =( NAMED_UNIT ( * ) PLANE_ANGLE_UNIT ( ) SI_UNIT ( $, .RADIAN. ) );
#2055 = ORIENTED_EDGE ( 'NONE', *, *, #1992, .T. ) ;
#2056 = VERTEX_POINT ( 'NONE', #3162 ) ;
#2057 = LINE ( 'NONE', #7184, #655 ) ;
#2058 = CARTESIAN_POINT ( 'NONE',  ( 5.330000029889088600, 1.899999999999999700, 6.000000000000001800 ) ) ;
#2059 = CARTESIAN_POINT ( 'NONE',  ( 7.336131461451407700, 7.158634174454882700, -4.489702267680725000 ) ) ;
#2060 = EDGE_CURVE ( 'NONE', #4549, #3090, #7617, .T. ) ;
#2061 = PRESENTATION_STYLE_ASSIGNMENT (( #4080 ) ) ;
#2062 = LINE ( 'NONE', #7157, #6991 ) ;
#2063 = UNCERTAINTY_MEASURE_WITH_UNIT (LENGTH_MEASURE( 1.000000000000000100E-005 ), #612, 'distance_accuracy_value', 'NONE');
#2064 = ORIENTED_EDGE ( 'NONE', *, *, #4445, .T. ) ;
#2065 = ADVANCED_FACE ( 'NONE', ( #7702 ), #2041, .T. ) ;
#2066 =( LENGTH_UNIT ( ) NAMED_UNIT ( * ) SI_UNIT ( .MILLI., .METRE. ) );
#2067 = VECTOR ( 'NONE', #496, 999.9999999999998900 ) ;
#2068 = CARTESIAN_POINT ( 'NONE',  ( -7.314826948015973300, 7.206400456473216900, 4.476096863087271900 ) ) ;
#2069 = VECTOR ( 'NONE', #1594, 1000.000000000000000 ) ;
#2070 = DIRECTION ( 'NONE',  ( 0.0000000000000000000, -0.0000000000000000000, -1.000000000000000000 ) ) ;
#2071 = DIRECTION ( 'NONE',  ( 0.0000000000000000000, -1.828634731526980300E-016, -1.000000000000000000 ) ) ;
#2072 = AXIS2_PLACEMENT_3D ( 'NONE', #3393, #2923, #2949 ) ;
#2073 = CARTESIAN_POINT ( 'NONE',  ( -7.285831035665701400, 7.299257829049024000, 4.310069459007131300 ) ) ;
#2074 = CARTESIAN_POINT ( 'NONE',  ( -4.580000000000000100, 0.6999999999999994000, -4.650000000000003000 ) ) ;
#2075 = ORIENTED_EDGE ( 'NONE', *, *, #2228, .F. ) ;
#2076 = ORIENTED_EDGE ( 'NONE', *, *, #4228, .F. ) ;
#2077 = EDGE_CURVE ( 'NONE', #1846, #1405, #8102, .T. ) ;
#2078 = DIRECTION ( 'NONE',  ( 1.000000000000000000, 0.0000000000000000000, 0.0000000000000000000 ) ) ;
#2079 = DIRECTION ( 'NONE',  ( 0.0000000000000000000, 0.0000000000000000000, 1.000000000000000000 ) ) ;
#2080 = CARTESIAN_POINT ( 'NONE',  ( 7.320000000000000300, 1.300000000000000000, -4.350000000000001400 ) ) ;
#2081 = CARTESIAN_POINT ( 'NONE',  ( 4.830000010674678100, -0.2500000000000001100, 5.550000000000002500 ) ) ;
#2082 = VERTEX_POINT ( 'NONE', #1669 ) ;
#2083 = VERTEX_POINT ( 'NONE', #4010 ) ;
#2084 =( GEOMETRIC_REPRESENTATION_CONTEXT ( 3 ) GLOBAL_UNCERTAINTY_ASSIGNED_CONTEXT ( ( #8095 ) ) GLOBAL_UNIT_ASSIGNED_CONTEXT ( ( #8179, #4450, #596 ) ) REPRESENTATION_CONTEXT ( 'NONE', 'WORKASPACE' ) );
#2085 = DIRECTION ( 'NONE',  ( 0.0000000000000000000, 0.0000000000000000000, -1.000000000000000000 ) ) ;
#2086 = SURFACE_SIDE_STYLE ('',( #2481 ) ) ;
#2087 = EDGE_CURVE ( 'NONE', #2082, #8107, #2172, .T. ) ;
#2088 = CARTESIAN_POINT ( 'NONE',  ( 7.397895112977515500, 7.182873056601097000, -4.453172827654842800 ) ) ;
#2089 =( GEOMETRIC_REPRESENTATION_CONTEXT ( 3 ) GLOBAL_UNCERTAINTY_ASSIGNED_CONTEXT ( ( #7062 ) ) GLOBAL_UNIT_ASSIGNED_CONTEXT ( ( #2398, #5588, #5504 ) ) REPRESENTATION_CONTEXT ( 'NONE', 'WORKASPACE' ) );
#2090 =( NAMED_UNIT ( * ) PLANE_ANGLE_UNIT ( ) SI_UNIT ( $, .RADIAN. ) );
#2091 = PRESENTATION_STYLE_ASSIGNMENT (( #262 ) ) ;
#2092 = CARTESIAN_POINT ( 'NONE',  ( 7.460000000000000000, 0.8599999999999999900, 2.020000000000000000 ) ) ;
#2093 = DIRECTION ( 'NONE',  ( 0.0000000000000000000, -1.000000000000000000, 0.0000000000000000000 ) ) ;
#2094 = LINE ( 'NONE', #984, #2191 ) ;
#2095 = CARTESIAN_POINT ( 'NONE',  ( -7.284382847673857200, 7.299291242173119100, 4.311502053008422500 ) ) ;
#2096 = CARTESIAN_POINT ( 'NONE',  ( -7.319999999999999400, 1.300000000000000000, 4.349999999999999600 ) ) ;
#2097 = ORIENTED_EDGE ( 'NONE', *, *, #661, .T. ) ;
#2098 = ORIENTED_EDGE ( 'NONE', *, *, #1790, .F. ) ;
#2099 = EDGE_CURVE ( 'NONE', #1366, #7462, #7041, .T. ) ;
#2100 = AXIS2_PLACEMENT_3D ( 'NONE', #750, #698, #690 ) ;
#2101 = UNCERTAINTY_MEASURE_WITH_UNIT (LENGTH_MEASURE( 1.000000000000000100E-005 ), #510, 'distance_accuracy_value', 'NONE');
#2102 = LINE ( 'NONE', #2139, #1824 ) ;
#2103 = CARTESIAN_POINT ( 'NONE',  ( 5.580000000000001000, 0.6999999999999992900, -5.300000000000002500 ) ) ;
#2104 = CARTESIAN_POINT ( 'NONE',  ( -7.310299033335896400, 7.219004389069142200, -4.458934073143821000 ) ) ;
#2105 = SURFACE_STYLE_USAGE ( .BOTH. , #5943 ) ;
#2106 = ORIENTED_EDGE ( 'NONE', *, *, #516, .T. ) ;
#2107 = CARTESIAN_POINT ( 'NONE',  ( -7.435715775341381400, 7.134245506650186600, 4.438655241420205400 ) ) ;
#2108 =( GEOMETRIC_REPRESENTATION_CONTEXT ( 3 ) GLOBAL_UNCERTAINTY_ASSIGNED_CONTEXT ( ( #1301 ) ) GLOBAL_UNIT_ASSIGNED_CONTEXT ( ( #1471, #5958, #2123 ) ) REPRESENTATION_CONTEXT ( 'NONE', 'WORKASPACE' ) );
#2109 = ORIENTED_EDGE ( 'NONE', *, *, #950, .T. ) ;
#2110 = CARTESIAN_POINT ( 'NONE',  ( -7.467971256119518000, 7.105743497657711000, -4.369417166805092700 ) ) ;
#2111 = EDGE_CURVE ( 'NONE', #387, #563, #6663, .T. ) ;
#2112 = UNCERTAINTY_MEASURE_WITH_UNIT (LENGTH_MEASURE( 1.000000000000000100E-005 ), #490, 'distance_accuracy_value', 'NONE');
#2113 = CARTESIAN_POINT ( 'NONE',  ( -4.580000000000000100, -4.258936691357912100E-017, 5.550000000000002500 ) ) ;
#2114 = CARTESIAN_POINT ( 'NONE',  ( 7.416452235892022800, 7.234265163963212500, 4.337093392809668700 ) ) ;
#2115 = EDGE_LOOP ( 'NONE', ( #1357, #1297, #1314, #1255, #1241, #1243, #1272, #1231 ) ) ;
#2116 = CARTESIAN_POINT ( 'NONE',  ( 7.437882273575613800, 7.201753365155917100, -4.376273657166740900 ) ) ;
#2117 = ADVANCED_FACE ( 'NONE', ( #7315 ), #4427, .T. ) ;
#2118 = AXIS2_PLACEMENT_3D ( 'NONE', #6451, #5779, #6726 ) ;
#2119 = ORIENTED_EDGE ( 'NONE', *, *, #2038, .T. ) ;
#2120 = DIRECTION ( 'NONE',  ( 0.0000000000000000000, -1.000000000000000000, 0.0000000000000000000 ) ) ;
#2121 = DIRECTION ( 'NONE',  ( -0.0000000000000000000, -0.0000000000000000000, -1.000000000000000000 ) ) ;
#2122 = VERTEX_POINT ( 'NONE', #4518 ) ;
#2123 =( NAMED_UNIT ( * ) SI_UNIT ( $, .STERADIAN. ) SOLID_ANGLE_UNIT ( ) );
#2124 = VECTOR ( 'NONE', #3856, 1000.000000000000000 ) ;
#2125 = CARTESIAN_POINT ( 'NONE',  ( 7.619999999999998300, 0.1999999999999999600, -3.200000000000001100 ) ) ;
#2126 = EDGE_CURVE ( 'NONE', #3180, #4806, #6175, .T. ) ;
#2127 = PLANE ( 'NONE',  #2880 ) ;
#2128 = CARTESIAN_POINT ( 'NONE',  ( -7.281502063266727600, 7.299291242466670900, 4.314382834537153300 ) ) ;
#2129 = CARTESIAN_POINT ( 'NONE',  ( 7.305897810495880900, 7.239162846127013200, 4.441856465387582300 ) ) ;
#2130 = CARTESIAN_POINT ( 'NONE',  ( 4.720000000000000600, 0.6999999999999994000, -5.080000000000001800 ) ) ;
#2131 = VERTEX_POINT ( 'NONE', #526 ) ;
#2132 = ADVANCED_FACE ( 'NONE', ( #6065 ), #6927, .F. ) ;
#2133 = MECHANICAL_DESIGN_GEOMETRIC_PRESENTATION_REPRESENTATION (  '', ( #2356 ), #2084 ) ;
#2134 = ORIENTED_EDGE ( 'NONE', *, *, #4783, .F. ) ;
#2135 = ORIENTED_EDGE ( 'NONE', *, *, #5950, .F. ) ;
#2136 = MECHANICAL_DESIGN_GEOMETRIC_PRESENTATION_REPRESENTATION (  '', ( #2224 ), #2089 ) ;
#2137 = DIRECTION ( 'NONE',  ( 0.0000000000000000000, -1.000000000000000000, 0.0000000000000000000 ) ) ;
#2138 = CARTESIAN_POINT ( 'NONE',  ( -7.319999999999999400, 1.300000000000000000, 4.649999999999999500 ) ) ;
#2139 = CARTESIAN_POINT ( 'NONE',  ( 7.160000000000000100, 0.6999999999999999600, -2.070000000000001200 ) ) ;
#2140 = ORIENTED_EDGE ( 'NONE', *, *, #897, .F. ) ;
#2141 = VERTEX_POINT ( 'NONE', #4576 ) ;
#2142 = ORIENTED_EDGE ( 'NONE', *, *, #2149, .F. ) ;
#2143 = DIRECTION ( 'NONE',  ( 0.0000000000000000000, -0.0000000000000000000, 1.000000000000000000 ) ) ;
#2144 = CARTESIAN_POINT ( 'NONE',  ( -7.463683307538036400, 7.117751940953343000, -4.388629133393622300 ) ) ;
#2145 = CARTESIAN_POINT ( 'NONE',  ( 7.309337437986614300, 7.224067695494312600, 4.455101798267625300 ) ) ;
#2146 = CARTESIAN_POINT ( 'NONE',  ( 7.310385900845977500, 7.218767909187189200, -4.459155590140718500 ) ) ;
#2147 = ORIENTED_EDGE ( 'NONE', *, *, #5733, .T. ) ;
#2148 = CARTESIAN_POINT ( 'NONE',  ( 5.580000000000001000, 0.6999999999999998400, 4.650000000000003000 ) ) ;
#2149 = EDGE_CURVE ( 'NONE', #3267, #1987, #3699, .T. ) ;
#2150 = CARTESIAN_POINT ( 'NONE',  ( -7.620000000000000100, 1.300000000000000000, -2.069999999999999800 ) ) ;
#2151 = AXIS2_PLACEMENT_3D ( 'NONE', #2306, #2290, #2035 ) ;
#2152 = CARTESIAN_POINT ( 'NONE',  ( -7.620000000000000100, 1.300000000000000000, -4.350000000000001400 ) ) ;
#2153 = VECTOR ( 'NONE', #5974, 1000.000000000000000 ) ;
#2154 = CARTESIAN_POINT ( 'NONE',  ( -7.280069466851442100, 7.299257829636125000, 4.315831022064594800 ) ) ;
#2155 = CARTESIAN_POINT ( 'NONE',  ( 7.460000000000000000, 0.6999999999999999600, -2.020000000000000000 ) ) ;
#2156 = ORIENTED_EDGE ( 'NONE', *, *, #3431, .T. ) ;
#2157 = MECHANICAL_DESIGN_GEOMETRIC_PRESENTATION_REPRESENTATION (  '', ( #2435 ), #2108 ) ;
#2158 = ADVANCED_FACE ( 'NONE', ( #5976 ), #3344, .F. ) ;
#2159 = VECTOR ( 'NONE', #1515, 1000.000000000000000 ) ;
#2160 = FACE_OUTER_BOUND ( 'NONE', #6240, .T. ) ;
#2161 = DIRECTION ( 'NONE',  ( -0.0000000000000000000, -0.9996573249755572600, 0.02617694830787321200 ) ) ;
#2162 = EDGE_CURVE ( 'NONE', #2914, #5925, #1044, .T. ) ;
#2163 = CARTESIAN_POINT ( 'NONE',  ( 2.040000000000000000, 0.6999999999999994000, -4.650000000000001200 ) ) ;
#2164 = EDGE_LOOP ( 'NONE', ( #3646, #4816, #4770, #4035, #2712, #1413 ) ) ;
#2165 = VECTOR ( 'NONE', #138, 1000.000000000000000 ) ;
#2166 = DIRECTION ( 'NONE',  ( -0.4472135954999567100, 0.0000000000000000000, -0.8944271909999164100 ) ) ;
#2167 = CARTESIAN_POINT ( 'NONE',  ( -7.408655241394368900, 7.134245506649112800, -4.465715775366309300 ) ) ;
#2168 = LINE ( 'NONE', #4698, #2053 ) ;
#2169 = EDGE_LOOP ( 'NONE', ( #2400, #2407, #2488, #2499 ) ) ;
#2170 = DIRECTION ( 'NONE',  ( -1.000000000000000000, 0.0000000000000000000, 0.0000000000000000000 ) ) ;
#2171 = ORIENTED_EDGE ( 'NONE', *, *, #5414, .F. ) ;
#2172 = LINE ( 'NONE', #1750, #1661 ) ;
#2173 = CARTESIAN_POINT ( 'NONE',  ( 7.357194845856590800, 7.241024787403645700, -4.427856601761339700 ) ) ;
#2174 = EDGE_CURVE ( 'NONE', #2689, #7137, #5682, .T. ) ;
#2175 = VERTEX_POINT ( 'NONE', #1376 ) ;
#2176 = DIRECTION ( 'NONE',  ( 0.4472135954999573200, 0.0000000000000000000, -0.8944271909999161900 ) ) ;
#2177 = ORIENTED_EDGE ( 'NONE', *, *, #3656, .T. ) ;
#2178 = CARTESIAN_POINT ( 'NONE',  ( -7.277200032819452600, 7.299124177800231400, 4.318762825582396700 ) ) ;
#2179 = DIRECTION ( 'NONE',  ( 1.000000000000000000, 0.0000000000000000000, -0.0000000000000000000 ) ) ;
#2180 = CARTESIAN_POINT ( 'NONE',  ( 7.460000000000000000, 0.6999999999999999600, -2.020000000000000000 ) ) ;
#2181 = VERTEX_POINT ( 'NONE', #2296 ) ;
#2182 = CARTESIAN_POINT ( 'NONE',  ( 5.580000000000001000, 0.9499999999999995100, -4.650000000000003000 ) ) ;
#2183 = UNCERTAINTY_MEASURE_WITH_UNIT (LENGTH_MEASURE( 1.000000000000000100E-005 ), #5863, 'distance_accuracy_value', 'NONE');
#2184 = DIRECTION ( 'NONE',  ( -1.000000000000000000, 0.0000000000000000000, -0.0000000000000000000 ) ) ;
#2185 = STYLED_ITEM ( 'NONE', ( #2028 ), #7243 ) ;
#2186 = DIRECTION ( 'NONE',  ( 0.0000000000000000000, -1.000000000000000000, 1.204669080539449800E-016 ) ) ;
#2187 = PRESENTATION_LAYER_ASSIGNMENT (  '', '', ( #2224 ) ) ;
#2188 = ORIENTED_EDGE ( 'NONE', *, *, #1418, .T. ) ;
#2189 = DIRECTION ( 'NONE',  ( 0.0000000000000000000, 1.000000000000000000, 0.0000000000000000000 ) ) ;
#2190 = CARTESIAN_POINT ( 'NONE',  ( -7.336131461356822000, 7.158634173697062200, -4.489702267885798300 ) ) ;
#2191 = VECTOR ( 'NONE', #2358, 1000.000000000000000 ) ;
#2192 = EDGE_CURVE ( 'NONE', #3255, #3580, #4590, .T. ) ;
#2193 = ORIENTED_EDGE ( 'NONE', *, *, #3402, .F. ) ;
#2194 = CARTESIAN_POINT ( 'NONE',  ( 7.321695326995116400, 7.230233912213480900, 4.450239258255853000 ) ) ;
#2195 = EDGE_CURVE ( 'NONE', #4806, #5393, #1651, .T. ) ;
#2196 = CARTESIAN_POINT ( 'NONE',  ( 7.389332246022227000, 7.250235863274118000, -4.381380436366153900 ) ) ;
#2197 = ORIENTED_EDGE ( 'NONE', *, *, #5279, .T. ) ;
#2198 = ORIENTED_EDGE ( 'NONE', *, *, #1560, .T. ) ;
#2199 = AXIS2_PLACEMENT_3D ( 'NONE', #5206, #5351, #5260 ) ;
#2200 = DIRECTION ( 'NONE',  ( 0.0000000000000000000, 1.000000000000000000, 0.0000000000000000000 ) ) ;
#2201 = SURFACE_STYLE_FILL_AREA ( #3496 ) ;
#2202 = CARTESIAN_POINT ( 'NONE',  ( -7.275763195202747700, 7.299023938794881900, 4.320246441572757900 ) ) ;
#2203 = DIRECTION ( 'NONE',  ( -0.4472135954999567100, 0.0000000000000000000, -0.8944271909999164100 ) ) ;
#2204 = FILL_AREA_STYLE ('',( #4155 ) ) ;
#2205 = ORIENTED_EDGE ( 'NONE', *, *, #6985, .F. ) ;
#2206 = EDGE_LOOP ( 'NONE', ( #2043, #2046, #2055, #2075 ) ) ;
#2207 = SURFACE_SIDE_STYLE ('',( #1655 ) ) ;
#2208 = DIRECTION ( 'NONE',  ( 0.0000000000000000000, 1.828634731526980600E-016, 1.000000000000000000 ) ) ;
#2209 = ORIENTED_EDGE ( 'NONE', *, *, #5966, .T. ) ;
#2210 = CIRCLE ( 'NONE', #6356, 0.2500000000000002200 ) ;
#2211 = DIRECTION ( 'NONE',  ( -0.0000000000000000000, 1.000000000000000000, 1.777380610631973500E-016 ) ) ;
#2212 = VECTOR ( 'NONE', #3166, 999.9999999999998900 ) ;
#2213 = ORIENTED_EDGE ( 'NONE', *, *, #1679, .T. ) ;
#2214 = PRESENTATION_LAYER_ASSIGNMENT (  '', '', ( #2435 ) ) ;
#2215 = CARTESIAN_POINT ( 'NONE',  ( 4.580000000000001000, 0.9499999999999995100, -4.650000000000003000 ) ) ;
#2216 = CARTESIAN_POINT ( 'NONE',  ( -7.443753099455686400, 7.196913052581988000, -4.360867588715116500 ) ) ;
#2217 = EDGE_CURVE ( 'NONE', #797, #2406, #4301, .T. ) ;
#2218 = ORIENTED_EDGE ( 'NONE', *, *, #3252, .F. ) ;
#2219 = PLANE ( 'NONE',  #6303 ) ;
#2220 = B_SPLINE_CURVE_WITH_KNOTS ( 'NONE', 3,
 ( #2770, #3290, #4076, #160, #4689, #831, #5338, #1473, #5967, #2129, #6597, #2805, #7207, #3455, #7820, #4101, #192, #4714, #857, #5368 ),
 .UNSPECIFIED., .F., .F.,
 ( 4, 2, 2, 2, 2, 2, 2, 2, 2, 4 ),
 ( 0.0000000000000000000, 0.1210663664905407000, 0.2421327329810812900, 0.3723611813309739600, 0.5025896296808665100, 0.5673962334921178700, 0.6322028373033692400, 0.7618160449258718500, 0.8809080224629359800, 1.000000000000000000 ),
 .UNSPECIFIED. ) ;
#2221 = UNCERTAINTY_MEASURE_WITH_UNIT (LENGTH_MEASURE( 1.000000000000000100E-005 ), #325, 'distance_accuracy_value', 'NONE');
#2222 = CARTESIAN_POINT ( 'NONE',  ( 7.411856465389461400, 7.239162846125056600, -4.335897810492056700 ) ) ;
#2223 = ORIENTED_EDGE ( 'NONE', *, *, #1738, .F. ) ;
#2224 = STYLED_ITEM ( 'NONE', ( #2790 ), #1768 ) ;
#2225 = SURFACE_STYLE_FILL_AREA ( #7100 ) ;
#2226 = EDGE_LOOP ( 'NONE', ( #2798, #7894, #8045, #98 ) ) ;
#2227 = DIRECTION ( 'NONE',  ( -0.0000000000000000000, -0.0000000000000000000, 1.000000000000000000 ) ) ;
#2228 = EDGE_CURVE ( 'NONE', #699, #4879, #6838, .T. ) ;
#2229 = ORIENTED_EDGE ( 'NONE', *, *, #2050, .F. ) ;
#2230 = CARTESIAN_POINT ( 'NONE',  ( -7.408655241388257400, 7.134245506796324000, 4.465715775306581900 ) ) ;
#2231 = CARTESIAN_POINT ( 'NONE',  ( -7.274314320596343600, 7.298890286592049700, 4.321757689262963000 ) ) ;
#2232 = PLANE ( 'NONE',  #7962 ) ;
#2233 = CARTESIAN_POINT ( 'NONE',  ( 7.467984561395653900, 7.105235389661573600, 4.349999999999999600 ) ) ;
#2234 = AXIS2_PLACEMENT_3D ( 'NONE', #5127, #4731, #4591 ) ;
#2235 = CARTESIAN_POINT ( 'NONE',  ( 7.620000000000000100, 1.300000000000000000, -4.650000000000001200 ) ) ;
#2236 = CARTESIAN_POINT ( 'NONE',  ( -5.330000000000001000, 0.6999999999999992900, -5.550000000000002500 ) ) ;
#2237 = DIRECTION ( 'NONE',  ( 0.0000000000000000000, 1.000000000000000000, 0.0000000000000000000 ) ) ;
#2238 = PRESENTATION_LAYER_ASSIGNMENT (  '', '', ( #2356 ) ) ;
#2239 = CARTESIAN_POINT ( 'NONE',  ( 7.333893909441150600, 7.234858574210448100, 4.443662187773721700 ) ) ;
#2240 = PRESENTATION_STYLE_ASSIGNMENT (( #5549 ) ) ;
#2241 = EDGE_LOOP ( 'NONE', ( #2884, #2893, #2911, #2947, #3002 ) ) ;
#2242 = CARTESIAN_POINT ( 'NONE',  ( -7.460000000000000000, 0.6999999999999999600, -2.020000000000000000 ) ) ;
#2243 = ORIENTED_EDGE ( 'NONE', *, *, #7206, .F. ) ;
#2244 = DIRECTION ( 'NONE',  ( -1.000000000000000000, -0.0000000000000000000, -0.0000000000000000000 ) ) ;
#2245 = ORIENTED_EDGE ( 'NONE', *, *, #1688, .F. ) ;
#2246 = DIRECTION ( 'NONE',  ( -0.0000000000000000000, 0.0000000000000000000, -1.000000000000000000 ) ) ;
#2247 =( GEOMETRIC_REPRESENTATION_CONTEXT ( 3 ) GLOBAL_UNCERTAINTY_ASSIGNED_CONTEXT ( ( #6165 ) ) GLOBAL_UNIT_ASSIGNED_CONTEXT ( ( #6179, #6253, #4985 ) ) REPRESENTATION_CONTEXT ( 'NONE', 'WORKASPACE' ) );
#2248 = CARTESIAN_POINT ( 'NONE',  ( -7.404301745779025400, 7.221952907830351300, -4.411775099449343400 ) ) ;
#2249 = ORIENTED_EDGE ( 'NONE', *, *, #1618, .T. ) ;
#2250 = EDGE_LOOP ( 'NONE', ( #1423, #1374, #1383, #1341 ) ) ;
#2251 = ORIENTED_EDGE ( 'NONE', *, *, #4917, .T. ) ;
#2252 = CARTESIAN_POINT ( 'NONE',  ( 7.316375509992529800, 7.268745683344231000, -4.404956640809281500 ) ) ;
#2253 = ORIENTED_EDGE ( 'NONE', *, *, #1466, .T. ) ;
#2254 = EDGE_CURVE ( 'NONE', #3929, #5850, #1966, .T. ) ;
#2255 = ORIENTED_EDGE ( 'NONE', *, *, #3892, .T. ) ;
#2256 = CARTESIAN_POINT ( 'NONE',  ( -7.160000000000000100, 0.6999999999999999600, -3.259999999999999800 ) ) ;
#2257 = FACE_OUTER_BOUND ( 'NONE', #3025, .T. ) ;
#2258 = EDGE_CURVE ( 'NONE', #4728, #2482, #5076, .T. ) ;
#2259 = FILL_AREA_STYLE ('',( #5016 ) ) ;
#2260 = ADVANCED_FACE ( 'NONE', ( #4789 ), #5603, .T. ) ;
#2261 = CARTESIAN_POINT ( 'NONE',  ( -7.374990887587199700, 7.208207114172108000, 4.451878701579464500 ) ) ;
#2262 = CARTESIAN_POINT ( 'NONE',  ( 7.397221497757529500, 7.253297392573471400, 4.332081799705619600 ) ) ;
#2263 = LINE ( 'NONE', #7879, #4587 ) ;
#2264 = ORIENTED_EDGE ( 'NONE', *, *, #1384, .T. ) ;
#2265 = CARTESIAN_POINT ( 'NONE',  ( -7.160000000000000100, 0.6899999999999999500, -3.259999999999999800 ) ) ;
#2266 = ORIENTED_EDGE ( 'NONE', *, *, #2254, .T. ) ;
#2267 = CARTESIAN_POINT ( 'NONE',  ( -7.119999999999999200, 0.9268512727847090200, 0.6700000000000003700 ) ) ;
#2268 = CYLINDRICAL_SURFACE ( 'NONE', #77, 0.2999999999999999300 ) ;
#2269 = LINE ( 'NONE', #351, #2165 ) ;
#2270 = DIRECTION ( 'NONE',  ( 0.0000000000000000000, -1.204669080539449800E-016, 1.000000000000000000 ) ) ;
#2271 = FACE_OUTER_BOUND ( 'NONE', #5530, .T. ) ;
#2272 = DIRECTION ( 'NONE',  ( 1.000000000000000000, 0.0000000000000000000, 0.0000000000000000000 ) ) ;
#2273 = EDGE_CURVE ( 'NONE', #2900, #4737, #4980, .T. ) ;
#2274 = DIRECTION ( 'NONE',  ( 0.0000000000000000000, -1.000000000000000000, -3.942553354492744000E-016 ) ) ;
#2275 = EDGE_LOOP ( 'NONE', ( #5872, #7231, #7352, #3743 ) ) ;
#2276 = CARTESIAN_POINT ( 'NONE',  ( -7.160000000000000100, 0.6999999999999999600, 2.020000000000000000 ) ) ;
#2277 = ORIENTED_EDGE ( 'NONE', *, *, #2667, .F. ) ;
#2278 = CARTESIAN_POINT ( 'NONE',  ( -7.335984449083724700, 7.229807912137173900, -4.447989872328324900 ) ) ;
#2279 = ORIENTED_EDGE ( 'NONE', *, *, #4835, .T. ) ;
#2280 = CARTESIAN_POINT ( 'NONE',  ( 7.336909576485222600, 7.284083946256815000, -4.354941552122026500 ) ) ;
#2281 = ORIENTED_EDGE ( 'NONE', *, *, #4984, .T. ) ;
#2282 = DIRECTION ( 'NONE',  ( -0.02617694830787321200, -0.9996573249755572600, -0.0000000000000000000 ) ) ;
#2283 =( GEOMETRIC_REPRESENTATION_CONTEXT ( 3 ) GLOBAL_UNCERTAINTY_ASSIGNED_CONTEXT ( ( #5217 ) ) GLOBAL_UNIT_ASSIGNED_CONTEXT ( ( #2066, #6537, #2729 ) ) REPRESENTATION_CONTEXT ( 'NONE', 'WORKASPACE' ) );
#2284 = EDGE_CURVE ( 'NONE', #2900, #6932, #5604, .T. ) ;
#2285 = COLOUR_RGB ( '',1.000000000000000000, 1.000000000000000000, 1.000000000000000000 ) ;
#2286 = CARTESIAN_POINT ( 'NONE',  ( 7.357194848932579100, 7.241024789573590000, 4.427856597819912900 ) ) ;
#2287 = DIRECTION ( 'NONE',  ( -4.269869874340407800E-008, 0.0000000000000000000, -0.9999999999999991100 ) ) ;
#2288 = CARTESIAN_POINT ( 'NONE',  ( 7.160000000000000100, 0.6999999999999999600, -3.259999999999999800 ) ) ;
#2289 = AXIS2_PLACEMENT_3D ( 'NONE', #7533, #3813, #8156 ) ;
#2290 = DIRECTION ( 'NONE',  ( 1.000000000000000000, 0.0000000000000000000, -1.865294060190115200E-016 ) ) ;
#2291 = CARTESIAN_POINT ( 'NONE',  ( -7.316194075748907900, 7.294426546386708000, 4.310766672595832500 ) ) ;
#2292 = CARTESIAN_POINT ( 'NONE',  ( 6.948407623149841500, 1.899999999999999700, 0.6699999999999987100 ) ) ;
#2293 = DIRECTION ( 'NONE',  ( -0.0000000000000000000, 0.0000000000000000000, 1.000000000000000000 ) ) ;
#2294 = FILL_AREA_STYLE_COLOUR ( '', #1858 ) ;
#2295 = CARTESIAN_POINT ( 'NONE',  ( 7.280766672595811800, 7.294426546386713300, 4.346194075748829100 ) ) ;
#2296 = CARTESIAN_POINT ( 'NONE',  ( -7.619999999999999200, 1.300000000000000000, 2.070000000000000300 ) ) ;
#2297 = MECHANICAL_DESIGN_GEOMETRIC_PRESENTATION_REPRESENTATION (  '', ( #2518 ), #2283 ) ;
#2298 = LINE ( 'NONE', #938, #7571 ) ;
#2299 = PLANE ( 'NONE',  #4606 ) ;
#2300 = SURFACE_STYLE_USAGE ( .BOTH. , #6135 ) ;
#2301 = CARTESIAN_POINT ( 'NONE',  ( -7.320000000000000300, 7.105235389661575400, 4.497984561395653300 ) ) ;
#2302 = AXIS2_PLACEMENT_3D ( 'NONE', #3635, #3395, #3340 ) ;
#2303 = SURFACE_STYLE_FILL_AREA ( #6830 ) ;
#2304 = SURFACE_SIDE_STYLE ('',( #4150 ) ) ;
#2305 = VERTEX_POINT ( 'NONE', #6751 ) ;
#2306 = CARTESIAN_POINT ( 'NONE',  ( 7.619999999999998300, 0.4999999999999998900, -2.900000000000001200 ) ) ;
#2307 = CARTESIAN_POINT ( 'NONE',  ( -7.392540873896749100, 7.133815488908339800, 4.476575955744604800 ) ) ;
#2308 = AXIS2_PLACEMENT_3D ( 'NONE', #4308, #3246, #3372 ) ;
#2309 = SURFACE_STYLE_FILL_AREA ( #7128 ) ;
#2310 = CARTESIAN_POINT ( 'NONE',  ( -7.416452235892015700, 7.234265163963252500, -4.337093392809659800 ) ) ;
#2311 = ORIENTED_EDGE ( 'NONE', *, *, #5032, .F. ) ;
#2312 = CARTESIAN_POINT ( 'NONE',  ( 7.347920772106197900, 7.283863988888668000, -4.325920359749781100 ) ) ;
#2313 = CARTESIAN_POINT ( 'NONE',  ( 7.119999999999999200, 0.9268512727847090200, -2.070000000000001200 ) ) ;
#2314 = CARTESIAN_POINT ( 'NONE',  ( 7.291757689262908600, 7.298890286592052400, 4.304314320596406100 ) ) ;
#2315 = FACE_OUTER_BOUND ( 'NONE', #8224, .T. ) ;
#2316 = ORIENTED_EDGE ( 'NONE', *, *, #4582, .F. ) ;
#2317 = LINE ( 'NONE', #4288, #5036 ) ;
#2318 = DIRECTION ( 'NONE',  ( 1.000000000000000000, 0.0000000000000000000, -0.0000000000000000000 ) ) ;
#2319 = VERTEX_POINT ( 'NONE', #6873 ) ;
#2320 = SURFACE_STYLE_USAGE ( .BOTH. , #2500 ) ;
#2321 = CARTESIAN_POINT ( 'NONE',  ( -7.313232745091736900, 7.295109410483325600, 4.313920321192768800 ) ) ;
#2322 = CARTESIAN_POINT ( 'NONE',  ( -7.160000000000000100, 0.0000000000000000000, 3.259999999999999800 ) ) ;
#2323 = DIRECTION ( 'NONE',  ( -0.0000000000000000000, 1.204669080539449800E-016, 1.000000000000000000 ) ) ;
#2324 = ORIENTED_EDGE ( 'NONE', *, *, #3742, .T. ) ;
#2325 = EDGE_CURVE ( 'NONE', #7827, #3532, #4212, .T. ) ;
#2326 = DIRECTION ( 'NONE',  ( 0.0000000000000000000, 0.0000000000000000000, -1.000000000000000000 ) ) ;
#2327 = DIRECTION ( 'NONE',  ( -0.0000000000000000000, 1.204669080539449800E-016, 1.000000000000000000 ) ) ;
#2328 = ORIENTED_EDGE ( 'NONE', *, *, #1402, .F. ) ;
#2329 = ORIENTED_EDGE ( 'NONE', *, *, #2111, .F. ) ;
#2330 = FACE_OUTER_BOUND ( 'NONE', #2584, .T. ) ;
#2331 = DIRECTION ( 'NONE',  ( 0.0000000000000000000, 1.204669080539449800E-016, -1.000000000000000000 ) ) ;
#2332 = CARTESIAN_POINT ( 'NONE',  ( -7.375403212437071900, 7.269086108241367600, -4.326211031896170000 ) ) ;
#2333 = CARTESIAN_POINT ( 'NONE',  ( -4.580000000000000100, -1.084202172485503900E-016, -5.910000000000002800 ) ) ;
#2334 = CARTESIAN_POINT ( 'NONE',  ( -7.161822484923008300, 1.250000000000000000, -2.020000000000000000 ) ) ;
#2335 = ORIENTED_EDGE ( 'NONE', *, *, #237, .T. ) ;
#2336 = ORIENTED_EDGE ( 'NONE', *, *, #82, .F. ) ;
#2337 = CARTESIAN_POINT ( 'NONE',  ( -7.384958123417988000, 7.254525283277027700, -4.378486828516131800 ) ) ;
#2338 = PRESENTATION_LAYER_ASSIGNMENT (  '', '', ( #2518 ) ) ;
#2339 = PRESENTATION_STYLE_ASSIGNMENT (( #7719 ) ) ;
#2340 = VECTOR ( 'NONE', #5320, 1000.000000000000000 ) ;
#2341 = VERTEX_POINT ( 'NONE', #4939 ) ;
#2342 = CARTESIAN_POINT ( 'NONE',  ( 7.283920332495480200, 7.295109413633534600, -4.343232731397001200 ) ) ;
#2343 = SURFACE_STYLE_FILL_AREA ( #5659 ) ;
#2344 = CARTESIAN_POINT ( 'NONE',  ( 3.040000000000000000, 0.9499999999999995100, -4.650000000000003000 ) ) ;
#2345 = CARTESIAN_POINT ( 'NONE',  ( -7.119999999999999200, 1.300000000000000000, -0.6699999999999999300 ) ) ;
#2346 = EDGE_CURVE ( 'NONE', #294, #6932, #4382, .T. ) ;
#2347 = ADVANCED_FACE ( 'NONE', ( #7309 ), #5369, .F. ) ;
#2348 = LINE ( 'NONE', #7523, #8078 ) ;
#2349 = SURFACE_STYLE_FILL_AREA ( #6524 ) ;
#2350 = CARTESIAN_POINT ( 'NONE',  ( -7.310326282040962900, 7.295621559343336700, 4.316971022100306100 ) ) ;
#2351 = ORIENTED_EDGE ( 'NONE', *, *, #5106, .T. ) ;
#2352 = ORIENTED_EDGE ( 'NONE', *, *, #5980, .T. ) ;
#2353 = UNCERTAINTY_MEASURE_WITH_UNIT (LENGTH_MEASURE( 1.000000000000000100E-005 ), #5048, 'distance_accuracy_value', 'NONE');
#2354 = CARTESIAN_POINT ( 'NONE',  ( 7.320000000000000300, 7.100000000000000500, 4.298053096400541200 ) ) ;
#2355 = CARTESIAN_POINT ( 'NONE',  ( -5.580000000000000100, 0.9499999999999998400, 4.800000000000002500 ) ) ;
#2356 = STYLED_ITEM ( 'NONE', ( #2795 ), #7014 ) ;
#2357 = FACE_OUTER_BOUND ( 'NONE', #6685, .T. ) ;
#2358 = DIRECTION ( 'NONE',  ( 0.0000000000000000000, -1.000000000000000000, 0.0000000000000000000 ) ) ;
#2359 = VECTOR ( 'NONE', #1161, 1000.000000000000000 ) ;
#2360 = FILL_AREA_STYLE_COLOUR ( '', #5226 ) ;
#2361 = EDGE_LOOP ( 'NONE', ( #2728, #2739, #2766, #2773 ) ) ;
#2362 = EDGE_CURVE ( 'NONE', #4194, #5602, #5287, .T. ) ;
#2363 = DIRECTION ( 'NONE',  ( -1.000000000000000000, 0.0000000000000000000, 1.330309414092643500E-016 ) ) ;
#2364 = ORIENTED_EDGE ( 'NONE', *, *, #4608, .F. ) ;
#2365 = MECHANICAL_DESIGN_GEOMETRIC_PRESENTATION_REPRESENTATION (  '', ( #2760 ), #2247 ) ;
#2366 = VECTOR ( 'NONE', #5138, 1000.000000000000000 ) ;
#2367 = CARTESIAN_POINT ( 'NONE',  ( -7.339055309209495400, 7.266426168727919700, -4.401212674067064500 ) ) ;
#2368 = LINE ( 'NONE', #1865, #8041 ) ;
#2369 = VERTEX_POINT ( 'NONE', #7727 ) ;
#2370 = CARTESIAN_POINT ( 'NONE',  ( 2.790000000000000500, -0.2500000000000001100, -6.000000000000001800 ) ) ;
#2371 = ORIENTED_EDGE ( 'NONE', *, *, #5235, .F. ) ;
#2372 = LINE ( 'NONE', #1457, #1956 ) ;
#2373 = CARTESIAN_POINT ( 'NONE',  ( 7.281502063266676900, 7.299291242466719800, -4.314382834537039600 ) ) ;
#2374 = ADVANCED_FACE ( 'NONE', ( #3599 ), #7770, .T. ) ;
#2375 = CARTESIAN_POINT ( 'NONE',  ( -7.620000000000000100, 1.300000000000000000, -4.350000000000001400 ) ) ;
#2376 = ORIENTED_EDGE ( 'NONE', *, *, #1757, .T. ) ;
#2377 = EDGE_CURVE ( 'NONE', #294, #4737, #3517, .T. ) ;
#2378 = ORIENTED_EDGE ( 'NONE', *, *, #5235, .T. ) ;
#2379 = DIRECTION ( 'NONE',  ( -0.0000000000000000000, -0.0000000000000000000, 1.000000000000000000 ) ) ;
#2380 = LINE ( 'NONE', #3310, #2366 ) ;
#2381 = DIRECTION ( 'NONE',  ( 0.0000000000000000000, 1.777380610631973500E-016, 1.000000000000000000 ) ) ;
#2382 = DIRECTION ( 'NONE',  ( 0.0000000000000000000, -1.000000000000000000, 0.0000000000000000000 ) ) ;
#2383 = EDGE_LOOP ( 'NONE', ( #4997, #6775, #405, #6174 ) ) ;
#2384 = ORIENTED_EDGE ( 'NONE', *, *, #3664, .T. ) ;
#2385 = EDGE_LOOP ( 'NONE', ( #5202, #5195, #5143, #4979 ) ) ;
#2386 = DIRECTION ( 'NONE',  ( -1.000000000000000000, 0.0000000000000000000, 0.0000000000000000000 ) ) ;
#2387 =( LENGTH_UNIT ( ) NAMED_UNIT ( * ) SI_UNIT ( .MILLI., .METRE. ) );
#2388 = EDGE_CURVE ( 'NONE', #6984, #709, #3812, .T. ) ;
#2389 = CARTESIAN_POINT ( 'NONE',  ( -2.039999999999999600, -0.2499999999999998900, -5.910000000000002800 ) ) ;
#2390 = ORIENTED_EDGE ( 'NONE', *, *, #2003, .F. ) ;
#2391 = VERTEX_POINT ( 'NONE', #7627 ) ;
#2392 = CARTESIAN_POINT ( 'NONE',  ( 7.301668507696593500, 7.296475144189337800, 4.325869190280880800 ) ) ;
#2393 = ORIENTED_EDGE ( 'NONE', *, *, #3597, .F. ) ;
#2394 = SURFACE_STYLE_USAGE ( .BOTH. , #2477 ) ;
#2395 = SURFACE_STYLE_USAGE ( .BOTH. , #6225 ) ;
#2396 = CARTESIAN_POINT ( 'NONE',  ( 7.278111726077945300, 7.300000000000000700, -4.302511178386000200 ) ) ;
#2397 = VECTOR ( 'NONE', #2208, 1000.000000000000000 ) ;
#2398 =( LENGTH_UNIT ( ) NAMED_UNIT ( * ) SI_UNIT ( .MILLI., .METRE. ) );
#2399 = CARTESIAN_POINT ( 'NONE',  ( -4.829999989325327400, -0.2500000000000001100, 5.550000000000002500 ) ) ;
#2400 = ORIENTED_EDGE ( 'NONE', *, *, #1247, .T. ) ;
#2401 = EDGE_CURVE ( 'NONE', #6984, #3387, #3401, .T. ) ;
#2402 = LINE ( 'NONE', #6104, #6402 ) ;
#2403 = FILL_AREA_STYLE_COLOUR ( '', #6853 ) ;
#2404 = LINE ( 'NONE', #6652, #5624 ) ;
#2405 = CARTESIAN_POINT ( 'NONE',  ( -2.790000000000000000, -4.258936691357909700E-017, -5.550000000000002500 ) ) ;
#2406 = VERTEX_POINT ( 'NONE', #7034 ) ;
#2407 = ORIENTED_EDGE ( 'NONE', *, *, #2192, .T. ) ;
#2408 = EDGE_CURVE ( 'NONE', #3193, #5612, #3104, .T. ) ;
#2409 = CARTESIAN_POINT ( 'NONE',  ( -7.460000000000000000, 0.6999999999999999600, 2.020000000000000000 ) ) ;
#2410 = COLOUR_RGB ( '',1.000000000000000000, 1.000000000000000000, 1.000000000000000000 ) ;
#2411 = CARTESIAN_POINT ( 'NONE',  ( -7.397221497754218300, 7.253297392576268300, 4.332081799711346500 ) ) ;
#2412 = AXIS2_PLACEMENT_3D ( 'NONE', #7396, #6526, #6496 ) ;
#2413 = DIRECTION ( 'NONE',  ( 1.000000000000000000, 0.0000000000000000000, -1.865294060190115200E-016 ) ) ;
#2414 = PRESENTATION_STYLE_ASSIGNMENT (( #3081 ) ) ;
#2415 = DIRECTION ( 'NONE',  ( -1.000000000000000000, 0.0000000000000000000, -0.0000000000000000000 ) ) ;
#2416 = VERTEX_POINT ( 'NONE', #7545 ) ;
#2417 = ORIENTED_EDGE ( 'NONE', *, *, #3692, .F. ) ;
#2418 = CARTESIAN_POINT ( 'NONE',  ( 3.040000000000000000, 0.6999999999999994000, -4.650000000000003000 ) ) ;
#2419 = FACE_OUTER_BOUND ( 'NONE', #2861, .T. ) ;
#2420 = ORIENTED_EDGE ( 'NONE', *, *, #82, .T. ) ;
#2421 = AXIS2_PLACEMENT_3D ( 'NONE', #737, #4045, #125 ) ;
#2422 = CARTESIAN_POINT ( 'NONE',  ( 3.040000000000000000, 0.6999999999999992900, -5.300000000000002500 ) ) ;
#2423 = PRESENTATION_LAYER_ASSIGNMENT (  '', '', ( #2760 ) ) ;
#2424 = LINE ( 'NONE', #670, #3264 ) ;
#2425 = EDGE_CURVE ( 'NONE', #2546, #3387, #3511, .T. ) ;
#2426 = CARTESIAN_POINT ( 'NONE',  ( -7.160000000000000100, 0.6999999999999999600, -2.069999999999999800 ) ) ;
#2427 = FILL_AREA_STYLE ('',( #4176 ) ) ;
#2428 =( NAMED_UNIT ( * ) SI_UNIT ( $, .STERADIAN. ) SOLID_ANGLE_UNIT ( ) );
#2429 = PRESENTATION_STYLE_ASSIGNMENT (( #5222 ) ) ;
#2430 = FILL_AREA_STYLE ('',( #1862 ) ) ;
#2431 = VERTEX_POINT ( 'NONE', #763 ) ;
#2432 = DIRECTION ( 'NONE',  ( 0.0000000000000000000, 0.0000000000000000000, -1.000000000000000000 ) ) ;
#2433 = PRESENTATION_STYLE_ASSIGNMENT (( #2395 ) ) ;
#2434 = EDGE_LOOP ( 'NONE', ( #1974, #1981, #1940, #1955 ) ) ;
#2435 = STYLED_ITEM ( 'NONE', ( #4750 ), #6268 ) ;
#2436 = DIRECTION ( 'NONE',  ( -0.1736481776669303300, 0.9848077530122081300, 1.619524571824814700E-017 ) ) ;
#2437 = VECTOR ( 'NONE', #677, 1000.000000000000000 ) ;
#2438 = EDGE_CURVE ( 'NONE', #3901, #4121, #2680, .T. ) ;
#2439 = CARTESIAN_POINT ( 'NONE',  ( -7.119999999999999200, 0.4999999999999998900, -2.899999999999999900 ) ) ;
#2440 = CARTESIAN_POINT ( 'NONE',  ( -4.830000000000001800, 0.6999999999999998400, 5.300000000000002500 ) ) ;
#2441 = FACE_OUTER_BOUND ( 'NONE', #427, .T. ) ;
#2442 = DIRECTION ( 'NONE',  ( 0.0000000000000000000, 1.828634731526981100E-016, -1.000000000000000000 ) ) ;
#2443 = EDGE_LOOP ( 'NONE', ( #3682, #3710, #3714, #3735 ) ) ;
#2444 = LINE ( 'NONE', #891, #3171 ) ;
#2445 = SURFACE_STYLE_USAGE ( .BOTH. , #6269 ) ;
#2446 = ORIENTED_EDGE ( 'NONE', *, *, #4134, .F. ) ;
#2447 = DIRECTION ( 'NONE',  ( -0.0000000000000000000, -0.0000000000000000000, 1.000000000000000000 ) ) ;
#2448 = SURFACE_SIDE_STYLE ('',( #4658 ) ) ;
#2449 = CARTESIAN_POINT ( 'NONE',  ( -7.619999999999999200, 1.300000000000000000, -3.260000000000000700 ) ) ;
#2450 = FACE_OUTER_BOUND ( 'NONE', #1574, .T. ) ;
#2451 = FACE_OUTER_BOUND ( 'NONE', #5283, .T. ) ;
#2452 = LINE ( 'NONE', #6020, #5060 ) ;
#2453 = ORIENTED_EDGE ( 'NONE', *, *, #4996, .T. ) ;
#2454 = AXIS2_PLACEMENT_3D ( 'NONE', #2039, #6508, #2700 ) ;
#2455 = VERTEX_POINT ( 'NONE', #752 ) ;
#2456 = EDGE_LOOP ( 'NONE', ( #2848, #6515, #7868, #2932 ) ) ;
#2457 = CARTESIAN_POINT ( 'NONE',  ( 2.290000000000000000, 0.9499999999999994000, -5.300000000000002500 ) ) ;
#2458 = DIRECTION ( 'NONE',  ( 0.0000000000000000000, -0.0000000000000000000, 1.000000000000000000 ) ) ;
#2459 = ADVANCED_FACE ( 'NONE', ( #3110 ), #2268, .T. ) ;
#2460 = CARTESIAN_POINT ( 'NONE',  ( -7.461672836082121000, 7.132125076184321300, 4.387567555792181800 ) ) ;
#2461 =( GEOMETRIC_REPRESENTATION_CONTEXT ( 3 ) GLOBAL_UNCERTAINTY_ASSIGNED_CONTEXT ( ( #4396 ) ) GLOBAL_UNIT_ASSIGNED_CONTEXT ( ( #6310, #2489, #6912 ) ) REPRESENTATION_CONTEXT ( 'NONE', 'WORKASPACE' ) );
#2462 = LINE ( 'NONE', #3930, #2437 ) ;
#2463 = AXIS2_PLACEMENT_3D ( 'NONE', #3718, #3060, #3015 ) ;
#2464 = CARTESIAN_POINT ( 'NONE',  ( 7.368297205977971700, 7.242566342939765500, 4.418628078348233700 ) ) ;
#2465 = EDGE_LOOP ( 'NONE', ( #7448, #5810, #7441, #4868 ) ) ;
#2466 = DIRECTION ( 'NONE',  ( 0.0000000000000000000, -1.000000000000000000, -1.828634731526981100E-016 ) ) ;
#2467 = FILL_AREA_STYLE ('',( #6869 ) ) ;
#2468 = CARTESIAN_POINT ( 'NONE',  ( -4.580000000000000100, 0.6999999999999998400, 5.300000000000002500 ) ) ;
#2469 = LINE ( 'NONE', #5626, #6261 ) ;
#2470 =( NAMED_UNIT ( * ) PLANE_ANGLE_UNIT ( ) SI_UNIT ( $, .RADIAN. ) );
#2471 =( NAMED_UNIT ( * ) SI_UNIT ( $, .STERADIAN. ) SOLID_ANGLE_UNIT ( ) );
#2472 = LINE ( 'NONE', #21, #3969 ) ;
#2473 = AXIS2_PLACEMENT_3D ( 'NONE', #4792, #4199, #3898 ) ;
#2474 = DIRECTION ( 'NONE',  ( 0.0000000000000000000, 1.828634731526980300E-016, 1.000000000000000000 ) ) ;
#2475 = VERTEX_POINT ( 'NONE', #1474 ) ;
#2476 = DIRECTION ( 'NONE',  ( 0.0000000000000000000, 1.000000000000000000, 0.0000000000000000000 ) ) ;
#2477 = SURFACE_SIDE_STYLE ('',( #380 ) ) ;
#2478 = DIRECTION ( 'NONE',  ( 0.0000000000000000000, -4.235164736271502500E-018, -1.000000000000000000 ) ) ;
#2479 = CARTESIAN_POINT ( 'NONE',  ( 5.580000000000001000, 0.6999999999999998400, 4.649999999999999500 ) ) ;
#2480 = CARTESIAN_POINT ( 'NONE',  ( 7.620000000000001000, 1.300000000000000000, 4.349999999999999600 ) ) ;
#2481 = SURFACE_STYLE_FILL_AREA ( #2692 ) ;
#2482 = VERTEX_POINT ( 'NONE', #1538 ) ;
#2483 = EDGE_CURVE ( 'NONE', #5393, #2056, #2372, .T. ) ;
#2484 = ADVANCED_FACE ( 'NONE', ( #2257 ), #4190, .F. ) ;
#2485 = CARTESIAN_POINT ( 'NONE',  ( 5.580000000000001000, -4.258936691357912100E-017, 5.550000000000002500 ) ) ;
#2486 = CARTESIAN_POINT ( 'NONE',  ( 7.320000000000000300, 7.299999999999999800, -4.350000000000001400 ) ) ;
#2487 = VECTOR ( 'NONE', #5290, 1000.000000000000000 ) ;
#2488 = ORIENTED_EDGE ( 'NONE', *, *, #1910, .T. ) ;
#2489 =( NAMED_UNIT ( * ) PLANE_ANGLE_UNIT ( ) SI_UNIT ( $, .RADIAN. ) );
#2490 = VERTEX_POINT ( 'NONE', #2426 ) ;
#2491 = FILL_AREA_STYLE ('',( #2294 ) ) ;
#2492 = DIRECTION ( 'NONE',  ( 0.0000000000000000000, 0.0000000000000000000, 1.000000000000000000 ) ) ;
#2493 = AXIS2_PLACEMENT_3D ( 'NONE', #3995, #58, #4605 ) ;
#2494 = COLOUR_RGB ( '',1.000000000000000000, 1.000000000000000000, 1.000000000000000000 ) ;
#2495 = CARTESIAN_POINT ( 'NONE',  ( 7.388628082392417100, 7.242566341854942600, 4.398297202366505200 ) ) ;
#2496 = CARTESIAN_POINT ( 'NONE',  ( -7.161822484923008300, 1.250000000000000000, -2.020000000000000000 ) ) ;
#2497 = EDGE_CURVE ( 'NONE', #7462, #1111, #5489, .T. ) ;
#2498 = VERTEX_POINT ( 'NONE', #3935 ) ;
#2499 = ORIENTED_EDGE ( 'NONE', *, *, #5980, .F. ) ;
#2500 = SURFACE_SIDE_STYLE ('',( #6360 ) ) ;
#2501 = ORIENTED_EDGE ( 'NONE', *, *, #5654, .T. ) ;
#2502 = ADVANCED_FACE ( 'NONE', ( #5395 ), #124, .T. ) ;
#2503 = CARTESIAN_POINT ( 'NONE',  ( 5.580000000000001000, -0.2500000000000001100, 5.910000000000002800 ) ) ;
#2504 = ORIENTED_EDGE ( 'NONE', *, *, #5992, .T. ) ;
#2505 = DIRECTION ( 'NONE',  ( 0.0000000000000000000, 0.0000000000000000000, -1.000000000000000000 ) ) ;
#2506 =( NAMED_UNIT ( * ) SI_UNIT ( $, .STERADIAN. ) SOLID_ANGLE_UNIT ( ) );
#2507 = EDGE_CURVE ( 'NONE', #2546, #2131, #347, .T. ) ;
#2508 = CARTESIAN_POINT ( 'NONE',  ( 2.290000000000000000, 0.0000000000000000000, -5.550000000000002500 ) ) ;
#2509 = EDGE_LOOP ( 'NONE', ( #4620, #4604, #3199, #4561 ) ) ;
#2510 = LINE ( 'NONE', #1209, #7342 ) ;
#2511 = AXIS2_PLACEMENT_3D ( 'NONE', #51, #100, #146 ) ;
#2512 = DIRECTION ( 'NONE',  ( -0.0000000000000000000, 1.000000000000000000, 0.0000000000000000000 ) ) ;
#2513 = ORIENTED_EDGE ( 'NONE', *, *, #2099, .T. ) ;
#2514 = ORIENTED_EDGE ( 'NONE', *, *, #6013, .T. ) ;
#2515 = CARTESIAN_POINT ( 'NONE',  ( -7.299339024137624100, 7.261564332074686800, -4.416745320335000900 ) ) ;
#2516 = FILL_AREA_STYLE_COLOUR ( '', #1309 ) ;
#2517 = CARTESIAN_POINT ( 'NONE',  ( -7.357567555819438900, 7.132125076552422400, 4.491672835990568700 ) ) ;
#2518 = STYLED_ITEM ( 'NONE', ( #7577 ), #5207 ) ;
#2519 = EDGE_CURVE ( 'NONE', #3472, #3839, #2057, .T. ) ;
#2520 = DIRECTION ( 'NONE',  ( -0.0000000000000000000, 1.000000000000000000, -0.0000000000000000000 ) ) ;
#2521 = ORIENTED_EDGE ( 'NONE', *, *, #6025, .T. ) ;
#2522 = CARTESIAN_POINT ( 'NONE',  ( 7.160000000000000100, 0.1999999999999999800, -3.259999999999999800 ) ) ;
#2523 = MECHANICAL_DESIGN_GEOMETRIC_PRESENTATION_REPRESENTATION (  '', ( #2690 ), #2461 ) ;
#2524 = VECTOR ( 'NONE', #7054, 1000.000000000000000 ) ;
#2525 = ADVANCED_FACE ( 'NONE', ( #5497 ), #454, .T. ) ;
#2526 = DIRECTION ( 'NONE',  ( -0.0000000000000000000, 1.000000000000000000, -0.0000000000000000000 ) ) ;
#2527 = DIRECTION ( 'NONE',  ( 0.0000000000000000000, -1.777380610631973500E-016, 1.000000000000000000 ) ) ;
#2528 = PRESENTATION_STYLE_ASSIGNMENT (( #8205 ) ) ;
#2529 = VERTEX_POINT ( 'NONE', #5128 ) ;
#2530 = CIRCLE ( 'NONE', #6714, 0.2500000000000002200 ) ;
#2531 = SURFACE_SIDE_STYLE ('',( #2800 ) ) ;
#2532 = CARTESIAN_POINT ( 'NONE',  ( 7.119999999999999200, 0.6899999999999999500, 2.069999999999999000 ) ) ;
#2533 = EDGE_CURVE ( 'NONE', #5850, #2082, #460, .T. ) ;
#2534 = VECTOR ( 'NONE', #3529, 1000.000000000000000 ) ;
#2535 = ORIENTED_EDGE ( 'NONE', *, *, #6037, .T. ) ;
#2536 = CARTESIAN_POINT ( 'NONE',  ( 7.161822484923008300, 1.250000000000000000, -2.020000000000000000 ) ) ;
#2537 = SURFACE_STYLE_USAGE ( .BOTH. , #6358 ) ;
#2538 = VECTOR ( 'NONE', #8185, 1000.000000000000000 ) ;
#2539 = ORIENTED_EDGE ( 'NONE', *, *, #6109, .F. ) ;
#2540 = LINE ( 'NONE', #4482, #5936 ) ;
#2541 = ORIENTED_EDGE ( 'NONE', *, *, #4146, .F. ) ;
#2542 =( LENGTH_UNIT ( ) NAMED_UNIT ( * ) SI_UNIT ( .MILLI., .METRE. ) );
#2543 = AXIS2_PLACEMENT_3D ( 'NONE', #5558, #8054, #8085 ) ;
#2544 = FACE_OUTER_BOUND ( 'NONE', #477, .T. ) ;
#2545 = CARTESIAN_POINT ( 'NONE',  ( -7.343092503136539900, 7.285445309557525600, -4.331423792664066900 ) ) ;
#2546 = VERTEX_POINT ( 'NONE', #5337 ) ;
#2547 = EDGE_CURVE ( 'NONE', #2498, #2131, #742, .T. ) ;
#2548 = PLANE ( 'NONE',  #1795 ) ;
#2549 = ORIENTED_EDGE ( 'NONE', *, *, #4626, .T. ) ;
#2550 = ORIENTED_EDGE ( 'NONE', *, *, #6058, .T. ) ;
#2551 = LINE ( 'NONE', #3845, #2538 ) ;
#2552 = FILL_AREA_STYLE_COLOUR ( '', #3620 ) ;
#2553 = FACE_OUTER_BOUND ( 'NONE', #7625, .T. ) ;
#2554 = ORIENTED_EDGE ( 'NONE', *, *, #3849, .F. ) ;
#2555 = VERTEX_POINT ( 'NONE', #8100 ) ;
#2556 = FILL_AREA_STYLE_COLOUR ( '', #3394 ) ;
#2557 = ORIENTED_EDGE ( 'NONE', *, *, #3980, .T. ) ;
#2558 = EDGE_CURVE ( 'NONE', #3901, #1832, #236, .T. ) ;
#2559 = FACE_OUTER_BOUND ( 'NONE', #2996, .T. ) ;
#2560 = DIRECTION ( 'NONE',  ( 0.0000000000000000000, -0.0000000000000000000, 1.000000000000000000 ) ) ;
#2561 = CARTESIAN_POINT ( 'NONE',  ( 7.317528216476919300, 7.166261939741021400, -4.487176294356460800 ) ) ;
#2562 = CARTESIAN_POINT ( 'NONE',  ( 7.411301829419583600, 7.239611772279968900, -4.335751038918383300 ) ) ;
#2563 = ORIENTED_EDGE ( 'NONE', *, *, #4527, .T. ) ;
#2564 = FACE_OUTER_BOUND ( 'NONE', #2250, .T. ) ;
#2565 = CARTESIAN_POINT ( 'NONE',  ( 4.830000000000000100, -1.084202172485503600E-016, -5.910000000000002800 ) ) ;
#2566 = ORIENTED_EDGE ( 'NONE', *, *, #747, .F. ) ;
#2567 = CARTESIAN_POINT ( 'NONE',  ( -7.338449773277601700, 7.132015091984200700, 4.495850739574001100 ) ) ;
#2568 = CARTESIAN_POINT ( 'NONE',  ( 7.310326258673052600, 7.295621563281020600, 4.316971042477916000 ) ) ;
#2569 = EDGE_CURVE ( 'NONE', #709, #2498, #558, .T. ) ;
#2570 = DIRECTION ( 'NONE',  ( -0.0000000000000000000, -0.9996573249755572600, -0.02617694830787321200 ) ) ;
#2571 = CARTESIAN_POINT ( 'NONE',  ( 7.397856601761467300, 7.241024787403942400, 4.387194845856452500 ) ) ;
#2572 = PRODUCT_DEFINITION_SHAPE ( 'NONE', 'NONE',  #4680 ) ;
#2573 = CARTESIAN_POINT ( 'NONE',  ( -7.303091635712966000, 7.294412108731747500, -4.340396105974353900 ) ) ;
#2574 = DIRECTION ( 'NONE',  ( 0.0000000000000000000, -4.235164736271502500E-018, -1.000000000000000000 ) ) ;
#2575 = PRESENTATION_LAYER_ASSIGNMENT (  '', '', ( #2690 ) ) ;
#2576 = AXIS2_PLACEMENT_3D ( 'NONE', #485, #521, #459 ) ;
#2577 =( LENGTH_UNIT ( ) NAMED_UNIT ( * ) SI_UNIT ( .MILLI., .METRE. ) );
#2578 = VERTEX_POINT ( 'NONE', #446 ) ;
#2579 = LINE ( 'NONE', #5271, #367 ) ;
#2580 = VECTOR ( 'NONE', #1293, 1000.000000000000000 ) ;
#2581 = SURFACE_STYLE_FILL_AREA ( #6339 ) ;
#2582 = DIRECTION ( 'NONE',  ( 0.0000000000000000000, -1.828634731526980300E-016, -1.000000000000000000 ) ) ;
#2583 = AXIS2_PLACEMENT_3D ( 'NONE', #7105, #1650, #6614 ) ;
#2584 = EDGE_LOOP ( 'NONE', ( #2693, #2701, #2710, #2722 ) ) ;
#2585 = VECTOR ( 'NONE', #5901, 1000.000000000000000 ) ;
#2586 = ADVANCED_FACE ( 'NONE', ( #16 ), #2232, .T. ) ;
#2587 = PLANE ( 'NONE',  #3231 ) ;
#2588 = CARTESIAN_POINT ( 'NONE',  ( 7.274314320596392500, 7.298890286592054200, -4.321757689262922100 ) ) ;
#2589 = FILL_AREA_STYLE ('',( #1924 ) ) ;
#2590 = DIRECTION ( 'NONE',  ( 0.0000000000000000000, 4.235164736271502500E-018, 1.000000000000000000 ) ) ;
#2591 = CARTESIAN_POINT ( 'NONE',  ( 7.619999999999999200, 1.300000000000000000, 2.069999999999999000 ) ) ;
#2592 = LINE ( 'NONE', #726, #6321 ) ;
#2593 = LINE ( 'NONE', #3535, #7604 ) ;
#2594 = ORIENTED_EDGE ( 'NONE', *, *, #473, .F. ) ;
#2595 = EDGE_CURVE ( 'NONE', #3803, #1737, #566, .T. ) ;
#2596 = ORIENTED_EDGE ( 'NONE', *, *, #4866, .F. ) ;
#2597 = CARTESIAN_POINT ( 'NONE',  ( 3.099999999999999600, 0.6999999999999994000, -4.680000000000002400 ) ) ;
#2598 = DIRECTION ( 'NONE',  ( -0.0000000000000000000, -0.0000000000000000000, 1.000000000000000000 ) ) ;
#2599 = CARTESIAN_POINT ( 'NONE',  ( -7.283920321192653100, 7.295109410483306100, -4.343232745091560400 ) ) ;
#2600 = DIRECTION ( 'NONE',  ( -0.8944271909999165200, 0.0000000000000000000, 0.4472135954999566500 ) ) ;
#2601 = LINE ( 'NONE', #3984, #6275 ) ;
#2602 = ORIENTED_EDGE ( 'NONE', *, *, #5802, .T. ) ;
#2603 = LINE ( 'NONE', #8159, #6791 ) ;
#2604 = EDGE_LOOP ( 'NONE', ( #5124, #1608, #1580, #3652 ) ) ;
#2605 = CARTESIAN_POINT ( 'NONE',  ( -2.289999999999999600, 0.6999999999999992900, -5.300000000000002500 ) ) ;
#2606 = EDGE_CURVE ( 'NONE', #5734, #3803, #115, .T. ) ;
#2607 = CARTESIAN_POINT ( 'NONE',  ( -4.830000000000000100, 0.6999999999999992900, -5.300000000000002500 ) ) ;
#2608 = ORIENTED_EDGE ( 'NONE', *, *, #1051, .F. ) ;
#2609 = VECTOR ( 'NONE', #1622, 1000.000000000000000 ) ;
#2610 = VECTOR ( 'NONE', #1134, 1000.000000000000000 ) ;
#2611 = DIRECTION ( 'NONE',  ( -1.000000000000000000, 0.0000000000000000000, -0.0000000000000000000 ) ) ;
#2612 = EDGE_LOOP ( 'NONE', ( #2504, #2514, #2521, #2535, #2550, #2566, #2594, #2602, #2621, #2666 ) ) ;
#2613 = CARTESIAN_POINT ( 'NONE',  ( 2.040000000000000000, 0.9499999999999995100, -4.650000000000003000 ) ) ;
#2614 = DIRECTION ( 'NONE',  ( 0.0000000000000000000, -1.000000000000000000, 1.828634731526980300E-016 ) ) ;
#2615 = CARTESIAN_POINT ( 'NONE',  ( 7.460000000000000000, 0.8599999999999999900, -2.020000000000000000 ) ) ;
#2616 = DIRECTION ( 'NONE',  ( -4.269869799995166000E-008, 1.828634731526979400E-016, -0.9999999999999991100 ) ) ;
#2617 = EDGE_CURVE ( 'NONE', #5734, #1719, #8217, .T. ) ;
#2618 = DIRECTION ( 'NONE',  ( -0.0000000000000000000, 1.000000000000000000, -0.0000000000000000000 ) ) ;
#2619 = ADVANCED_FACE ( 'NONE', ( #1559 ), #7763, .T. ) ;
#2620 = LINE ( 'NONE', #6300, #2585 ) ;
#2621 = ORIENTED_EDGE ( 'NONE', *, *, #543, .T. ) ;
#2622 = DIRECTION ( 'NONE',  ( 0.0000000000000000000, 0.0000000000000000000, -1.000000000000000000 ) ) ;
#2623 = CARTESIAN_POINT ( 'NONE',  ( 7.413662190547521300, 7.234858571498380200, 4.363893907749147900 ) ) ;
#2624 = LINE ( 'NONE', #4332, #6018 ) ;
#2625 = CARTESIAN_POINT ( 'NONE',  ( -7.278831183975138500, 7.299999999999999800, -4.301808586455024400 ) ) ;
#2626 = CARTESIAN_POINT ( 'NONE',  ( -7.119999999999999200, 1.300000000000000000, 0.6700000000000003700 ) ) ;
#2627 = VERTEX_POINT ( 'NONE', #7789 ) ;
#2628 = ADVANCED_FACE ( 'NONE', ( #5831 ), #4050, .T. ) ;
#2629 = EDGE_LOOP ( 'NONE', ( #5277, #4940, #6237, #7167, #7070, #7066, #7049, #6151, #6159, #7039, #7028, #7003, #6960, #6916, #6872, #2336 ) ) ;
#2630 = CARTESIAN_POINT ( 'NONE',  ( 4.580000000000001000, 0.6999999999999994000, -4.650000000000003000 ) ) ;
#2631 =( GEOMETRIC_REPRESENTATION_CONTEXT ( 3 ) GLOBAL_UNCERTAINTY_ASSIGNED_CONTEXT ( ( #5731 ) ) GLOBAL_UNIT_ASSIGNED_CONTEXT ( ( #8225, #7195, #5962 ) ) REPRESENTATION_CONTEXT ( 'NONE', 'WORKASPACE' ) );
#2632 = ORIENTED_EDGE ( 'NONE', *, *, #1114, .T. ) ;
#2633 = SURFACE_STYLE_USAGE ( .BOTH. , #6455 ) ;
#2634 = PRESENTATION_STYLE_ASSIGNMENT (( #3778 ) ) ;
#2635 = CARTESIAN_POINT ( 'NONE',  ( 5.580000000000001000, -0.2500000000000001100, 5.910000000000002800 ) ) ;
#2636 = EDGE_LOOP ( 'NONE', ( #2943, #5372, #1305, #5355, #5322, #453 ) ) ;
#2637 = EDGE_CURVE ( 'NONE', #1719, #6743, #4721, .T. ) ;
#2638 = ORIENTED_EDGE ( 'NONE', *, *, #2944, .T. ) ;
#2639 = EDGE_CURVE ( 'NONE', #2455, #2056, #5743, .T. ) ;
#2640 = COLOUR_RGB ( '',1.000000000000000000, 1.000000000000000000, 1.000000000000000000 ) ;
#2641 = FILL_AREA_STYLE_COLOUR ( '', #6438 ) ;
#2642 = VERTEX_POINT ( 'NONE', #6595 ) ;
#2643 = CARTESIAN_POINT ( 'NONE',  ( 7.460000000000000000, 0.6999999999999999600, 0.7200000000000002000 ) ) ;
#2644 = EDGE_LOOP ( 'NONE', ( #6051, #7521, #6030, #6036, #7095, #7087 ) ) ;
#2645 = CARTESIAN_POINT ( 'NONE',  ( -4.580000000000000100, 0.6999999999999998400, 5.550000000000002500 ) ) ;
#2646 = APPLICATION_PROTOCOL_DEFINITION ( 'draft international standard', 'automotive_design', 1998, #3311 ) ;
#2647 = CYLINDRICAL_SURFACE ( 'NONE', #1852, 0.2500000000000002200 ) ;
#2648 = VERTEX_POINT ( 'NONE', #6243 ) ;
#2649 = ADVANCED_FACE ( 'NONE', ( #6881 ), #6080, .F. ) ;
#2650 = ORIENTED_EDGE ( 'NONE', *, *, #3300, .T. ) ;
#2651 =( GEOMETRIC_REPRESENTATION_CONTEXT ( 3 ) GLOBAL_UNCERTAINTY_ASSIGNED_CONTEXT ( ( #4483 ) ) GLOBAL_UNIT_ASSIGNED_CONTEXT ( ( #2674, #7089, #3337 ) ) REPRESENTATION_CONTEXT ( 'NONE', 'WORKASPACE' ) );
#2652 = PLANE ( 'NONE',  #6615 ) ;
#2653 = SURFACE_SIDE_STYLE ('',( #4923 ) ) ;
#2654 = CARTESIAN_POINT ( 'NONE',  ( -7.268053096400543600, 7.299999999999999800, -4.298053096400542100 ) ) ;
#2655 = PRESENTATION_STYLE_ASSIGNMENT (( #649 ) ) ;
#2656 = EDGE_CURVE ( 'NONE', #7723, #6743, #6889, .T. ) ;
#2657 = CIRCLE ( 'NONE', #2011, 0.2500000000000002200 ) ;
#2658 = LINE ( 'NONE', #5892, #2765 ) ;
#2659 = UNCERTAINTY_MEASURE_WITH_UNIT (LENGTH_MEASURE( 1.000000000000000100E-005 ), #1961, 'distance_accuracy_value', 'NONE');
#2660 = CARTESIAN_POINT ( 'NONE',  ( 6.948407623149841500, 1.899999999999999700, -3.259999999999999800 ) ) ;
#2661 = DIRECTION ( 'NONE',  ( 0.0000000000000000000, -1.000000000000000000, -3.554761221263949000E-016 ) ) ;
#2662 = CARTESIAN_POINT ( 'NONE',  ( 7.420239259964523300, 7.230233910043817300, 4.351695326151894200 ) ) ;
#2663 = MECHANICAL_DESIGN_GEOMETRIC_PRESENTATION_REPRESENTATION (  '', ( #2887 ), #2651 ) ;
#2664 = CARTESIAN_POINT ( 'NONE',  ( 7.463976214670827500, 7.106144389897950800, -4.388721665252579600 ) ) ;
#2665 = COLOUR_RGB ( '',1.000000000000000000, 1.000000000000000000, 1.000000000000000000 ) ;
#2666 = ORIENTED_EDGE ( 'NONE', *, *, #661, .F. ) ;
#2667 = EDGE_CURVE ( 'NONE', #6867, #5789, #6705, .T. ) ;
#2668 = SURFACE_STYLE_USAGE ( .BOTH. , #2531 ) ;
#2669 = COLOUR_RGB ( '',1.000000000000000000, 1.000000000000000000, 1.000000000000000000 ) ;
#2670 = ADVANCED_FACE ( 'NONE', ( #4918 ), #159, .T. ) ;
#2671 = FILL_AREA_STYLE_COLOUR ( '', #6267 ) ;
#2672 = CARTESIAN_POINT ( 'NONE',  ( -7.620000000000000100, 1.300000000000000000, -3.260000000000000700 ) ) ;
#2673 = LINE ( 'NONE', #3008, #5622 ) ;
#2674 =( LENGTH_UNIT ( ) NAMED_UNIT ( * ) SI_UNIT ( .MILLI., .METRE. ) );
#2675 = DIRECTION ( 'NONE',  ( 9.326470300950576100E-017, -3.554761221263949000E-016, 1.000000000000000000 ) ) ;
#2676 = DIRECTION ( 'NONE',  ( 1.000000000000000000, 0.0000000000000000000, 0.0000000000000000000 ) ) ;
#2677 = SURFACE_STYLE_FILL_AREA ( #8223 ) ;
#2678 = CARTESIAN_POINT ( 'NONE',  ( -7.304544182390515900, 7.296304425408829200, 4.322945438195364300 ) ) ;
#2679 = PRESENTATION_STYLE_ASSIGNMENT (( #4878 ) ) ;
#2680 = LINE ( 'NONE', #142, #2580 ) ;
#2681 =( LENGTH_UNIT ( ) NAMED_UNIT ( * ) SI_UNIT ( .MILLI., .METRE. ) );
#2682 = CARTESIAN_POINT ( 'NONE',  ( 7.295869153382739100, 7.296475142614269800, 4.331668545790730500 ) ) ;
#2683 = EDGE_CURVE ( 'NONE', #7117, #3180, #5331, .T. ) ;
#2684 = CARTESIAN_POINT ( 'NONE',  ( 7.425101798267650800, 7.224067695494279700, 4.339337437986627000 ) ) ;
#2685 = CYLINDRICAL_SURFACE ( 'NONE', #5783, 0.2500000000000002200 ) ;
#2686 = DIRECTION ( 'NONE',  ( 0.0000000000000000000, 0.0000000000000000000, 1.000000000000000000 ) ) ;
#2687 = SURFACE_STYLE_USAGE ( .BOTH. , #2937 ) ;
#2688 = CARTESIAN_POINT ( 'NONE',  ( 5.580000000000001000, 0.9499999999999995100, -4.650000000000003000 ) ) ;
#2689 = VERTEX_POINT ( 'NONE', #1440 ) ;
#2690 = STYLED_ITEM ( 'NONE', ( #1261 ), #6978 ) ;
#2691 = LINE ( 'NONE', #2822, #3101 ) ;
#2692 = FILL_AREA_STYLE ('',( #4037 ) ) ;
#2693 = ORIENTED_EDGE ( 'NONE', *, *, #6071, .T. ) ;
#2694 = DIRECTION ( 'NONE',  ( -4.269869799995166700E-008, 0.0000000000000000000, -0.9999999999999991100 ) ) ;
#2695 = CARTESIAN_POINT ( 'NONE',  ( 7.310385900845969500, 7.218767909187234500, 4.459155590140691800 ) ) ;
#2696 = EDGE_CURVE ( 'NONE', #1405, #4775, #5126, .T. ) ;
#2697 = CARTESIAN_POINT ( 'NONE',  ( 7.319690518616075000, 7.129204032454917500, -4.496202574681211300 ) ) ;
#2698 = MECHANICAL_DESIGN_GEOMETRIC_PRESENTATION_REPRESENTATION (  '', ( #2782 ), #2631 ) ;
#2699 = FACE_OUTER_BOUND ( 'NONE', #2863, .T. ) ;
#2700 = DIRECTION ( 'NONE',  ( 4.269869799995166000E-008, 0.0000000000000000000, 0.9999999999999991100 ) ) ;
#2701 = ORIENTED_EDGE ( 'NONE', *, *, #6085, .F. ) ;
#2702 = ORIENTED_EDGE ( 'NONE', *, *, #4559, .F. ) ;
#2703 = CARTESIAN_POINT ( 'NONE',  ( -4.580000000000000100, 0.9499999999999995100, -4.800000000000002500 ) ) ;
#2704 = CARTESIAN_POINT ( 'NONE',  ( -7.268053096400542800, 7.299999999999999800, 4.298053096400541200 ) ) ;
#2705 = CARTESIAN_POINT ( 'NONE',  ( -7.301668545790843900, 7.296475142614308900, 4.325869153382885900 ) ) ;
#2706 = EDGE_CURVE ( 'NONE', #2056, #3970, #4836, .T. ) ;
#2707 = DIRECTION ( 'NONE',  ( 9.326470300950576100E-017, 0.0000000000000000000, 1.000000000000000000 ) ) ;
#2708 = EDGE_CURVE ( 'NONE', #1737, #7723, #5548, .T. ) ;
#2709 = COLOUR_RGB ( '',1.000000000000000000, 1.000000000000000000, 1.000000000000000000 ) ;
#2710 = ORIENTED_EDGE ( 'NONE', *, *, #6094, .F. ) ;
#2711 = CARTESIAN_POINT ( 'NONE',  ( 7.160000000000000100, 0.0000000000000000000, 3.259999999999999800 ) ) ;
#2712 = ORIENTED_EDGE ( 'NONE', *, *, #3552, .F. ) ;
#2713 = CARTESIAN_POINT ( 'NONE',  ( 7.160000000000000100, 0.6999999999999999600, -3.259999999999999800 ) ) ;
#2714 = DIRECTION ( 'NONE',  ( -1.000000000000000000, 0.0000000000000000000, 0.0000000000000000000 ) ) ;
#2715 = ADVANCED_FACE ( 'NONE', ( #4067 ), #1083, .T. ) ;
#2716 = CARTESIAN_POINT ( 'NONE',  ( -7.319690518616047500, 7.129204032454914000, 4.496202574681207800 ) ) ;
#2717 = FACE_OUTER_BOUND ( 'NONE', #259, .T. ) ;
#2718 = AXIS2_PLACEMENT_3D ( 'NONE', #5191, #7656, #10 ) ;
#2719 =( NAMED_UNIT ( * ) PLANE_ANGLE_UNIT ( ) SI_UNIT ( $, .RADIAN. ) );
#2720 = EDGE_CURVE ( 'NONE', #1737, #3824, #5920, .T. ) ;
#2721 = ORIENTED_EDGE ( 'NONE', *, *, #3137, .F. ) ;
#2722 = ORIENTED_EDGE ( 'NONE', *, *, #6308, .T. ) ;
#2723 = DIRECTION ( 'NONE',  ( -1.000000000000000000, 0.0000000000000000000, 0.0000000000000000000 ) ) ;
#2724 = CARTESIAN_POINT ( 'NONE',  ( 7.323276788373333600, 7.225076482591712900, 4.454512034121477400 ) ) ;
#2725 = CARTESIAN_POINT ( 'NONE',  ( 7.386674250065809100, 7.165329413380762300, -4.468928058026044400 ) ) ;
#2726 = DIRECTION ( 'NONE',  ( -1.000000000000000000, 0.0000000000000000000, -0.0000000000000000000 ) ) ;
#2727 = LINE ( 'NONE', #4454, #1480 ) ;
#2728 = ORIENTED_EDGE ( 'NONE', *, *, #6150, .T. ) ;
#2729 =( NAMED_UNIT ( * ) SI_UNIT ( $, .STERADIAN. ) SOLID_ANGLE_UNIT ( ) );
#2730 = PRESENTATION_STYLE_ASSIGNMENT (( #2687 ) ) ;
#2731 = CARTESIAN_POINT ( 'NONE',  ( -7.319999999999999400, 7.105235389661575400, 4.497984561395653300 ) ) ;
#2732 =( GEOMETRIC_REPRESENTATION_CONTEXT ( 3 ) GLOBAL_UNCERTAINTY_ASSIGNED_CONTEXT ( ( #7822 ) ) GLOBAL_UNIT_ASSIGNED_CONTEXT ( ( #4603, #735, #5239 ) ) REPRESENTATION_CONTEXT ( 'NONE', 'WORKASPACE' ) );
#2733 = EDGE_CURVE ( 'NONE', #3103, #2689, #1504, .T. ) ;
#2734 = ORIENTED_EDGE ( 'NONE', *, *, #4316, .T. ) ;
#2735 = VECTOR ( 'NONE', #4612, 1000.000000000000000 ) ;
#2736 = CARTESIAN_POINT ( 'NONE',  ( -7.295869190280912500, 7.296475144189409800, 4.331668507696690500 ) ) ;
#2737 = DIRECTION ( 'NONE',  ( -9.326470300950576100E-017, 0.0000000000000000000, -1.000000000000000000 ) ) ;
#2738 = VECTOR ( 'NONE', #7416, 1000.000000000000000 ) ;
#2739 = ORIENTED_EDGE ( 'NONE', *, *, #6187, .F. ) ;
#2740 = FACE_OUTER_BOUND ( 'NONE', #5311, .T. ) ;
#2741 =( GEOMETRIC_REPRESENTATION_CONTEXT ( 3 ) GLOBAL_UNCERTAINTY_ASSIGNED_CONTEXT ( ( #6678 ) ) GLOBAL_UNIT_ASSIGNED_CONTEXT ( ( #707, #583, #492 ) ) REPRESENTATION_CONTEXT ( 'NONE', 'WORKASPACE' ) );
#2742 = DIRECTION ( 'NONE',  ( -0.0000000000000000000, 1.000000000000000000, 0.0000000000000000000 ) ) ;
#2743 = DIRECTION ( 'NONE',  ( 0.0000000000000000000, 0.0000000000000000000, -1.000000000000000000 ) ) ;
#2744 = ORIENTED_EDGE ( 'NONE', *, *, #1062, .T. ) ;
#2745 = FACE_OUTER_BOUND ( 'NONE', #2896, .T. ) ;
#2746 = DIRECTION ( 'NONE',  ( -1.000000000000000000, 0.0000000000000000000, -0.0000000000000000000 ) ) ;
#2747 = MECHANICAL_DESIGN_GEOMETRIC_PRESENTATION_REPRESENTATION (  '', ( #3042 ), #2732 ) ;
#2748 = CARTESIAN_POINT ( 'NONE',  ( 2.790000000000000500, 0.9499999999999994000, -5.550000000000002500 ) ) ;
#2749 = CARTESIAN_POINT ( 'NONE',  ( 7.286971022100160200, 7.295621559343347300, 4.340326282040790900 ) ) ;
#2750 = CARTESIAN_POINT ( 'NONE',  ( -2.039999999999999600, 0.9499999999999995100, -4.650000000000003000 ) ) ;
#2751 = PRESENTATION_LAYER_ASSIGNMENT (  '', '', ( #2782 ) ) ;
#2752 =( LENGTH_UNIT ( ) NAMED_UNIT ( * ) SI_UNIT ( .MILLI., .METRE. ) );
#2753 = VERTEX_POINT ( 'NONE', #5611 ) ;
#2754 = DIRECTION ( 'NONE',  ( 0.0000000000000000000, -1.000000000000000000, 0.0000000000000000000 ) ) ;
#2755 = DIRECTION ( 'NONE',  ( -0.0000000000000000000, 1.000000000000000000, 3.942553354492744000E-016 ) ) ;
#2756 = SURFACE_STYLE_FILL_AREA ( #1742 ) ;
#2757 = CARTESIAN_POINT ( 'NONE',  ( 7.433879876740578000, 7.181488796394671000, -4.413324444713569300 ) ) ;
#2758 = LINE ( 'NONE', #5043, #1493 ) ;
#2759 = VERTEX_POINT ( 'NONE', #1736 ) ;
#2760 = STYLED_ITEM ( 'NONE', ( #6926 ), #116 ) ;
#2761 = LINE ( 'NONE', #2449, #1407 ) ;
#2762 = ORIENTED_EDGE ( 'NONE', *, *, #4525, .F. ) ;
#2763 = CARTESIAN_POINT ( 'NONE',  ( 4.720000000000000600, 0.6999999999999998400, 5.080000000000001800 ) ) ;
#2764 = FILL_AREA_STYLE ('',( #5505 ) ) ;
#2765 = VECTOR ( 'NONE', #5813, 1000.000000000000000 ) ;
#2766 = ORIENTED_EDGE ( 'NONE', *, *, #6199, .F. ) ;
#2767 = DIRECTION ( 'NONE',  ( 0.0000000000000000000, -1.000000000000000000, 0.0000000000000000000 ) ) ;
#2768 = CARTESIAN_POINT ( 'NONE',  ( -7.310385900845930400, 7.218767909187139500, 4.459155590140776200 ) ) ;
#2769 = CARTESIAN_POINT ( 'NONE',  ( 5.580000000000001000, 0.9499999999999997300, 5.550000000000002500 ) ) ;
#2770 = CARTESIAN_POINT ( 'NONE',  ( 7.268053096400542800, 7.299999999999999800, 4.298053096400541200 ) ) ;
#2771 = DIRECTION ( 'NONE',  ( 0.0000000000000000000, 0.0000000000000000000, -1.000000000000000000 ) ) ;
#2772 = FACE_OUTER_BOUND ( 'NONE', #6633, .T. ) ;
#2773 = ORIENTED_EDGE ( 'NONE', *, *, #6085, .T. ) ;
#2774 = DIRECTION ( 'NONE',  ( -0.0000000000000000000, -1.000000000000000000, -0.0000000000000000000 ) ) ;
#2775 = CIRCLE ( 'NONE', #5176, 0.2500000000000002200 ) ;
#2776 = ADVANCED_FACE ( 'NONE', ( #3247 ), #7741, .F. ) ;
#2777 = VECTOR ( 'NONE', #7263, 1000.000000000000000 ) ;
#2778 = CARTESIAN_POINT ( 'NONE',  ( -7.306963846483657900, 7.234643280794643700, -4.445981570358647200 ) ) ;
#2779 = ORIENTED_EDGE ( 'NONE', *, *, #6234, .T. ) ;
#2780 = EDGE_CURVE ( 'NONE', #7723, #6885, #5225, .T. ) ;
#2781 =( NAMED_UNIT ( * ) PLANE_ANGLE_UNIT ( ) SI_UNIT ( $, .RADIAN. ) );
#2782 = STYLED_ITEM ( 'NONE', ( #7272 ), #3847 ) ;
#2783 = FACE_OUTER_BOUND ( 'NONE', #7809, .T. ) ;
#2784 = CARTESIAN_POINT ( 'NONE',  ( 7.304544146822909300, 7.296304428558947600, 4.322945471370666800 ) ) ;
#2785 = FACE_OUTER_BOUND ( 'NONE', #3082, .T. ) ;
#2786 = FILL_AREA_STYLE_COLOUR ( '', #6038 ) ;
#2787 = ORIENTED_EDGE ( 'NONE', *, *, #6242, .F. ) ;
#2788 = EDGE_LOOP ( 'NONE', ( #4088, #5118, #4158, #3983 ) ) ;
#2789 = CARTESIAN_POINT ( 'NONE',  ( -5.329999989325321200, -4.258937276960320000E-017, 5.550000032024025900 ) ) ;
#2790 = PRESENTATION_STYLE_ASSIGNMENT (( #2320 ) ) ;
#2791 = CARTESIAN_POINT ( 'NONE',  ( 7.446951211599458300, 7.190459303313802200, -4.344955818545616700 ) ) ;
#2792 = DIRECTION ( 'NONE',  ( 0.0000000000000000000, 1.000000000000000000, 0.0000000000000000000 ) ) ;
#2793 = PRESENTATION_LAYER_ASSIGNMENT (  '', '', ( #3042 ) ) ;
#2794 = EDGE_CURVE ( 'NONE', #6885, #3824, #5135, .T. ) ;
#2795 = PRESENTATION_STYLE_ASSIGNMENT (( #3837 ) ) ;
#2796 = DIRECTION ( 'NONE',  ( 0.0000000000000000000, -1.000000000000000000, 0.0000000000000000000 ) ) ;
#2797 = EDGE_LOOP ( 'NONE', ( #6190, #2255, #6191, #7144 ) ) ;
#2798 = ORIENTED_EDGE ( 'NONE', *, *, #6281, .F. ) ;
#2799 = DIRECTION ( 'NONE',  ( 0.6073758397232873500, 0.7944146205354176700, 0.0000000000000000000 ) ) ;
#2800 = SURFACE_STYLE_FILL_AREA ( #2491 ) ;
#2801 = CARTESIAN_POINT ( 'NONE',  ( -5.580000000000000100, -4.258936691357909700E-017, -5.550000000000002500 ) ) ;
#2802 = VECTOR ( 'NONE', #6688, 1000.000000000000000 ) ;
#2803 = CARTESIAN_POINT ( 'NONE',  ( -4.829999989325327400, 0.9499999999999997300, 5.550000000000002500 ) ) ;
#2804 = CARTESIAN_POINT ( 'NONE',  ( -7.292945471370654100, 7.296304428559030200, 4.334544146822976200 ) ) ;
#2805 = CARTESIAN_POINT ( 'NONE',  ( 7.309337437990868700, 7.224067695496433600, 4.455101798265952000 ) ) ;
#2806 = SURFACE_STYLE_FILL_AREA ( #3188 ) ;
#2807 = ORIENTED_EDGE ( 'NONE', *, *, #6251, .F. ) ;
#2808 = CLOSED_SHELL ( 'NONE', ( #512, #1685, #7549, #7141, #5074, #7629 ) ) ;
#2809 = EDGE_CURVE ( 'NONE', #3503, #7603, #4831, .T. ) ;
#2810 = VECTOR ( 'NONE', #127, 1000.000000000000000 ) ;
#2811 = SURFACE_SIDE_STYLE ('',( #5715 ) ) ;
#2812 =( LENGTH_UNIT ( ) NAMED_UNIT ( * ) SI_UNIT ( .MILLI., .METRE. ) );
#2813 = AXIS2_PLACEMENT_3D ( 'NONE', #314, #277, #228 ) ;
#2814 = DIRECTION ( 'NONE',  ( 0.0000000000000000000, 4.235164736271502500E-018, 1.000000000000000000 ) ) ;
#2815 = FACE_OUTER_BOUND ( 'NONE', #1723, .T. ) ;
#2816 = ORIENTED_EDGE ( 'NONE', *, *, #6187, .T. ) ;
#2817 = ORIENTED_EDGE ( 'NONE', *, *, #5545, .T. ) ;
#2818 = MECHANICAL_DESIGN_GEOMETRIC_PRESENTATION_REPRESENTATION (  '', ( #2939 ), #2741 ) ;
#2819 = CARTESIAN_POINT ( 'NONE',  ( -4.580000000000000100, 0.6999999999999994000, -5.300000000000002500 ) ) ;
#2820 = CARTESIAN_POINT ( 'NONE',  ( -7.438069157220352800, 7.118445683010495600, -4.440723406513582100 ) ) ;
#2821 = EDGE_CURVE ( 'NONE', #7603, #668, #3156, .T. ) ;
#2822 = CARTESIAN_POINT ( 'NONE',  ( -5.329999970110908900, -0.2500000000000001100, 6.000000000000001800 ) ) ;
#2823 = AXIS2_PLACEMENT_3D ( 'NONE', #3636, #4209, #4898 ) ;
#2824 = CARTESIAN_POINT ( 'NONE',  ( -7.063020160610344400, 1.250000000000000000, 0.7200000000000002000 ) ) ;
#2825 = VECTOR ( 'NONE', #5714, 1000.000000000000000 ) ;
#2826 = ORIENTED_EDGE ( 'NONE', *, *, #2841, .F. ) ;
#2827 = CARTESIAN_POINT ( 'NONE',  ( 7.335984448207405300, 7.229807909596118500, -4.447989874637635800 ) ) ;
#2828 = AXIS2_PLACEMENT_3D ( 'NONE', #1646, #691, #506 ) ;
#2829 = VERTEX_POINT ( 'NONE', #4082 ) ;
#2830 = ADVANCED_FACE ( 'NONE', ( #2740 ), #3405, .F. ) ;
#2831 = CARTESIAN_POINT ( 'NONE',  ( 7.397895112051331900, 7.182873056278130400, 4.453172828562234300 ) ) ;
#2832 = AXIS2_PLACEMENT_3D ( 'NONE', #3538, #3633, #3688 ) ;
#2833 = FACE_OUTER_BOUND ( 'NONE', #7116, .T. ) ;
#2834 = CARTESIAN_POINT ( 'NONE',  ( 7.161822484923008300, 1.250000000000000000, 0.7200000000000002000 ) ) ;
#2835 = CARTESIAN_POINT ( 'NONE',  ( 7.119999999999999200, 1.300000000000000000, -0.6700000000000013700 ) ) ;
#2836 = LINE ( 'NONE', #7959, #6006 ) ;
#2837 = CARTESIAN_POINT ( 'NONE',  ( -7.286971042477855300, 7.295621563281089000, 4.340326258673092000 ) ) ;
#2838 = ORIENTED_EDGE ( 'NONE', *, *, #5069, .T. ) ;
#2839 = ORIENTED_EDGE ( 'NONE', *, *, #6295, .T. ) ;
#2840 = PLANE ( 'NONE',  #3014 ) ;
#2841 = EDGE_CURVE ( 'NONE', #1526, #5829, #3061, .T. ) ;
#2842 = ADVANCED_FACE ( 'NONE', ( #1611 ), #7961, .T. ) ;
#2843 = LINE ( 'NONE', #5123, #1198 ) ;
#2844 = DIRECTION ( 'NONE',  ( 0.0000000000000000000, 0.0000000000000000000, -1.000000000000000000 ) ) ;
#2845 = CARTESIAN_POINT ( 'NONE',  ( -7.619999999999999200, 1.300000000000000000, 3.199999999999999700 ) ) ;
#2846 = CARTESIAN_POINT ( 'NONE',  ( -7.119999999999999200, 0.9268512727847090200, 3.199999999999999700 ) ) ;
#2847 = DIRECTION ( 'NONE',  ( -0.0000000000000000000, -0.0000000000000000000, 1.000000000000000000 ) ) ;
#2848 = ORIENTED_EDGE ( 'NONE', *, *, #1336, .F. ) ;
#2849 = ORIENTED_EDGE ( 'NONE', *, *, #2558, .F. ) ;
#2850 = ADVANCED_FACE ( 'NONE', ( #1701 ), #7075, .F. ) ;
#2851 =( NAMED_UNIT ( * ) SI_UNIT ( $, .STERADIAN. ) SOLID_ANGLE_UNIT ( ) );
#2852 = VECTOR ( 'NONE', #4547, 1000.000000000000000 ) ;
#2853 = CARTESIAN_POINT ( 'NONE',  ( -7.357567555791040300, 7.132125076182743100, -4.491672836082219800 ) ) ;
#2854 = LINE ( 'NONE', #5029, #309 ) ;
#2855 = UNCERTAINTY_MEASURE_WITH_UNIT (LENGTH_MEASURE( 1.000000000000000100E-005 ), #164, 'distance_accuracy_value', 'NONE');
#2856 = VERTEX_POINT ( 'NONE', #7882 ) ;
#2857 = EDGE_LOOP ( 'NONE', ( #2209, #1199, #1811, #2762 ) ) ;
#2858 = VECTOR ( 'NONE', #7847, 1000.000000000000000 ) ;
#2859 = CARTESIAN_POINT ( 'NONE',  ( 7.388628078348504300, 7.242566342939448500, -4.398297205978019900 ) ) ;
#2860 = DIRECTION ( 'NONE',  ( 0.0000000000000000000, -1.000000000000000000, 0.0000000000000000000 ) ) ;
#2861 = EDGE_LOOP ( 'NONE', ( #3030, #3036, #3049, #3073, #3083 ) ) ;
#2862 = LINE ( 'NONE', #7461, #173 ) ;
#2863 = EDGE_LOOP ( 'NONE', ( #1794, #6286, #1822, #1900 ) ) ;
#2864 = ORIENTED_EDGE ( 'NONE', *, *, #4593, .F. ) ;
#2865 =( NAMED_UNIT ( * ) PLANE_ANGLE_UNIT ( ) SI_UNIT ( $, .RADIAN. ) );
#2866 = CARTESIAN_POINT ( 'NONE',  ( -7.283920332495316800, 7.295109413633523900, 4.343232731396923900 ) ) ;
#2867 = EDGE_LOOP ( 'NONE', ( #3801, #3804, #3808, #3818 ) ) ;
#2868 = LINE ( 'NONE', #2370, #2738 ) ;
#2869 = DIRECTION ( 'NONE',  ( 1.000000000000000000, 0.0000000000000000000, -9.326470300950576100E-017 ) ) ;
#2870 = ORIENTED_EDGE ( 'NONE', *, *, #6346, .F. ) ;
#2871 = DIRECTION ( 'NONE',  ( 0.0000000000000000000, -1.000000000000000000, 0.0000000000000000000 ) ) ;
#2872 = CARTESIAN_POINT ( 'NONE',  ( -5.330000000000001000, -0.2499999999999998900, -5.910000000000002800 ) ) ;
#2873 = PLANE ( 'NONE',  #7279 ) ;
#2874 =( LENGTH_UNIT ( ) NAMED_UNIT ( * ) SI_UNIT ( .MILLI., .METRE. ) );
#2875 = ORIENTED_EDGE ( 'NONE', *, *, #2195, .T. ) ;
#2876 = VECTOR ( 'NONE', #17, 1000.000000000000000 ) ;
#2877 = ORIENTED_EDGE ( 'NONE', *, *, #4857, .T. ) ;
#2878 = ORIENTED_EDGE ( 'NONE', *, *, #6242, .T. ) ;
#2879 =( LENGTH_UNIT ( ) NAMED_UNIT ( * ) SI_UNIT ( .MILLI., .METRE. ) );
#2880 = AXIS2_PLACEMENT_3D ( 'NONE', #2235, #1752, #1695 ) ;
#2881 = CARTESIAN_POINT ( 'NONE',  ( -7.457176294356434800, 7.166261939741101400, -4.347528216476906200 ) ) ;
#2882 = CARTESIAN_POINT ( 'NONE',  ( 7.620000000000000100, 1.300000000000000000, -3.259999999999999800 ) ) ;
#2883 = CARTESIAN_POINT ( 'NONE',  ( 7.411209714273694800, 7.240072691651241700, -4.348578479503404800 ) ) ;
#2884 = ORIENTED_EDGE ( 'NONE', *, *, #2438, .T. ) ;
#2885 = ORIENTED_EDGE ( 'NONE', *, *, #4559, .T. ) ;
#2886 = VERTEX_POINT ( 'NONE', #6547 ) ;
#2887 = STYLED_ITEM ( 'NONE', ( #329 ), #6192 ) ;
#2888 = EDGE_CURVE ( 'NONE', #4775, #3472, #1395, .T. ) ;
#2889 = FILL_AREA_STYLE ('',( #6666 ) ) ;
#2890 = EDGE_CURVE ( 'NONE', #4121, #3180, #1710, .T. ) ;
#2891 = CARTESIAN_POINT ( 'NONE',  ( -5.440000000000000400, 0.9499999999999998400, 5.080000000000001800 ) ) ;
#2892 = CARTESIAN_POINT ( 'NONE',  ( -7.467680576364492700, 7.116844109650931400, 4.350000517603342100 ) ) ;
#2893 = ORIENTED_EDGE ( 'NONE', *, *, #6094, .T. ) ;
#2894 = CARTESIAN_POINT ( 'NONE',  ( -7.280766672595790500, 7.294426546386705300, 4.346194075748918800 ) ) ;
#2895 = SURFACE_STYLE_USAGE ( .BOTH. , #6671 ) ;
#2896 = EDGE_LOOP ( 'NONE', ( #5584, #3417, #3336, #3424 ) ) ;
#2897 = LINE ( 'NONE', #5100, #6367 ) ;
#2898 =( LENGTH_UNIT ( ) NAMED_UNIT ( * ) SI_UNIT ( .MILLI., .METRE. ) );
#2899 = CARTESIAN_POINT ( 'NONE',  ( -2.289999999999999600, 3.049999999999999800, -5.300000000000002500 ) ) ;
#2900 = VERTEX_POINT ( 'NONE', #6050 ) ;
#2901 = EDGE_CURVE ( 'NONE', #4065, #3276, #700, .T. ) ;
#2902 = PLANE ( 'NONE',  #7194 ) ;
#2903 = ORIENTED_EDGE ( 'NONE', *, *, #4270, .T. ) ;
#2904 = AXIS2_PLACEMENT_3D ( 'NONE', #6137, #5002, #4250 ) ;
#2905 = FILL_AREA_STYLE_COLOUR ( '', #7568 ) ;
#2906 = CARTESIAN_POINT ( 'NONE',  ( -7.467606714001335400, 7.118501931345260700, 4.369107461312725400 ) ) ;
#2907 = PRESENTATION_STYLE_ASSIGNMENT (( #2668 ) ) ;
#2908 = VECTOR ( 'NONE', #7348, 1000.000000000000000 ) ;
#2909 = CARTESIAN_POINT ( 'NONE',  ( -7.421878701577478300, 7.208207114164322200, -4.404990887584998100 ) ) ;
#2910 = LINE ( 'NONE', #5970, #5971 ) ;
#2911 = ORIENTED_EDGE ( 'NONE', *, *, #6199, .T. ) ;
#2912 = CARTESIAN_POINT ( 'NONE',  ( 7.335984449083954800, 7.229807912136847900, 4.447989872328546900 ) ) ;
#2913 = DIRECTION ( 'NONE',  ( 0.0000000000000000000, 0.0000000000000000000, 1.000000000000000000 ) ) ;
#2914 = VERTEX_POINT ( 'NONE', #6492 ) ;
#2915 = UNCERTAINTY_MEASURE_WITH_UNIT (LENGTH_MEASURE( 1.000000000000000100E-005 ), #4945, 'distance_accuracy_value', 'NONE');
#2916 = CARTESIAN_POINT ( 'NONE',  ( 7.311781618576366900, 7.258071492961963000, -4.421508836290811000 ) ) ;
#2917 = EDGE_CURVE ( 'NONE', #668, #5698, #983, .T. ) ;
#2918 = SURFACE_SIDE_STYLE ('',( #1436 ) ) ;
#2919 = SURFACE_STYLE_FILL_AREA ( #1171 ) ;
#2920 = DIRECTION ( 'NONE',  ( 0.0000000000000000000, 1.000000000000000000, -1.777380610631973500E-016 ) ) ;
#2921 = EDGE_LOOP ( 'NONE', ( #2973, #2218, #2539, #5360 ) ) ;
#2922 = ORIENTED_EDGE ( 'NONE', *, *, #4748, .F. ) ;
#2923 = DIRECTION ( 'NONE',  ( 0.0000000000000000000, 1.000000000000000000, 0.0000000000000000000 ) ) ;
#2924 = AXIS2_PLACEMENT_3D ( 'NONE', #1789, #6285, #2458 ) ;
#2925 = AXIS2_PLACEMENT_3D ( 'NONE', #2468, #1118, #1067 ) ;
#2926 = LINE ( 'NONE', #3961, #2810 ) ;
#2927 = CARTESIAN_POINT ( 'NONE',  ( -7.328440843361956800, 7.291072519589313600, 4.313998896902912600 ) ) ;
#2928 = CARTESIAN_POINT ( 'NONE',  ( -7.063020160610344400, 1.250000000000000000, -2.020000000000000000 ) ) ;
#2929 = CARTESIAN_POINT ( 'NONE',  ( -7.160000000000000100, 0.6999999999999999600, 0.6700000000000004800 ) ) ;
#2930 =( NAMED_UNIT ( * ) PLANE_ANGLE_UNIT ( ) SI_UNIT ( $, .RADIAN. ) );
#2931 = CIRCLE ( 'NONE', #2993, 0.2500000000000002200 ) ;
#2932 = ORIENTED_EDGE ( 'NONE', *, *, #2217, .T. ) ;
#2933 = VERTEX_POINT ( 'NONE', #5374 ) ;
#2934 = CARTESIAN_POINT ( 'NONE',  ( 7.360185627064533200, 7.236116484270768400, 4.432036026572574400 ) ) ;
#2935 = ORIENTED_EDGE ( 'NONE', *, *, #5684, .T. ) ;
#2936 = DIRECTION ( 'NONE',  ( 0.0000000000000000000, 1.000000000000000000, 0.0000000000000000000 ) ) ;
#2937 = SURFACE_SIDE_STYLE ('',( #4729 ) ) ;
#2938 = SURFACE_SIDE_STYLE ('',( #7557 ) ) ;
#2939 = STYLED_ITEM ( 'NONE', ( #4221 ), #1507 ) ;
#2940 = EDGE_LOOP ( 'NONE', ( #2650, #7590, #2903, #7737 ) ) ;
#2941 = DIRECTION ( 'NONE',  ( -1.000000000000000000, -0.0000000000000000000, -0.0000000000000000000 ) ) ;
#2942 = CARTESIAN_POINT ( 'NONE',  ( -7.369166894689220400, 7.220312276947043800, -4.444220185703651200 ) ) ;
#2943 = ORIENTED_EDGE ( 'NONE', *, *, #1910, .F. ) ;
#2944 = EDGE_CURVE ( 'NONE', #7059, #6713, #798, .T. ) ;
#2945 = CARTESIAN_POINT ( 'NONE',  ( 7.340194383450446800, 7.273875218078898400, -4.384886201541973200 ) ) ;
#2946 = ORIENTED_EDGE ( 'NONE', *, *, #1834, .T. ) ;
#2947 = ORIENTED_EDGE ( 'NONE', *, *, #6251, .T. ) ;
#2948 = DIRECTION ( 'NONE',  ( 0.9999999999999992200, -0.0000000000000000000, -4.269869799995166700E-008 ) ) ;
#2949 = DIRECTION ( 'NONE',  ( 0.0000000000000000000, 0.0000000000000000000, 1.000000000000000000 ) ) ;
#2950 = AXIS2_PLACEMENT_3D ( 'NONE', #6434, #2614, #7042 ) ;
#2951 = CARTESIAN_POINT ( 'NONE',  ( -7.324809452337526700, 7.292185713867422000, 4.317979621262571400 ) ) ;
#2952 = FILL_AREA_STYLE ('',( #1614 ) ) ;
#2953 = CARTESIAN_POINT ( 'NONE',  ( 7.364424305636707600, 7.275793423258762400, 4.323478850238077900 ) ) ;
#2954 = VECTOR ( 'NONE', #4701, 1000.000000000000000 ) ;
#2955 = EDGE_CURVE ( 'NONE', #3503, #5698, #7360, .T. ) ;
#2956 = VERTEX_POINT ( 'NONE', #2846 ) ;
#2957 = VERTEX_POINT ( 'NONE', #4855 ) ;
#2958 = DIRECTION ( 'NONE',  ( 0.0000000000000000000, -0.0000000000000000000, 1.000000000000000000 ) ) ;
#2959 = COLOUR_RGB ( '',1.000000000000000000, 1.000000000000000000, 1.000000000000000000 ) ;
#2960 = CARTESIAN_POINT ( 'NONE',  ( 7.371679144334486000, 7.237693626859552000, 4.422604342609530700 ) ) ;
#2961 = CARTESIAN_POINT ( 'NONE',  ( -4.580000000000000100, 0.7000000000000000700, 4.800000000000001600 ) ) ;
#2962 = CARTESIAN_POINT ( 'NONE',  ( -4.830000000000001800, 3.049999999999999800, 5.300000000000006000 ) ) ;
#2963 = DIRECTION ( 'NONE',  ( 0.0000000000000000000, 0.0000000000000000000, 1.000000000000000000 ) ) ;
#2964 = EDGE_LOOP ( 'NONE', ( #7399, #7391, #3725, #3691, #7654, #5409, #7331, #3598, #3681, #7314 ) ) ;
#2965 = PLANE ( 'NONE',  #6571 ) ;
#2966 = VECTOR ( 'NONE', #3719, 1000.000000000000000 ) ;
#2967 = CARTESIAN_POINT ( 'NONE',  ( -7.463683307512700300, 7.117751940952166100, 4.388629133372798000 ) ) ;
#2968 = ORIENTED_EDGE ( 'NONE', *, *, #5668, .F. ) ;
#2969 = VECTOR ( 'NONE', #5941, 1000.000000000000000 ) ;
#2970 = CARTESIAN_POINT ( 'NONE',  ( -7.310385900845967700, 7.218767909187227400, -4.459155590140706900 ) ) ;
#2971 = EDGE_CURVE ( 'NONE', #3503, #1416, #394, .T. ) ;
#2972 = LINE ( 'NONE', #5805, #2990 ) ;
#2973 = ORIENTED_EDGE ( 'NONE', *, *, #5804, .T. ) ;
#2974 = VECTOR ( 'NONE', #7643, 1000.000000000000100 ) ;
#2975 = CARTESIAN_POINT ( 'NONE',  ( 7.353931249339566100, 7.280629558843239500, -4.336274889567251400 ) ) ;
#2976 = ORIENTED_EDGE ( 'NONE', *, *, #3242, .T. ) ;
#2977 = CARTESIAN_POINT ( 'NONE',  ( 5.580000000000001000, 0.6999999999999994000, -4.650000000000003000 ) ) ;
#2978 = CARTESIAN_POINT ( 'NONE',  ( 7.119999999999999200, 1.300000000000000000, -0.6700000000000013700 ) ) ;
#2979 = PRESENTATION_LAYER_ASSIGNMENT (  '', '', ( #2939 ) ) ;
#2980 = FACE_OUTER_BOUND ( 'NONE', #3590, .T. ) ;
#2981 = VERTEX_POINT ( 'NONE', #4267 ) ;
#2982 = FILL_AREA_STYLE_COLOUR ( '', #7179 ) ;
#2983 = FACE_OUTER_BOUND ( 'NONE', #511, .T. ) ;
#2984 = AXIS2_PLACEMENT_3D ( 'NONE', #7680, #5213, #1349 ) ;
#2985 = DIRECTION ( 'NONE',  ( 0.0000000000000000000, 0.0000000000000000000, 1.000000000000000000 ) ) ;
#2986 = EDGE_CURVE ( 'NONE', #3803, #709, #178, .T. ) ;
#2987 = ORIENTED_EDGE ( 'NONE', *, *, #2890, .F. ) ;
#2988 = CARTESIAN_POINT ( 'NONE',  ( -7.333893907749333300, 7.234858571498088900, 4.443662190547767600 ) ) ;
#2989 = CARTESIAN_POINT ( 'NONE',  ( -7.119999999999999200, 1.300000000000000000, -0.6699999999999999300 ) ) ;
#2990 = VECTOR ( 'NONE', #1950, 1000.000000000000000 ) ;
#2991 = FACE_OUTER_BOUND ( 'NONE', #5672, .T. ) ;
#2992 = VERTEX_POINT ( 'NONE', #2049 ) ;
#2993 = AXIS2_PLACEMENT_3D ( 'NONE', #4397, #544, #5037 ) ;
#2994 = ORIENTED_EDGE ( 'NONE', *, *, #4525, .T. ) ;
#2995 = DIRECTION ( 'NONE',  ( 1.000000000000000000, -0.0000000000000000000, -0.0000000000000000000 ) ) ;
#2996 = EDGE_LOOP ( 'NONE', ( #5114, #5133, #5117, #5099 ) ) ;
#2997 =( NAMED_UNIT ( * ) PLANE_ANGLE_UNIT ( ) SI_UNIT ( $, .RADIAN. ) );
#2998 =( LENGTH_UNIT ( ) NAMED_UNIT ( * ) SI_UNIT ( .MILLI., .METRE. ) );
#2999 = LINE ( 'NONE', #2125, #2908 ) ;
#3000 = VECTOR ( 'NONE', #32, 1000.000000000000000 ) ;
#3001 = CARTESIAN_POINT ( 'NONE',  ( -7.404624800275486900, 7.244428334278345500, -4.359845316843414600 ) ) ;
#3002 = ORIENTED_EDGE ( 'NONE', *, *, #6346, .T. ) ;
#3003 = ORIENTED_EDGE ( 'NONE', *, *, #3644, .T. ) ;
#3004 =( GEOMETRIC_REPRESENTATION_CONTEXT ( 3 ) GLOBAL_UNCERTAINTY_ASSIGNED_CONTEXT ( ( #7814 ) ) GLOBAL_UNIT_ASSIGNED_CONTEXT ( ( #1088, #1058, #1124 ) ) REPRESENTATION_CONTEXT ( 'NONE', 'WORKASPACE' ) );
#3005 = FACE_OUTER_BOUND ( 'NONE', #5266, .T. ) ;
#3006 = CARTESIAN_POINT ( 'NONE',  ( 7.283998896902922100, 7.291072519589340200, -4.358440843361884200 ) ) ;
#3007 = ADVANCED_FACE ( 'NONE', ( #1796 ), #4196, .T. ) ;
#3008 = CARTESIAN_POINT ( 'NONE',  ( -4.829999970110912400, -0.2500000000000001100, 6.000000000000001800 ) ) ;
#3009 = CARTESIAN_POINT ( 'NONE',  ( 7.313232731396878300, 7.295109413633481300, 4.313920332495381000 ) ) ;
#3010 = LINE ( 'NONE', #5830, #7830 ) ;
#3011 = CARTESIAN_POINT ( 'NONE',  ( 7.402036029648626500, 7.236116482237865600, 4.390185625134818400 ) ) ;
#3012 = ORIENTED_EDGE ( 'NONE', *, *, #5358, .T. ) ;
#3013 = EDGE_CURVE ( 'NONE', #5818, #5698, #7409, .T. ) ;
#3014 = AXIS2_PLACEMENT_3D ( 'NONE', #2977, #2771, #2746 ) ;
#3015 = DIRECTION ( 'NONE',  ( 0.6073758397232873500, -0.7944146205354176700, 0.0000000000000000000 ) ) ;
#3016 = VECTOR ( 'NONE', #3415, 1000.000000000000000 ) ;
#3017 = CARTESIAN_POINT ( 'NONE',  ( -7.321211320536827200, 7.293020610837489300, 4.321839753347670200 ) ) ;
#3018 = SURFACE_STYLE_USAGE ( .BOTH. , #6779 ) ;
#3019 = VERTEX_POINT ( 'NONE', #4747 ) ;
#3020 = VECTOR ( 'NONE', #743, 1000.000000000000000 ) ;
#3021 = LINE ( 'NONE', #3693, #3016 ) ;
#3022 = CARTESIAN_POINT ( 'NONE',  ( -7.394482716610975000, 7.255099030925892500, -4.331323318788496300 ) ) ;
#3023 = EDGE_CURVE ( 'NONE', #1416, #5818, #3607, .T. ) ;
#3024 = CARTESIAN_POINT ( 'NONE',  ( -4.830000000000000100, -0.2500000000000001100, -5.550000000000002500 ) ) ;
#3025 = EDGE_LOOP ( 'NONE', ( #5617, #2328, #6424, #5592 ) ) ;
#3026 = UNCERTAINTY_MEASURE_WITH_UNIT (LENGTH_MEASURE( 1.000000000000000100E-005 ), #5627, 'distance_accuracy_value', 'NONE');
#3027 = CARTESIAN_POINT ( 'NONE',  ( -7.358317870328237500, 7.255921869949429700, -4.406553507521381100 ) ) ;
#3028 = MECHANICAL_DESIGN_GEOMETRIC_PRESENTATION_REPRESENTATION (  '', ( #3144 ), #3004 ) ;
#3029 = ORIENTED_EDGE ( 'NONE', *, *, #3272, .F. ) ;
#3030 = ORIENTED_EDGE ( 'NONE', *, *, #714, .F. ) ;
#3031 = CARTESIAN_POINT ( 'NONE',  ( 7.292945471370806000, 7.296304428559005300, -4.334544146823091600 ) ) ;
#3032 = ORIENTED_EDGE ( 'NONE', *, *, #3375, .T. ) ;
#3033 = CARTESIAN_POINT ( 'NONE',  ( 7.316194075748827100, 7.294426546386716800, 4.310766672595815600 ) ) ;
#3034 = VECTOR ( 'NONE', #3640, 1000.000000000000000 ) ;
#3035 = FACE_OUTER_BOUND ( 'NONE', #4078, .T. ) ;
#3036 = ORIENTED_EDGE ( 'NONE', *, *, #6295, .F. ) ;
#3037 = ORIENTED_EDGE ( 'NONE', *, *, #4197, .T. ) ;
#3038 = CARTESIAN_POINT ( 'NONE',  ( -7.271808586454998400, 7.300000000000000700, 4.308831183975155600 ) ) ;
#3039 = ORIENTED_EDGE ( 'NONE', *, *, #3876, .T. ) ;
#3040 = PLANE ( 'NONE',  #5706 ) ;
#3041 =( LENGTH_UNIT ( ) NAMED_UNIT ( * ) SI_UNIT ( .MILLI., .METRE. ) );
#3042 = STYLED_ITEM ( 'NONE', ( #7739 ), #5189 ) ;
#3043 = EDGE_CURVE ( 'NONE', #3680, #5110, #7317, .T. ) ;
#3044 = FILL_AREA_STYLE_COLOUR ( '', #3130 ) ;
#3045 = FILL_AREA_STYLE ('',( #2360 ) ) ;
#3046 = VECTOR ( 'NONE', #5632, 1000.000000000000100 ) ;
#3047 = PLANE ( 'NONE',  #5894 ) ;
#3048 = ORIENTED_EDGE ( 'NONE', *, *, #3375, .F. ) ;
#3049 = ORIENTED_EDGE ( 'NONE', *, *, #6234, .F. ) ;
#3050 = DIRECTION ( 'NONE',  ( 9.969675149291993300E-017, 0.0000000000000000000, 1.000000000000000000 ) ) ;
#3051 = EDGE_CURVE ( 'NONE', #5110, #2141, #5086, .T. ) ;
#3052 = ADVANCED_FACE ( 'NONE', ( #7031 ), #7131, .T. ) ;
#3053 = EDGE_LOOP ( 'NONE', ( #3662, #5560, #3672 ) ) ;
#3054 = EDGE_CURVE ( 'NONE', #1416, #2900, #6373, .T. ) ;
#3055 = CARTESIAN_POINT ( 'NONE',  ( 7.285831035665816900, 7.299257829049088800, -4.310069459007204200 ) ) ;
#3056 = CARTESIAN_POINT ( 'NONE',  ( -5.580000000000000100, 0.6999999999999994000, -4.650000000000001200 ) ) ;
#3057 = FACE_BOUND ( 'NONE', #5364, .T. ) ;
#3058 = DIRECTION ( 'NONE',  ( 1.000000000000000000, 0.0000000000000000000, 0.0000000000000000000 ) ) ;
#3059 = EDGE_LOOP ( 'NONE', ( #177, #13, #718, #365, #3793, #844, #110, #431 ) ) ;
#3060 = DIRECTION ( 'NONE',  ( -0.7944146205354176700, -0.6073758397232873500, 0.0000000000000000000 ) ) ;
#3061 = CIRCLE ( 'NONE', #6643, 0.2999999999999999300 ) ;
#3062 = PRESENTATION_LAYER_ASSIGNMENT (  '', '', ( #2887 ) ) ;
#3063 = CARTESIAN_POINT ( 'NONE',  ( -7.119999999999999200, 0.6899999999999999500, -2.069999999999999800 ) ) ;
#3064 = DIRECTION ( 'NONE',  ( -1.000000000000000000, -0.0000000000000000000, -0.0000000000000000000 ) ) ;
#3065 = ORIENTED_EDGE ( 'NONE', *, *, #5442, .F. ) ;
#3066 = EDGE_CURVE ( 'NONE', #6932, #5818, #5185, .T. ) ;
#3067 = CARTESIAN_POINT ( 'NONE',  ( -4.580000000000000100, -4.258936691357909700E-017, -5.550000000000002500 ) ) ;
#3068 = ORIENTED_EDGE ( 'NONE', *, *, #4094, .T. ) ;
#3069 = SURFACE_SIDE_STYLE ('',( #2303 ) ) ;
#3070 = DIRECTION ( 'NONE',  ( 1.000000000000000000, 0.0000000000000000000, -0.0000000000000000000 ) ) ;
#3071 = DIRECTION ( 'NONE',  ( -1.000000000000000000, -0.0000000000000000000, -0.0000000000000000000 ) ) ;
#3072 = ORIENTED_EDGE ( 'NONE', *, *, #8215, .T. ) ;
#3073 = ORIENTED_EDGE ( 'NONE', *, *, #6150, .F. ) ;
#3074 = EDGE_CURVE ( 'NONE', #5227, #3193, #5693, .T. ) ;
#3075 =( NAMED_UNIT ( * ) PLANE_ANGLE_UNIT ( ) SI_UNIT ( $, .RADIAN. ) );
#3076 = CARTESIAN_POINT ( 'NONE',  ( 7.417989874637759900, 7.229807909595711700, 4.365984448207675500 ) ) ;
#3077 = EDGE_LOOP ( 'NONE', ( #4449, #5452, #3475, #3558 ) ) ;
#3078 = CARTESIAN_POINT ( 'NONE',  ( 7.279568070390013200, 7.300000000000000700, -4.301094192904050000 ) ) ;
#3079 = ADVANCED_FACE ( 'NONE', ( #3512 ), #916, .T. ) ;
#3080 = PLANE ( 'NONE',  #2463 ) ;
#3081 = SURFACE_STYLE_USAGE ( .BOTH. , #3235 ) ;
#3082 = EDGE_LOOP ( 'NONE', ( #5877, #5864, #5766, #5756 ) ) ;
#3083 = ORIENTED_EDGE ( 'NONE', *, *, #6071, .F. ) ;
#3084 = PRESENTATION_LAYER_ASSIGNMENT (  '', '', ( #3144 ) ) ;
#3085 = PLANE ( 'NONE',  #7716 ) ;
#3086 = DIRECTION ( 'NONE',  ( 1.000000000000000000, -0.0000000000000000000, 0.0000000000000000000 ) ) ;
#3087 = VERTEX_POINT ( 'NONE', #943 ) ;
#3088 = CARTESIAN_POINT ( 'NONE',  ( 2.790000000000000500, 0.6999999999999992900, -5.300000000000002500 ) ) ;
#3089 = CARTESIAN_POINT ( 'NONE',  ( 2.790000000000000500, 3.049999999999999800, -5.300000000000002500 ) ) ;
#3090 = VERTEX_POINT ( 'NONE', #375 ) ;
#3091 = ORIENTED_EDGE ( 'NONE', *, *, #5192, .F. ) ;
#3092 = CARTESIAN_POINT ( 'NONE',  ( -2.289999999999999600, -4.258936691357909700E-017, -5.550000000000002500 ) ) ;
#3093 = LINE ( 'NONE', #4283, #3034 ) ;
#3094 = AXIS2_PLACEMENT_3D ( 'NONE', #2835, #2675, #2661 ) ;
#3095 = DIRECTION ( 'NONE',  ( -0.0000000000000000000, -0.0000000000000000000, -1.000000000000000000 ) ) ;
#3096 = CARTESIAN_POINT ( 'NONE',  ( -7.416452235888970200, 7.234265163966621300, 4.337093392816424100 ) ) ;
#3097 = EDGE_CURVE ( 'NONE', #858, #4638, #3925, .T. ) ;
#3098 = VERTEX_POINT ( 'NONE', #288 ) ;
#3099 = FILL_AREA_STYLE ('',( #2905 ) ) ;
#3100 = FILL_AREA_STYLE_COLOUR ( '', #7283 ) ;
#3101 = VECTOR ( 'NONE', #2694, 1000.000000000000100 ) ;
#3102 = SURFACE_SIDE_STYLE ('',( #1905 ) ) ;
#3103 = VERTEX_POINT ( 'NONE', #839 ) ;
#3104 = LINE ( 'NONE', #6495, #3020 ) ;
#3105 = CARTESIAN_POINT ( 'NONE',  ( 7.424512035604801800, 7.225076480558791500, 4.353276788036368700 ) ) ;
#3106 = DIRECTION ( 'NONE',  ( -0.0000000000000000000, 1.000000000000000000, 0.0000000000000000000 ) ) ;
#3107 = EDGE_CURVE ( 'NONE', #4638, #5975, #2269, .T. ) ;
#3108 = ORIENTED_EDGE ( 'NONE', *, *, #923, .T. ) ;
#3109 = CARTESIAN_POINT ( 'NONE',  ( -7.460000000000000000, 0.6999999999999999600, -2.020000000000000000 ) ) ;
#3110 = FACE_OUTER_BOUND ( 'NONE', #6024, .T. ) ;
#3111 = VECTOR ( 'NONE', #4119, 1000.000000000000000 ) ;
#3112 = PLANE ( 'NONE',  #1812 ) ;
#3113 = CARTESIAN_POINT ( 'NONE',  ( 7.119999999999997400, 0.4999999999999998900, -2.900000000000001200 ) ) ;
#3114 =( NAMED_UNIT ( * ) SI_UNIT ( $, .STERADIAN. ) SOLID_ANGLE_UNIT ( ) );
#3115 = VERTEX_POINT ( 'NONE', #4073 ) ;
#3116 = ADVANCED_FACE ( 'NONE', ( #3410 ), #5506, .F. ) ;
#3117 =( GEOMETRIC_REPRESENTATION_CONTEXT ( 3 ) GLOBAL_UNCERTAINTY_ASSIGNED_CONTEXT ( ( #1203 ) ) GLOBAL_UNIT_ASSIGNED_CONTEXT ( ( #5164, #1299, #5807 ) ) REPRESENTATION_CONTEXT ( 'NONE', 'WORKASPACE' ) );
#3118 =( NAMED_UNIT ( * ) PLANE_ANGLE_UNIT ( ) SI_UNIT ( $, .RADIAN. ) );
#3119 = SURFACE_SIDE_STYLE ('',( #5121 ) ) ;
#3120 =( LENGTH_UNIT ( ) NAMED_UNIT ( * ) SI_UNIT ( .MILLI., .METRE. ) );
#3121 = EDGE_CURVE ( 'NONE', #7603, #3824, #657, .T. ) ;
#3122 = ORIENTED_EDGE ( 'NONE', *, *, #2547, .T. ) ;
#3123 = ORIENTED_EDGE ( 'NONE', *, *, #5675, .F. ) ;
#3124 = FILL_AREA_STYLE ('',( #6886 ) ) ;
#3125 = PLANE ( 'NONE',  #2289 ) ;
#3126 = SURFACE_STYLE_FILL_AREA ( #3821 ) ;
#3127 = CARTESIAN_POINT ( 'NONE',  ( 7.161822484923008300, 1.250000000000000000, 0.7200000000000002000 ) ) ;
#3128 = CARTESIAN_POINT ( 'NONE',  ( -7.448885130942358900, 7.118299021584309800, 4.424307690085304200 ) ) ;
#3129 =( NAMED_UNIT ( * ) PLANE_ANGLE_UNIT ( ) SI_UNIT ( $, .RADIAN. ) );
#3130 = COLOUR_RGB ( '',1.000000000000000000, 1.000000000000000000, 1.000000000000000000 ) ;
#3131 = EDGE_LOOP ( 'NONE', ( #5983, #6410, #5906, #5889 ) ) ;
#3132 = SURFACE_STYLE_USAGE ( .BOTH. , #6893 ) ;
#3133 = COLOUR_RGB ( '',1.000000000000000000, 1.000000000000000000, 1.000000000000000000 ) ;
#3134 = UNCERTAINTY_MEASURE_WITH_UNIT (LENGTH_MEASURE( 1.000000000000000100E-005 ), #2542, 'distance_accuracy_value', 'NONE');
#3135 = CARTESIAN_POINT ( 'NONE',  ( 5.330000000000001000, 1.899999999999999700, -5.300000000000002500 ) ) ;
#3136 = ORIENTED_EDGE ( 'NONE', *, *, #5589, .T. ) ;
#3137 = EDGE_CURVE ( 'NONE', #8242, #3472, #753, .T. ) ;
#3138 = CARTESIAN_POINT ( 'NONE',  ( 5.330000010674674500, -4.258936886558715000E-017, 5.550000010674677900 ) ) ;
#3139 = LINE ( 'NONE', #6320, #3522 ) ;
#3140 = CARTESIAN_POINT ( 'NONE',  ( -7.160000000000000100, 0.1999999999999999800, -3.259999999999999800 ) ) ;
#3141 = AXIS2_PLACEMENT_3D ( 'NONE', #5859, #5397, #5308 ) ;
#3142 = FACE_OUTER_BOUND ( 'NONE', #712, .T. ) ;
#3143 = VERTEX_POINT ( 'NONE', #7015 ) ;
#3144 = STYLED_ITEM ( 'NONE', ( #4964 ), #1481 ) ;
#3145 = VECTOR ( 'NONE', #4637, 1000.000000000000000 ) ;
#3146 = PRESENTATION_STYLE_ASSIGNMENT (( #4429 ) ) ;
#3147 = ORIENTED_EDGE ( 'NONE', *, *, #7812, .T. ) ;
#3148 = CARTESIAN_POINT ( 'NONE',  ( -7.452000280290838500, 7.106755979990191800, -4.427225182190379200 ) ) ;
#3149 = CARTESIAN_POINT ( 'NONE',  ( 7.429155590140719100, 7.218767909187198100, 4.340385900845986600 ) ) ;
#3150 = EDGE_CURVE ( 'NONE', #6134, #6713, #126, .T. ) ;
#3151 = VECTOR ( 'NONE', #240, 1000.000000000000000 ) ;
#3152 = CARTESIAN_POINT ( 'NONE',  ( -7.311781620385468200, 7.258071493007705000, -4.421508836056693400 ) ) ;
#3153 = EDGE_CURVE ( 'NONE', #6885, #668, #238, .T. ) ;
#3154 = EDGE_LOOP ( 'NONE', ( #6732, #298, #4575, #1068 ) ) ;
#3155 = ADVANCED_FACE ( 'NONE', ( #567 ), #6677, .T. ) ;
#3156 = LINE ( 'NONE', #4719, #2969 ) ;
#3157 = CARTESIAN_POINT ( 'NONE',  ( 7.313307157224992100, 7.202265325486662200, 4.470492519791032600 ) ) ;
#3158 = SURFACE_STYLE_FILL_AREA ( #660 ) ;
#3159 = ORIENTED_EDGE ( 'NONE', *, *, #1326, .T. ) ;
#3160 = CARTESIAN_POINT ( 'NONE',  ( 7.397223138089698200, 7.106756039932229800, 4.482001474266407800 ) ) ;
#3161 = LINE ( 'NONE', #384, #3151 ) ;
#3162 = CARTESIAN_POINT ( 'NONE',  ( 7.619999999999999200, 0.6899999999999999500, 0.6699999999999989300 ) ) ;
#3163 = FACE_OUTER_BOUND ( 'NONE', #3509, .T. ) ;
#3164 = AXIS2_PLACEMENT_3D ( 'NONE', #8213, #2093, #2070 ) ;
#3165 = MECHANICAL_DESIGN_GEOMETRIC_PRESENTATION_REPRESENTATION (  '', ( #3328 ), #3117 ) ;
#3166 = DIRECTION ( 'NONE',  ( -0.1736481776669303300, -0.9848077530122081300, 1.619524571824814700E-017 ) ) ;
#3167 = FILL_AREA_STYLE_COLOUR ( '', #4032 ) ;
#3168 = EDGE_CURVE ( 'NONE', #6984, #4737, #8249, .T. ) ;
#3169 = ADVANCED_FACE ( 'NONE', ( #1958 ), #4234, .T. ) ;
#3170 = ORIENTED_EDGE ( 'NONE', *, *, #2639, .F. ) ;
#3171 = VECTOR ( 'NONE', #343, 1000.000000000000000 ) ;
#3172 = DIRECTION ( 'NONE',  ( -1.000000000000000000, 0.0000000000000000000, 9.326470300950576100E-017 ) ) ;
#3173 = LINE ( 'NONE', #2015, #2534 ) ;
#3174 = CARTESIAN_POINT ( 'NONE',  ( 5.580000000000001000, -1.084202172485503900E-016, -5.910000000000002800 ) ) ;
#3175 = CARTESIAN_POINT ( 'NONE',  ( 3.040000000000000000, 0.6999999999999994000, -5.300000000000002500 ) ) ;
#3176 = CARTESIAN_POINT ( 'NONE',  ( 7.467984561395651300, 7.105235389661668700, -4.350000000000001400 ) ) ;
#3177 = CARTESIAN_POINT ( 'NONE',  ( -7.438069157076780500, 7.118445683011411300, 4.440723406692552700 ) ) ;
#3178 = ORIENTED_EDGE ( 'NONE', *, *, #6025, .F. ) ;
#3179 = ADVANCED_FACE ( 'NONE', ( #2564 ), #740, .T. ) ;
#3180 = VERTEX_POINT ( 'NONE', #791 ) ;
#3181 = AXIS2_PLACEMENT_3D ( 'NONE', #3946, #8, #4555 ) ;
#3182 = EDGE_CURVE ( 'NONE', #294, #3387, #2775, .T. ) ;
#3183 = VERTEX_POINT ( 'NONE', #8160 ) ;
#3184 = ORIENTED_EDGE ( 'NONE', *, *, #6357, .F. ) ;
#3185 = DIRECTION ( 'NONE',  ( -0.0000000000000000000, -0.0000000000000000000, -1.000000000000000000 ) ) ;
#3186 = FILL_AREA_STYLE ('',( #829 ) ) ;
#3187 = CARTESIAN_POINT ( 'NONE',  ( -7.359313922695965200, 7.278556934371524200, -4.329905225382690400 ) ) ;
#3188 = FILL_AREA_STYLE ('',( #2516 ) ) ;
#3189 = CARTESIAN_POINT ( 'NONE',  ( -7.410723406539609900, 7.118445683010488500, 4.468069157194312500 ) ) ;
#3190 =( GEOMETRIC_REPRESENTATION_CONTEXT ( 3 ) GLOBAL_UNCERTAINTY_ASSIGNED_CONTEXT ( ( #2101 ) ) GLOBAL_UNIT_ASSIGNED_CONTEXT ( ( #510, #5009, #1147 ) ) REPRESENTATION_CONTEXT ( 'NONE', 'WORKASPACE' ) );
#3191 = PLANE ( 'NONE',  #1704 ) ;
#3192 = ORIENTED_EDGE ( 'NONE', *, *, #5120, .T. ) ;
#3193 = VERTEX_POINT ( 'NONE', #104 ) ;
#3194 = B_SPLINE_SURFACE_WITH_KNOTS ( 'NONE', 3, 3, ( 
 ( #4062, #2110, #7187, #3441, #7805, #4089, #171, #4702, #843, #5348 ),
 ( #1489, #5979, #2144, #6606, #2820, #7216, #3474, #7832, #4116, #207 ),
 ( #4724, #871, #5381, #1522, #6005, #2167, #6636, #2853, #7242, #3501 ),
 ( #7860, #4145, #241, #4756, #894, #5413, #1552, #6032, #2190, #6660 ),
 ( #2881, #7259, #3526, #7886, #4171, #267, #4782, #922, #5432, #1575 ),
 ( #6057, #2216, #6679, #2909, #7284, #3551, #7908, #4201, #296, #4814 ),
 ( #947, #5468, #1600, #6084, #2248, #6707, #2942, #7312, #3582, #7934 ),
 ( #4227, #330, #4837, #964, #5492, #1631, #6112, #2278, #6737, #2970 ),
 ( #7338, #3601, #7969, #4251, #354, #4859, #992, #5520, #1654, #6141 ),
 ( #2310, #6759, #3001, #7362, #3629, #7990, #4273, #379, #4891, #1017 ),
 ( #5550, #1681, #6171, #2337, #6789, #3027, #7389, #3654, #8019, #4298 ),
 ( #418, #4915, #1053, #5583, #1711, #6197, #2367, #6813, #3152, #7532 ),
 ( #3811, #8154, #4422, #573, #5063, #1202, #5712, #1847, #6335, #2515 ),
 ( #6938, #3187, #7563, #3836, #8177, #4448, #595, #5089, #1237, #5737 ),
 ( #1878, #6364, #2545, #6962, #3214, #7592, #3862, #8198, #4479, #621 ),
 ( #5119, #1262, #5769, #1906, #6391, #2573, #6992, #3239, #7623, #3896 ),
 ( #8222, #4511, #647, #5148, #1284, #5792, #1935, #6416, #2599, #7023 ),
 ( #3270, #7644, #3928, #8245, #4540, #676, #5178, #1310, #5819, #1962 ),
 ( #6444, #2625, #7053, #3294, #7667, #3956, #19, #4563, #696, #5199 ),
 ( #1335, #5841, #1988, #6470, #2654, #7074, #3320, #7693, #3977, #43 ) ),
 .UNSPECIFIED., .F., .F., .F.,
 ( 4, 2, 2, 2, 2, 2, 2, 2, 2, 4 ),
 ( 4, 2, 2, 2, 4 ),
 ( 0.0000000000000000000, 0.1190919775371134700, 0.2381839550742269300, 0.3677971626966941600, 0.4326037665079277600, 0.4974103703191613500, 0.6276388186690269300, 0.7578672670188926200, 0.8789336335094463100, 1.000000000000000000 ),
 ( 0.0000000000000000000, 0.2500000000000000000, 0.5000000000000000000, 0.7500000000000000000, 1.000000000000000000 ),
 .UNSPECIFIED. ) ;
#3195 = CARTESIAN_POINT ( 'NONE',  ( -2.039999999999999600, 0.6999999999999994000, -4.650000000000003000 ) ) ;
#3196 = CARTESIAN_POINT ( 'NONE',  ( -7.063020160610344400, 1.249999999999999800, -0.7200000000000002000 ) ) ;
#3197 = LINE ( 'NONE', #1417, #449 ) ;
#3198 = ORIENTED_EDGE ( 'NONE', *, *, #6366, .F. ) ;
#3199 = ORIENTED_EDGE ( 'NONE', *, *, #3066, .F. ) ;
#3200 = VECTOR ( 'NONE', #7471, 1000.000000000000000 ) ;
#3201 =( GEOMETRIC_REPRESENTATION_CONTEXT ( 3 ) GLOBAL_UNCERTAINTY_ASSIGNED_CONTEXT ( ( #1826 ) ) GLOBAL_UNIT_ASSIGNED_CONTEXT ( ( #6093, #4063, #6147 ) ) REPRESENTATION_CONTEXT ( 'NONE', 'WORKASPACE' ) );
#3202 = DIRECTION ( 'NONE',  ( -4.269869799995166700E-008, 0.0000000000000000000, -0.9999999999999991100 ) ) ;
#3203 = LINE ( 'NONE', #2891, #3385 ) ;
#3204 = DIRECTION ( 'NONE',  ( 1.000000000000000000, 0.0000000000000000000, 0.0000000000000000000 ) ) ;
#3205 = CARTESIAN_POINT ( 'NONE',  ( -7.619999999999999200, 1.300000000000000000, -3.199999999999999700 ) ) ;
#3206 =( NAMED_UNIT ( * ) PLANE_ANGLE_UNIT ( ) SI_UNIT ( $, .RADIAN. ) );
#3207 = B_SPLINE_CURVE_WITH_KNOTS ( 'NONE', 3,
 ( #6316, #1825, #6919, #3160, #7541, #3817 ),
 .UNSPECIFIED., .F., .F.,
 ( 4, 2, 4 ),
 ( 0.0000000000000000000, 0.5000000000000000000, 1.000000000000000000 ),
 .UNSPECIFIED. ) ;
#3208 = VERTEX_POINT ( 'NONE', #8219 ) ;
#3209 =( NAMED_UNIT ( * ) SI_UNIT ( $, .STERADIAN. ) SOLID_ANGLE_UNIT ( ) );
#3210 = ORIENTED_EDGE ( 'NONE', *, *, #3023, .F. ) ;
#3211 = VECTOR ( 'NONE', #132, 1000.000000000000100 ) ;
#3212 = VECTOR ( 'NONE', #260, 1000.000000000000000 ) ;
#3213 =( NAMED_UNIT ( * ) SI_UNIT ( $, .STERADIAN. ) SOLID_ANGLE_UNIT ( ) );
#3214 = CARTESIAN_POINT ( 'NONE',  ( -7.328043603144948300, 7.288080828692387500, -4.347597958016418600 ) ) ;
#3215 = VERTEX_POINT ( 'NONE', #7824 ) ;
#3216 = DIRECTION ( 'NONE',  ( 0.7944146205354176700, 0.6073758397232873500, 0.0000000000000000000 ) ) ;
#3217 = VERTEX_POINT ( 'NONE', #7598 ) ;
#3218 = PRESENTATION_LAYER_ASSIGNMENT (  '', '', ( #3328 ) ) ;
#3219 = FACE_OUTER_BOUND ( 'NONE', #1421, .T. ) ;
#3220 = CARTESIAN_POINT ( 'NONE',  ( 7.620000000000000100, 1.300000000000000000, -4.350000000000001400 ) ) ;
#3221 = EDGE_CURVE ( 'NONE', #2498, #5734, #638, .T. ) ;
#3222 = ORIENTED_EDGE ( 'NONE', *, *, #5675, .T. ) ;
#3223 = ORIENTED_EDGE ( 'NONE', *, *, #6375, .T. ) ;
#3224 = DIRECTION ( 'NONE',  ( -0.0000000000000000000, 0.0000000000000000000, 1.000000000000000000 ) ) ;
#3225 = ORIENTED_EDGE ( 'NONE', *, *, #5562, .T. ) ;
#3226 = CARTESIAN_POINT ( 'NONE',  ( -4.580000000000000100, 3.049999999999999800, 4.800000000000001600 ) ) ;
#3227 = CARTESIAN_POINT ( 'NONE',  ( -7.320000000000000300, 1.300000000000000000, -4.350000000000001400 ) ) ;
#3228 = ORIENTED_EDGE ( 'NONE', *, *, #6985, .T. ) ;
#3229 = CARTESIAN_POINT ( 'NONE',  ( 7.313307157225000100, 7.202265325486606300, -4.470492519791067200 ) ) ;
#3230 = CARTESIAN_POINT ( 'NONE',  ( 7.381473220286658000, 7.268310440106073000, -4.327975793672545800 ) ) ;
#3231 = AXIS2_PLACEMENT_3D ( 'NONE', #3257, #3914, #8234 ) ;
#3232 = EDGE_CURVE ( 'NONE', #2546, #6743, #5764, .T. ) ;
#3233 = FILL_AREA_STYLE_COLOUR ( '', #7780 ) ;
#3234 = EDGE_LOOP ( 'NONE', ( #6957, #3389, #3317, #5465 ) ) ;
#3235 = SURFACE_SIDE_STYLE ('',( #4352 ) ) ;
#3236 = CARTESIAN_POINT ( 'NONE',  ( 2.290000000000000000, -0.2499999999999998900, -5.910000000000002800 ) ) ;
#3237 = LINE ( 'NONE', #1754, #3046 ) ;
#3238 = EDGE_LOOP ( 'NONE', ( #2266, #819, #344, #7761 ) ) ;
#3239 = CARTESIAN_POINT ( 'NONE',  ( -7.291839753347587400, 7.293020610838353500, -4.351211320537341700 ) ) ;
#3240 = CARTESIAN_POINT ( 'NONE',  ( 7.063020160610344400, 1.250000000000000000, -2.020000000000000000 ) ) ;
#3241 = AXIS2_PLACEMENT_3D ( 'NONE', #3227, #3880, #8211 ) ;
#3242 = EDGE_CURVE ( 'NONE', #2131, #1719, #8165, .T. ) ;
#3243 = DIRECTION ( 'NONE',  ( 0.0000000000000000000, 1.000000000000000000, -0.0000000000000000000 ) ) ;
#3244 =( NAMED_UNIT ( * ) SI_UNIT ( $, .STERADIAN. ) SOLID_ANGLE_UNIT ( ) );
#3245 = ORIENTED_EDGE ( 'NONE', *, *, #6392, .F. ) ;
#3246 = DIRECTION ( 'NONE',  ( 0.0000000000000000000, 1.000000000000000000, 0.0000000000000000000 ) ) ;
#3247 = FACE_OUTER_BOUND ( 'NONE', #3982, .T. ) ;
#3248 = MECHANICAL_DESIGN_GEOMETRIC_PRESENTATION_REPRESENTATION (  '', ( #3327 ), #3201 ) ;
#3249 = DIRECTION ( 'NONE',  ( -1.000000000000000000, 0.0000000000000000000, 0.0000000000000000000 ) ) ;
#3250 = CARTESIAN_POINT ( 'NONE',  ( 2.790000000000000500, 0.6999999999999992900, -5.550000000000002500 ) ) ;
#3251 = LINE ( 'NONE', #6327, #3262 ) ;
#3252 = EDGE_CURVE ( 'NONE', #7501, #6265, #1125, .T. ) ;
#3253 = VECTOR ( 'NONE', #401, 1000.000000000000000 ) ;
#3254 = EDGE_CURVE ( 'NONE', #5110, #2122, #4674, .T. ) ;
#3255 = VERTEX_POINT ( 'NONE', #6907 ) ;
#3256 = VERTEX_POINT ( 'NONE', #6868 ) ;
#3257 = CARTESIAN_POINT ( 'NONE',  ( 7.119999999999999200, 0.0000000000000000000, -1.374721722360114900E-015 ) ) ;
#3258 = CARTESIAN_POINT ( 'NONE',  ( 7.268053096400541900, 7.299999999999999800, -4.298053096400543000 ) ) ;
#3259 = SURFACE_STYLE_USAGE ( .BOTH. , #7009 ) ;
#3260 = AXIS2_PLACEMENT_3D ( 'NONE', #7686, #7278, #6802 ) ;
#3261 = DIRECTION ( 'NONE',  ( -1.000000000000000000, 0.0000000000000000000, 0.0000000000000000000 ) ) ;
#3262 = VECTOR ( 'NONE', #1192, 1000.000000000000000 ) ;
#3263 =( NAMED_UNIT ( * ) SI_UNIT ( $, .STERADIAN. ) SOLID_ANGLE_UNIT ( ) );
#3264 = VECTOR ( 'NONE', #514, 1000.000000000000100 ) ;
#3265 = VECTOR ( 'NONE', #4936, 1000.000000000000000 ) ;
#3266 = FILL_AREA_STYLE ('',( #3634 ) ) ;
#3267 = VERTEX_POINT ( 'NONE', #6860 ) ;
#3268 = CARTESIAN_POINT ( 'NONE',  ( 7.327956379902770900, 7.208827853717910000, 4.466602352529200500 ) ) ;
#3269 = SURFACE_STYLE_FILL_AREA ( #1869 ) ;
#3270 = CARTESIAN_POINT ( 'NONE',  ( -7.291757689262919200, 7.298890286592055100, -4.304314320596389200 ) ) ;
#3271 = VERTEX_POINT ( 'NONE', #7019 ) ;
#3272 = EDGE_CURVE ( 'NONE', #1628, #2992, #7199, .T. ) ;
#3273 = PLANE ( 'NONE',  #832 ) ;
#3274 = LINE ( 'NONE', #205, #3253 ) ;
#3275 = LINE ( 'NONE', #2322, #3554 ) ;
#3276 = VERTEX_POINT ( 'NONE', #6741 ) ;
#3277 = FACE_OUTER_BOUND ( 'NONE', #1214, .T. ) ;
#3278 = COLOUR_RGB ( '',1.000000000000000000, 1.000000000000000000, 1.000000000000000000 ) ;
#3279 = VERTEX_POINT ( 'NONE', #6467 ) ;
#3280 = SURFACE_SIDE_STYLE ('',( #6843 ) ) ;
#3281 = PLANE ( 'NONE',  #7776 ) ;
#3282 = DIRECTION ( 'NONE',  ( -0.0000000000000000000, 0.0000000000000000000, 1.000000000000000000 ) ) ;
#3283 = CYLINDRICAL_SURFACE ( 'NONE', #6117, 0.2999999999999999300 ) ;
#3284 = DIRECTION ( 'NONE',  ( -0.0000000000000000000, -0.0000000000000000000, -1.000000000000000000 ) ) ;
#3285 = EDGE_CURVE ( 'NONE', #1628, #7240, #4569, .T. ) ;
#3286 = UNCERTAINTY_MEASURE_WITH_UNIT (LENGTH_MEASURE( 1.000000000000000100E-005 ), #8194, 'distance_accuracy_value', 'NONE');
#3287 = VECTOR ( 'NONE', #8171, 1000.000000000000000 ) ;
#3288 = CARTESIAN_POINT ( 'NONE',  ( -7.119999999999999200, 1.300000000000000000, 2.070000000000000300 ) ) ;
#3289 = CARTESIAN_POINT ( 'NONE',  ( 6.948407623149842400, 1.899999999999997200, 3.199999999999998800 ) ) ;
#3290 = CARTESIAN_POINT ( 'NONE',  ( 7.271094192904300300, 7.300000000000000700, 4.309568070389764700 ) ) ;
#3291 = DIRECTION ( 'NONE',  ( -1.000000000000000000, -0.0000000000000000000, 9.326470300950576100E-017 ) ) ;
#3292 = LINE ( 'NONE', #7453, #889 ) ;
#3293 = CARTESIAN_POINT ( 'NONE',  ( 7.287979621263008100, 7.292185713867715100, 4.354809452338416000 ) ) ;
#3294 = CARTESIAN_POINT ( 'NONE',  ( -7.276693033007266100, 7.299999999999999800, -4.303907377058737700 ) ) ;
#3295 = DIRECTION ( 'NONE',  ( -1.000000000000000000, 0.0000000000000000000, 0.0000000000000000000 ) ) ;
#3296 = PRESENTATION_LAYER_ASSIGNMENT (  '', '', ( #3327 ) ) ;
#3297 = CONICAL_SURFACE ( 'NONE', #5257, 0.2999999999999999300, 0.02617993877991500000 ) ;
#3298 =( NAMED_UNIT ( * ) PLANE_ANGLE_UNIT ( ) SI_UNIT ( $, .RADIAN. ) );
#3299 = VECTOR ( 'NONE', #6691, 1000.000000000000100 ) ;
#3300 = EDGE_CURVE ( 'NONE', #8242, #242, #6538, .T. ) ;
#3301 = ADVANCED_FACE ( 'NONE', ( #7383 ), #6306, .T. ) ;
#3302 = VECTOR ( 'NONE', #3758, 1000.000000000000000 ) ;
#3303 = SURFACE_STYLE_FILL_AREA ( #604 ) ;
#3304 = ORIENTED_EDGE ( 'NONE', *, *, #4802, .T. ) ;
#3305 = LINE ( 'NONE', #4245, #3265 ) ;
#3306 = UNCERTAINTY_MEASURE_WITH_UNIT (LENGTH_MEASURE( 1.000000000000000100E-005 ), #7270, 'distance_accuracy_value', 'NONE');
#3307 = CARTESIAN_POINT ( 'NONE',  ( 5.580000000000001000, 0.6999999999999998400, 5.300000000000002500 ) ) ;
#3308 = DIRECTION ( 'NONE',  ( 0.1736481776669303300, 0.9848077530122081300, -1.619524571824814700E-017 ) ) ;
#3309 = CARTESIAN_POINT ( 'NONE',  ( -6.269999999999999600, 1.300000000000000000, -3.259999999999999300 ) ) ;
#3310 = CARTESIAN_POINT ( 'NONE',  ( -4.580000000000000100, -0.2500000000000000600, 5.550000000000002500 ) ) ;
#3311 = APPLICATION_CONTEXT ( 'automotive_design' ) ;
#3312 = AXIS2_PLACEMENT_3D ( 'NONE', #1223, #1867, #6354 ) ;
#3313 = EDGE_CURVE ( 'NONE', #6713, #5483, #2452, .T. ) ;
#3314 = CONICAL_SURFACE ( 'NONE', #5424, 0.2999999999999999300, 0.02617993877991500000 ) ;
#3315 = ORIENTED_EDGE ( 'NONE', *, *, #6401, .F. ) ;
#3316 = EDGE_CURVE ( 'NONE', #3217, #7240, #2658, .T. ) ;
#3317 = ORIENTED_EDGE ( 'NONE', *, *, #1738, .T. ) ;
#3318 = CARTESIAN_POINT ( 'NONE',  ( 7.160000000000000100, 0.6999999999999999600, 0.7200000000000002000 ) ) ;
#3319 = LINE ( 'NONE', #3997, #3302 ) ;
#3320 = CARTESIAN_POINT ( 'NONE',  ( -7.268053096400543600, 7.299999999999999800, -4.298053096400543000 ) ) ;
#3321 = DIRECTION ( 'NONE',  ( 1.000000000000000000, 0.0000000000000000000, -0.0000000000000000000 ) ) ;
#3322 = ADVANCED_FACE ( 'NONE', ( #7974 ), #5718, .T. ) ;
#3323 = LINE ( 'NONE', #1092, #1054 ) ;
#3324 = ORIENTED_EDGE ( 'NONE', *, *, #6412, .T. ) ;
#3325 = CARTESIAN_POINT ( 'NONE',  ( -4.580000000000000100, 0.9499999999999997300, 5.550000000000002500 ) ) ;
#3326 = VERTEX_POINT ( 'NONE', #5765 ) ;
#3327 = STYLED_ITEM ( 'NONE', ( #6835 ), #1312 ) ;
#3328 = STYLED_ITEM ( 'NONE', ( #1582 ), #6116 ) ;
#3329 = ORIENTED_EDGE ( 'NONE', *, *, #1513, .T. ) ;
#3330 = DIRECTION ( 'NONE',  ( 0.9848077530122081300, 0.1736481776669303300, 0.0000000000000000000 ) ) ;
#3331 = EDGE_CURVE ( 'NONE', #3217, #2992, #999, .T. ) ;
#3332 = CARTESIAN_POINT ( 'NONE',  ( 7.342257534773849200, 7.213749749555691300, 4.460370489500626000 ) ) ;
#3333 = FACE_OUTER_BOUND ( 'NONE', #724, .T. ) ;
#3334 = ORIENTED_EDGE ( 'NONE', *, *, #6366, .T. ) ;
#3335 = CARTESIAN_POINT ( 'NONE',  ( 7.467984561395653000, 7.105235389661575400, -4.350000000000001400 ) ) ;
#3336 = ORIENTED_EDGE ( 'NONE', *, *, #1560, .F. ) ;
#3337 =( NAMED_UNIT ( * ) SI_UNIT ( $, .STERADIAN. ) SOLID_ANGLE_UNIT ( ) );
#3338 = EDGE_CURVE ( 'NONE', #2341, #890, #7370, .T. ) ;
#3339 = APPLICATION_CONTEXT ( 'automotive_design' ) ;
#3340 = DIRECTION ( 'NONE',  ( 0.0000000000000000000, 0.0000000000000000000, 1.000000000000000000 ) ) ;
#3341 = CARTESIAN_POINT ( 'NONE',  ( -7.314004647354606100, 7.294133808269310600, 4.329395760572559500 ) ) ;
#3342 = EDGE_LOOP ( 'NONE', ( #4300, #2501, #2968, #3108 ) ) ;
#3343 = EDGE_LOOP ( 'NONE', ( #1002, #7188, #1109, #1210 ) ) ;
#3344 = PLANE ( 'NONE',  #471 ) ;
#3345 = MECHANICAL_DESIGN_GEOMETRIC_PRESENTATION_REPRESENTATION (  '', ( #3900 ), #3190 ) ;
#3346 = DIRECTION ( 'NONE',  ( 1.000000000000000000, 0.0000000000000000000, -0.0000000000000000000 ) ) ;
#3347 = VECTOR ( 'NONE', #4829, 1000.000000000000000 ) ;
#3348 = SURFACE_SIDE_STYLE ('',( #2225 ) ) ;
#3349 = CARTESIAN_POINT ( 'NONE',  ( 4.830000000000000100, 1.899999999999999700, -6.000000000000001800 ) ) ;
#3350 = DIRECTION ( 'NONE',  ( 0.0000000000000000000, -1.204669080539449800E-016, -1.000000000000000000 ) ) ;
#3351 = ORIENTED_EDGE ( 'NONE', *, *, #5210, .F. ) ;
#3352 = EDGE_LOOP ( 'NONE', ( #224, #680, #550, #7946 ) ) ;
#3353 = CARTESIAN_POINT ( 'NONE',  ( -7.454773261804433600, 7.161173462352055100, 4.383854750081765100 ) ) ;
#3354 = AXIS2_PLACEMENT_3D ( 'NONE', #1893, #6381, #2560 ) ;
#3355 = ORIENTED_EDGE ( 'NONE', *, *, #6379, .T. ) ;
#3356 = FILL_AREA_STYLE_COLOUR ( '', #6254 ) ;
#3357 = CIRCLE ( 'NONE', #6578, 0.2500000000000002200 ) ;
#3358 = LINE ( 'NONE', #6910, #3861 ) ;
#3359 = CARTESIAN_POINT ( 'NONE',  ( -7.161822484923008300, 1.250000000000000000, -2.020000000000000000 ) ) ;
#3360 = ORIENTED_EDGE ( 'NONE', *, *, #6456, .F. ) ;
#3361 = AXIS2_PLACEMENT_3D ( 'NONE', #6669, #5951, #5982 ) ;
#3362 = CARTESIAN_POINT ( 'NONE',  ( 7.357567555877039000, 7.132125076553945700, -4.491672835965528200 ) ) ;
#3363 = ORIENTED_EDGE ( 'NONE', *, *, #7971, .T. ) ;
#3364 = UNCERTAINTY_MEASURE_WITH_UNIT (LENGTH_MEASURE( 1.000000000000000100E-005 ), #4502, 'distance_accuracy_value', 'NONE');
#3365 = EDGE_CURVE ( 'NONE', #1846, #242, #5556, .T. ) ;
#3366 = VECTOR ( 'NONE', #557, 1000.000000000000000 ) ;
#3367 = ADVANCED_FACE ( 'NONE', ( #2330 ), #4648, .F. ) ;
#3368 = CARTESIAN_POINT ( 'NONE',  ( 4.580000000000001000, 0.6999999999999994000, -4.800000000000002500 ) ) ;
#3369 = ORIENTED_EDGE ( 'NONE', *, *, #3676, .T. ) ;
#3370 = CARTESIAN_POINT ( 'NONE',  ( -7.276941985200461500, 7.299999999999998900, 4.331710463039238200 ) ) ;
#3371 = ORIENTED_EDGE ( 'NONE', *, *, #6480, .F. ) ;
#3372 = DIRECTION ( 'NONE',  ( 0.0000000000000000000, -0.0000000000000000000, 1.000000000000000000 ) ) ;
#3373 = CARTESIAN_POINT ( 'NONE',  ( -7.388302048322374900, 7.209820551643784500, 4.441745955113193000 ) ) ;
#3374 = ORIENTED_EDGE ( 'NONE', *, *, #1556, .F. ) ;
#3375 = EDGE_CURVE ( 'NONE', #2341, #3696, #5930, .T. ) ;
#3376 = SURFACE_SIDE_STYLE ('',( #2309 ) ) ;
#3377 = EDGE_LOOP ( 'NONE', ( #4426, #4469, #7297, #7288, #7256, #5421 ) ) ;
#3378 = ORIENTED_EDGE ( 'NONE', *, *, #6493, .T. ) ;
#3379 = ORIENTED_EDGE ( 'NONE', *, *, #6281, .T. ) ;
#3380 = PLANE ( 'NONE',  #1039 ) ;
#3381 = ORIENTED_EDGE ( 'NONE', *, *, #6401, .T. ) ;
#3382 = DIRECTION ( 'NONE',  ( 1.000000000000000000, 0.0000000000000000000, -0.0000000000000000000 ) ) ;
#3383 = FILL_AREA_STYLE_COLOUR ( '', #2494 ) ;
#3384 = CARTESIAN_POINT ( 'NONE',  ( 7.369166894688683000, 7.220312276947805000, 4.444220185703099600 ) ) ;
#3385 = VECTOR ( 'NONE', #7090, 1000.000000000000000 ) ;
#3386 = CARTESIAN_POINT ( 'NONE',  ( 7.428041259253461700, 7.166370869740788400, -4.431899876780359900 ) ) ;
#3387 = VERTEX_POINT ( 'NONE', #4475 ) ;
#3388 = EDGE_CURVE ( 'NONE', #3549, #3696, #7574, .T. ) ;
#3389 = ORIENTED_EDGE ( 'NONE', *, *, #1728, .T. ) ;
#3390 = ORIENTED_EDGE ( 'NONE', *, *, #6505, .F. ) ;
#3391 = VECTOR ( 'NONE', #4184, 1000.000000000000000 ) ;
#3392 = DIRECTION ( 'NONE',  ( -0.0000000000000000000, -0.0000000000000000000, -1.000000000000000000 ) ) ;
#3393 = CARTESIAN_POINT ( 'NONE',  ( -7.320000000000000300, 1.300000000000000000, -4.350000000000001400 ) ) ;
#3394 = COLOUR_RGB ( '',1.000000000000000000, 1.000000000000000000, 1.000000000000000000 ) ;
#3395 = DIRECTION ( 'NONE',  ( 0.0000000000000000000, 1.000000000000000000, 0.0000000000000000000 ) ) ;
#3396 = ORIENTED_CLOSED_SHELL ( 'NONE', *, #2808, .F. );
#3397 = ORIENTED_EDGE ( 'NONE', *, *, #7381, .F. ) ;
#3398 = CARTESIAN_POINT ( 'NONE',  ( -7.310396105973086200, 7.294412108731066300, 4.333091635712351700 ) ) ;
#3399 = DIRECTION ( 'NONE',  ( 0.0000000000000000000, 0.0000000000000000000, 1.000000000000000000 ) ) ;
#3400 = VERTEX_POINT ( 'NONE', #4373 ) ;
#3401 = LINE ( 'NONE', #7567, #3200 ) ;
#3402 = EDGE_CURVE ( 'NONE', #3549, #7648, #6989, .T. ) ;
#3403 = CARTESIAN_POINT ( 'NONE',  ( 3.040000000000000000, -4.258936691357909700E-017, -4.800000000000002500 ) ) ;
#3404 = CARTESIAN_POINT ( 'NONE',  ( -7.320000000000000300, 7.105235389661573600, -4.497984561395655100 ) ) ;
#3405 = PLANE ( 'NONE',  #6584 ) ;
#3406 = VERTEX_POINT ( 'NONE', #4115 ) ;
#3407 = CARTESIAN_POINT ( 'NONE',  ( -2.790000000000000000, 0.0000000000000000000, -5.550000000000002500 ) ) ;
#3408 = LINE ( 'NONE', #5811, #133 ) ;
#3409 = PRESENTATION_LAYER_ASSIGNMENT (  '', '', ( #3900 ) ) ;
#3410 = FACE_OUTER_BOUND ( 'NONE', #6758, .T. ) ;
#3411 = LINE ( 'NONE', #4235, #3391 ) ;
#3412 = SURFACE_SIDE_STYLE ('',( #4387 ) ) ;
#3413 =( NAMED_UNIT ( * ) SI_UNIT ( $, .STERADIAN. ) SOLID_ANGLE_UNIT ( ) );
#3414 = ORIENTED_EDGE ( 'NONE', *, *, #6516, .T. ) ;
#3415 = DIRECTION ( 'NONE',  ( -1.000000000000000000, -0.0000000000000000000, -0.0000000000000000000 ) ) ;
#3416 = EDGE_CURVE ( 'NONE', #2175, #5483, #5470, .T. ) ;
#3417 = ORIENTED_EDGE ( 'NONE', *, *, #1513, .F. ) ;
#3418 = CARTESIAN_POINT ( 'NONE',  ( 7.455269228921344500, 7.171798978319931600, -4.364889758489048300 ) ) ;
#3419 = ADVANCED_FACE ( 'NONE', ( #537 ), #3731, .F. ) ;
#3420 = CARTESIAN_POINT ( 'NONE',  ( 7.381775099732436700, 7.221952908502136600, 4.434301744934150400 ) ) ;
#3421 = AXIS2_PLACEMENT_3D ( 'NONE', #6540, #6592, #6609 ) ;
#3422 = DIRECTION ( 'NONE',  ( 0.4472135954999567100, -0.0000000000000000000, 0.8944271909999165200 ) ) ;
#3423 = ORIENTED_EDGE ( 'NONE', *, *, #6480, .T. ) ;
#3424 = ORIENTED_EDGE ( 'NONE', *, *, #1402, .T. ) ;
#3425 = CARTESIAN_POINT ( 'NONE',  ( -7.268053096400543600, 7.299999999999999800, -4.298053096400543000 ) ) ;
#3426 = FILL_AREA_STYLE ('',( #3383 ) ) ;
#3427 = CARTESIAN_POINT ( 'NONE',  ( -7.394307689994256800, 7.118299021584030900, 4.478885131026007800 ) ) ;
#3428 = LINE ( 'NONE', #4407, #3499 ) ;
#3429 = DIRECTION ( 'NONE',  ( 1.000000000000000000, 0.0000000000000000000, 0.0000000000000000000 ) ) ;
#3430 = DIRECTION ( 'NONE',  ( -0.0000000000000000000, -0.0000000000000000000, 1.000000000000000000 ) ) ;
#3431 = EDGE_CURVE ( 'NONE', #2305, #7648, #7510, .T. ) ;
#3432 =( NAMED_UNIT ( * ) PLANE_ANGLE_UNIT ( ) SI_UNIT ( $, .RADIAN. ) );
#3433 =( GEOMETRIC_REPRESENTATION_CONTEXT ( 3 ) GLOBAL_UNCERTAINTY_ASSIGNED_CONTEXT ( ( #744 ) ) GLOBAL_UNIT_ASSIGNED_CONTEXT ( ( #7220, #7026, #6986 ) ) REPRESENTATION_CONTEXT ( 'NONE', 'WORKASPACE' ) );
#3434 = ORIENTED_EDGE ( 'NONE', *, *, #5722, .T. ) ;
#3435 = FILL_AREA_STYLE ('',( #1451 ) ) ;
#3436 = CARTESIAN_POINT ( 'NONE',  ( -7.304883946092901100, 7.242928007089166600, -4.437968224621062800 ) ) ;
#3437 = DIRECTION ( 'NONE',  ( 9.969675149291993300E-017, 0.0000000000000000000, 1.000000000000000000 ) ) ;
#3438 = LINE ( 'NONE', #2375, #6983 ) ;
#3439 = AXIS2_PLACEMENT_3D ( 'NONE', #1836, #6325, #2505 ) ;
#3440 = ADVANCED_FACE ( 'NONE', ( #4014 ), #587, .F. ) ;
#3441 = CARTESIAN_POINT ( 'NONE',  ( -7.449144484278382300, 7.106692120384063400, -4.424470379019720000 ) ) ;
#3442 = LINE ( 'NONE', #5575, #3637 ) ;
#3443 = ORIENTED_EDGE ( 'NONE', *, *, #4762, .T. ) ;
#3444 = ORIENTED_EDGE ( 'NONE', *, *, #1238, .F. ) ;
#3445 = CARTESIAN_POINT ( 'NONE',  ( 7.327956380276180700, 7.208827852374693800, -4.466602353278472200 ) ) ;
#3446 = VECTOR ( 'NONE', #428, 1000.000000000000000 ) ;
#3447 = DIRECTION ( 'NONE',  ( 0.0000000000000000000, 1.000000000000000000, 0.0000000000000000000 ) ) ;
#3448 = LINE ( 'NONE', #407, #3459 ) ;
#3449 = ORIENTED_EDGE ( 'NONE', *, *, #6787, .F. ) ;
#3450 = DIRECTION ( 'NONE',  ( 0.0000000000000000000, 0.0000000000000000000, -1.000000000000000000 ) ) ;
#3451 =( NAMED_UNIT ( * ) PLANE_ANGLE_UNIT ( ) SI_UNIT ( $, .RADIAN. ) );
#3452 = EDGE_CURVE ( 'NONE', #890, #2305, #5720, .T. ) ;
#3453 = LINE ( 'NONE', #1460, #2340 ) ;
#3454 = CARTESIAN_POINT ( 'NONE',  ( -7.440492519791093600, 7.202265325486570700, 4.343307157224933800 ) ) ;
#3455 = CARTESIAN_POINT ( 'NONE',  ( 7.313307157230032600, 7.202265325488920800, 4.470492519789695000 ) ) ;
#3456 = COLOUR_RGB ( '',1.000000000000000000, 1.000000000000000000, 1.000000000000000000 ) ;
#3457 = DIRECTION ( 'NONE',  ( 0.0000000000000000000, 0.0000000000000000000, -1.000000000000000000 ) ) ;
#3458 =( GEOMETRIC_REPRESENTATION_CONTEXT ( 3 ) GLOBAL_UNCERTAINTY_ASSIGNED_CONTEXT ( ( #311 ) ) GLOBAL_UNIT_ASSIGNED_CONTEXT ( ( #4031, #111, #4641 ) ) REPRESENTATION_CONTEXT ( 'NONE', 'WORKASPACE' ) );
#3459 = VECTOR ( 'NONE', #8248, 999.9999999999998900 ) ;
#3460 = ORIENTED_EDGE ( 'NONE', *, *, #6375, .F. ) ;
#3461 = AXIS2_PLACEMENT_3D ( 'NONE', #6920, #6970, #6948 ) ;
#3462 = CARTESIAN_POINT ( 'NONE',  ( 2.040000000000000500, 3.049999999999999800, -4.800000000000002500 ) ) ;
#3463 = ADVANCED_FACE ( 'NONE', ( #6103, #4246 ), #346, .F. ) ;
#3464 = PRESENTATION_STYLE_ASSIGNMENT (( #6553 ) ) ;
#3465 =( LENGTH_UNIT ( ) NAMED_UNIT ( * ) SI_UNIT ( .MILLI., .METRE. ) );
#3466 =( NAMED_UNIT ( * ) SI_UNIT ( $, .STERADIAN. ) SOLID_ANGLE_UNIT ( ) );
#3467 = ORIENTED_EDGE ( 'NONE', *, *, #1062, .F. ) ;
#3468 = DIRECTION ( 'NONE',  ( 0.0000000000000000000, 1.000000000000000000, 0.0000000000000000000 ) ) ;
#3469 = VECTOR ( 'NONE', #1072, 1000.000000000000000 ) ;
#3470 = UNCERTAINTY_MEASURE_WITH_UNIT (LENGTH_MEASURE( 1.000000000000000100E-005 ), #4133, 'distance_accuracy_value', 'NONE');
#3471 = EDGE_CURVE ( 'NONE', #2122, #4535, #4043, .T. ) ;
#3472 = VERTEX_POINT ( 'NONE', #2215 ) ;
#3473 = CARTESIAN_POINT ( 'NONE',  ( 7.292945438195198800, 7.296304425408809600, 4.334544182390363400 ) ) ;
#3474 = CARTESIAN_POINT ( 'NONE',  ( -7.394307690086858300, 7.118299021584303600, -4.478885130942067900 ) ) ;
#3475 = ORIENTED_EDGE ( 'NONE', *, *, #1652, .T. ) ;
#3476 = SURFACE_STYLE_USAGE ( .BOTH. , #5396 ) ;
#3477 = CARTESIAN_POINT ( 'NONE',  ( 7.404301745778691500, 7.221952907830826400, 4.411775099448990800 ) ) ;
#3478 = VECTOR ( 'NONE', #956, 1000.000000000000000 ) ;
#3479 = CARTESIAN_POINT ( 'NONE',  ( 7.371679141890279400, 7.237693625843507800, -4.422604345626401000 ) ) ;
#3480 = ORIENTED_EDGE ( 'NONE', *, *, #331, .T. ) ;
#3481 = VERTEX_POINT ( 'NONE', #1762 ) ;
#3482 = EDGE_CURVE ( 'NONE', #2555, #5677, #1181, .T. ) ;
#3483 = CARTESIAN_POINT ( 'NONE',  ( 7.460000000000000000, 0.8599999999999999900, 2.020000000000000000 ) ) ;
#3484 = ORIENTED_EDGE ( 'NONE', *, *, #4375, .T. ) ;
#3485 = VERTEX_POINT ( 'NONE', #1550 ) ;
#3486 = CARTESIAN_POINT ( 'NONE',  ( -7.303091685600948700, 7.294412111254033900, 4.340396056650439100 ) ) ;
#3487 = SURFACE_SIDE_STYLE ('',( #4299 ) ) ;
#3488 = CARTESIAN_POINT ( 'NONE',  ( -2.039999999999999600, -1.084202172485503900E-016, -5.910000000000002800 ) ) ;
#3489 = ORIENTED_EDGE ( 'NONE', *, *, #5722, .F. ) ;
#3490 = CARTESIAN_POINT ( 'NONE',  ( 7.119999999999999200, 1.300000000000000000, 0.6699999999999989300 ) ) ;
#3491 = VERTEX_POINT ( 'NONE', #1779 ) ;
#3492 = CARTESIAN_POINT ( 'NONE',  ( 2.790000000000000500, 3.049999999999999800, -5.300000000000002500 ) ) ;
#3493 =( NAMED_UNIT ( * ) PLANE_ANGLE_UNIT ( ) SI_UNIT ( $, .RADIAN. ) );
#3494 = ORIENTED_EDGE ( 'NONE', *, *, #6412, .F. ) ;
#3495 = EDGE_CURVE ( 'NONE', #6987, #2555, #2510, .T. ) ;
#3496 = FILL_AREA_STYLE ('',( #6631 ) ) ;
#3497 = MECHANICAL_DESIGN_GEOMETRIC_PRESENTATION_REPRESENTATION (  '', ( #3679 ), #3433 ) ;
#3498 = DIRECTION ( 'NONE',  ( -1.000000000000000000, 0.0000000000000000000, -0.0000000000000000000 ) ) ;
#3499 = VECTOR ( 'NONE', #2379, 1000.000000000000000 ) ;
#3500 = VECTOR ( 'NONE', #1151, 1000.000000000000000 ) ;
#3501 = CARTESIAN_POINT ( 'NONE',  ( -7.319690518616088300, 7.129204032454930800, -4.496202574681207800 ) ) ;
#3502 = ORIENTED_EDGE ( 'NONE', *, *, #6493, .F. ) ;
#3503 = VERTEX_POINT ( 'NONE', #1178 ) ;
#3504 = LINE ( 'NONE', #4738, #3111 ) ;
#3505 = CARTESIAN_POINT ( 'NONE',  ( 7.413662187773957700, 7.234858574210252700, -4.363893909441285000 ) ) ;
#3506 = FACE_OUTER_BOUND ( 'NONE', #213, .T. ) ;
#3507 = EDGE_CURVE ( 'NONE', #6987, #6908, #775, .T. ) ;
#3508 = EDGE_LOOP ( 'NONE', ( #5416, #8152, #611, #169 ) ) ;
#3509 = EDGE_LOOP ( 'NONE', ( #3954, #4052, #4058, #4099, #3967 ) ) ;
#3510 = PLANE ( 'NONE',  #1140 ) ;
#3511 = LINE ( 'NONE', #181, #3211 ) ;
#3512 = FACE_OUTER_BOUND ( 'NONE', #5585, .T. ) ;
#3513 = CARTESIAN_POINT ( 'NONE',  ( -7.299395806610332800, 7.294133813315249300, 4.344004602448736200 ) ) ;
#3514 = CARTESIAN_POINT ( 'NONE',  ( 7.467680576364495300, 7.116844109650927800, 4.350000517603374900 ) ) ;
#3515 = ORIENTED_EDGE ( 'NONE', *, *, #6516, .F. ) ;
#3516 = LINE ( 'NONE', #4410, #646 ) ;
#3517 = LINE ( 'NONE', #1485, #4019 ) ;
#3518 = VECTOR ( 'NONE', #422, 1000.000000000000000 ) ;
#3519 =( LENGTH_UNIT ( ) NAMED_UNIT ( * ) SI_UNIT ( .MILLI., .METRE. ) );
#3520 = CARTESIAN_POINT ( 'NONE',  ( -7.620000000000000100, 1.300000000000000000, -4.350000000000001400 ) ) ;
#3521 = CARTESIAN_POINT ( 'NONE',  ( 6.270000000000000500, 1.300000000000000000, 3.260000000000000200 ) ) ;
#3522 = VECTOR ( 'NONE', #1831, 1000.000000000000000 ) ;
#3523 = CARTESIAN_POINT ( 'NONE',  ( 5.580000000000001000, -4.258936691357909700E-017, -5.550000000000002500 ) ) ;
#3524 = VERTEX_POINT ( 'NONE', #755 ) ;
#3525 = SURFACE_SIDE_STYLE ('',( #321 ) ) ;
#3526 = CARTESIAN_POINT ( 'NONE',  ( -7.449928076411545400, 7.175951758219397900, -4.381821768491417600 ) ) ;
#3527 = EDGE_CURVE ( 'NONE', #6908, #3890, #2298, .T. ) ;
#3528 = EDGE_CURVE ( 'NONE', #2122, #3019, #3771, .T. ) ;
#3529 = DIRECTION ( 'NONE',  ( -1.000000000000000000, 1.205806079160472600E-016, 0.0000000000000000000 ) ) ;
#3530 = SURFACE_STYLE_FILL_AREA ( #2467 ) ;
#3531 = CARTESIAN_POINT ( 'NONE',  ( 7.305897810492070700, 7.239162846125055700, -4.441856465389459000 ) ) ;
#3532 = VERTEX_POINT ( 'NONE', #651 ) ;
#3533 = PRESENTATION_LAYER_ASSIGNMENT (  '', '', ( #7197 ) ) ;
#3534 = DIRECTION ( 'NONE',  ( 0.9999999999999992200, -0.0000000000000000000, -4.269869799995166700E-008 ) ) ;
#3535 = CARTESIAN_POINT ( 'NONE',  ( -7.160000000000000100, 0.6999999999999999600, -3.259999999999999800 ) ) ;
#3536 = VECTOR ( 'NONE', #520, 1000.000000000000000 ) ;
#3537 = ORIENTED_EDGE ( 'NONE', *, *, #7206, .T. ) ;
#3538 = CARTESIAN_POINT ( 'NONE',  ( 4.830000029889092200, 1.899999999999999700, 6.000000000000001800 ) ) ;
#3539 = AXIS2_PLACEMENT_3D ( 'NONE', #5025, #1162, #5674 ) ;
#3540 = VECTOR ( 'NONE', #5516, 1000.000000000000000 ) ;
#3541 = CARTESIAN_POINT ( 'NONE',  ( -7.425101798267699700, 7.224067695494243300, 4.339337437986559500 ) ) ;
#3542 = FILL_AREA_STYLE ('',( #3908 ) ) ;
#3543 = VECTOR ( 'NONE', #3249, 1000.000000000000000 ) ;
#3544 =( NAMED_UNIT ( * ) PLANE_ANGLE_UNIT ( ) SI_UNIT ( $, .RADIAN. ) );
#3545 =( NAMED_UNIT ( * ) SI_UNIT ( $, .STERADIAN. ) SOLID_ANGLE_UNIT ( ) );
#3546 = DIRECTION ( 'NONE',  ( 0.0000000000000000000, -1.000000000000000000, 0.0000000000000000000 ) ) ;
#3547 = SURFACE_STYLE_USAGE ( .BOTH. , #3595 ) ;
#3548 = LINE ( 'NONE', #7575, #4434 ) ;
#3549 = VERTEX_POINT ( 'NONE', #579 ) ;
#3550 = AXIS2_PLACEMENT_3D ( 'NONE', #7524, #3799, #8145 ) ;
#3551 = CARTESIAN_POINT ( 'NONE',  ( -7.388302047783164500, 7.209820551844441800, -4.441745955332339500 ) ) ;
#3552 = EDGE_CURVE ( 'NONE', #4127, #3890, #6710, .T. ) ;
#3553 = LINE ( 'NONE', #1687, #3478 ) ;
#3554 = VECTOR ( 'NONE', #1830, 1000.000000000000000 ) ;
#3555 = ADVANCED_FACE ( 'NONE', ( #2717 ), #466, .T. ) ;
#3556 = CARTESIAN_POINT ( 'NONE',  ( 7.339055305611204900, 7.266426168684919400, -4.401212676087923500 ) ) ;
#3557 = LINE ( 'NONE', #4282, #7020 ) ;
#3558 = ORIENTED_EDGE ( 'NONE', *, *, #1870, .T. ) ;
#3559 = VECTOR ( 'NONE', #1663, 1000.000000000000000 ) ;
#3560 = FACE_OUTER_BOUND ( 'NONE', #3628, .T. ) ;
#3561 = ORIENTED_EDGE ( 'NONE', *, *, #6505, .T. ) ;
#3562 = SURFACE_SIDE_STYLE ('',( #6062 ) ) ;
#3563 = EDGE_CURVE ( 'NONE', #5677, #4127, #73, .T. ) ;
#3564 = CARTESIAN_POINT ( 'NONE',  ( -7.291839782991719900, 7.293020617144912300, 4.351211292307653800 ) ) ;
#3565 = CARTESIAN_POINT ( 'NONE',  ( 7.466202574681209300, 7.129204032454922000, 4.349690518616086800 ) ) ;
#3566 = VECTOR ( 'NONE', #7347, 1000.000000000000000 ) ;
#3567 = PRESENTATION_LAYER_ASSIGNMENT (  '', '', ( #3679 ) ) ;
#3568 = ORIENTED_EDGE ( 'NONE', *, *, #1973, .T. ) ;
#3569 = DIRECTION ( 'NONE',  ( 0.0000000000000000000, -1.000000000000000000, 0.0000000000000000000 ) ) ;
#3570 = LINE ( 'NONE', #7920, #300 ) ;
#3571 = LINE ( 'NONE', #970, #6338 ) ;
#3572 = VECTOR ( 'NONE', #6942, 1000.000000000000000 ) ;
#3573 = ORIENTED_EDGE ( 'NONE', *, *, #4471, .T. ) ;
#3574 = CARTESIAN_POINT ( 'NONE',  ( -7.119999999999999200, 0.9268512727847090200, -0.6700000000000000400 ) ) ;
#3575 = FILL_AREA_STYLE ('',( #6077 ) ) ;
#3576 = CARTESIAN_POINT ( 'NONE',  ( 7.119999999999999200, 1.300000000000000000, 3.199999999999998400 ) ) ;
#3577 = VERTEX_POINT ( 'NONE', #1356 ) ;
#3578 = EDGE_CURVE ( 'NONE', #5483, #4194, #4642, .T. ) ;
#3579 = VECTOR ( 'NONE', #2085, 1000.000000000000000 ) ;
#3580 = VERTEX_POINT ( 'NONE', #8239 ) ;
#3581 =( LENGTH_UNIT ( ) NAMED_UNIT ( * ) SI_UNIT ( .MILLI., .METRE. ) );
#3582 = CARTESIAN_POINT ( 'NONE',  ( -7.327956379903060500, 7.208827853717486400, -4.466602352529505100 ) ) ;
#3583 = CARTESIAN_POINT ( 'NONE',  ( 7.361857276499592700, 7.272849309237304100, -4.362473622757819100 ) ) ;
#3584 = LINE ( 'NONE', #6341, #1690 ) ;
#3585 = DIRECTION ( 'NONE',  ( 1.000000000000000000, 0.0000000000000000000, 0.0000000000000000000 ) ) ;
#3586 = EDGE_CURVE ( 'NONE', #6205, #5227, #4071, .T. ) ;
#3587 = CARTESIAN_POINT ( 'NONE',  ( -7.160000000000000100, 0.0000000000000000000, 3.259999999999999800 ) ) ;
#3588 = CARTESIAN_POINT ( 'NONE',  ( -7.287979638363724500, 7.292185718913360800, 4.354809436368270800 ) ) ;
#3589 = CARTESIAN_POINT ( 'NONE',  ( 7.328440843361852000, 7.291072519589326900, 4.313998896902892200 ) ) ;
#3590 = EDGE_LOOP ( 'NONE', ( #4926, #3912, #4072, #4108, #4144 ) ) ;
#3591 = ORIENTED_EDGE ( 'NONE', *, *, #6456, .T. ) ;
#3592 = CARTESIAN_POINT ( 'NONE',  ( 7.392604345626533100, 7.237693625843101100, 4.401679141890654500 ) ) ;
#3593 =( GEOMETRIC_REPRESENTATION_CONTEXT ( 3 ) GLOBAL_UNCERTAINTY_ASSIGNED_CONTEXT ( ( #7579 ) ) GLOBAL_UNIT_ASSIGNED_CONTEXT ( ( #4864, #6841, #6865 ) ) REPRESENTATION_CONTEXT ( 'NONE', 'WORKASPACE' ) );
#3594 = VECTOR ( 'NONE', #4957, 1000.000000000000000 ) ;
#3595 = SURFACE_SIDE_STYLE ('',( #285 ) ) ;
#3596 = VERTEX_POINT ( 'NONE', #7964 ) ;
#3597 = EDGE_CURVE ( 'NONE', #5677, #3623, #4263, .T. ) ;
#3598 = ORIENTED_EDGE ( 'NONE', *, *, #3107, .F. ) ;
#3599 = FACE_OUTER_BOUND ( 'NONE', #2644, .T. ) ;
#3600 = VECTOR ( 'NONE', #758, 1000.000000000000000 ) ;
#3601 = CARTESIAN_POINT ( 'NONE',  ( -7.420239259964664500, 7.230233910043584600, -4.351695326152092300 ) ) ;
#3602 = PRESENTATION_STYLE_ASSIGNMENT (( #6398 ) ) ;
#3603 = MECHANICAL_DESIGN_GEOMETRIC_PRESENTATION_REPRESENTATION (  '', ( #3685 ), #3593 ) ;
#3604 = ORIENTED_EDGE ( 'NONE', *, *, #6392, .T. ) ;
#3605 = CARTESIAN_POINT ( 'NONE',  ( 7.364424305636728000, 7.275793423258766000, -4.323478850238077000 ) ) ;
#3606 = DIRECTION ( 'NONE',  ( -1.330309414092643500E-016, 0.0000000000000000000, -1.000000000000000000 ) ) ;
#3607 = LINE ( 'NONE', #2333, #4883 ) ;
#3608 = EDGE_CURVE ( 'NONE', #4127, #5345, #3570, .T. ) ;
#3609 = LINE ( 'NONE', #251, #117 ) ;
#3610 = SURFACE_STYLE_FILL_AREA ( #5773 ) ;
#3611 = FILL_AREA_STYLE ('',( #2982 ) ) ;
#3612 = EDGE_LOOP ( 'NONE', ( #3355, #4833, #4086, #4069 ) ) ;
#3613 = VERTEX_POINT ( 'NONE', #7755 ) ;
#3614 = PRESENTATION_LAYER_ASSIGNMENT (  '', '', ( #3685 ) ) ;
#3615 = LINE ( 'NONE', #35, #3594 ) ;
#3616 = CARTESIAN_POINT ( 'NONE',  ( -7.283998896902900800, 7.291072519589310000, 4.358440843361956100 ) ) ;
#3617 = PLANE ( 'NONE',  #7792 ) ;
#3618 = DIRECTION ( 'NONE',  ( 0.0000000000000000000, 0.0000000000000000000, -1.000000000000000000 ) ) ;
#3619 = CARTESIAN_POINT ( 'NONE',  ( 0.0000000000000000000, -0.2500000000000001100, 0.0000000000000000000 ) ) ;
#3620 = COLOUR_RGB ( '',1.000000000000000000, 1.000000000000000000, 1.000000000000000000 ) ;
#3621 = ORIENTED_EDGE ( 'NONE', *, *, #5326, .T. ) ;
#3622 =( GEOMETRIC_REPRESENTATION_CONTEXT ( 3 ) GLOBAL_UNCERTAINTY_ASSIGNED_CONTEXT ( ( #2063 ) ) GLOBAL_UNIT_ASSIGNED_CONTEXT ( ( #612, #5108, #1249 ) ) REPRESENTATION_CONTEXT ( 'NONE', 'WORKASPACE' ) );
#3623 = VERTEX_POINT ( 'NONE', #7714 ) ;
#3624 = ORIENTED_EDGE ( 'NONE', *, *, #2617, .F. ) ;
#3625 = FILL_AREA_STYLE ('',( #349 ) ) ;
#3626 =( NAMED_UNIT ( * ) SI_UNIT ( $, .STERADIAN. ) SOLID_ANGLE_UNIT ( ) );
#3627 = ORIENTED_EDGE ( 'NONE', *, *, #6357, .T. ) ;
#3628 = EDGE_LOOP ( 'NONE', ( #1668, #2378, #4156, #4895, #1998, #6816 ) ) ;
#3629 = CARTESIAN_POINT ( 'NONE',  ( -7.380624618573205200, 7.251687743365048200, -4.391648704812621600 ) ) ;
#3630 = ADVANCED_FACE ( 'NONE', ( #6330 ), #5378, .T. ) ;
#3631 = CARTESIAN_POINT ( 'NONE',  ( 7.291839782992695100, 7.293020617144271100, -4.351211292308545500 ) ) ;
#3632 = AXIS2_PLACEMENT_3D ( 'NONE', #5628, #4639, #6183 ) ;
#3633 = DIRECTION ( 'NONE',  ( -0.9999999999999991100, 0.0000000000000000000, 4.269869799995166000E-008 ) ) ;
#3634 = FILL_AREA_STYLE_COLOUR ( '', #4338 ) ;
#3635 = CARTESIAN_POINT ( 'NONE',  ( 7.320000000000001200, 1.300000000000000000, 4.349999999999999600 ) ) ;
#3636 = CARTESIAN_POINT ( 'NONE',  ( -7.119999999999999200, 1.300000000000000000, 0.6700000000000003700 ) ) ;
#3637 = VECTOR ( 'NONE', #6193, 1000.000000000000000 ) ;
#3638 = CARTESIAN_POINT ( 'NONE',  ( 7.414220186781190800, 7.220312275605183000, 4.399166894732782200 ) ) ;
#3639 = ORIENTED_EDGE ( 'NONE', *, *, #4690, .F. ) ;
#3640 = DIRECTION ( 'NONE',  ( 1.000000000000000000, 0.0000000000000000000, -9.326470300950576100E-017 ) ) ;
#3641 =( GEOMETRIC_REPRESENTATION_CONTEXT ( 3 ) GLOBAL_UNCERTAINTY_ASSIGNED_CONTEXT ( ( #6404 ) ) GLOBAL_UNIT_ASSIGNED_CONTEXT ( ( #3767, #8121, #4388 ) ) REPRESENTATION_CONTEXT ( 'NONE', 'WORKASPACE' ) );
#3642 =( NAMED_UNIT ( * ) PLANE_ANGLE_UNIT ( ) SI_UNIT ( $, .RADIAN. ) );
#3643 = CARTESIAN_POINT ( 'NONE',  ( 7.291839753348281100, 7.293020610838042600, 4.351211320538110900 ) ) ;
#3644 = EDGE_CURVE ( 'NONE', #5345, #3623, #5581, .T. ) ;
#3645 = CARTESIAN_POINT ( 'NONE',  ( -7.160000000000000100, 0.6999999999999999600, -2.020000000000000000 ) ) ;
#3646 = ORIENTED_EDGE ( 'NONE', *, *, #3482, .F. ) ;
#3647 = ORIENTED_EDGE ( 'NONE', *, *, #2901, .F. ) ;
#3648 = SURFACE_STYLE_USAGE ( .BOTH. , #3525 ) ;
#3649 = CARTESIAN_POINT ( 'NONE',  ( -7.403221055352313200, 7.247427452733791000, -4.333642415676199500 ) ) ;
#3650 = ORIENTED_EDGE ( 'NONE', *, *, #4305, .F. ) ;
#3651 = LINE ( 'NONE', #1727, #3559 ) ;
#3652 = ORIENTED_EDGE ( 'NONE', *, *, #2258, .T. ) ;
#3653 = ORIENTED_EDGE ( 'NONE', *, *, #4083, .T. ) ;
#3654 = CARTESIAN_POINT ( 'NONE',  ( -7.327830241167274200, 7.248938944245534100, -4.429909011356142100 ) ) ;
#3655 = MECHANICAL_DESIGN_GEOMETRIC_PRESENTATION_REPRESENTATION (  '', ( #3828 ), #3622 ) ;
#3656 = EDGE_CURVE ( 'NONE', #7781, #8167, #7016, .T. ) ;
#3657 = ORIENTED_EDGE ( 'NONE', *, *, #5276, .F. ) ;
#3658 = LINE ( 'NONE', #2418, #3579 ) ;
#3659 = CARTESIAN_POINT ( 'NONE',  ( 7.301668545790784400, 7.296475142614259100, -4.325869153382830800 ) ) ;
#3660 = ORIENTED_EDGE ( 'NONE', *, *, #4166, .T. ) ;
#3661 = CARTESIAN_POINT ( 'NONE',  ( 7.299395760573212000, 7.294133808270271600, 4.344004647356011400 ) ) ;
#3662 = ORIENTED_EDGE ( 'NONE', *, *, #6001, .T. ) ;
#3663 = UNCERTAINTY_MEASURE_WITH_UNIT (LENGTH_MEASURE( 1.000000000000000100E-005 ), #5150, 'distance_accuracy_value', 'NONE');
#3664 = EDGE_CURVE ( 'NONE', #8167, #3577, #5171, .T. ) ;
#3665 = ORIENTED_EDGE ( 'NONE', *, *, #2595, .F. ) ;
#3666 = CARTESIAN_POINT ( 'NONE',  ( -7.352579468361037500, 7.281755574941644900, 4.320361451906525700 ) ) ;
#3667 = SURFACE_SIDE_STYLE ('',( #4421 ) ) ;
#3668 = FILL_AREA_STYLE ('',( #6186 ) ) ;
#3669 = CARTESIAN_POINT ( 'NONE',  ( 6.270000000000000500, 0.6999999999999998400, 3.260000000000000200 ) ) ;
#3670 = CARTESIAN_POINT ( 'NONE',  ( 7.063020160610344400, 1.249999999999999800, -0.7200000000000002000 ) ) ;
#3671 = ADVANCED_FACE ( 'NONE', ( #1943 ), #5567, .F. ) ;
#3672 = ORIENTED_EDGE ( 'NONE', *, *, #6220, .F. ) ;
#3673 = VERTEX_POINT ( 'NONE', #6548 ) ;
#3674 = SURFACE_STYLE_USAGE ( .BOTH. , #7412 ) ;
#3675 = ORIENTED_EDGE ( 'NONE', *, *, #795, .T. ) ;
#3676 = EDGE_CURVE ( 'NONE', #3577, #4949, #8221, .T. ) ;
#3677 = CARTESIAN_POINT ( 'NONE',  ( -3.039999999999999600, 0.9499999999999995100, -4.650000000000003000 ) ) ;
#3678 = EDGE_CURVE ( 'NONE', #3019, #3271, #8157, .T. ) ;
#3679 = STYLED_ITEM ( 'NONE', ( #8150 ), #3630 ) ;
#3680 = VERTEX_POINT ( 'NONE', #5018 ) ;
#3681 = ORIENTED_EDGE ( 'NONE', *, *, #3097, .F. ) ;
#3682 = ORIENTED_EDGE ( 'NONE', *, *, #6797, .F. ) ;
#3683 = FILL_AREA_STYLE_COLOUR ( '', #2640 ) ;
#3684 = CARTESIAN_POINT ( 'NONE',  ( 7.430370490530999700, 7.213749747877401800, 4.372257535146223600 ) ) ;
#3685 = STYLED_ITEM ( 'NONE', ( #5969 ), #1266 ) ;
#3686 = LINE ( 'NONE', #429, #3721 ) ;
#3687 = CARTESIAN_POINT ( 'NONE',  ( 7.290246448350405500, 7.299023938207815500, -4.305763194182108400 ) ) ;
#3688 = DIRECTION ( 'NONE',  ( 4.269869799995166000E-008, 0.0000000000000000000, 0.9999999999999991100 ) ) ;
#3689 = VECTOR ( 'NONE', #5519, 1000.000000000000000 ) ;
#3690 = EDGE_LOOP ( 'NONE', ( #1626, #4553, #6033, #4441 ) ) ;
#3691 = ORIENTED_EDGE ( 'NONE', *, *, #1477, .T. ) ;
#3692 = EDGE_CURVE ( 'NONE', #7781, #4949, #8134, .T. ) ;
#3693 = CARTESIAN_POINT ( 'NONE',  ( -4.580000000000000100, -0.2500000000000001100, 5.910000000000002800 ) ) ;
#3694 = SURFACE_STYLE_USAGE ( .BOTH. , #3667 ) ;
#3695 = CARTESIAN_POINT ( 'NONE',  ( 2.790000000000000500, 1.724059192313015100E-016, -5.300000000000002500 ) ) ;
#3696 = VERTEX_POINT ( 'NONE', #4443 ) ;
#3697 = CARTESIAN_POINT ( 'NONE',  ( -7.160000000000000100, 0.6999999999999999600, -3.259999999999999800 ) ) ;
#3698 = VERTEX_POINT ( 'NONE', #4333 ) ;
#3699 = CIRCLE ( 'NONE', #719, 0.2500000000000004400 ) ;
#3700 = VECTOR ( 'NONE', #2184, 1000.000000000000000 ) ;
#3701 = MECHANICAL_DESIGN_GEOMETRIC_PRESENTATION_REPRESENTATION (  '', ( #3857 ), #3641 ) ;
#3702 =( LENGTH_UNIT ( ) NAMED_UNIT ( * ) SI_UNIT ( .MILLI., .METRE. ) );
#3703 = LINE ( 'NONE', #366, #3518 ) ;
#3704 = DIRECTION ( 'NONE',  ( 0.0000000000000000000, 0.02617694830787321200, -0.9996573249755573700 ) ) ;
#3705 = FILL_AREA_STYLE_COLOUR ( '', #5147 ) ;
#3706 = EDGE_CURVE ( 'NONE', #7781, #5456, #7944, .T. ) ;
#3707 = CARTESIAN_POINT ( 'NONE',  ( 7.620000000000000100, 1.300000000000000000, -4.650000000000001200 ) ) ;
#3708 = VECTOR ( 'NONE', #4198, 1000.000000000000000 ) ;
#3709 = DIRECTION ( 'NONE',  ( 0.0000000000000000000, 0.0000000000000000000, -1.000000000000000000 ) ) ;
#3710 = ORIENTED_EDGE ( 'NONE', *, *, #6390, .F. ) ;
#3711 = ORIENTED_EDGE ( 'NONE', *, *, #3331, .T. ) ;
#3712 = AXIS2_PLACEMENT_3D ( 'NONE', #8163, #5533, #5555 ) ;
#3713 = VERTEX_POINT ( 'NONE', #4187 ) ;
#3714 = ORIENTED_EDGE ( 'NONE', *, *, #5952, .T. ) ;
#3715 = CARTESIAN_POINT ( 'NONE',  ( 7.268053096400541900, 7.300000000000000700, -4.298053096400543000 ) ) ;
#3716 = ORIENTED_EDGE ( 'NONE', *, *, #3316, .F. ) ;
#3717 = DIRECTION ( 'NONE',  ( 0.0000000000000000000, -1.000000000000000000, 0.0000000000000000000 ) ) ;
#3718 = CARTESIAN_POINT ( 'NONE',  ( 7.460000000000000000, 0.8599999999999999900, 2.020000000000000000 ) ) ;
#3719 = DIRECTION ( 'NONE',  ( -1.000000000000000000, 0.0000000000000000000, 0.0000000000000000000 ) ) ;
#3720 = EDGE_CURVE ( 'NONE', #3810, #4949, #5736, .T. ) ;
#3721 = VECTOR ( 'NONE', #383, 1000.000000000000000 ) ;
#3722 = FILL_AREA_STYLE ('',( #2403 ) ) ;
#3723 = VERTEX_POINT ( 'NONE', #4216 ) ;
#3724 = FILL_AREA_STYLE ('',( #4982 ) ) ;
#3725 = ORIENTED_EDGE ( 'NONE', *, *, #1238, .T. ) ;
#3726 =( LENGTH_UNIT ( ) NAMED_UNIT ( * ) SI_UNIT ( .MILLI., .METRE. ) );
#3727 = ORIENTED_EDGE ( 'NONE', *, *, #4334, .F. ) ;
#3728 = DIRECTION ( 'NONE',  ( -0.4472135954999567100, 0.0000000000000000000, -0.8944271909999164100 ) ) ;
#3729 = SURFACE_STYLE_USAGE ( .BOTH. , #2918 ) ;
#3730 = CARTESIAN_POINT ( 'NONE',  ( 6.948407623149841500, 1.899999999999999700, -3.200000000000001100 ) ) ;
#3731 = PLANE ( 'NONE',  #4170 ) ;
#3732 = EDGE_CURVE ( 'NONE', #5188, #6377, #6315, .T. ) ;
#3733 = LINE ( 'NONE', #3063, #5995 ) ;
#3734 = CARTESIAN_POINT ( 'NONE',  ( 5.580000000000001000, -1.084202172485504400E-016, 5.910000000000002800 ) ) ;
#3735 = ORIENTED_EDGE ( 'NONE', *, *, #2901, .T. ) ;
#3736 = CARTESIAN_POINT ( 'NONE',  ( -5.330000000000001000, -0.2500000000000001100, -5.550000000000002500 ) ) ;
#3737 = CARTESIAN_POINT ( 'NONE',  ( -7.429155590138010200, 7.218767909190898300, 4.340385900853561000 ) ) ;
#3738 = CARTESIAN_POINT ( 'NONE',  ( -7.320000000000000300, 7.105235389661573600, -4.497984561395655100 ) ) ;
#3739 = FILL_AREA_STYLE ('',( #4424 ) ) ;
#3740 = PRESENTATION_LAYER_ASSIGNMENT (  '', '', ( #3857 ) ) ;
#3741 =( LENGTH_UNIT ( ) NAMED_UNIT ( * ) SI_UNIT ( .MILLI., .METRE. ) );
#3742 = EDGE_CURVE ( 'NONE', #6293, #6377, #5755, .T. ) ;
#3743 = ORIENTED_EDGE ( 'NONE', *, *, #3745, .F. ) ;
#3744 = VERTEX_POINT ( 'NONE', #3127 ) ;
#3745 = EDGE_CURVE ( 'NONE', #5456, #3810, #5247, .T. ) ;
#3746 = FILL_AREA_STYLE ('',( #7467 ) ) ;
#3747 = ADVANCED_FACE ( 'NONE', ( #1520 ), #2840, .F. ) ;
#3748 =( GEOMETRIC_REPRESENTATION_CONTEXT ( 3 ) GLOBAL_UNCERTAINTY_ASSIGNED_CONTEXT ( ( #3286 ) ) GLOBAL_UNIT_ASSIGNED_CONTEXT ( ( #8194, #7406, #7127 ) ) REPRESENTATION_CONTEXT ( 'NONE', 'WORKASPACE' ) );
#3749 = CARTESIAN_POINT ( 'NONE',  ( -2.289999999999999600, 0.0000000000000000000, -5.550000000000002500 ) ) ;
#3750 = DIRECTION ( 'NONE',  ( -1.000000000000000000, -0.0000000000000000000, -0.0000000000000000000 ) ) ;
#3751 = DIRECTION ( 'NONE',  ( 1.000000000000000000, 0.0000000000000000000, -9.326470300950576100E-017 ) ) ;
#3752 = FACE_OUTER_BOUND ( 'NONE', #3943, .T. ) ;
#3753 = CARTESIAN_POINT ( 'NONE',  ( 7.386745320335006000, 7.261564332074662800, 4.329339024137612000 ) ) ;
#3754 = VECTOR ( 'NONE', #2166, 1000.000000000000100 ) ;
#3755 = CARTESIAN_POINT ( 'NONE',  ( 7.320000000000001200, 1.300000000000000000, 4.649999999999999500 ) ) ;
#3756 = ORIENTED_EDGE ( 'NONE', *, *, #3563, .T. ) ;
#3757 = ORIENTED_EDGE ( 'NONE', *, *, #5761, .F. ) ;
#3758 = DIRECTION ( 'NONE',  ( 0.0000000000000000000, 1.000000000000000000, 0.0000000000000000000 ) ) ;
#3759 =( NAMED_UNIT ( * ) PLANE_ANGLE_UNIT ( ) SI_UNIT ( $, .RADIAN. ) );
#3760 = ORIENTED_EDGE ( 'NONE', *, *, #734, .T. ) ;
#3761 = EDGE_CURVE ( 'NONE', #5456, #1628, #7858, .T. ) ;
#3762 = LINE ( 'NONE', #5557, #2008 ) ;
#3763 = MECHANICAL_DESIGN_GEOMETRIC_PRESENTATION_REPRESENTATION (  '', ( #3924 ), #3748 ) ;
#3764 = VECTOR ( 'NONE', #8022, 1000.000000000000000 ) ;
#3765 = CARTESIAN_POINT ( 'NONE',  ( 7.160000000000000100, 0.6999999999999999600, -3.259999999999999800 ) ) ;
#3766 = ORIENTED_EDGE ( 'NONE', *, *, #4969, .F. ) ;
#3767 =( LENGTH_UNIT ( ) NAMED_UNIT ( * ) SI_UNIT ( .MILLI., .METRE. ) );
#3768 =( NAMED_UNIT ( * ) SI_UNIT ( $, .STERADIAN. ) SOLID_ANGLE_UNIT ( ) );
#3769 = PRESENTATION_STYLE_ASSIGNMENT (( #4311 ) ) ;
#3770 = VERTEX_POINT ( 'NONE', #3669 ) ;
#3771 = LINE ( 'NONE', #893, #3366 ) ;
#3772 = VECTOR ( 'NONE', #4983, 1000.000000000000100 ) ;
#3773 = LINE ( 'NONE', #4386, #3764 ) ;
#3774 = DIRECTION ( 'NONE',  ( 1.000000000000000000, 0.0000000000000000000, -9.326470300950576100E-017 ) ) ;
#3775 = PRESENTATION_LAYER_ASSIGNMENT (  '', '', ( #3828 ) ) ;
#3776 = EDGE_CURVE ( 'NONE', #7240, #3810, #7460, .T. ) ;
#3777 = COLOUR_RGB ( '',1.000000000000000000, 1.000000000000000000, 1.000000000000000000 ) ;
#3778 = SURFACE_STYLE_USAGE ( .BOTH. , #7502 ) ;
#3779 = SURFACE_STYLE_FILL_AREA ( #3668 ) ;
#3780 = ORIENTED_EDGE ( 'NONE', *, *, #2126, .F. ) ;
#3781 = CARTESIAN_POINT ( 'NONE',  ( -4.830000000000000100, 0.9499999999999995100, -5.300000000000002500 ) ) ;
#3782 = CARTESIAN_POINT ( 'NONE',  ( -6.269999999999999600, 1.300000000000000000, -3.259999999999999300 ) ) ;
#3783 = ORIENTED_EDGE ( 'NONE', *, *, #3745, .T. ) ;
#3784 = CARTESIAN_POINT ( 'NONE',  ( -5.330000000000001000, 3.049999999999999800, -6.000000000000001800 ) ) ;
#3785 = CARTESIAN_POINT ( 'NONE',  ( 7.436602353278310300, 7.208827852375264900, 4.357956380275872700 ) ) ;
#3786 = LINE ( 'NONE', #1697, #3788 ) ;
#3787 =( NAMED_UNIT ( * ) PLANE_ANGLE_UNIT ( ) SI_UNIT ( $, .RADIAN. ) );
#3788 = VECTOR ( 'NONE', #5538, 1000.000000000000000 ) ;
#3789 = AXIS2_PLACEMENT_3D ( 'NONE', #8170, #1222, #5724 ) ;
#3790 = CARTESIAN_POINT ( 'NONE',  ( -7.160000000000000100, 0.6999999999999999600, 3.199999999999999700 ) ) ;
#3791 = ORIENTED_EDGE ( 'NONE', *, *, #2174, .T. ) ;
#3792 = DIRECTION ( 'NONE',  ( -0.4472135954999566500, 0.0000000000000000000, -0.8944271909999164100 ) ) ;
#3793 = ORIENTED_EDGE ( 'NONE', *, *, #7038, .F. ) ;
#3794 = ORIENTED_EDGE ( 'NONE', *, *, #6390, .T. ) ;
#3795 = CARTESIAN_POINT ( 'NONE',  ( 7.119999999999999200, 0.6899999999999999500, -2.070000000000001200 ) ) ;
#3796 = ADVANCED_FACE ( 'NONE', ( #7365 ), #2127, .F. ) ;
#3797 = LINE ( 'NONE', #456, #3600 ) ;
#3798 = DIRECTION ( 'NONE',  ( 4.269869923903965700E-008, -1.828634731526979600E-016, 0.9999999999999991100 ) ) ;
#3799 = DIRECTION ( 'NONE',  ( 1.000000000000000000, 0.0000000000000000000, 0.0000000000000000000 ) ) ;
#3800 = FILL_AREA_STYLE_COLOUR ( '', #4476 ) ;
#3801 = ORIENTED_EDGE ( 'NONE', *, *, #2060, .F. ) ;
#3802 = CARTESIAN_POINT ( 'NONE',  ( 1.530808498934191300E-016, 0.5999999999999998700, -1.250000000000000000 ) ) ;
#3803 = VERTEX_POINT ( 'NONE', #1927 ) ;
#3804 = ORIENTED_EDGE ( 'NONE', *, *, #331, .F. ) ;
#3805 = EDGE_CURVE ( 'NONE', #2475, #324, #7562, .T. ) ;
#3806 = DIRECTION ( 'NONE',  ( -9.326470300950576100E-017, 3.554761221263949000E-016, -1.000000000000000000 ) ) ;
#3807 = CARTESIAN_POINT ( 'NONE',  ( -7.619999999999999200, 0.0000000000000000000, 4.649999999999999500 ) ) ;
#3808 = ORIENTED_EDGE ( 'NONE', *, *, #2733, .T. ) ;
#3809 = CARTESIAN_POINT ( 'NONE',  ( -7.358742267626040800, 7.106249116547318500, -4.497958016022932000 ) ) ;
#3810 = VERTEX_POINT ( 'NONE', #1891 ) ;
#3811 = CARTESIAN_POINT ( 'NONE',  ( -7.386745320335008600, 7.261564332074691200, -4.329339024137612000 ) ) ;
#3812 = LINE ( 'NONE', #7821, #3299 ) ;
#3813 = DIRECTION ( 'NONE',  ( -0.8944271909999165200, 0.0000000000000000000, 0.4472135954999567100 ) ) ;
#3814 = CARTESIAN_POINT ( 'NONE',  ( -7.358629133395091900, 7.117751940953482400, 4.493683307537606800 ) ) ;
#3815 = DIRECTION ( 'NONE',  ( 0.0000000000000000000, -1.000000000000000000, -3.554761221263949000E-016 ) ) ;
#3816 = AXIS2_PLACEMENT_3D ( 'NONE', #1077, #5608, #1733 ) ;
#3817 = CARTESIAN_POINT ( 'NONE',  ( 7.320000000000001200, 7.105235389661573600, 4.497984561395653300 ) ) ;
#3818 = ORIENTED_EDGE ( 'NONE', *, *, #4969, .T. ) ;
#3819 = EDGE_CURVE ( 'NONE', #8167, #3623, #7572, .T. ) ;
#3820 = SURFACE_STYLE_FILL_AREA ( #1447 ) ;
#3821 = FILL_AREA_STYLE ('',( #3167 ) ) ;
#3822 = PRESENTATION_STYLE_ASSIGNMENT (( #4943 ) ) ;
#3823 = ORIENTED_EDGE ( 'NONE', *, *, #4841, .F. ) ;
#3824 = VERTEX_POINT ( 'NONE', #1185 ) ;
#3825 = CARTESIAN_POINT ( 'NONE',  ( 7.620000000000001000, 1.300000000000000000, 4.349999999999999600 ) ) ;
#3826 = DIRECTION ( 'NONE',  ( -1.000000000000000000, -0.0000000000000000000, -0.0000000000000000000 ) ) ;
#3827 = DIRECTION ( 'NONE',  ( -1.000000000000000000, 0.0000000000000000000, -0.0000000000000000000 ) ) ;
#3828 = STYLED_ITEM ( 'NONE', ( #8013 ), #5085 ) ;
#3829 = EDGE_CURVE ( 'NONE', #5345, #3577, #7359, .T. ) ;
#3830 = DIRECTION ( 'NONE',  ( 0.0000000000000000000, -1.000000000000000000, 0.0000000000000000000 ) ) ;
#3831 = ORIENTED_EDGE ( 'NONE', *, *, #3829, .T. ) ;
#3832 = EDGE_LOOP ( 'NONE', ( #7769, #2029, #1229 ) ) ;
#3833 = ORIENTED_EDGE ( 'NONE', *, *, #3644, .F. ) ;
#3834 = FILL_AREA_STYLE_COLOUR ( '', #5047 ) ;
#3835 = CARTESIAN_POINT ( 'NONE',  ( 7.440492519791059900, 7.202265325486620500, 4.343307157225011900 ) ) ;
#3836 = CARTESIAN_POINT ( 'NONE',  ( -7.342729041165960700, 7.283393073648772600, -4.348793091329934400 ) ) ;
#3837 = SURFACE_STYLE_USAGE ( .BOTH. , #7564 ) ;
#3838 = VECTOR ( 'NONE', #1016, 1000.000000000000000 ) ;
#3839 = VERTEX_POINT ( 'NONE', #2630 ) ;
#3840 = EDGE_CURVE ( 'NONE', #2341, #2992, #281, .T. ) ;
#3841 = CARTESIAN_POINT ( 'NONE',  ( 7.314955818545608500, 7.190459303313832400, 4.476951211599444300 ) ) ;
#3842 = PRESENTATION_LAYER_ASSIGNMENT (  '', '', ( #3924 ) ) ;
#3843 = DIRECTION ( 'NONE',  ( 0.0000000000000000000, -1.204669080539449800E-016, 1.000000000000000000 ) ) ;
#3844 = AXIS2_PLACEMENT_3D ( 'NONE', #8232, #1321, #5826 ) ;
#3845 = CARTESIAN_POINT ( 'NONE',  ( -7.460000000000000000, 0.8599999999999999900, 0.7200000000000002000 ) ) ;
#3846 = ORIENTED_EDGE ( 'NONE', *, *, #163, .T. ) ;
#3847 = ADVANCED_FACE ( 'NONE', ( #794 ), #565, .T. ) ;
#3848 = ORIENTED_EDGE ( 'NONE', *, *, #895, .F. ) ;
#3849 = EDGE_CURVE ( 'NONE', #1366, #7013, #6711, .T. ) ;
#3850 = FILL_AREA_STYLE ('',( #6353 ) ) ;
#3851 = COLOUR_RGB ( '',1.000000000000000000, 1.000000000000000000, 1.000000000000000000 ) ;
#3852 = CARTESIAN_POINT ( 'NONE',  ( 7.467984561395651300, 7.105235389661668700, -4.350000000000001400 ) ) ;
#3853 = AXIS2_PLACEMENT_3D ( 'NONE', #3807, #2189, #2143 ) ;
#3854 = ORIENTED_EDGE ( 'NONE', *, *, #172, .F. ) ;
#3855 = EDGE_LOOP ( 'NONE', ( #2177, #2384, #3369, #2417 ) ) ;
#3856 = DIRECTION ( 'NONE',  ( -0.0000000000000000000, 1.204669080539449800E-016, 1.000000000000000000 ) ) ;
#3857 = STYLED_ITEM ( 'NONE', ( #5156 ), #6004 ) ;
#3858 = DIRECTION ( 'NONE',  ( 0.0000000000000000000, 0.0000000000000000000, 1.000000000000000000 ) ) ;
#3859 = LINE ( 'NONE', #3403, #4432 ) ;
#3860 = EDGE_CURVE ( 'NONE', #6293, #5919, #6798, .T. ) ;
#3861 = VECTOR ( 'NONE', #7665, 1000.000000000000000 ) ;
#3862 = CARTESIAN_POINT ( 'NONE',  ( -7.312262536301354900, 7.287553719250378300, -4.363153968898174600 ) ) ;
#3863 = FILL_AREA_STYLE_COLOUR ( '', #2665 ) ;
#3864 = ORIENTED_EDGE ( 'NONE', *, *, #3331, .F. ) ;
#3865 = VERTEX_POINT ( 'NONE', #7762 ) ;
#3866 = SURFACE_STYLE_FILL_AREA ( #3542 ) ;
#3867 = PLANE ( 'NONE',  #2823 ) ;
#3868 = VECTOR ( 'NONE', #6273, 1000.000000000000000 ) ;
#3869 = EDGE_LOOP ( 'NONE', ( #7700, #7708, #7715, #6466, #2097, #2106, #6442, #7728, #7722, #6397, #6396, #6386, #6380, #6350, #6340, #6692, #6680, #6673, #6247, #6900, #6887, #2048, #2042, #6200 ) ) ;
#3870 = DIRECTION ( 'NONE',  ( -0.0000000000000000000, 1.000000000000000000, -0.0000000000000000000 ) ) ;
#3871 = COLOUR_RGB ( '',1.000000000000000000, 1.000000000000000000, 1.000000000000000000 ) ;
#3872 = B_SPLINE_CURVE_WITH_KNOTS ( 'NONE', 3,
 ( #8040, #7410, #441, #4941, #1075, #5607 ),
 .UNSPECIFIED., .F., .F.,
 ( 4, 2, 4 ),
 ( 0.0000000000000000000, 0.5000000000000000000, 1.000000000000000000 ),
 .UNSPECIFIED. ) ;
#3873 = ORIENTED_EDGE ( 'NONE', *, *, #4208, .F. ) ;
#3874 = VECTOR ( 'NONE', #5045, 1000.000000000000100 ) ;
#3875 = SURFACE_SIDE_STYLE ('',( #3303 ) ) ;
#3876 = EDGE_CURVE ( 'NONE', #3217, #3696, #6690, .T. ) ;
#3877 = ORIENTED_EDGE ( 'NONE', *, *, #139, .F. ) ;
#3878 = ADVANCED_FACE ( 'NONE', ( #6617 ), #7508, .F. ) ;
#3879 = LINE ( 'NONE', #5115, #3772 ) ;
#3880 = DIRECTION ( 'NONE',  ( 0.0000000000000000000, -1.000000000000000000, 0.0000000000000000000 ) ) ;
#3881 = ORIENTED_EDGE ( 'NONE', *, *, #208, .F. ) ;
#3882 = CARTESIAN_POINT ( 'NONE',  ( 7.309337437986620500, 7.224067695494270900, -4.455101798267647500 ) ) ;
#3883 = ORIENTED_EDGE ( 'NONE', *, *, #1817, .T. ) ;
#3884 = CARTESIAN_POINT ( 'NONE',  ( 7.268053096400541900, 7.299999999999999800, -4.298053096400543000 ) ) ;
#3885 = CARTESIAN_POINT ( 'NONE',  ( 5.330000010674673700, 0.6999999999999999600, 5.550000000000002500 ) ) ;
#3886 = SURFACE_SIDE_STYLE ('',( #1001 ) ) ;
#3887 = DIRECTION ( 'NONE',  ( -1.000000000000000000, 0.0000000000000000000, 0.0000000000000000000 ) ) ;
#3888 = UNCERTAINTY_MEASURE_WITH_UNIT (LENGTH_MEASURE( 1.000000000000000100E-005 ), #715, 'distance_accuracy_value', 'NONE');
#3889 = FACE_OUTER_BOUND ( 'NONE', #1263, .T. ) ;
#3890 = VERTEX_POINT ( 'NONE', #6448 ) ;
#3891 = CARTESIAN_POINT ( 'NONE',  ( -7.160000000000000100, 0.6999999999999999600, -2.020000000000000000 ) ) ;
#3892 = EDGE_CURVE ( 'NONE', #2555, #890, #6608, .T. ) ;
#3893 = ORIENTED_EDGE ( 'NONE', *, *, #5749, .T. ) ;
#3894 = SURFACE_SIDE_STYLE ('',( #6235 ) ) ;
#3895 = CARTESIAN_POINT ( 'NONE',  ( 7.330867588273598300, 7.196913052999122800, 4.473753099265820800 ) ) ;
#3896 = CARTESIAN_POINT ( 'NONE',  ( -7.283998896902906100, 7.291072519589344700, -4.358440843361868200 ) ) ;
#3897 = CARTESIAN_POINT ( 'NONE',  ( 1.530808498934191300E-016, 0.0000000000000000000, -1.250000000000000000 ) ) ;
#3898 = DIRECTION ( 'NONE',  ( -4.269869923903965000E-008, 0.0000000000000000000, -0.9999999999999991100 ) ) ;
#3899 = DIRECTION ( 'NONE',  ( 1.000000000000000000, 0.0000000000000000000, -9.326470300950576100E-017 ) ) ;
#3900 = STYLED_ITEM ( 'NONE', ( #306 ), #6966 ) ;
#3901 = VERTEX_POINT ( 'NONE', #7480 ) ;
#3902 = ORIENTED_EDGE ( 'NONE', *, *, #249, .T. ) ;
#3903 = ORIENTED_EDGE ( 'NONE', *, *, #4815, .F. ) ;
#3904 = CARTESIAN_POINT ( 'NONE',  ( -4.830000000000000100, 3.049999999999999800, -5.300000000000002500 ) ) ;
#3905 = DIRECTION ( 'NONE',  ( 9.326470300950574900E-017, 0.0000000000000000000, 1.000000000000000000 ) ) ;
#3906 = EDGE_CURVE ( 'NONE', #1773, #5919, #6422, .T. ) ;
#3907 = CARTESIAN_POINT ( 'NONE',  ( 7.619999999999999200, 1.300000000000000000, 0.6699999999999989300 ) ) ;
#3908 = FILL_AREA_STYLE_COLOUR ( '', #7260 ) ;
#3909 =( NAMED_UNIT ( * ) SI_UNIT ( $, .STERADIAN. ) SOLID_ANGLE_UNIT ( ) );
#3910 = CARTESIAN_POINT ( 'NONE',  ( -5.330000000000001000, 1.724059192313015100E-016, -5.300000000000002500 ) ) ;
#3911 = LINE ( 'NONE', #8092, #1787 ) ;
#3912 = ORIENTED_EDGE ( 'NONE', *, *, #4208, .T. ) ;
#3913 = EDGE_LOOP ( 'NONE', ( #5644, #378, #498, #131 ) ) ;
#3914 = DIRECTION ( 'NONE',  ( 1.000000000000000000, 0.0000000000000000000, -1.865294060190115200E-016 ) ) ;
#3915 = PLANE ( 'NONE',  #2950 ) ;
#3916 =( NAMED_UNIT ( * ) PLANE_ANGLE_UNIT ( ) SI_UNIT ( $, .RADIAN. ) );
#3917 = CARTESIAN_POINT ( 'NONE',  ( 7.320000000000000300, 0.0000000000000000000, -4.650000000000001200 ) ) ;
#3918 = CARTESIAN_POINT ( 'NONE',  ( -7.063020160610344400, 1.250000000000000000, 2.020000000000000000 ) ) ;
#3919 = COLOUR_RGB ( '',1.000000000000000000, 1.000000000000000000, 1.000000000000000000 ) ;
#3920 = ORIENTED_EDGE ( 'NONE', *, *, #4420, .T. ) ;
#3921 = ORIENTED_EDGE ( 'NONE', *, *, #2794, .T. ) ;
#3922 = EDGE_CURVE ( 'NONE', #2305, #6987, #4554, .T. ) ;
#3923 = CARTESIAN_POINT ( 'NONE',  ( 7.303091635712869200, 7.294412108732174700, 4.340396105974217100 ) ) ;
#3924 = STYLED_ITEM ( 'NONE', ( #6894 ), #3555 ) ;
#3925 = LINE ( 'NONE', #697, #3212 ) ;
#3926 = DIRECTION ( 'NONE',  ( 0.0000000000000000000, -1.000000000000000000, 0.0000000000000000000 ) ) ;
#3927 = LINE ( 'NONE', #5646, #7813 ) ;
#3928 = CARTESIAN_POINT ( 'NONE',  ( -7.288762825582250700, 7.299124177800065300, -4.307200032819411100 ) ) ;
#3929 = VERTEX_POINT ( 'NONE', #24 ) ;
#3930 = CARTESIAN_POINT ( 'NONE',  ( -7.619999999999999200, 0.6899999999999999500, 0.6700000000000003700 ) ) ;
#3931 = EDGE_LOOP ( 'NONE', ( #4077, #4742, #85, #6616, #8047, #7078 ) ) ;
#3932 = ADVANCED_FACE ( 'NONE', ( #4625 ), #5377, .T. ) ;
#3933 = CARTESIAN_POINT ( 'NONE',  ( -7.339107461385244100, 7.118501931649104700, 4.497606713993002700 ) ) ;
#3934 = VECTOR ( 'NONE', #4707, 1000.000000000000000 ) ;
#3935 = CARTESIAN_POINT ( 'NONE',  ( -4.580000000000001000, 0.9499999999999995100, -4.650000000000001200 ) ) ;
#3936 =( GEOMETRIC_REPRESENTATION_CONTEXT ( 3 ) GLOBAL_UNCERTAINTY_ASSIGNED_CONTEXT ( ( #570 ) ) GLOBAL_UNIT_ASSIGNED_CONTEXT ( ( #8042, #4318, #442 ) ) REPRESENTATION_CONTEXT ( 'NONE', 'WORKASPACE' ) );
#3937 = FILL_AREA_STYLE ('',( #682 ) ) ;
#3938 = EDGE_CURVE ( 'NONE', #3549, #3890, #2624, .T. ) ;
#3939 = FACE_OUTER_BOUND ( 'NONE', #4287, .T. ) ;
#3940 = AXIS2_PLACEMENT_3D ( 'NONE', #2485, #2466, #2442 ) ;
#3941 = ORIENTED_EDGE ( 'NONE', *, *, #4083, .F. ) ;
#3942 = PLANE ( 'NONE',  #3712 ) ;
#3943 = EDGE_LOOP ( 'NONE', ( #6506, #2009, #3351, #3012 ) ) ;
#3944 = PLANE ( 'NONE',  #3844 ) ;
#3945 = FACE_OUTER_BOUND ( 'NONE', #7022, .T. ) ;
#3946 = CARTESIAN_POINT ( 'NONE',  ( -7.063020160610344400, 1.250000000000000000, -2.020000000000000000 ) ) ;
#3947 = ORIENTED_EDGE ( 'NONE', *, *, #2174, .F. ) ;
#3948 = ORIENTED_EDGE ( 'NONE', *, *, #4179, .T. ) ;
#3949 = AXIS2_PLACEMENT_3D ( 'NONE', #8120, #4384, #532 ) ;
#3950 = CARTESIAN_POINT ( 'NONE',  ( 7.620000000000001000, 0.0000000000000000000, 4.349999999999999600 ) ) ;
#3951 = EDGE_CURVE ( 'NONE', #6433, #5065, #6324, .T. ) ;
#3952 = ORIENTED_EDGE ( 'NONE', *, *, #4882, .T. ) ;
#3953 = VECTOR ( 'NONE', #5457, 1000.000000000000000 ) ;
#3954 = ORIENTED_EDGE ( 'NONE', *, *, #704, .T. ) ;
#3955 = ORIENTED_EDGE ( 'NONE', *, *, #5169, .T. ) ;
#3956 = CARTESIAN_POINT ( 'NONE',  ( -7.274600976975966300, 7.299999999999999800, -4.305993812021728900 ) ) ;
#3957 = FILL_AREA_STYLE ('',( #3978 ) ) ;
#3958 = SURFACE_STYLE_FILL_AREA ( #1989 ) ;
#3959 = ORIENTED_EDGE ( 'NONE', *, *, #4026, .T. ) ;
#3960 = EDGE_LOOP ( 'NONE', ( #3757, #3766, #3791, #3794 ) ) ;
#3961 = CARTESIAN_POINT ( 'NONE',  ( -4.829999973953794900, -0.2500000000000001100, 5.910000000000002800 ) ) ;
#3962 = VECTOR ( 'NONE', #7658, 1000.000000000000000 ) ;
#3963 = EDGE_CURVE ( 'NONE', #7648, #6908, #2540, .T. ) ;
#3964 = PRESENTATION_STYLE_ASSIGNMENT (( #1576 ) ) ;
#3965 = EDGE_CURVE ( 'NONE', #7175, #6812, #6415, .T. ) ;
#3966 = ORIENTED_EDGE ( 'NONE', *, *, #4046, .T. ) ;
#3967 = ORIENTED_EDGE ( 'NONE', *, *, #4690, .T. ) ;
#3968 = FILL_AREA_STYLE ('',( #7684 ) ) ;
#3969 = VECTOR ( 'NONE', #4566, 1000.000000000000000 ) ;
#3970 = VERTEX_POINT ( 'NONE', #3907 ) ;
#3971 = LINE ( 'NONE', #2597, #3754 ) ;
#3972 = CARTESIAN_POINT ( 'NONE',  ( -2.790000000000000000, -0.2499999999999998900, -5.910000000000002800 ) ) ;
#3973 = DIRECTION ( 'NONE',  ( -0.0000000000000000000, -1.000000000000000000, 0.0000000000000000000 ) ) ;
#3974 = ORIENTED_EDGE ( 'NONE', *, *, #875, .T. ) ;
#3975 = MECHANICAL_DESIGN_GEOMETRIC_PRESENTATION_REPRESENTATION (  '', ( #4036 ), #3936 ) ;
#3976 = CARTESIAN_POINT ( 'NONE',  ( 2.790000000000000500, 1.724059192313015100E-016, -5.550000000000002500 ) ) ;
#3977 = CARTESIAN_POINT ( 'NONE',  ( -7.268053096400543600, 7.299999999999999800, -4.298053096400543000 ) ) ;
#3978 = FILL_AREA_STYLE_COLOUR ( '', #602 ) ;
#3979 = ORIENTED_EDGE ( 'NONE', *, *, #2195, .F. ) ;
#3980 = EDGE_CURVE ( 'NONE', #601, #2886, #7454, .T. ) ;
#3981 = VECTOR ( 'NONE', #1957, 999.9999999999998900 ) ;
#3982 = EDGE_LOOP ( 'NONE', ( #6439, #6625, #1311, #412, #5157, #2554 ) ) ;
#3983 = ORIENTED_EDGE ( 'NONE', *, *, #7605, .T. ) ;
#3984 = CARTESIAN_POINT ( 'NONE',  ( 7.320000000000000300, 1.300000000000000000, -4.650000000000001200 ) ) ;
#3985 = SURFACE_STYLE_FILL_AREA ( #3968 ) ;
#3986 = ORIENTED_EDGE ( 'NONE', *, *, #1280, .F. ) ;
#3987 = DIRECTION ( 'NONE',  ( 0.0000000000000000000, -1.204669080539449800E-016, 1.000000000000000000 ) ) ;
#3988 = LINE ( 'NONE', #2344, #504 ) ;
#3989 = AXIS2_PLACEMENT_3D ( 'NONE', #7333, #350, #7988 ) ;
#3990 = CARTESIAN_POINT ( 'NONE',  ( 7.339107461385710400, 7.118501931648781400, -4.497606713993157300 ) ) ;
#3991 = ORIENTED_EDGE ( 'NONE', *, *, #875, .F. ) ;
#3992 = EDGE_CURVE ( 'NONE', #3, #6892, #5927, .T. ) ;
#3993 = PRESENTATION_STYLE_ASSIGNMENT (( #3018 ) ) ;
#3994 = SURFACE_SIDE_STYLE ('',( #6447 ) ) ;
#3995 = CARTESIAN_POINT ( 'NONE',  ( -4.830000000000001800, 3.049999999999999800, 5.300000000000006000 ) ) ;
#3996 = ORIENTED_EDGE ( 'NONE', *, *, #1571, .F. ) ;
#3997 = CARTESIAN_POINT ( 'NONE',  ( -5.329999973953791300, -0.2500000000000001100, 5.910000000000002800 ) ) ;
#3998 = ORIENTED_EDGE ( 'NONE', *, *, #3992, .F. ) ;
#3999 = EDGE_LOOP ( 'NONE', ( #6453, #4092, #7631, #5329, #7672, #7977 ) ) ;
#4000 = CARTESIAN_POINT ( 'NONE',  ( -7.347920772106209400, 7.283863988888984200, 4.325920359749551000 ) ) ;
#4001 = PLANE ( 'NONE',  #6318 ) ;
#4002 = VERTEX_POINT ( 'NONE', #1354 ) ;
#4003 =( LENGTH_UNIT ( ) NAMED_UNIT ( * ) SI_UNIT ( .MILLI., .METRE. ) );
#4004 = CARTESIAN_POINT ( 'NONE',  ( -7.319999999999999400, 1.300000000000000000, 4.349999999999999600 ) ) ;
#4005 = AXIS2_PLACEMENT_3D ( 'NONE', #7033, #3282, #7651 ) ;
#4006 = LINE ( 'NONE', #4304, #9 ) ;
#4007 = VECTOR ( 'NONE', #5510, 999.9999999999998900 ) ;
#4008 = DIRECTION ( 'NONE',  ( -0.0000000000000000000, -1.000000000000000000, -0.0000000000000000000 ) ) ;
#4009 = ORIENTED_EDGE ( 'NONE', *, *, #4134, .T. ) ;
#4010 = CARTESIAN_POINT ( 'NONE',  ( -7.319999999999999400, 0.0000000000000000000, 4.649999999999999500 ) ) ;
#4011 = VECTOR ( 'NONE', #5454, 1000.000000000000000 ) ;
#4012 = CARTESIAN_POINT ( 'NONE',  ( 7.346273657167543500, 7.201753365158888100, 4.467882273575411600 ) ) ;
#4013 = CARTESIAN_POINT ( 'NONE',  ( 7.408655241387442000, 7.134245506797944900, -4.465715775305570300 ) ) ;
#4014 = FACE_OUTER_BOUND ( 'NONE', #4028, .T. ) ;
#4015 = FACE_OUTER_BOUND ( 'NONE', #2465, .T. ) ;
#4016 = ORIENTED_EDGE ( 'NONE', *, *, #3051, .F. ) ;
#4017 = EDGE_LOOP ( 'NONE', ( #7850, #7589, #5740, #5729 ) ) ;
#4018 = CARTESIAN_POINT ( 'NONE',  ( 7.620000000000001000, 1.300000000000000000, 4.349999999999999600 ) ) ;
#4019 = VECTOR ( 'NONE', #7326, 1000.000000000000000 ) ;
#4020 = CARTESIAN_POINT ( 'NONE',  ( -7.293527925528665400, 7.275195344518950300, 4.395360393478537900 ) ) ;
#4021 = VECTOR ( 'NONE', #1453, 1000.000000000000000 ) ;
#4022 = CARTESIAN_POINT ( 'NONE',  ( -7.392604342609762300, 7.237693626859155000, 4.401679144334604400 ) ) ;
#4023 = EDGE_CURVE ( 'NONE', #6317, #212, #7759, .T. ) ;
#4024 = FACE_OUTER_BOUND ( 'NONE', #807, .T. ) ;
#4025 = VERTEX_POINT ( 'NONE', #1059 ) ;
#4026 = EDGE_CURVE ( 'NONE', #3, #8015, #5837, .T. ) ;
#4027 = ADVANCED_FACE ( 'NONE', ( #5848 ), #211, .T. ) ;
#4028 = EDGE_LOOP ( 'NONE', ( #7907, #2034, #6035, #2251 ) ) ;
#4029 = DIRECTION ( 'NONE',  ( -0.0000000000000000000, -1.000000000000000000, -0.0000000000000000000 ) ) ;
#4030 = DIRECTION ( 'NONE',  ( 0.0000000000000000000, -1.000000000000000000, 0.0000000000000000000 ) ) ;
#4031 =( LENGTH_UNIT ( ) NAMED_UNIT ( * ) SI_UNIT ( .MILLI., .METRE. ) );
#4032 = COLOUR_RGB ( '',1.000000000000000000, 1.000000000000000000, 1.000000000000000000 ) ;
#4033 = VERTEX_POINT ( 'NONE', #1369 ) ;
#4034 = ORIENTED_EDGE ( 'NONE', *, *, #2733, .F. ) ;
#4035 = ORIENTED_EDGE ( 'NONE', *, *, #3527, .T. ) ;
#4036 = STYLED_ITEM ( 'NONE', ( #7500 ), #5985 ) ;
#4037 = FILL_AREA_STYLE_COLOUR ( '', #6142 ) ;
#4038 = EDGE_CURVE ( 'NONE', #5989, #8015, #5918, .T. ) ;
#4039 = ORIENTED_EDGE ( 'NONE', *, *, #3074, .T. ) ;
#4040 = CARTESIAN_POINT ( 'NONE',  ( 7.454773261804200000, 7.161173462351946700, -4.383854750080849300 ) ) ;
#4041 = DIRECTION ( 'NONE',  ( 1.000000000000000000, 0.0000000000000000000, -0.0000000000000000000 ) ) ;
#4042 = DIRECTION ( 'NONE',  ( -0.0000000000000000000, -0.0000000000000000000, 1.000000000000000000 ) ) ;
#4043 = LINE ( 'NONE', #1885, #5902 ) ;
#4044 = FACE_OUTER_BOUND ( 'NONE', #7636, .T. ) ;
#4045 = DIRECTION ( 'NONE',  ( -1.000000000000000000, 0.0000000000000000000, 0.0000000000000000000 ) ) ;
#4046 = EDGE_CURVE ( 'NONE', #5989, #6892, #3358, .T. ) ;
#4047 = SURFACE_SIDE_STYLE ('',( #3866 ) ) ;
#4048 = COLOUR_RGB ( '',1.000000000000000000, 1.000000000000000000, 1.000000000000000000 ) ;
#4049 = CARTESIAN_POINT ( 'NONE',  ( -7.343092529416050100, 7.285445301050758700, 4.331423762006871800 ) ) ;
#4050 = PLANE ( 'NONE',  #7492 ) ;
#4051 = LINE ( 'NONE', #6431, #1566 ) ;
#4052 = ORIENTED_EDGE ( 'NONE', *, *, #2060, .T. ) ;
#4053 = DIRECTION ( 'NONE',  ( 1.000000000000000000, -0.0000000000000000000, -0.0000000000000000000 ) ) ;
#4054 = ADVANCED_FACE ( 'NONE', ( #5828 ), #3191, .T. ) ;
#4055 = CARTESIAN_POINT ( 'NONE',  ( -7.160000000000000100, 0.0000000000000000000, -3.259999999999999800 ) ) ;
#4056 = CARTESIAN_POINT ( 'NONE',  ( 7.160000000000000100, 0.6899999999999999500, -3.259999999999999800 ) ) ;
#4057 = LINE ( 'NONE', #7151, #250 ) ;
#4058 = ORIENTED_EDGE ( 'NONE', *, *, #5761, .T. ) ;
#4059 = FACE_OUTER_BOUND ( 'NONE', #4699, .T. ) ;
#4060 =( GEOMETRIC_REPRESENTATION_CONTEXT ( 3 ) GLOBAL_UNCERTAINTY_ASSIGNED_CONTEXT ( ( #4560 ) ) GLOBAL_UNIT_ASSIGNED_CONTEXT ( ( #2879, #2719, #717 ) ) REPRESENTATION_CONTEXT ( 'NONE', 'WORKASPACE' ) );
#4061 = ORIENTED_EDGE ( 'NONE', *, *, #6123, .F. ) ;
#4062 = CARTESIAN_POINT ( 'NONE',  ( -7.467984561395653900, 7.105235389661575400, -4.350000000000001400 ) ) ;
#4063 =( NAMED_UNIT ( * ) PLANE_ANGLE_UNIT ( ) SI_UNIT ( $, .RADIAN. ) );
#4064 = CARTESIAN_POINT ( 'NONE',  ( 7.374990886923356500, 7.208207114583671200, 4.451878701608378300 ) ) ;
#4065 = VERTEX_POINT ( 'NONE', #1496 ) ;
#4066 = ORIENTED_EDGE ( 'NONE', *, *, #208, .T. ) ;
#4067 = FACE_OUTER_BOUND ( 'NONE', #2604, .T. ) ;
#4068 = CARTESIAN_POINT ( 'NONE',  ( 7.314955818545618300, 7.190459303313764900, -4.476951211599482500 ) ) ;
#4069 = ORIENTED_EDGE ( 'NONE', *, *, #246, .F. ) ;
#4070 = EDGE_CURVE ( 'NONE', #7427, #1322, #5433, .T. ) ;
#4071 = LINE ( 'NONE', #1213, #2021 ) ;
#4072 = ORIENTED_EDGE ( 'NONE', *, *, #4815, .T. ) ;
#4073 = CARTESIAN_POINT ( 'NONE',  ( -7.160000000000000100, 0.6899999999999999500, -2.069999999999999800 ) ) ;
#4074 = CARTESIAN_POINT ( 'NONE',  ( -7.333153968899416100, 7.287553719251275400, 4.342262536301726400 ) ) ;
#4075 =( LENGTH_UNIT ( ) NAMED_UNIT ( * ) SI_UNIT ( .MILLI., .METRE. ) );
#4076 = CARTESIAN_POINT ( 'NONE',  ( 7.274314320596889900, 7.298890286592095900, 4.321757689262393700 ) ) ;
#4077 = ORIENTED_EDGE ( 'NONE', *, *, #6543, .F. ) ;
#4078 = EDGE_LOOP ( 'NONE', ( #6699, #5842, #3568, #5754, #3467, #4061 ) ) ;
#4079 = PRESENTATION_LAYER_ASSIGNMENT (  '', '', ( #4036 ) ) ;
#4080 = SURFACE_STYLE_USAGE ( .BOTH. , #7795 ) ;
#4081 = CARTESIAN_POINT ( 'NONE',  ( -7.285834297736338200, 7.299999999999999800, -4.365380793464943600 ) ) ;
#4082 = CARTESIAN_POINT ( 'NONE',  ( 4.580000000000001000, 0.9499999999999998400, 4.800000000000002500 ) ) ;
#4083 = EDGE_CURVE ( 'NONE', #4065, #8149, #5353, .T. ) ;
#4084 = DIRECTION ( 'NONE',  ( 0.0000000000000000000, -1.000000000000000000, 1.828634731526980300E-016 ) ) ;
#4085 = MECHANICAL_DESIGN_GEOMETRIC_PRESENTATION_REPRESENTATION (  '', ( #4183 ), #4060 ) ;
#4086 = ORIENTED_EDGE ( 'NONE', *, *, #6531, .F. ) ;
#4087 = ORIENTED_EDGE ( 'NONE', *, *, #3285, .F. ) ;
#4088 = ORIENTED_EDGE ( 'NONE', *, *, #2408, .T. ) ;
#4089 = CARTESIAN_POINT ( 'NONE',  ( -7.410914594453485500, 7.106838958628546100, -4.468307795167376600 ) ) ;
#4090 = SURFACE_SIDE_STYLE ('',( #8254 ) ) ;
#4091 = CARTESIAN_POINT ( 'NONE',  ( 7.369166894733487200, 7.220312275604252200, -4.444220186781468100 ) ) ;
#4092 = ORIENTED_EDGE ( 'NONE', *, *, #174, .T. ) ;
#4093 =( GEOMETRIC_REPRESENTATION_CONTEXT ( 3 ) GLOBAL_UNCERTAINTY_ASSIGNED_CONTEXT ( ( #4715 ) ) GLOBAL_UNIT_ASSIGNED_CONTEXT ( ( #6874, #3118, #7487 ) ) REPRESENTATION_CONTEXT ( 'NONE', 'WORKASPACE' ) );
#4094 = EDGE_CURVE ( 'NONE', #1288, #2369, #5344, .T. ) ;
#4095 = ADVANCED_FACE ( 'NONE', ( #7653 ), #342, .T. ) ;
#4096 = EDGE_LOOP ( 'NONE', ( #5824, #210, #2197, #5472 ) ) ;
#4097 = VERTEX_POINT ( 'NONE', #7690 ) ;
#4098 = DIRECTION ( 'NONE',  ( 0.0000000000000000000, 1.000000000000000000, 0.0000000000000000000 ) ) ;
#4099 = ORIENTED_EDGE ( 'NONE', *, *, #6797, .T. ) ;
#4100 = CARTESIAN_POINT ( 'NONE',  ( -7.328043651072944100, 7.288080825290015800, 4.347597908339262000 ) ) ;
#4101 = CARTESIAN_POINT ( 'NONE',  ( 7.317528216482888800, 7.166261939742989600, 4.487176294355778700 ) ) ;
#4102 = ORIENTED_EDGE ( 'NONE', *, *, #4244, .F. ) ;
#4103 = ADVANCED_FACE ( 'NONE', ( #5220, #4725, #3057, #2983 ), #7186, .F. ) ;
#4104 = MECHANICAL_DESIGN_GEOMETRIC_PRESENTATION_REPRESENTATION (  '', ( #4252 ), #4093 ) ;
#4105 = DIRECTION ( 'NONE',  ( 0.0000000000000000000, -1.000000000000000000, 0.0000000000000000000 ) ) ;
#4106 = FACE_OUTER_BOUND ( 'NONE', #4335, .T. ) ;
#4107 =( NAMED_UNIT ( * ) SI_UNIT ( $, .STERADIAN. ) SOLID_ANGLE_UNIT ( ) );
#4108 = ORIENTED_EDGE ( 'NONE', *, *, #5261, .T. ) ;
#4109 = CARTESIAN_POINT ( 'NONE',  ( 7.160000000000000100, 0.6999999999999999600, -2.020000000000000000 ) ) ;
#4110 = ORIENTED_EDGE ( 'NONE', *, *, #4294, .T. ) ;
#4111 = VECTOR ( 'NONE', #2598, 1000.000000000000000 ) ;
#4112 = AXIS2_PLACEMENT_3D ( 'NONE', #8052, #8084, #222 ) ;
#4113 = ADVANCED_FACE ( 'NONE', ( #1512 ), #6583, .F. ) ;
#4114 = CARTESIAN_POINT ( 'NONE',  ( 7.619999999999999200, 1.300000000000000000, -2.070000000000001200 ) ) ;
#4115 = CARTESIAN_POINT ( 'NONE',  ( 5.330000026046205300, -1.084202172485503700E-016, 5.910000000000002800 ) ) ;
#4116 = CARTESIAN_POINT ( 'NONE',  ( -7.339107461312608800, 7.118501931345793600, -4.497606714001305400 ) ) ;
#4117 = COLOUR_RGB ( '',1.000000000000000000, 1.000000000000000000, 1.000000000000000000 ) ;
#4118 = ORIENTED_EDGE ( 'NONE', *, *, #1078, .F. ) ;
#4119 = DIRECTION ( 'NONE',  ( -0.0000000000000000000, 1.000000000000000000, -0.0000000000000000000 ) ) ;
#4120 = EDGE_CURVE ( 'NONE', #5600, #3613, #6139, .T. ) ;
#4121 = VERTEX_POINT ( 'NONE', #7221 ) ;
#4122 = CARTESIAN_POINT ( 'NONE',  ( 7.402036026572307700, 7.236116484270874100, -4.390185627064481000 ) ) ;
#4123 = DIRECTION ( 'NONE',  ( 0.0000000000000000000, -1.000000000000000000, 0.0000000000000000000 ) ) ;
#4124 = PRESENTATION_LAYER_ASSIGNMENT (  '', '', ( #4183 ) ) ;
#4125 = ORIENTED_EDGE ( 'NONE', *, *, #3776, .F. ) ;
#4126 = PLANE ( 'NONE',  #1302 ) ;
#4127 = VERTEX_POINT ( 'NONE', #5643 ) ;
#4128 = VERTEX_POINT ( 'NONE', #5527 ) ;
#4129 = CARTESIAN_POINT ( 'NONE',  ( 7.160000000000000100, 0.6999999999999999600, 2.020000000000000000 ) ) ;
#4130 = PLANE ( 'NONE',  #2308 ) ;
#4131 = CARTESIAN_POINT ( 'NONE',  ( -7.317597958018051700, 7.288080828692556200, 4.358043603146176900 ) ) ;
#4132 = SURFACE_STYLE_USAGE ( .BOTH. , #4047 ) ;
#4133 =( LENGTH_UNIT ( ) NAMED_UNIT ( * ) SI_UNIT ( .MILLI., .METRE. ) );
#4134 = EDGE_CURVE ( 'NONE', #1288, #4478, #3762, .T. ) ;
#4135 = VECTOR ( 'NONE', #6701, 1000.000000000000000 ) ;
#4136 = ORIENTED_EDGE ( 'NONE', *, *, #5952, .F. ) ;
#4137 = VERTEX_POINT ( 'NONE', #5175 ) ;
#4138 = EDGE_LOOP ( 'NONE', ( #3624, #1018, #3122, #2976 ) ) ;
#4139 = PLANE ( 'NONE',  #4581 ) ;
#4140 = DIRECTION ( 'NONE',  ( -0.0000000000000000000, 1.000000000000000000, 0.0000000000000000000 ) ) ;
#4141 = SURFACE_SIDE_STYLE ('',( #1800 ) ) ;
#4142 = UNCERTAINTY_MEASURE_WITH_UNIT (LENGTH_MEASURE( 1.000000000000000100E-005 ), #8127, 'distance_accuracy_value', 'NONE');
#4143 =( GEOMETRIC_REPRESENTATION_CONTEXT ( 3 ) GLOBAL_UNCERTAINTY_ASSIGNED_CONTEXT ( ( #5815 ) ) GLOBAL_UNIT_ASSIGNED_CONTEXT ( ( #6755, #2997, #7355 ) ) REPRESENTATION_CONTEXT ( 'NONE', 'WORKASPACE' ) );
#4144 = ORIENTED_EDGE ( 'NONE', *, *, #1842, .T. ) ;
#4145 = CARTESIAN_POINT ( 'NONE',  ( -7.459702267680707900, 7.158634174454945800, -4.366131461451398200 ) ) ;
#4146 = EDGE_CURVE ( 'NONE', #5975, #2886, #4539, .T. ) ;
#4147 = VECTOR ( 'NONE', #2270, 1000.000000000000000 ) ;
#4148 = ORIENTED_EDGE ( 'NONE', *, *, #4197, .F. ) ;
#4149 = CARTESIAN_POINT ( 'NONE',  ( 7.425101798267642800, 7.224067695494280600, -4.339337437986609200 ) ) ;
#4150 = SURFACE_STYLE_FILL_AREA ( #6136 ) ;
#4151 = DIRECTION ( 'NONE',  ( 0.0000000000000000000, -1.000000000000000000, 0.0000000000000000000 ) ) ;
#4152 = CARTESIAN_POINT ( 'NONE',  ( 7.119999999999998300, 0.9268512727847124700, -3.260000000000000700 ) ) ;
#4153 = EDGE_CURVE ( 'NONE', #3087, #4478, #3879, .T. ) ;
#4154 = CARTESIAN_POINT ( 'NONE',  ( -7.312262582789628600, 7.287553726056355400, 4.363153925915556300 ) ) ;
#4155 = FILL_AREA_STYLE_COLOUR ( '', #1355 ) ;
#4156 = ORIENTED_EDGE ( 'NONE', *, *, #5279, .F. ) ;
#4157 = DIRECTION ( 'NONE',  ( 0.0000000000000000000, 0.0000000000000000000, -1.000000000000000000 ) ) ;
#4158 = ORIENTED_EDGE ( 'NONE', *, *, #1842, .F. ) ;
#4159 = VECTOR ( 'NONE', #4200, 1000.000000000000100 ) ;
#4160 = DIRECTION ( 'NONE',  ( -0.4472135954999573200, -1.077488781791351900E-016, 0.8944271909999161900 ) ) ;
#4161 = DIRECTION ( 'NONE',  ( 0.0000000000000000000, 0.0000000000000000000, 1.000000000000000000 ) ) ;
#4162 = ORIENTED_EDGE ( 'NONE', *, *, #1652, .F. ) ;
#4163 = SURFACE_STYLE_FILL_AREA ( #720 ) ;
#4164 = SURFACE_SIDE_STYLE ('',( #2201 ) ) ;
#4165 =( NAMED_UNIT ( * ) SI_UNIT ( $, .STERADIAN. ) SOLID_ANGLE_UNIT ( ) );
#4166 = EDGE_CURVE ( 'NONE', #1773, #2181, #4451, .T. ) ;
#4167 = VERTEX_POINT ( 'NONE', #5318 ) ;
#4168 = ORIENTED_EDGE ( 'NONE', *, *, #5543, .F. ) ;
#4169 = CARTESIAN_POINT ( 'NONE',  ( -3.039999999999999600, 0.9499999999999995100, -4.650000000000003000 ) ) ;
#4170 = AXIS2_PLACEMENT_3D ( 'NONE', #3195, #3106, #2958 ) ;
#4171 = CARTESIAN_POINT ( 'NONE',  ( -7.423172827656633100, 7.182873056603853000, -4.427895112977959800 ) ) ;
#4172 = VECTOR ( 'NONE', #561, 1000.000000000000000 ) ;
#4173 = VECTOR ( 'NONE', #3064, 1000.000000000000000 ) ;
#4174 = CARTESIAN_POINT ( 'NONE',  ( 7.327830236420007600, 7.248938941924710600, -4.429909014814960200 ) ) ;
#4175 = ORIENTED_EDGE ( 'NONE', *, *, #4823, .T. ) ;
#4176 = FILL_AREA_STYLE_COLOUR ( '', #1638 ) ;
#4177 = LINE ( 'NONE', #7877, #94 ) ;
#4178 = MECHANICAL_DESIGN_GEOMETRIC_PRESENTATION_REPRESENTATION (  '', ( #4290 ), #4143 ) ;
#4179 = EDGE_CURVE ( 'NONE', #6867, #324, #2317, .T. ) ;
#4180 = VECTOR ( 'NONE', #5676, 1000.000000000000000 ) ;
#4181 = ORIENTED_EDGE ( 'NONE', *, *, #6684, .T. ) ;
#4182 = EDGE_CURVE ( 'NONE', #3087, #5141, #4442, .T. ) ;
#4183 = STYLED_ITEM ( 'NONE', ( #7311 ), #3440 ) ;
#4184 = DIRECTION ( 'NONE',  ( 4.269869923903965000E-008, -1.828634731526979400E-016, 0.9999999999999991100 ) ) ;
#4185 = ORIENTED_EDGE ( 'NONE', *, *, #2708, .T. ) ;
#4186 = CARTESIAN_POINT ( 'NONE',  ( -7.436602352529265000, 7.208827853717836300, 4.357956379902725000 ) ) ;
#4187 = CARTESIAN_POINT ( 'NONE',  ( 7.160000000000000100, 0.6999999999999999600, -2.020000000000000000 ) ) ;
#4188 = FACE_OUTER_BOUND ( 'NONE', #1195, .T. ) ;
#4189 = DIRECTION ( 'NONE',  ( -1.000000000000000000, 0.0000000000000000000, -0.0000000000000000000 ) ) ;
#4190 = PLANE ( 'NONE',  #8180 ) ;
#4191 = LINE ( 'NONE', #7526, #1228 ) ;
#4192 = CARTESIAN_POINT ( 'NONE',  ( 7.388302047785220600, 7.209820551848690000, 4.441745955331750700 ) ) ;
#4193 = DIRECTION ( 'NONE',  ( 0.0000000000000000000, 0.0000000000000000000, 1.000000000000000000 ) ) ;
#4194 = VERTEX_POINT ( 'NONE', #4114 ) ;
#4195 = CARTESIAN_POINT ( 'NONE',  ( -7.619999999999999200, 1.300000000000000000, -0.6699999999999999300 ) ) ;
#4196 = PLANE ( 'NONE',  #6168 ) ;
#4197 = EDGE_CURVE ( 'NONE', #5546, #5141, #4838, .T. ) ;
#4198 = DIRECTION ( 'NONE',  ( 1.000000000000000000, -0.0000000000000000000, 0.0000000000000000000 ) ) ;
#4199 = DIRECTION ( 'NONE',  ( 0.9999999999999991100, 0.0000000000000000000, -4.269869923903965000E-008 ) ) ;
#4200 = DIRECTION ( 'NONE',  ( -0.4472135954999567100, 0.0000000000000000000, 0.8944271909999164100 ) ) ;
#4201 = CARTESIAN_POINT ( 'NONE',  ( -7.346273657165865800, 7.201753365155517500, -4.467882273575549200 ) ) ;
#4202 = ORIENTED_EDGE ( 'NONE', *, *, #3507, .F. ) ;
#4203 = CARTESIAN_POINT ( 'NONE',  ( 7.460000000000000000, 0.6999999999999999600, -0.7200000000000002000 ) ) ;
#4204 = VECTOR ( 'NONE', #907, 1000.000000000000000 ) ;
#4205 = CARTESIAN_POINT ( 'NONE',  ( 7.363671726596429300, 7.267619693825119900, -4.377593045828630700 ) ) ;
#4206 = CARTESIAN_POINT ( 'NONE',  ( -7.320000517603343600, 7.116844109650927800, 4.497680576364492000 ) ) ;
#4207 = AXIS2_PLACEMENT_3D ( 'NONE', #4966, #2386, #1104 ) ;
#4208 = EDGE_CURVE ( 'NONE', #6283, #2856, #5663, .T. ) ;
#4209 = DIRECTION ( 'NONE',  ( 9.326470300950576100E-017, 0.0000000000000000000, 1.000000000000000000 ) ) ;
#4210 = COLOUR_RGB ( '',1.000000000000000000, 1.000000000000000000, 1.000000000000000000 ) ;
#4211 = ORIENTED_EDGE ( 'NONE', *, *, #5534, .T. ) ;
#4212 = LINE ( 'NONE', #3765, #4111 ) ;
#4213 = CARTESIAN_POINT ( 'NONE',  ( -7.467984561395653000, 7.105235389661575400, 4.349999999999999600 ) ) ;
#4214 = CARTESIAN_POINT ( 'NONE',  ( -7.301423792665190100, 7.285445309557106300, 4.373092503137787200 ) ) ;
#4215 = CARTESIAN_POINT ( 'NONE',  ( 7.457176294356452600, 7.166261939741041000, 4.347528216476926700 ) ) ;
#4216 = CARTESIAN_POINT ( 'NONE',  ( 4.580000000000001000, 0.6999999999999998400, 4.650000000000003000 ) ) ;
#4217 = DIRECTION ( 'NONE',  ( 0.0000000000000000000, 1.000000000000000000, 0.0000000000000000000 ) ) ;
#4218 = EDGE_LOOP ( 'NONE', ( #4330, #2147, #3123, #6580, #7873, #7108, #1813, #1270, #1546, #1494, #1535, #1469, #1476, #1432, #1435, #1393 ) ) ;
#4219 = CARTESIAN_POINT ( 'NONE',  ( 7.411745955112866800, 7.209820551640281600, 4.418302048319639600 ) ) ;
#4220 = DIRECTION ( 'NONE',  ( 1.000000000000000000, -0.0000000000000000000, -0.0000000000000000000 ) ) ;
#4221 = PRESENTATION_STYLE_ASSIGNMENT (( #628 ) ) ;
#4222 = SURFACE_STYLE_USAGE ( .BOTH. , #7928 ) ;
#4223 = CARTESIAN_POINT ( 'NONE',  ( -2.039999999999999600, 0.6999999999999994000, -5.300000000000002500 ) ) ;
#4224 = DIRECTION ( 'NONE',  ( 0.0000000000000000000, 1.000000000000000000, 0.0000000000000000000 ) ) ;
#4225 = FACE_OUTER_BOUND ( 'NONE', #1441, .T. ) ;
#4226 = FACE_OUTER_BOUND ( 'NONE', #4505, .T. ) ;
#4227 = CARTESIAN_POINT ( 'NONE',  ( -7.429155590140699600, 7.218767909187249600, -4.340385900845973300 ) ) ;
#4228 = EDGE_CURVE ( 'NONE', #1322, #6169, #4356, .T. ) ;
#4229 = ORIENTED_EDGE ( 'NONE', *, *, #4294, .F. ) ;
#4230 = CARTESIAN_POINT ( 'NONE',  ( 7.381084945210638200, 7.265667959403074000, -4.337998146881900200 ) ) ;
#4231 = EDGE_LOOP ( 'NONE', ( #7751, #4211, #3225, #3136 ) ) ;
#4232 = CARTESIAN_POINT ( 'NONE',  ( 7.620000000000000100, 1.300000000000000000, -4.350000000000001400 ) ) ;
#4233 = DIRECTION ( 'NONE',  ( -1.000000000000000000, 0.0000000000000000000, 0.0000000000000000000 ) ) ;
#4234 = B_SPLINE_SURFACE_WITH_KNOTS ( 'NONE', 3, 3, ( 
 ( #5728, #5255, #5012, #4645, #4616, #4567, #4503, #4400, #4237, #4213 ),
 ( #4206, #3933, #3814, #3427, #3189, #3177, #3128, #2967, #2906, #2892 ),
 ( #2716, #2567, #2517, #2307, #2230, #2107, #2023, #2460, #1953, #1899 ),
 ( #75, #1851, #1810, #6566, #7130, #1982, #1586, #3353, #1428, #1394 ),
 ( #1365, #1313, #1194, #1173, #1149, #978, #932, #722, #679, #545 ),
 ( #515, #187, #61, #2261, #3373, #7765, #7269, #7093, #6096, #4931 ),
 ( #6044, #5993, #5932, #4739, #4712, #5243, #4310, #4259, #4186, #3454 ),
 ( #2768, #909, #881, #279, #7982, #4022, #8035, #8006, #4847, #7951 ),
 ( #7922, #7897, #2988, #7875, #7846, #7819, #1696, #7736, #7713, #3541 ),
 ( #7404, #7376, #7323, #7295, #7250, #7228, #7205, #7174, #7149, #7122 ),
 ( #6801, #6777, #6747, #6722, #6670, #6649, #6622, #6594, #6567, #6542 ),
 ( #6513, #6486, #6210, #6156, #6128, #6068, #6016, #5965, #5905, #5882 ),
 ( #5596, #5569, #5509, #5480, #5450, #5420, #5398, #5365, #5336, #5305 ),
 ( #5275, #4905, #4873, #4824, #4799, #4767, #4687, #4664, #4631, #4610 ),
 ( #4285, #4239, #4214, #4154, #4131, #4100, #4074, #4049, #4000, #3666 ),
 ( #3616, #3588, #3564, #3513, #3486, #3398, #3341, #3017, #2951, #2927 ),
 ( #2894, #2866, #2837, #2804, #2736, #2705, #2678, #2350, #2321, #2291 ),
 ( #2231, #2202, #2178, #2154, #2128, #2095, #2073, #2044, #2007, #1724 ),
 ( #1671, #3038, #1644, #1613, #1587, #1563, #1536, #1509, #1472, #1442 ),
 ( #1419, #1380, #1069, #1036, #1005, #979, #953, #5536, #934, #856 ) ),
 .UNSPECIFIED., .F., .F., .F.,
 ( 4, 2, 2, 2, 2, 2, 2, 2, 2, 4 ),
 ( 4, 2, 2, 2, 4 ),
 ( 0.0000000000000000000, 0.1190919775369422100, 0.2381839550738844300, 0.3677971626963605900, 0.4326037665075986900, 0.4974103703188367300, 0.6276388186686908700, 0.7578672670185450100, 0.8789336335092725600, 1.000000000000000000 ),
 ( 0.0000000000000000000, 0.2500000000000000000, 0.5000000000000000000, 0.7500000000000000000, 1.000000000000000000 ),
 .UNSPECIFIED. ) ;
#4235 = CARTESIAN_POINT ( 'NONE',  ( -4.829999989325326500, -4.258936886558715000E-017, 5.550000010674677900 ) ) ;
#4236 = ADVANCED_FACE ( 'NONE', ( #4433 ), #3380, .F. ) ;
#4237 = CARTESIAN_POINT ( 'NONE',  ( -7.467971256119559700, 7.105743497656090000, 4.369417166743124500 ) ) ;
#4238 = PRESENTATION_LAYER_ASSIGNMENT (  '', '', ( #4290 ) ) ;
#4239 = CARTESIAN_POINT ( 'NONE',  ( -7.295920377769172100, 7.283863995694059800, 4.377920757590636900 ) ) ;
#4240 = CARTESIAN_POINT ( 'NONE',  ( -5.329999989325322000, 0.6999999999999998400, 5.550000000000002500 ) ) ;
#4241 = FACE_OUTER_BOUND ( 'NONE', #1295, .T. ) ;
#4242 = CARTESIAN_POINT ( 'NONE',  ( 7.291757689262908600, 7.298890286592052400, 4.304314320596406100 ) ) ;
#4243 = DIRECTION ( 'NONE',  ( -1.000000000000000000, -0.0000000000000000000, -0.0000000000000000000 ) ) ;
#4244 = EDGE_CURVE ( 'NONE', #2369, #5546, #3988, .T. ) ;
#4245 = CARTESIAN_POINT ( 'NONE',  ( -7.119999999999999200, 0.9268512727847090200, -3.259999999999999800 ) ) ;
#4246 = FACE_OUTER_BOUND ( 'NONE', #4218, .T. ) ;
#4247 = CARTESIAN_POINT ( 'NONE',  ( -7.460000000000000000, 0.8599999999999999900, 2.020000000000000000 ) ) ;
#4248 = DIRECTION ( 'NONE',  ( 9.969675149291992000E-017, -0.0000000000000000000, 1.000000000000000000 ) ) ;
#4249 = VERTEX_POINT ( 'NONE', #2399 ) ;
#4250 = DIRECTION ( 'NONE',  ( 0.0000000000000000000, 0.0000000000000000000, -1.000000000000000000 ) ) ;
#4251 = CARTESIAN_POINT ( 'NONE',  ( -7.397856601761761300, 7.241024787403532100, -4.387194845856955200 ) ) ;
#4252 = STYLED_ITEM ( 'NONE', ( #7921 ), #4993 ) ;
#4253 = EDGE_CURVE ( 'NONE', #3865, #556, #3971, .T. ) ;
#4254 = CARTESIAN_POINT ( 'NONE',  ( 7.295920377768485600, 7.283863995694637200, -4.377920757589850000 ) ) ;
#4255 = VERTEX_POINT ( 'NONE', #2267 ) ;
#4256 = LINE ( 'NONE', #7153, #607 ) ;
#4257 = SURFACE_STYLE_USAGE ( .BOTH. , #7978 ) ;
#4258 = ORIENTED_EDGE ( 'NONE', *, *, #2720, .F. ) ;
#4259 = CARTESIAN_POINT ( 'NONE',  ( -7.430370489500606200, 7.213749749555770300, 4.372257534773778400 ) ) ;
#4260 = CARTESIAN_POINT ( 'NONE',  ( 2.040000000000000000, 0.9499999999999995100, -4.650000000000003000 ) ) ;
#4261 = ORIENTED_EDGE ( 'NONE', *, *, #163, .F. ) ;
#4262 = CARTESIAN_POINT ( 'NONE',  ( -2.039999999999999600, 0.6999999999999994000, -5.300000000000002500 ) ) ;
#4263 = LINE ( 'NONE', #7929, #1410 ) ;
#4264 =( GEOMETRIC_REPRESENTATION_CONTEXT ( 3 ) GLOBAL_UNCERTAINTY_ASSIGNED_CONTEXT ( ( #4363 ) ) GLOBAL_UNIT_ASSIGNED_CONTEXT ( ( #5801, #1945, #6426 ) ) REPRESENTATION_CONTEXT ( 'NONE', 'WORKASPACE' ) );
#4265 = SURFACE_STYLE_USAGE ( .BOTH. , #7987 ) ;
#4266 = DIRECTION ( 'NONE',  ( 0.0000000000000000000, -1.000000000000000000, -3.942553354492744000E-016 ) ) ;
#4267 = CARTESIAN_POINT ( 'NONE',  ( -7.619999999999999200, 0.0000000000000000000, 4.349999999999999600 ) ) ;
#4268 = CARTESIAN_POINT ( 'NONE',  ( 5.580000000000001000, -0.2499999999999997800, -5.300000000000002500 ) ) ;
#4269 = PRESENTATION_STYLE_ASSIGNMENT (( #7848 ) ) ;
#4270 = EDGE_CURVE ( 'NONE', #8107, #5194, #6879, .T. ) ;
#4271 = ORIENTED_EDGE ( 'NONE', *, *, #2507, .F. ) ;
#4272 =( GEOMETRIC_REPRESENTATION_CONTEXT ( 3 ) GLOBAL_UNCERTAINTY_ASSIGNED_CONTEXT ( ( #7558 ) ) GLOBAL_UNIT_ASSIGNED_CONTEXT ( ( #3581, #3432, #3114 ) ) REPRESENTATION_CONTEXT ( 'NONE', 'WORKASPACE' ) );
#4273 = CARTESIAN_POINT ( 'NONE',  ( -7.351380436366092400, 7.250235863273961600, -4.419332246022079000 ) ) ;
#4274 = COLOUR_RGB ( '',1.000000000000000000, 1.000000000000000000, 1.000000000000000000 ) ;
#4275 = CYLINDRICAL_SURFACE ( 'NONE', #499, 0.1999999999999996500 ) ;
#4276 = ORIENTED_EDGE ( 'NONE', *, *, #5007, .F. ) ;
#4277 = CARTESIAN_POINT ( 'NONE',  ( 7.303091685602005600, 7.294412111253587100, -4.340396056651322000 ) ) ;
#4278 = DIRECTION ( 'NONE',  ( -1.865294060190115700E-016, 1.057860829179710500E-015, -1.000000000000000000 ) ) ;
#4279 = ORIENTED_EDGE ( 'NONE', *, *, #2971, .F. ) ;
#4280 = DIRECTION ( 'NONE',  ( -0.0000000000000000000, 1.000000000000000000, -0.0000000000000000000 ) ) ;
#4281 = AXIS2_PLACEMENT_3D ( 'NONE', #1623, #6105, #2272 ) ;
#4282 = CARTESIAN_POINT ( 'NONE',  ( 5.580000000000001000, 1.899999999999999700, 4.800000000000001600 ) ) ;
#4283 = CARTESIAN_POINT ( 'NONE',  ( 7.119999999999997400, 0.1999999999999999600, -2.900000000000001200 ) ) ;
#4284 = VECTOR ( 'NONE', #5994, 1000.000000000000000 ) ;
#4285 = CARTESIAN_POINT ( 'NONE',  ( -7.290361451906536100, 7.281755574941636100, 4.382579468361036800 ) ) ;
#4286 = CARTESIAN_POINT ( 'NONE',  ( 4.580000000000001000, 0.9499999999999998400, 4.650000000000003000 ) ) ;
#4287 = EDGE_LOOP ( 'NONE', ( #5061, #4681, #973, #1801 ) ) ;
#4288 = CARTESIAN_POINT ( 'NONE',  ( 5.580000000000001000, -4.258936691357909700E-017, -5.550000000000002500 ) ) ;
#4289 = DIRECTION ( 'NONE',  ( 0.0000000000000000000, 0.0000000000000000000, -1.000000000000000000 ) ) ;
#4290 = STYLED_ITEM ( 'NONE', ( #193 ), #5960 ) ;
#4291 = CARTESIAN_POINT ( 'NONE',  ( -7.319999999999999400, 1.300000000000000000, 4.349999999999999600 ) ) ;
#4292 = LINE ( 'NONE', #1511, #4284 ) ;
#4293 = CARTESIAN_POINT ( 'NONE',  ( -7.446096863085541500, 7.206400456474886700, -4.344826948015990500 ) ) ;
#4294 = EDGE_CURVE ( 'NONE', #7597, #3865, #3658, .T. ) ;
#4295 = CARTESIAN_POINT ( 'NONE',  ( -7.119999999999999200, 0.1999999999999999600, -2.899999999999999900 ) ) ;
#4296 = MECHANICAL_DESIGN_GEOMETRIC_PRESENTATION_REPRESENTATION (  '', ( #4532 ), #4272 ) ;
#4297 = CYLINDRICAL_SURFACE ( 'NONE', #2925, 0.2500000000000002200 ) ;
#4298 = CARTESIAN_POINT ( 'NONE',  ( -7.305897810492066200, 7.239162846125088500, -4.441856465389458100 ) ) ;
#4299 = SURFACE_STYLE_FILL_AREA ( #7229 ) ;
#4300 = ORIENTED_EDGE ( 'NONE', *, *, #5618, .T. ) ;
#4301 = LINE ( 'NONE', #527, #1848 ) ;
#4302 = CARTESIAN_POINT ( 'NONE',  ( -5.329999999999997400, 0.6999999999999998400, 5.300000000000002500 ) ) ;
#4303 = CARTESIAN_POINT ( 'NONE',  ( 7.310326282040775500, 7.295621559343302000, -4.316971022100155200 ) ) ;
#4304 = CARTESIAN_POINT ( 'NONE',  ( -4.520000000000000500, 0.6999999999999998400, 4.680000000000002400 ) ) ;
#4305 = EDGE_CURVE ( 'NONE', #1111, #2578, #3651, .T. ) ;
#4306 = FACE_OUTER_BOUND ( 'NONE', #1804, .T. ) ;
#4307 = ORIENTED_EDGE ( 'NONE', *, *, #4323, .F. ) ;
#4308 = CARTESIAN_POINT ( 'NONE',  ( -6.269999999999998700, 0.6999999999999998400, 3.260000000000000200 ) ) ;
#4309 = MECHANICAL_DESIGN_GEOMETRIC_PRESENTATION_REPRESENTATION (  '', ( #4568 ), #4264 ) ;
#4310 = CARTESIAN_POINT ( 'NONE',  ( -7.414220185702868400, 7.220312276948249100, 4.399166894688534900 ) ) ;
#4311 = SURFACE_STYLE_USAGE ( .BOTH. , #8036 ) ;
#4312 =( NAMED_UNIT ( * ) SI_UNIT ( $, .STERADIAN. ) SOLID_ANGLE_UNIT ( ) );
#4313 = VECTOR ( 'NONE', #6435, 1000.000000000000000 ) ;
#4314 = LINE ( 'NONE', #6866, #6115 ) ;
#4315 = PRESENTATION_LAYER_ASSIGNMENT (  '', '', ( #4252 ) ) ;
#4316 = EDGE_CURVE ( 'NONE', #5845, #2181, #1627, .T. ) ;
#4317 = VERTEX_POINT ( 'NONE', #1488 ) ;
#4318 =( NAMED_UNIT ( * ) PLANE_ANGLE_UNIT ( ) SI_UNIT ( $, .RADIAN. ) );
#4319 = FILL_AREA_STYLE ('',( #7413 ) ) ;
#4320 = FACE_OUTER_BOUND ( 'NONE', #3612, .T. ) ;
#4321 = CYLINDRICAL_SURFACE ( 'NONE', #47, 0.2999999999999999300 ) ;
#4322 = EDGE_CURVE ( 'NONE', #6169, #2416, #54, .T. ) ;
#4323 = EDGE_CURVE ( 'NONE', #7597, #7368, #3553, .T. ) ;
#4324 = CARTESIAN_POINT ( 'NONE',  ( 7.271094192904048900, 7.300000000000000700, -4.309568070390017900 ) ) ;
#4325 = VECTOR ( 'NONE', #1951, 1000.000000000000000 ) ;
#4326 = CARTESIAN_POINT ( 'NONE',  ( -7.619999999999999200, 1.300000000000000000, -3.199999999999999700 ) ) ;
#4327 = ORIENTED_EDGE ( 'NONE', *, *, #363, .F. ) ;
#4328 = SURFACE_STYLE_FILL_AREA ( #3625 ) ;
#4329 = CARTESIAN_POINT ( 'NONE',  ( 7.421878701578654300, 7.208207114166852700, 4.404990887584151700 ) ) ;
#4330 = ORIENTED_EDGE ( 'NONE', *, *, #5511, .F. ) ;
#4331 = DIRECTION ( 'NONE',  ( 9.326470300950574900E-017, 0.0000000000000000000, 1.000000000000000000 ) ) ;
#4332 = CARTESIAN_POINT ( 'NONE',  ( -3.039999999999999100, 3.049999999999999800, -4.800000000000002500 ) ) ;
#4333 = CARTESIAN_POINT ( 'NONE',  ( -7.119999999999999200, 1.300000000000000000, -3.199999999999999700 ) ) ;
#4334 = EDGE_CURVE ( 'NONE', #7368, #6909, #3571, .T. ) ;
#4335 = EDGE_LOOP ( 'NONE', ( #6042, #6011, #5015, #5004, #5987 ) ) ;
#4336 = PRESENTATION_LAYER_ASSIGNMENT (  '', '', ( #4532 ) ) ;
#4337 =( NAMED_UNIT ( * ) SI_UNIT ( $, .STERADIAN. ) SOLID_ANGLE_UNIT ( ) );
#4338 = COLOUR_RGB ( '',1.000000000000000000, 1.000000000000000000, 1.000000000000000000 ) ;
#4339 = EDGE_LOOP ( 'NONE', ( #5523, #5513, #5488, #3329 ) ) ;
#4340 =( GEOMETRIC_REPRESENTATION_CONTEXT ( 3 ) GLOBAL_UNCERTAINTY_ASSIGNED_CONTEXT ( ( #7887 ) ) GLOBAL_UNIT_ASSIGNED_CONTEXT ( ( #3702, #8070, #4337 ) ) REPRESENTATION_CONTEXT ( 'NONE', 'WORKASPACE' ) );
#4341 = EDGE_CURVE ( 'NONE', #1948, #6909, #2424, .T. ) ;
#4342 = ORIENTED_EDGE ( 'NONE', *, *, #1051, .T. ) ;
#4343 = DIRECTION ( 'NONE',  ( 0.0000000000000000000, -1.000000000000000000, -1.828634731526981100E-016 ) ) ;
#4344 = CARTESIAN_POINT ( 'NONE',  ( 7.437882273750132000, 7.201753364637852400, 4.376273657781677400 ) ) ;
#4345 = VECTOR ( 'NONE', #3606, 1000.000000000000000 ) ;
#4346 = CARTESIAN_POINT ( 'NONE',  ( 7.268053096400541900, 7.300000000000000700, -4.298053096400543000 ) ) ;
#4347 = ORIENTED_EDGE ( 'NONE', *, *, #4341, .F. ) ;
#4348 = CARTESIAN_POINT ( 'NONE',  ( 7.620000000000001000, 1.300000000000000000, 3.259999999999998900 ) ) ;
#4349 = CARTESIAN_POINT ( 'NONE',  ( -7.119999999999999200, 1.300000000000000000, 0.6700000000000003700 ) ) ;
#4350 = EDGE_LOOP ( 'NONE', ( #3639, #3647, #3653, #3675 ) ) ;
#4351 = SURFACE_STYLE_USAGE ( .BOTH. , #8088 ) ;
#4352 = SURFACE_STYLE_FILL_AREA ( #3266 ) ;
#4353 = ORIENTED_EDGE ( 'NONE', *, *, #4323, .T. ) ;
#4354 = CARTESIAN_POINT ( 'NONE',  ( 7.619999999999999200, 0.6899999999999999500, -0.6700000000000015900 ) ) ;
#4355 = ORIENTED_EDGE ( 'NONE', *, *, #2483, .T. ) ;
#4356 = LINE ( 'NONE', #3782, #4345 ) ;
#4357 = DIRECTION ( 'NONE',  ( -1.000000000000000000, -0.0000000000000000000, -0.0000000000000000000 ) ) ;
#4358 = VERTEX_POINT ( 'NONE', #870 ) ;
#4359 = PLANE ( 'NONE',  #1307 ) ;
#4360 = CARTESIAN_POINT ( 'NONE',  ( -7.446951211597597500, 7.190459303317561900, 4.344955818554990600 ) ) ;
#4361 = EDGE_CURVE ( 'NONE', #556, #1948, #3161, .T. ) ;
#4362 = CARTESIAN_POINT ( 'NONE',  ( -7.119999999999999200, 0.0000000000000000000, -4.663235150475288100E-017 ) ) ;
#4363 = UNCERTAINTY_MEASURE_WITH_UNIT (LENGTH_MEASURE( 1.000000000000000100E-005 ), #5801, 'distance_accuracy_value', 'NONE');
#4364 = FACE_OUTER_BOUND ( 'NONE', #4860, .T. ) ;
#4365 = EDGE_CURVE ( 'NONE', #4526, #3481, #3274, .T. ) ;
#4366 = COLOUR_RGB ( '',0.0000000000000000000, 1.000000000000000000, 0.0000000000000000000 ) ;
#4367 =( NAMED_UNIT ( * ) SI_UNIT ( $, .STERADIAN. ) SOLID_ANGLE_UNIT ( ) );
#4368 = CARTESIAN_POINT ( 'NONE',  ( 7.443753099455820500, 7.196913052582281100, 4.360867588714686600 ) ) ;
#4369 = SURFACE_STYLE_USAGE ( .BOTH. , #8106 ) ;
#4370 = LINE ( 'NONE', #7525, #5542 ) ;
#4371 = CARTESIAN_POINT ( 'NONE',  ( 7.446951211599468900, 7.190459303313788900, 4.344955818545626500 ) ) ;
#4372 = ORIENTED_EDGE ( 'NONE', *, *, #3232, .T. ) ;
#4373 = CARTESIAN_POINT ( 'NONE',  ( 4.830000000000000100, 1.724059192313015100E-016, -5.300000000000002500 ) ) ;
#4374 = CARTESIAN_POINT ( 'NONE',  ( 3.040000000000000900, 0.9499999999999995100, -4.650000000000001200 ) ) ;
#4375 = EDGE_CURVE ( 'NONE', #556, #6596, #2444, .T. ) ;
#4376 = CARTESIAN_POINT ( 'NONE',  ( -4.830000000000001800, 0.9499999999999997300, 5.300000000000002500 ) ) ;
#4377 = CARTESIAN_POINT ( 'NONE',  ( -2.039999999999999600, 0.6999999999999994000, -4.650000000000003000 ) ) ;
#4378 = CARTESIAN_POINT ( 'NONE',  ( -7.119999999999999200, 0.9268512727847090200, -2.069999999999999800 ) ) ;
#4379 = PRESENTATION_STYLE_ASSIGNMENT (( #3259 ) ) ;
#4380 =( LENGTH_UNIT ( ) NAMED_UNIT ( * ) SI_UNIT ( .MILLI., .METRE. ) );
#4381 = ORIENTED_EDGE ( 'NONE', *, *, #4361, .T. ) ;
#4382 = LINE ( 'NONE', #7299, #4011 ) ;
#4383 =( GEOMETRIC_REPRESENTATION_CONTEXT ( 3 ) GLOBAL_UNCERTAINTY_ASSIGNED_CONTEXT ( ( #2221 ) ) GLOBAL_UNIT_ASSIGNED_CONTEXT ( ( #325, #4832, #962 ) ) REPRESENTATION_CONTEXT ( 'NONE', 'WORKASPACE' ) );
#4384 = DIRECTION ( 'NONE',  ( 1.000000000000000000, 0.0000000000000000000, -0.0000000000000000000 ) ) ;
#4385 = CIRCLE ( 'NONE', #2072, 0.2999999999999999300 ) ;
#4386 = CARTESIAN_POINT ( 'NONE',  ( 5.330000000000001000, 1.899999999999999700, -5.300000000000002500 ) ) ;
#4387 = SURFACE_STYLE_FILL_AREA ( #2430 ) ;
#4388 =( NAMED_UNIT ( * ) SI_UNIT ( $, .STERADIAN. ) SOLID_ANGLE_UNIT ( ) );
#4389 = CARTESIAN_POINT ( 'NONE',  ( 3.040000000000000000, -0.2499999999999998900, -5.910000000000002800 ) ) ;
#4390 = EDGE_CURVE ( 'NONE', #1948, #6541, #608, .T. ) ;
#4391 = CARTESIAN_POINT ( 'NONE',  ( -7.119999999999999200, 0.4999999999999998900, -3.199999999999999700 ) ) ;
#4392 = LINE ( 'NONE', #6022, #2159 ) ;
#4393 = LINE ( 'NONE', #5080, #4405 ) ;
#4394 =( NAMED_UNIT ( * ) PLANE_ANGLE_UNIT ( ) SI_UNIT ( $, .RADIAN. ) );
#4395 = VECTOR ( 'NONE', #589, 1000.000000000000000 ) ;
#4396 = UNCERTAINTY_MEASURE_WITH_UNIT (LENGTH_MEASURE( 1.000000000000000100E-005 ), #6310, 'distance_accuracy_value', 'NONE');
#4397 = CARTESIAN_POINT ( 'NONE',  ( 4.830000000000000100, 1.724059192313015100E-016, -5.550000000000002500 ) ) ;
#4398 = ORIENTED_EDGE ( 'NONE', *, *, #4375, .F. ) ;
#4399 = ADVANCED_FACE ( 'NONE', ( #3142 ), #6859, .T. ) ;
#4400 = CARTESIAN_POINT ( 'NONE',  ( -7.463976214670831100, 7.106144389897949900, 4.388721665252579600 ) ) ;
#4401 = EDGE_CURVE ( 'NONE', #6541, #6596, #2854, .T. ) ;
#4402 = DIRECTION ( 'NONE',  ( -0.0000000000000000000, 1.000000000000000000, -0.0000000000000000000 ) ) ;
#4403 = CARTESIAN_POINT ( 'NONE',  ( 7.317528216476917500, 7.166261939741084500, 4.487176294356436800 ) ) ;
#4404 = DIRECTION ( 'NONE',  ( 0.4472135954999567100, -1.077488781791352200E-016, -0.8944271909999164100 ) ) ;
#4405 = VECTOR ( 'NONE', #1225, 1000.000000000000000 ) ;
#4406 = VERTEX_POINT ( 'NONE', #1397 ) ;
#4407 = CARTESIAN_POINT ( 'NONE',  ( -7.460000000000000000, 0.6999999999999999600, -2.020000000000000000 ) ) ;
#4408 = PRESENTATION_LAYER_ASSIGNMENT (  '', '', ( #4568 ) ) ;
#4409 = PRESENTATION_STYLE_ASSIGNMENT (( #340 ) ) ;
#4410 = CARTESIAN_POINT ( 'NONE',  ( -6.948407623149841500, 1.899999999999999700, 2.069999999999999800 ) ) ;
#4411 = DIRECTION ( 'NONE',  ( 0.0000000000000000000, 1.000000000000000000, 0.0000000000000000000 ) ) ;
#4412 = CARTESIAN_POINT ( 'NONE',  ( -2.899999999999999900, 0.9499999999999995100, -5.080000000000001800 ) ) ;
#4413 = EDGE_CURVE ( 'NONE', #5845, #5167, #2862, .T. ) ;
#4414 = LINE ( 'NONE', #5137, #5525 ) ;
#4415 = CARTESIAN_POINT ( 'NONE',  ( -5.329999989325322000, 0.0000000000000000000, 5.550000000000002500 ) ) ;
#4416 = PLANE ( 'NONE',  #860 ) ;
#4417 = EDGE_LOOP ( 'NONE', ( #4398, #4381, #7859, #7202 ) ) ;
#4418 = VECTOR ( 'NONE', #2327, 1000.000000000000000 ) ;
#4419 = CARTESIAN_POINT ( 'NONE',  ( 7.342729041165311400, 7.283393073648819700, 4.348793091329433500 ) ) ;
#4420 = EDGE_CURVE ( 'NONE', #3613, #7501, #6977, .T. ) ;
#4421 = SURFACE_STYLE_FILL_AREA ( #2952 ) ;
#4422 = CARTESIAN_POINT ( 'NONE',  ( -7.374956640808952600, 7.268745683343961900, -4.346375509992467000 ) ) ;
#4423 = CARTESIAN_POINT ( 'NONE',  ( 7.119999999999999200, 1.300000000000000000, -2.070000000000001200 ) ) ;
#4424 = FILL_AREA_STYLE_COLOUR ( '', #5851 ) ;
#4425 = PLANE ( 'NONE',  #7152 ) ;
#4426 = ORIENTED_EDGE ( 'NONE', *, *, #2890, .T. ) ;
#4427 = PLANE ( 'NONE',  #879 ) ;
#4428 = MECHANICAL_DESIGN_GEOMETRIC_PRESENTATION_REPRESENTATION (  '', ( #4550 ), #4383 ) ;
#4429 = SURFACE_STYLE_USAGE ( .BOTH. , #8166 ) ;
#4430 = ORIENTED_EDGE ( 'NONE', *, *, #6329, .F. ) ;
#4431 = EDGE_CURVE ( 'NONE', #1010, #5168, #2868, .T. ) ;
#4432 = VECTOR ( 'NONE', #2742, 1000.000000000000000 ) ;
#4433 = FACE_OUTER_BOUND ( 'NONE', #1273, .T. ) ;
#4434 = VECTOR ( 'NONE', #1798, 1000.000000000000200 ) ;
#4435 = ADVANCED_FACE ( 'NONE', ( #2745 ), #5615, .F. ) ;
#4436 = DIRECTION ( 'NONE',  ( -1.000000000000000000, -0.0000000000000000000, -0.0000000000000000000 ) ) ;
#4437 = CARTESIAN_POINT ( 'NONE',  ( 7.460000000000000000, 0.6999999999999999600, 2.020000000000000000 ) ) ;
#4438 = CARTESIAN_POINT ( 'NONE',  ( 7.161822484923008300, 1.250000000000000000, -2.020000000000000000 ) ) ;
#4439 = CARTESIAN_POINT ( 'NONE',  ( 7.119999999999999200, 1.300000000000000000, -2.070000000000001200 ) ) ;
#4440 = STYLED_ITEM ( 'NONE', ( #4409 ), #656 ) ;
#4441 = ORIENTED_EDGE ( 'NONE', *, *, #7190, .F. ) ;
#4442 = LINE ( 'NONE', #4260, #2954 ) ;
#4443 = CARTESIAN_POINT ( 'NONE',  ( -2.790000000000000000, 0.9499999999999994000, -5.300000000000002500 ) ) ;
#4444 = MECHANICAL_DESIGN_GEOMETRIC_PRESENTATION_REPRESENTATION (  '', ( #4499 ), #4340 ) ;
#4445 = EDGE_CURVE ( 'NONE', #5168, #2391, #1915, .T. ) ;
#4446 = CARTESIAN_POINT ( 'NONE',  ( -4.580000000000000100, 1.724059192313015100E-016, -5.550000000000002500 ) ) ;
#4447 = ADVANCED_FACE ( 'NONE', ( #4744 ), #1763, .T. ) ;
#4448 = CARTESIAN_POINT ( 'NONE',  ( -7.324941552122247400, 7.284083946256920700, -4.366909576485094000 ) ) ;
#4449 = ORIENTED_EDGE ( 'NONE', *, *, #1477, .F. ) ;
#4450 =( NAMED_UNIT ( * ) PLANE_ANGLE_UNIT ( ) SI_UNIT ( $, .RADIAN. ) );
#4451 = LINE ( 'NONE', #4722, #3347 ) ;
#4452 = AXIS2_PLACEMENT_3D ( 'NONE', #1917, #6400, #2582 ) ;
#4453 = VERTEX_POINT ( 'NONE', #1113 ) ;
#4454 = CARTESIAN_POINT ( 'NONE',  ( -7.160000000000000100, 0.6999999999999991800, -0.6700000000000000400 ) ) ;
#4455 = CARTESIAN_POINT ( 'NONE',  ( 7.334889758488439600, 7.171798978317935000, 4.485269228921347400 ) ) ;
#4456 = CARTESIAN_POINT ( 'NONE',  ( 7.320000000000000300, 1.300000000000000000, -4.350000000000001400 ) ) ;
#4457 = EDGE_LOOP ( 'NONE', ( #840, #7547, #7888, #120 ) ) ;
#4458 = PRESENTATION_LAYER_ASSIGNMENT (  '', '', ( #4499 ) ) ;
#4459 = VECTOR ( 'NONE', #7407, 1000.000000000000000 ) ;
#4460 = CARTESIAN_POINT ( 'NONE',  ( 7.619999999999998300, 0.4999999999999998900, -3.200000000000001100 ) ) ;
#4461 = ORIENTED_EDGE ( 'NONE', *, *, #3153, .T. ) ;
#4462 = ORIENTED_EDGE ( 'NONE', *, *, #3678, .F. ) ;
#4463 = DIRECTION ( 'NONE',  ( -0.0000000000000000000, 1.000000000000000000, 0.0000000000000000000 ) ) ;
#4464 = LINE ( 'NONE', #5231, #4204 ) ;
#4465 = SURFACE_STYLE_USAGE ( .BOTH. , #8189 ) ;
#4466 = CARTESIAN_POINT ( 'NONE',  ( 7.160000000000000100, 0.6899999999999999500, -0.6700000000000015900 ) ) ;
#4467 = CARTESIAN_POINT ( 'NONE',  ( 7.467341662208556700, 7.129786719100049900, -4.350000543218594200 ) ) ;
#4468 = DIRECTION ( 'NONE',  ( 0.0000000000000000000, 0.0000000000000000000, -1.000000000000000000 ) ) ;
#4469 = ORIENTED_EDGE ( 'NONE', *, *, #2126, .T. ) ;
#4470 = ADVANCED_FACE ( 'NONE', ( #8049 ), #5339, .T. ) ;
#4471 = EDGE_CURVE ( 'NONE', #3019, #7685, #6762, .T. ) ;
#4472 = UNCERTAINTY_MEASURE_WITH_UNIT (LENGTH_MEASURE( 1.000000000000000100E-005 ), #2752, 'distance_accuracy_value', 'NONE');
#4473 = DIRECTION ( 'NONE',  ( -1.000000000000000000, -0.0000000000000000000, -0.0000000000000000000 ) ) ;
#4474 = LINE ( 'NONE', #845, #1132 ) ;
#4475 = CARTESIAN_POINT ( 'NONE',  ( -5.330000000000001000, 0.9499999999999994000, -5.300000000000002500 ) ) ;
#4476 = COLOUR_RGB ( '',1.000000000000000000, 1.000000000000000000, 1.000000000000000000 ) ;
#4477 = CARTESIAN_POINT ( 'NONE',  ( 4.830000000000000100, -0.2500000000000001100, -5.550000000000002500 ) ) ;
#4478 = VERTEX_POINT ( 'NONE', #2457 ) ;
#4479 = CARTESIAN_POINT ( 'NONE',  ( -7.295920359749755100, 7.283863988888365200, -4.377920772105812700 ) ) ;
#4480 = PLANE ( 'NONE',  #1486 ) ;
#4481 = ADVANCED_FACE ( 'NONE', ( #6719 ), #571, .T. ) ;
#4482 = CARTESIAN_POINT ( 'NONE',  ( -3.039999999999999600, 0.6999999999999994000, -4.650000000000003000 ) ) ;
#4483 = UNCERTAINTY_MEASURE_WITH_UNIT (LENGTH_MEASURE( 1.000000000000000100E-005 ), #2674, 'distance_accuracy_value', 'NONE');
#4484 = CARTESIAN_POINT ( 'NONE',  ( -7.160000000000000100, 0.6999999999999999600, -3.259999999999999800 ) ) ;
#4485 = AXIS2_PLACEMENT_3D ( 'NONE', #4774, #1569, #4161 ) ;
#4486 = COLOUR_RGB ( '',1.000000000000000000, 1.000000000000000000, 1.000000000000000000 ) ;
#4487 = EDGE_CURVE ( 'NONE', #2391, #7210, #1221, .T. ) ;
#4488 = ORIENTED_EDGE ( 'NONE', *, *, #3965, .F. ) ;
#4489 = AXIS2_PLACEMENT_3D ( 'NONE', #4781, #4692, #4618 ) ;
#4490 = DIRECTION ( 'NONE',  ( 0.0000000000000000000, 1.000000000000000000, 3.942553354492744000E-016 ) ) ;
#4491 = DIRECTION ( 'NONE',  ( 0.8944271909999165200, 0.0000000000000000000, -0.4472135954999567600 ) ) ;
#4492 = CARTESIAN_POINT ( 'NONE',  ( -7.619999999999999200, 1.300000000000000000, 3.259999999999998900 ) ) ;
#4493 =( LENGTH_UNIT ( ) NAMED_UNIT ( * ) SI_UNIT ( .MILLI., .METRE. ) );
#4494 = VECTOR ( 'NONE', #6902, 999.9999999999998900 ) ;
#4495 = ORIENTED_EDGE ( 'NONE', *, *, #3819, .T. ) ;
#4496 = DIRECTION ( 'NONE',  ( 1.000000000000000000, -0.0000000000000000000, -0.0000000000000000000 ) ) ;
#4497 = CARTESIAN_POINT ( 'NONE',  ( 7.305897810492070700, 7.239162846125055700, -4.441856465389459000 ) ) ;
#4498 = CARTESIAN_POINT ( 'NONE',  ( 7.460000000000000000, 0.8599999999999999900, -2.020000000000000000 ) ) ;
#4499 = STYLED_ITEM ( 'NONE', ( #488 ), #4950 ) ;
#4500 =( NAMED_UNIT ( * ) SI_UNIT ( $, .STERADIAN. ) SOLID_ANGLE_UNIT ( ) );
#4501 = EDGE_CURVE ( 'NONE', #1010, #7210, #1201, .T. ) ;
#4502 =( LENGTH_UNIT ( ) NAMED_UNIT ( * ) SI_UNIT ( .MILLI., .METRE. ) );
#4503 = CARTESIAN_POINT ( 'NONE',  ( -7.449144484194739000, 7.106692120384180600, 4.424470379107758000 ) ) ;
#4504 = FACE_OUTER_BOUND ( 'NONE', #4417, .T. ) ;
#4505 = EDGE_LOOP ( 'NONE', ( #7967, #4777, #1437, #2549 ) ) ;
#4506 = DIRECTION ( 'NONE',  ( -1.000000000000000000, -0.0000000000000000000, -0.0000000000000000000 ) ) ;
#4507 = ORIENTED_EDGE ( 'NONE', *, *, #2497, .T. ) ;
#4508 = CARTESIAN_POINT ( 'NONE',  ( 3.040000000000000000, 0.9499999999999995100, -4.650000000000003000 ) ) ;
#4509 =( LENGTH_UNIT ( ) NAMED_UNIT ( * ) SI_UNIT ( .MILLI., .METRE. ) );
#4510 = COLOUR_RGB ( '',1.000000000000000000, 1.000000000000000000, 1.000000000000000000 ) ;
#4511 = CARTESIAN_POINT ( 'NONE',  ( -7.313232731396964500, 7.295109413633664300, -4.313920332495415600 ) ) ;
#4512 = SURFACE_SIDE_STYLE ('',( #2677 ) ) ;
#4513 = PRESENTATION_STYLE_ASSIGNMENT (( #5702 ) ) ;
#4514 = EDGE_CURVE ( 'NONE', #1010, #4406, #1091, .T. ) ;
#4515 = ORIENTED_EDGE ( 'NONE', *, *, #2821, .F. ) ;
#4516 = ADVANCED_FACE ( 'NONE', ( #988 ), #6226, .T. ) ;
#4517 = DIRECTION ( 'NONE',  ( -0.4472135954999567100, 0.0000000000000000000, -0.8944271909999164100 ) ) ;
#4518 = CARTESIAN_POINT ( 'NONE',  ( -7.467984561395653000, 7.105235389661573600, 4.349999999999999600 ) ) ;
#4519 = LINE ( 'NONE', #1163, #4494 ) ;
#4520 = CARTESIAN_POINT ( 'NONE',  ( -7.063020160610344400, 1.250000000000000000, 2.020000000000000000 ) ) ;
#4521 = DIRECTION ( 'NONE',  ( 0.1736481776669303300, 0.9848077530122081300, -1.619524571824814700E-017 ) ) ;
#4522 = PLANE ( 'NONE',  #4005 ) ;
#4523 = DIRECTION ( 'NONE',  ( -0.0000000000000000000, 1.204669080539449800E-016, 1.000000000000000000 ) ) ;
#4524 = FACE_OUTER_BOUND ( 'NONE', #872, .T. ) ;
#4525 = EDGE_CURVE ( 'NONE', #6265, #5600, #413, .T. ) ;
#4526 = VERTEX_POINT ( 'NONE', #4477 ) ;
#4527 = EDGE_CURVE ( 'NONE', #7685, #2319, #301, .T. ) ;
#4528 = ADVANCED_FACE ( 'NONE', ( #6218 ), #6389, .T. ) ;
#4529 = PLANE ( 'NONE',  #3181 ) ;
#4530 = LINE ( 'NONE', #1807, #1599 ) ;
#4531 = SURFACE_SIDE_STYLE ('',( #4977 ) ) ;
#4532 = STYLED_ITEM ( 'NONE', ( #5254 ), #3419 ) ;
#4533 = FILL_AREA_STYLE_COLOUR ( '', #1146 ) ;
#4534 = CARTESIAN_POINT ( 'NONE',  ( -7.119999999999999200, 1.300000000000000000, -2.069999999999999800 ) ) ;
#4535 = VERTEX_POINT ( 'NONE', #6990 ) ;
#4536 = AXIS2_PLACEMENT_3D ( 'NONE', #4262, #4289, #4189 ) ;
#4537 = CARTESIAN_POINT ( 'NONE',  ( 7.288762825582336000, 7.299124177800301500, 4.307200032819475100 ) ) ;
#4538 = DIRECTION ( 'NONE',  ( 0.0000000000000000000, 1.828634731526980300E-016, 1.000000000000000000 ) ) ;
#4539 = LINE ( 'NONE', #5599, #6133 ) ;
#4540 = CARTESIAN_POINT ( 'NONE',  ( -7.284382834537112200, 7.299291242466503100, -4.311502063266774000 ) ) ;
#4541 = EDGE_CURVE ( 'NONE', #1583, #7210, #1705, .T. ) ;
#4542 = CARTESIAN_POINT ( 'NONE',  ( 7.160000000000000100, 0.6999999999999999600, -3.259999999999999800 ) ) ;
#4543 = LINE ( 'NONE', #5590, #1501 ) ;
#4544 =( NAMED_UNIT ( * ) SI_UNIT ( $, .STERADIAN. ) SOLID_ANGLE_UNIT ( ) );
#4545 = UNCERTAINTY_MEASURE_WITH_UNIT (LENGTH_MEASURE( 1.000000000000000100E-005 ), #2998, 'distance_accuracy_value', 'NONE');
#4546 = ORIENTED_EDGE ( 'NONE', *, *, #6437, .F. ) ;
#4547 = DIRECTION ( 'NONE',  ( -1.000000000000000000, 0.0000000000000000000, 9.326470300950576100E-017 ) ) ;
#4548 = VECTOR ( 'NONE', #6209, 1000.000000000000000 ) ;
#4549 = VERTEX_POINT ( 'NONE', #7642 ) ;
#4550 = STYLED_ITEM ( 'NONE', ( #5582 ), #5939 ) ;
#4551 = CARTESIAN_POINT ( 'NONE',  ( -3.039999999999999100, 0.6999999999999994000, -4.650000000000001200 ) ) ;
#4552 = EDGE_CURVE ( 'NONE', #4406, #1583, #8139, .T. ) ;
#4553 = ORIENTED_EDGE ( 'NONE', *, *, #6928, .T. ) ;
#4554 = LINE ( 'NONE', #4377, #6331 ) ;
#4555 = DIRECTION ( 'NONE',  ( -1.000000000000000000, 0.0000000000000000000, 0.0000000000000000000 ) ) ;
#4556 = CARTESIAN_POINT ( 'NONE',  ( 4.830000026046209700, -0.2500000000000001100, 5.910000000000002800 ) ) ;
#4557 = ORIENTED_EDGE ( 'NONE', *, *, #812, .F. ) ;
#4558 = DIRECTION ( 'NONE',  ( -1.000000000000000000, 0.0000000000000000000, 0.0000000000000000000 ) ) ;
#4559 = EDGE_CURVE ( 'NONE', #4406, #3, #7561, .T. ) ;
#4560 = UNCERTAINTY_MEASURE_WITH_UNIT (LENGTH_MEASURE( 1.000000000000000100E-005 ), #2879, 'distance_accuracy_value', 'NONE');
#4561 = ORIENTED_EDGE ( 'NONE', *, *, #2284, .F. ) ;
#4562 = PLANE ( 'NONE',  #7166 ) ;
#4563 = CARTESIAN_POINT ( 'NONE',  ( -7.272511178386019500, 7.299999999999999800, -4.308111726077939400 ) ) ;
#4564 = FILL_AREA_STYLE ('',( #4614 ) ) ;
#4565 = PRODUCT_RELATED_PRODUCT_CATEGORY ( 'part', '', ( #6365 ) ) ;
#4566 = DIRECTION ( 'NONE',  ( -0.0000000000000000000, -0.0000000000000000000, 1.000000000000000000 ) ) ;
#4567 = CARTESIAN_POINT ( 'NONE',  ( -7.438307795167377300, 7.106838958628547900, 4.440914594453481400 ) ) ;
#4568 = STYLED_ITEM ( 'NONE', ( #6896 ), #6899 ) ;
#4569 = LINE ( 'NONE', #6836, #7681 ) ;
#4570 = PRESENTATION_LAYER_ASSIGNMENT (  '', '', ( #7735 ) ) ;
#4571 = DIRECTION ( 'NONE',  ( 0.0000000000000000000, 0.0000000000000000000, 1.000000000000000000 ) ) ;
#4572 = UNCERTAINTY_MEASURE_WITH_UNIT (LENGTH_MEASURE( 1.000000000000000100E-005 ), #2577, 'distance_accuracy_value', 'NONE');
#4573 = EDGE_CURVE ( 'NONE', #7685, #4137, #6796, .T. ) ;
#4574 = CARTESIAN_POINT ( 'NONE',  ( 7.339417166805089800, 7.105743497657711000, -4.497971256119518200 ) ) ;
#4575 = ORIENTED_EDGE ( 'NONE', *, *, #4942, .F. ) ;
#4576 = CARTESIAN_POINT ( 'NONE',  ( -7.319999999999999400, 1.300000000000000000, 4.649999999999999500 ) ) ;
#4577 = DIRECTION ( 'NONE',  ( 0.0000000000000000000, -1.000000000000000000, 0.0000000000000000000 ) ) ;
#4578 = PLANE ( 'NONE',  #2493 ) ;
#4579 = CARTESIAN_POINT ( 'NONE',  ( 7.620000000000001000, 1.300000000000000000, 4.349999999999999600 ) ) ;
#4580 = SURFACE_STYLE_USAGE ( .BOTH. , #36 ) ;
#4581 = AXIS2_PLACEMENT_3D ( 'NONE', #231, #4746, #885 ) ;
#4582 = EDGE_CURVE ( 'NONE', #6064, #7117, #508, .T. ) ;
#4583 = EDGE_CURVE ( 'NONE', #8015, #1583, #6700, .T. ) ;
#4584 = ADVANCED_FACE ( 'NONE', ( #5648 ), #4562, .F. ) ;
#4585 = DIRECTION ( 'NONE',  ( 0.0000000000000000000, 0.0000000000000000000, -1.000000000000000000 ) ) ;
#4586 = DIRECTION ( 'NONE',  ( -0.1736481776669299700, -0.9848077530122081300, 0.0000000000000000000 ) ) ;
#4587 = VECTOR ( 'NONE', #258, 1000.000000000000100 ) ;
#4588 = COLOUR_RGB ( '',1.000000000000000000, 1.000000000000000000, 1.000000000000000000 ) ;
#4589 = ORIENTED_EDGE ( 'NONE', *, *, #3552, .T. ) ;
#4590 = LINE ( 'NONE', #2355, #7225 ) ;
#4591 = DIRECTION ( 'NONE',  ( 0.0000000000000000000, 0.0000000000000000000, 1.000000000000000000 ) ) ;
#4592 = CARTESIAN_POINT ( 'NONE',  ( -4.580000000000001000, 0.6999999999999994000, -4.650000000000001200 ) ) ;
#4593 = EDGE_CURVE ( 'NONE', #5168, #6596, #6122, .T. ) ;
#4594 = VECTOR ( 'NONE', #1136, 1000.000000000000000 ) ;
#4595 = AXIS2_PLACEMENT_3D ( 'NONE', #5412, #5423, #5380 ) ;
#4596 = DIRECTION ( 'NONE',  ( 0.0000000000000000000, -1.000000000000000000, 0.0000000000000000000 ) ) ;
#4597 = CARTESIAN_POINT ( 'NONE',  ( 7.351821767931558500, 7.175951757411873200, 4.479928076920736600 ) ) ;
#4598 = LINE ( 'NONE', #5633, #377 ) ;
#4599 = CARTESIAN_POINT ( 'NONE',  ( 7.394307689935843100, 7.118299021583889700, -4.478885131050467400 ) ) ;
#4600 = ADVANCED_FACE ( 'NONE', ( #5836 ), #2652, .T. ) ;
#4601 = FACE_OUTER_BOUND ( 'NONE', #7375, .T. ) ;
#4602 = VERTEX_POINT ( 'NONE', #3318 ) ;
#4603 =( LENGTH_UNIT ( ) NAMED_UNIT ( * ) SI_UNIT ( .MILLI., .METRE. ) );
#4604 = ORIENTED_EDGE ( 'NONE', *, *, #3023, .T. ) ;
#4605 = DIRECTION ( 'NONE',  ( 0.4472135954999573200, 0.0000000000000000000, -0.8944271909999161900 ) ) ;
#4606 = AXIS2_PLACEMENT_3D ( 'NONE', #1676, #6164, #2331 ) ;
#4607 = CARTESIAN_POINT ( 'NONE',  ( 7.620000000000000100, 0.0000000000000000000, -4.650000000000001200 ) ) ;
#4608 = EDGE_CURVE ( 'NONE', #6541, #2391, #2530, .T. ) ;
#4609 =( NAMED_UNIT ( * ) PLANE_ANGLE_UNIT ( ) SI_UNIT ( $, .RADIAN. ) );
#4610 = CARTESIAN_POINT ( 'NONE',  ( -7.364424305636807100, 7.275793423258731400, 4.323478850238046800 ) ) ;
#4611 = VECTOR ( 'NONE', #7843, 1000.000000000000000 ) ;
#4612 = DIRECTION ( 'NONE',  ( 1.330309414092643500E-016, -0.0000000000000000000, 1.000000000000000000 ) ) ;
#4613 =( NAMED_UNIT ( * ) SI_UNIT ( $, .STERADIAN. ) SOLID_ANGLE_UNIT ( ) );
#4614 = FILL_AREA_STYLE_COLOUR ( '', #2959 ) ;
#4615 = CARTESIAN_POINT ( 'NONE',  ( 5.580000000000001000, 0.0000000000000000000, 5.550000000000002500 ) ) ;
#4616 = CARTESIAN_POINT ( 'NONE',  ( -7.410914594300683300, 7.106838958627623300, 4.468307795284825800 ) ) ;
#4617 = PRESENTATION_STYLE_ASSIGNMENT (( #6877 ) ) ;
#4618 = DIRECTION ( 'NONE',  ( 0.0000000000000000000, -0.0000000000000000000, 1.000000000000000000 ) ) ;
#4619 = PRODUCT_DEFINITION_FORMATION_WITH_SPECIFIED_SOURCE ( 'ANY', '', #6365, .NOT_KNOWN. ) ;
#4620 = ORIENTED_EDGE ( 'NONE', *, *, #3054, .F. ) ;
#4621 = DIRECTION ( 'NONE',  ( -9.326470300950574900E-017, -0.0000000000000000000, -1.000000000000000000 ) ) ;
#4622 = CARTESIAN_POINT ( 'NONE',  ( 7.383324444713006000, 7.181488796391970000, 4.463879876741182300 ) ) ;
#4623 = CARTESIAN_POINT ( 'NONE',  ( 7.446575955816381800, 7.133815488615592700, -4.422540873912157400 ) ) ;
#4624 = VECTOR ( 'NONE', #6620, 1000.000000000000000 ) ;
#4625 = FACE_OUTER_BOUND ( 'NONE', #3960, .T. ) ;
#4626 = EDGE_CURVE ( 'NONE', #2416, #7427, #290, .T. ) ;
#4627 = FILL_AREA_STYLE ('',( #7729 ) ) ;
#4628 = CARTESIAN_POINT ( 'NONE',  ( -7.299707290065926600, 7.259786395299502500, 4.418455952390155900 ) ) ;
#4629 = LINE ( 'NONE', #7169, #4624 ) ;
#4630 = ORIENTED_EDGE ( 'NONE', *, *, #5442, .T. ) ;
#4631 = CARTESIAN_POINT ( 'NONE',  ( -7.359313932889181200, 7.278556928462803600, 4.329905212972539300 ) ) ;
#4632 = COLOUR_RGB ( '',1.000000000000000000, 1.000000000000000000, 1.000000000000000000 ) ;
#4633 = VECTOR ( 'NONE', #945, 1000.000000000000000 ) ;
#4634 = PRESENTATION_LAYER_ASSIGNMENT (  '', '', ( #4550 ) ) ;
#4635 = CARTESIAN_POINT ( 'NONE',  ( 2.790000000000000500, 0.6999999999999992900, -5.300000000000002500 ) ) ;
#4636 = LINE ( 'NONE', #4129, #4594 ) ;
#4637 = DIRECTION ( 'NONE',  ( 0.0000000000000000000, 0.0000000000000000000, 1.000000000000000000 ) ) ;
#4638 = VERTEX_POINT ( 'NONE', #2711 ) ;
#4639 = DIRECTION ( 'NONE',  ( -0.8944271909999165200, 0.0000000000000000000, -0.4472135954999567600 ) ) ;
#4640 = EDGE_CURVE ( 'NONE', #1288, #6892, #3357, .T. ) ;
#4641 =( NAMED_UNIT ( * ) SI_UNIT ( $, .STERADIAN. ) SOLID_ANGLE_UNIT ( ) );
#4642 = LINE ( 'NONE', #1420, #7956 ) ;
#4643 = ADVANCED_FACE ( 'NONE', ( #1403 ), #4001, .T. ) ;
#4644 =( GEOMETRIC_REPRESENTATION_CONTEXT ( 3 ) GLOBAL_UNCERTAINTY_ASSIGNED_CONTEXT ( ( #1689 ) ) GLOBAL_UNIT_ASSIGNED_CONTEXT ( ( #5512, #5484, #5467 ) ) REPRESENTATION_CONTEXT ( 'NONE', 'WORKASPACE' ) );
#4645 = CARTESIAN_POINT ( 'NONE',  ( -7.394470379019723300, 7.106692120384064300, 4.479144484278385200 ) ) ;
#4646 = FACE_OUTER_BOUND ( 'NONE', #1129, .T. ) ;
#4647 = CARTESIAN_POINT ( 'NONE',  ( 7.314004602448716400, 7.294133813316421700, 4.329395806610358800 ) ) ;
#4648 = PLANE ( 'NONE',  #4489 ) ;
#4649 = PLANE ( 'NONE',  #5574 ) ;
#4650 = CIRCLE ( 'NONE', #1991, 1.250000000000000000 ) ;
#4651 = ORIENTED_EDGE ( 'NONE', *, *, #6109, .T. ) ;
#4652 = CARTESIAN_POINT ( 'NONE',  ( -5.330000000000001000, 3.049999999999999800, -5.300000000000002500 ) ) ;
#4653 = CARTESIAN_POINT ( 'NONE',  ( 7.460950433677179900, 7.153912947499993200, -4.348454368052852500 ) ) ;
#4654 = ORIENTED_EDGE ( 'NONE', *, *, #3013, .F. ) ;
#4655 = AXIS2_PLACEMENT_3D ( 'NONE', #4291, #406, #4910 ) ;
#4656 = EDGE_CURVE ( 'NONE', #5989, #4478, #2210, .T. ) ;
#4657 = LINE ( 'NONE', #2834, #4611 ) ;
#4658 = SURFACE_STYLE_FILL_AREA ( #6272 ) ;
#4659 = CARTESIAN_POINT ( 'NONE',  ( 5.580000000000001000, 0.0000000000000000000, 5.300000000000002500 ) ) ;
#4660 = PLANE ( 'NONE',  #5027 ) ;
#4661 = DIRECTION ( 'NONE',  ( -0.6073758397232873500, 0.7944146205354176700, 0.0000000000000000000 ) ) ;
#4662 = ORIENTED_EDGE ( 'NONE', *, *, #2955, .T. ) ;
#4663 = CARTESIAN_POINT ( 'NONE',  ( -2.289999999999999600, 3.049999999999999800, -5.300000000000002500 ) ) ;
#4664 = CARTESIAN_POINT ( 'NONE',  ( -7.353931249338962100, 7.280629558843098300, 4.336274889566873000 ) ) ;
#4665 =( NAMED_UNIT ( * ) PLANE_ANGLE_UNIT ( ) SI_UNIT ( $, .RADIAN. ) );
#4666 = CARTESIAN_POINT ( 'NONE',  ( 7.119999999999997400, 1.300000000000000000, -3.200000000000001100 ) ) ;
#4667 = CARTESIAN_POINT ( 'NONE',  ( 7.619999999999998300, 1.300000000000000000, -3.200000000000001100 ) ) ;
#4668 = EDGE_CURVE ( 'NONE', #3865, #2369, #3859, .T. ) ;
#4669 = CARTESIAN_POINT ( 'NONE',  ( -7.161822484923008300, 1.250000000000000000, 0.7200000000000002000 ) ) ;
#4670 = ORIENTED_EDGE ( 'NONE', *, *, #4244, .T. ) ;
#4671 = CARTESIAN_POINT ( 'NONE',  ( -5.330000000000001000, -1.084202172485503600E-016, -5.910000000000002800 ) ) ;
#4672 = MECHANICAL_DESIGN_GEOMETRIC_PRESENTATION_REPRESENTATION (  '', ( #4751 ), #4644 ) ;
#4673 = DIRECTION ( 'NONE',  ( -1.000000000000000000, 0.0000000000000000000, 9.326470300950576100E-017 ) ) ;
#4674 = B_SPLINE_CURVE_WITH_KNOTS ( 'NONE', 3,
 ( #7176, #7301, #6958, #6953, #6917, #6854 ),
 .UNSPECIFIED., .F., .F.,
 ( 4, 2, 4 ),
 ( 0.0000000000000000000, 0.5000000000000000000, 1.000000000000000000 ),
 .UNSPECIFIED. ) ;
#4675 = DIRECTION ( 'NONE',  ( 0.0000000000000000000, 1.000000000000000000, -1.777380610631973500E-016 ) ) ;
#4676 = CARTESIAN_POINT ( 'NONE',  ( -7.620000000000000100, 0.0000000000000000000, -4.650000000000001200 ) ) ;
#4677 = EDGE_CURVE ( 'NONE', #3673, #6221, #4256, .T. ) ;
#4678 = CARTESIAN_POINT ( 'NONE',  ( 7.346273657782779400, 7.201753364639292200, -4.467882273751044400 ) ) ;
#4679 = PRESENTATION_LAYER_ASSIGNMENT (  '', '', ( #4751 ) ) ;
#4680 = PRODUCT_DEFINITION ( 'UNKNOWN', '', #4619, #6555 ) ;
#4681 = ORIENTED_EDGE ( 'NONE', *, *, #5173, .F. ) ;
#4682 = DIRECTION ( 'NONE',  ( 1.865294060190115200E-016, 0.0000000000000000000, 1.000000000000000000 ) ) ;
#4683 = VECTOR ( 'NONE', #2237, 1000.000000000000000 ) ;
#4684 = FILL_AREA_STYLE ('',( #6563 ) ) ;
#4685 = DIRECTION ( 'NONE',  ( 9.326470300950574900E-017, 0.0000000000000000000, 1.000000000000000000 ) ) ;
#4686 = AXIS2_PLACEMENT_3D ( 'NONE', #4718, #863, #5373 ) ;
#4687 = CARTESIAN_POINT ( 'NONE',  ( -7.342729071136377100, 7.283393067740273200, 4.348793059141235600 ) ) ;
#4688 = CARTESIAN_POINT ( 'NONE',  ( -5.580000000000000100, 0.6999999999999994000, -4.650000000000003000 ) ) ;
#4689 = CARTESIAN_POINT ( 'NONE',  ( 7.283998896904264200, 7.291072519589710600, 4.358440843360604300 ) ) ;
#4690 = EDGE_CURVE ( 'NONE', #3276, #1892, #1802, .T. ) ;
#4691 = ORIENTED_EDGE ( 'NONE', *, *, #1918, .T. ) ;
#4692 = DIRECTION ( 'NONE',  ( 0.0000000000000000000, 1.000000000000000000, 0.0000000000000000000 ) ) ;
#4693 =( NAMED_UNIT ( * ) PLANE_ANGLE_UNIT ( ) SI_UNIT ( $, .RADIAN. ) );
#4694 = ADVANCED_FACE ( 'NONE', ( #7173 ), #2685, .T. ) ;
#4695 = CARTESIAN_POINT ( 'NONE',  ( 5.329999999999999200, 1.899999999999999700, 5.300000000000006000 ) ) ;
#4696 = DIRECTION ( 'NONE',  ( -0.0000000000000000000, 1.000000000000000000, 0.0000000000000000000 ) ) ;
#4697 = UNCERTAINTY_MEASURE_WITH_UNIT (LENGTH_MEASURE( 1.000000000000000100E-005 ), #2874, 'distance_accuracy_value', 'NONE');
#4698 = CARTESIAN_POINT ( 'NONE',  ( -7.619999999999999200, 0.1999999999999999600, -3.199999999999999700 ) ) ;
#4699 = EDGE_LOOP ( 'NONE', ( #4808, #4797, #4788, #4763 ) ) ;
#4700 = ORIENTED_EDGE ( 'NONE', *, *, #1359, .F. ) ;
#4701 = DIRECTION ( 'NONE',  ( -0.0000000000000000000, 1.204669080539449800E-016, 1.000000000000000000 ) ) ;
#4702 = CARTESIAN_POINT ( 'NONE',  ( -7.358721665252575800, 7.106144389897950800, -4.493976214670828600 ) ) ;
#4703 = EDGE_CURVE ( 'NONE', #5546, #7597, #2910, .T. ) ;
#4704 = CARTESIAN_POINT ( 'NONE',  ( 7.119999999999999200, 1.300000000000000000, 0.6699999999999989300 ) ) ;
#4705 = DIRECTION ( 'NONE',  ( 0.0000000000000000000, -1.000000000000000000, 0.0000000000000000000 ) ) ;
#4706 = CARTESIAN_POINT ( 'NONE',  ( 7.404301744934779000, 7.221952908501684500, -4.411775099732598600 ) ) ;
#4707 = DIRECTION ( 'NONE',  ( -1.865294060190115200E-016, -0.0000000000000000000, -1.000000000000000000 ) ) ;
#4708 = EDGE_LOOP ( 'NONE', ( #2922, #3443, #2134, #538, #4175, #2877 ) ) ;
#4709 = DIRECTION ( 'NONE',  ( -1.000000000000000000, -0.0000000000000000000, -0.0000000000000000000 ) ) ;
#4710 = DIRECTION ( 'NONE',  ( 0.0000000000000000000, 1.000000000000000000, 0.0000000000000000000 ) ) ;
#4711 = EDGE_CURVE ( 'NONE', #3087, #6909, #6069, .T. ) ;
#4712 = CARTESIAN_POINT ( 'NONE',  ( -7.381775099448444300, 7.221952907831758100, 4.434301745778428800 ) ) ;
#4713 = ORIENTED_EDGE ( 'NONE', *, *, #4361, .F. ) ;
#4714 = CARTESIAN_POINT ( 'NONE',  ( 7.319690518622532900, 7.129204032455908700, 4.496202574681087900 ) ) ;
#4715 = UNCERTAINTY_MEASURE_WITH_UNIT (LENGTH_MEASURE( 1.000000000000000100E-005 ), #6874, 'distance_accuracy_value', 'NONE');
#4716 = AXIS2_PLACEMENT_3D ( 'NONE', #2004, #6484, #2676 ) ;
#4717 = CARTESIAN_POINT ( 'NONE',  ( -4.580000000000001000, 0.6999999999999998400, 4.649999999999999500 ) ) ;
#4718 = CARTESIAN_POINT ( 'NONE',  ( -4.580000000000000100, 0.6999999999999998400, 5.300000000000002500 ) ) ;
#4719 = CARTESIAN_POINT ( 'NONE',  ( -4.580000000000000100, -0.2499999999999998300, -5.550000000000002500 ) ) ;
#4720 = EDGE_LOOP ( 'NONE', ( #284, #5515, #3893, #103, #533, #304 ) ) ;
#4721 = LINE ( 'NONE', #4688, #2858 ) ;
#4722 = CARTESIAN_POINT ( 'NONE',  ( -7.620000000000000100, 1.300000000000000000, -4.350000000000001400 ) ) ;
#4723 = AXIS2_PLACEMENT_3D ( 'NONE', #6031, #6120, #6056 ) ;
#4724 = CARTESIAN_POINT ( 'NONE',  ( -7.466202574681207500, 7.129204032454950400, -4.349690518616071700 ) ) ;
#4725 = FACE_BOUND ( 'NONE', #445, .T. ) ;
#4726 = CARTESIAN_POINT ( 'NONE',  ( 2.290000000000000000, -1.084202172485503600E-016, -5.910000000000002800 ) ) ;
#4727 = CARTESIAN_POINT ( 'NONE',  ( 7.423172827655228000, 7.182873056600723100, 4.427895112978711200 ) ) ;
#4728 = VERTEX_POINT ( 'NONE', #4717 ) ;
#4729 = SURFACE_STYLE_FILL_AREA ( #4564 ) ;
#4730 = CARTESIAN_POINT ( 'NONE',  ( 7.424512034121422100, 7.225076482591619600, -4.353276788373341900 ) ) ;
#4731 = DIRECTION ( 'NONE',  ( -1.000000000000000000, 0.0000000000000000000, 0.0000000000000000000 ) ) ;
#4732 = CARTESIAN_POINT ( 'NONE',  ( 7.321211292307401300, 7.293020617145728600, 4.321839782991305300 ) ) ;
#4733 = DIRECTION ( 'NONE',  ( -0.0000000000000000000, -1.000000000000000000, -0.0000000000000000000 ) ) ;
#4734 = VERTEX_POINT ( 'NONE', #200 ) ;
#4735 = DIRECTION ( 'NONE',  ( -1.000000000000000000, 0.0000000000000000000, 0.0000000000000000000 ) ) ;
#4736 = EDGE_CURVE ( 'NONE', #5141, #7368, #5281, .T. ) ;
#4737 = VERTEX_POINT ( 'NONE', #861 ) ;
#4738 = CARTESIAN_POINT ( 'NONE',  ( 0.0000000000000000000, -0.2500000000000001100, 1.250000000000000000 ) ) ;
#4739 = CARTESIAN_POINT ( 'NONE',  ( -7.369166894732179800, 7.220312275606182200, 4.444220186780912100 ) ) ;
#4740 = UNCERTAINTY_MEASURE_WITH_UNIT (LENGTH_MEASURE( 1.000000000000000100E-005 ), #5289, 'distance_accuracy_value', 'NONE');
#4741 =( NAMED_UNIT ( * ) SI_UNIT ( $, .STERADIAN. ) SOLID_ANGLE_UNIT ( ) );
#4742 = ORIENTED_EDGE ( 'NONE', *, *, #1524, .F. ) ;
#4743 = ADVANCED_FACE ( 'NONE', ( #4106 ), #6628, .T. ) ;
#4744 = FACE_OUTER_BOUND ( 'NONE', #1177, .T. ) ;
#4745 = DIRECTION ( 'NONE',  ( -0.4472135954999567100, 1.077488781791352300E-016, -0.8944271909999165200 ) ) ;
#4746 = DIRECTION ( 'NONE',  ( 0.0000000000000000000, 1.000000000000000000, -0.0000000000000000000 ) ) ;
#4747 = CARTESIAN_POINT ( 'NONE',  ( -7.467984561395653900, 7.105235389661573600, -4.350000000000001400 ) ) ;
#4748 = EDGE_CURVE ( 'NONE', #5049, #2829, #5687, .T. ) ;
#4749 =( LENGTH_UNIT ( ) NAMED_UNIT ( * ) SI_UNIT ( .MILLI., .METRE. ) );
#4750 = PRESENTATION_STYLE_ASSIGNMENT (( #5332 ) ) ;
#4751 = STYLED_ITEM ( 'NONE', ( #2240 ), #3322 ) ;
#4752 = EDGE_LOOP ( 'NONE', ( #1233, #1168, #1196, #1174, #1152, #1224, #1158, #1120 ) ) ;
#4753 = ADVANCED_FACE ( 'NONE', ( #5787 ), #884, .F. ) ;
#4754 = ORIENTED_EDGE ( 'NONE', *, *, #1571, .T. ) ;
#4755 = DIRECTION ( 'NONE',  ( -1.000000000000000000, 0.0000000000000000000, 0.0000000000000000000 ) ) ;
#4756 = CARTESIAN_POINT ( 'NONE',  ( -7.438928058013730500, 7.165329413381326300, -4.416674250095464800 ) ) ;
#4757 = COLOUR_RGB ( '',1.000000000000000000, 1.000000000000000000, 1.000000000000000000 ) ;
#4758 = VECTOR ( 'NONE', #1439, 1000.000000000000000 ) ;
#4759 = CARTESIAN_POINT ( 'NONE',  ( 7.318578477306986400, 7.240072689558458800, -4.441209716160731300 ) ) ;
#4760 = FACE_OUTER_BOUND ( 'NONE', #507, .T. ) ;
#4761 = VECTOR ( 'NONE', #6498, 999.9999999999998900 ) ;
#4762 = EDGE_CURVE ( 'NONE', #5049, #1909, #4392, .T. ) ;
#4763 = ORIENTED_EDGE ( 'NONE', *, *, #2955, .F. ) ;
#4764 = PLANE ( 'NONE',  #2832 ) ;
#4765 = VECTOR ( 'NONE', #3392, 1000.000000000000000 ) ;
#4766 = ORIENTED_EDGE ( 'NONE', *, *, #3951, .F. ) ;
#4767 = CARTESIAN_POINT ( 'NONE',  ( -7.336909576484011100, 7.284083946257154300, 4.354941552121266200 ) ) ;
#4768 = DIRECTION ( 'NONE',  ( -0.4472135954999567100, 0.0000000000000000000, -0.8944271909999164100 ) ) ;
#4769 = DIRECTION ( 'NONE',  ( 1.000000000000000000, 0.0000000000000000000, 0.0000000000000000000 ) ) ;
#4770 = ORIENTED_EDGE ( 'NONE', *, *, #3507, .T. ) ;
#4771 = CARTESIAN_POINT ( 'NONE',  ( -2.289999999999999600, -0.2499999999999998900, -5.910000000000002800 ) ) ;
#4772 = CARTESIAN_POINT ( 'NONE',  ( 5.580000000000001000, 0.9499999999999994000, -5.300000000000002500 ) ) ;
#4773 = LINE ( 'NONE', #2092, #4758 ) ;
#4774 = CARTESIAN_POINT ( 'NONE',  ( -7.119999999999998300, 0.4999999999999998900, 2.899999999999999900 ) ) ;
#4775 = VERTEX_POINT ( 'NONE', #2182 ) ;
#4776 =( LENGTH_UNIT ( ) NAMED_UNIT ( * ) SI_UNIT ( .MILLI., .METRE. ) );
#4777 = ORIENTED_EDGE ( 'NONE', *, *, #4228, .T. ) ;
#4778 = VECTOR ( 'NONE', #2869, 1000.000000000000000 ) ;
#4779 = UNCERTAINTY_MEASURE_WITH_UNIT (LENGTH_MEASURE( 1.000000000000000100E-005 ), #433, 'distance_accuracy_value', 'NONE');
#4780 = STYLED_ITEM ( 'NONE', ( #369 ), #749 ) ;
#4781 = CARTESIAN_POINT ( 'NONE',  ( 7.160000000000000100, 0.6999999999999999600, 2.020000000000000000 ) ) ;
#4782 = CARTESIAN_POINT ( 'NONE',  ( -7.383324444714967100, 7.181488796396047600, -4.463879876740776400 ) ) ;
#4783 = EDGE_CURVE ( 'NONE', #8183, #1909, #1253, .T. ) ;
#4784 = LINE ( 'NONE', #5301, #4765 ) ;
#4785 = CARTESIAN_POINT ( 'NONE',  ( 7.433879875920795600, 7.181488797037155300, 4.413324445574131600 ) ) ;
#4786 = EDGE_CURVE ( 'NONE', #4137, #3491, #2263, .T. ) ;
#4787 = ADVANCED_FACE ( 'NONE', ( #6558 ), #6368, .T. ) ;
#4788 = ORIENTED_EDGE ( 'NONE', *, *, #2917, .T. ) ;
#4789 = FACE_OUTER_BOUND ( 'NONE', #5568, .T. ) ;
#4790 = CARTESIAN_POINT ( 'NONE',  ( 7.358317863037637400, 7.255921869019287500, -4.406553514298202000 ) ) ;
#4791 = UNCERTAINTY_MEASURE_WITH_UNIT (LENGTH_MEASURE( 1.000000000000000100E-005 ), #2898, 'distance_accuracy_value', 'NONE');
#4792 = CARTESIAN_POINT ( 'NONE',  ( -4.829999970110912400, 3.049999999999999800, 6.000000000000001800 ) ) ;
#4793 = DIRECTION ( 'NONE',  ( 0.0000000000000000000, 1.000000000000000000, 3.554761221263949000E-016 ) ) ;
#4794 = VECTOR ( 'NONE', #4661, 1000.000000000000000 ) ;
#4795 = SURFACE_STYLE_USAGE ( .BOTH. , #275 ) ;
#4796 = EDGE_LOOP ( 'NONE', ( #1929, #3760, #203, #307, #322, #1913 ) ) ;
#4797 = ORIENTED_EDGE ( 'NONE', *, *, #2821, .T. ) ;
#4798 =( GEOMETRIC_REPRESENTATION_CONTEXT ( 3 ) GLOBAL_UNCERTAINTY_ASSIGNED_CONTEXT ( ( #8008 ) ) GLOBAL_UNIT_ASSIGNED_CONTEXT ( ( #3465, #7828, #4107 ) ) REPRESENTATION_CONTEXT ( 'NONE', 'WORKASPACE' ) );
#4799 = CARTESIAN_POINT ( 'NONE',  ( -7.324941586580167500, 7.284083949211634500, 4.366909543133038700 ) ) ;
#4800 = DIRECTION ( 'NONE',  ( 0.0000000000000000000, -1.000000000000000000, 0.0000000000000000000 ) ) ;
#4801 = DIRECTION ( 'NONE',  ( -1.000000000000000000, 0.0000000000000000000, 0.0000000000000000000 ) ) ;
#4802 = EDGE_CURVE ( 'NONE', #4097, #8183, #6172, .T. ) ;
#4803 =( NAMED_UNIT ( * ) PLANE_ANGLE_UNIT ( ) SI_UNIT ( $, .RADIAN. ) );
#4804 = LINE ( 'NONE', #786, #4794 ) ;
#4805 = EDGE_LOOP ( 'NONE', ( #2277, #3948, #830, #415 ) ) ;
#4806 = VERTEX_POINT ( 'NONE', #1592 ) ;
#4807 = CARTESIAN_POINT ( 'NONE',  ( 5.580000000000001000, 0.9499999999999998400, 4.650000000000003000 ) ) ;
#4808 = ORIENTED_EDGE ( 'NONE', *, *, #2809, .T. ) ;
#4809 = CARTESIAN_POINT ( 'NONE',  ( 7.119999999999999200, 0.9268512727847090200, -0.6700000000000014800 ) ) ;
#4810 = DIRECTION ( 'NONE',  ( -0.02617694830787321200, -0.9996573249755572600, 2.609756710293046200E-018 ) ) ;
#4811 = CARTESIAN_POINT ( 'NONE',  ( -4.829999973953794900, -0.2500000000000001100, 5.910000000000002800 ) ) ;
#4812 = DIRECTION ( 'NONE',  ( 0.0000000000000000000, 0.0000000000000000000, -1.000000000000000000 ) ) ;
#4813 = ORIENTED_EDGE ( 'NONE', *, *, #3586, .T. ) ;
#4814 = CARTESIAN_POINT ( 'NONE',  ( -7.314955818545600500, 7.190459303313815600, -4.476951211599444300 ) ) ;
#4815 = EDGE_CURVE ( 'NONE', #2856, #523, #6274, .T. ) ;
#4816 = ORIENTED_EDGE ( 'NONE', *, *, #3495, .F. ) ;
#4817 = CARTESIAN_POINT ( 'NONE',  ( 7.449928076411182200, 7.175951758218342700, 4.381821768492048200 ) ) ;
#4818 = DIRECTION ( 'NONE',  ( -0.0000000000000000000, 1.000000000000000000, 0.0000000000000000000 ) ) ;
#4819 = CARTESIAN_POINT ( 'NONE',  ( 7.385131228792637600, 7.261652068327183700, -4.351149596484567900 ) ) ;
#4820 = CARTESIAN_POINT ( 'NONE',  ( -7.619999999999999200, 1.300000000000000000, 0.6700000000000003700 ) ) ;
#4821 = ORIENTED_EDGE ( 'NONE', *, *, #4182, .F. ) ;
#4822 = DIRECTION ( 'NONE',  ( 0.0000000000000000000, 0.0000000000000000000, -1.000000000000000000 ) ) ;
#4823 = EDGE_CURVE ( 'NONE', #4097, #4167, #777, .T. ) ;
#4824 = CARTESIAN_POINT ( 'NONE',  ( -7.318793091328690700, 7.283393073649237200, 4.372729041164782300 ) ) ;
#4825 = CARTESIAN_POINT ( 'NONE',  ( 7.440492519791059900, 7.202265325486620500, 4.343307157225011900 ) ) ;
#4826 =( GEOMETRIC_REPRESENTATION_CONTEXT ( 3 ) GLOBAL_UNCERTAINTY_ASSIGNED_CONTEXT ( ( #5142 ) ) GLOBAL_UNIT_ASSIGNED_CONTEXT ( ( #6266, #6257, #6246 ) ) REPRESENTATION_CONTEXT ( 'NONE', 'WORKASPACE' ) );
#4827 = DIRECTION ( 'NONE',  ( 0.0000000000000000000, -0.0000000000000000000, -1.000000000000000000 ) ) ;
#4828 = VECTOR ( 'NONE', #6213, 1000.000000000000200 ) ;
#4829 = DIRECTION ( 'NONE',  ( 9.969675149291993300E-017, 0.0000000000000000000, 1.000000000000000000 ) ) ;
#4830 =( GEOMETRIC_REPRESENTATION_CONTEXT ( 3 ) GLOBAL_UNCERTAINTY_ASSIGNED_CONTEXT ( ( #833 ) ) GLOBAL_UNIT_ASSIGNED_CONTEXT ( ( #4493, #631, #5130 ) ) REPRESENTATION_CONTEXT ( 'NONE', 'WORKASPACE' ) );
#4831 = LINE ( 'NONE', #7101, #3145 ) ;
#4832 =( NAMED_UNIT ( * ) PLANE_ANGLE_UNIT ( ) SI_UNIT ( $, .RADIAN. ) );
#4833 = ORIENTED_EDGE ( 'NONE', *, *, #4420, .F. ) ;
#4834 = CARTESIAN_POINT ( 'NONE',  ( -6.269999999999998700, 0.6999999999999998400, 3.260000000000000200 ) ) ;
#4835 = EDGE_CURVE ( 'NONE', #3400, #6611, #880, .T. ) ;
#4836 = LINE ( 'NONE', #1443, #4633 ) ;
#4837 = CARTESIAN_POINT ( 'NONE',  ( -7.417989874637699500, 7.229807909595818300, -4.365984448207626700 ) ) ;
#4838 = LINE ( 'NONE', #4508, #4843 ) ;
#4839 = CARTESIAN_POINT ( 'NONE',  ( 7.293478850238086500, 7.275793423258767800, -4.394424305636726500 ) ) ;
#4840 = VECTOR ( 'NONE', #3308, 999.9999999999998900 ) ;
#4841 = EDGE_CURVE ( 'NONE', #6221, #3770, #6593, .T. ) ;
#4842 = EDGE_CURVE ( 'NONE', #3970, #7059, #2402, .T. ) ;
#4843 = VECTOR ( 'NONE', #3750, 1000.000000000000000 ) ;
#4844 = MECHANICAL_DESIGN_GEOMETRIC_PRESENTATION_REPRESENTATION (  '', ( #5022 ), #4826 ) ;
#4845 = ORIENTED_EDGE ( 'NONE', *, *, #2569, .F. ) ;
#4846 = ORIENTED_EDGE ( 'NONE', *, *, #5713, .T. ) ;
#4847 = CARTESIAN_POINT ( 'NONE',  ( -7.424512034121542000, 7.225076482591646300, 4.353276788373293000 ) ) ;
#4848 = CARTESIAN_POINT ( 'NONE',  ( 7.268053096400542800, 7.299999999999999800, 4.298053096400541200 ) ) ;
#4849 = SURFACE_SIDE_STYLE ('',( #1004 ) ) ;
#4850 = ORIENTED_EDGE ( 'NONE', *, *, #5430, .F. ) ;
#4851 = MECHANICAL_DESIGN_GEOMETRIC_PRESENTATION_REPRESENTATION (  '', ( #5005 ), #4798 ) ;
#4852 = DIRECTION ( 'NONE',  ( 0.0000000000000000000, 1.000000000000000000, 0.0000000000000000000 ) ) ;
#4853 = LINE ( 'NONE', #216, #268 ) ;
#4854 = DIRECTION ( 'NONE',  ( 0.6073758397232873500, 0.7944146205354176700, 0.0000000000000000000 ) ) ;
#4855 = CARTESIAN_POINT ( 'NONE',  ( -7.119999999999999200, 0.9268512727847090200, -3.199999999999999700 ) ) ;
#4856 = ORIENTED_EDGE ( 'NONE', *, *, #2408, .F. ) ;
#4857 = EDGE_CURVE ( 'NONE', #4167, #2829, #1079, .T. ) ;
#4858 = CARTESIAN_POINT ( 'NONE',  ( -7.268053096400543600, 7.100000000000000500, -4.349999999999999600 ) ) ;
#4859 = CARTESIAN_POINT ( 'NONE',  ( -7.368297205978183900, 7.242566342939590600, -4.418628078348727500 ) ) ;
#4860 = EDGE_LOOP ( 'NONE', ( #6968, #7874 ) ) ;
#4861 = VERTEX_POINT ( 'NONE', #3574 ) ;
#4862 = FACE_OUTER_BOUND ( 'NONE', #8176, .T. ) ;
#4863 = CARTESIAN_POINT ( 'NONE',  ( 7.312262582788345200, 7.287553726057077500, -4.363153925914354600 ) ) ;
#4864 =( LENGTH_UNIT ( ) NAMED_UNIT ( * ) SI_UNIT ( .MILLI., .METRE. ) );
#4865 = CARTESIAN_POINT ( 'NONE',  ( 7.324809436367989900, 7.292185718913863500, 4.317979638363283400 ) ) ;
#4866 = EDGE_CURVE ( 'NONE', #2642, #4948, #2836, .T. ) ;
#4867 = DIRECTION ( 'NONE',  ( -9.969675149291993300E-017, 0.0000000000000000000, -1.000000000000000000 ) ) ;
#4868 = ORIENTED_EDGE ( 'NONE', *, *, #437, .T. ) ;
#4869 =( NAMED_UNIT ( * ) PLANE_ANGLE_UNIT ( ) SI_UNIT ( $, .RADIAN. ) );
#4870 = VECTOR ( 'NONE', #6351, 1000.000000000000000 ) ;
#4871 = CARTESIAN_POINT ( 'NONE',  ( -7.620000000000000100, -5.546707964138177400E-017, 3.259999999999999800 ) ) ;
#4872 = AXIS2_PLACEMENT_3D ( 'NONE', #4652, #6638, #7061 ) ;
#4873 = CARTESIAN_POINT ( 'NONE',  ( -7.306274910729664300, 7.280629566229300100, 4.383931230945995200 ) ) ;
#4874 = DIRECTION ( 'NONE',  ( 0.0000000000000000000, 1.000000000000000000, 0.0000000000000000000 ) ) ;
#4875 = DIRECTION ( 'NONE',  ( 1.000000000000000000, 0.0000000000000000000, 0.0000000000000000000 ) ) ;
#4876 = COLOUR_RGB ( '',1.000000000000000000, 1.000000000000000000, 1.000000000000000000 ) ;
#4877 = ORIENTED_EDGE ( 'NONE', *, *, #3074, .F. ) ;
#4878 = SURFACE_STYLE_USAGE ( .BOTH. , #4849 ) ;
#4879 = VERTEX_POINT ( 'NONE', #2961 ) ;
#4880 =( GEOMETRIC_REPRESENTATION_CONTEXT ( 3 ) GLOBAL_UNCERTAINTY_ASSIGNED_CONTEXT ( ( #8002 ) ) GLOBAL_UNIT_ASSIGNED_CONTEXT ( ( #373, #4884, #1012 ) ) REPRESENTATION_CONTEXT ( 'NONE', 'WORKASPACE' ) );
#4881 = VECTOR ( 'NONE', #4411, 1000.000000000000000 ) ;
#4882 = EDGE_CURVE ( 'NONE', #2475, #242, #5817, .T. ) ;
#4883 = VECTOR ( 'NONE', #2244, 1000.000000000000000 ) ;
#4884 =( NAMED_UNIT ( * ) PLANE_ANGLE_UNIT ( ) SI_UNIT ( $, .RADIAN. ) );
#4885 = COLOUR_RGB ( '',1.000000000000000000, 1.000000000000000000, 1.000000000000000000 ) ;
#4886 = CARTESIAN_POINT ( 'NONE',  ( -7.268053096400543600, 7.299999999999999800, -4.298053096400543000 ) ) ;
#4887 = CARTESIAN_POINT ( 'NONE',  ( -4.580000000000000100, -4.258936691357909700E-017, -4.800000000000002500 ) ) ;
#4888 = DIRECTION ( 'NONE',  ( 0.0000000000000000000, 1.777380610631973500E-016, 1.000000000000000000 ) ) ;
#4889 = SURFACE_STYLE_FILL_AREA ( #5856 ) ;
#4890 = ORIENTED_EDGE ( 'NONE', *, *, #2708, .F. ) ;
#4891 = CARTESIAN_POINT ( 'NONE',  ( -7.318578479503507600, 7.240072691651094200, -4.441209714273705700 ) ) ;
#4892 = VECTOR ( 'NONE', #1329, 1000.000000000000000 ) ;
#4893 = EDGE_LOOP ( 'NONE', ( #2839, #2849, #2870, #2878 ) ) ;
#4894 = CARTESIAN_POINT ( 'NONE',  ( 7.314004647355032400, 7.294133808269502400, -4.329395760572756700 ) ) ;
#4895 = ORIENTED_EDGE ( 'NONE', *, *, #5291, .F. ) ;
#4896 = ADVANCED_FACE ( 'NONE', ( #6204 ), #2299, .F. ) ;
#4897 = CARTESIAN_POINT ( 'NONE',  ( 7.328440843361852000, 7.291072519589326900, 4.313998896902892200 ) ) ;
#4898 = DIRECTION ( 'NONE',  ( 1.000000000000000000, 0.0000000000000000000, -9.326470300950576100E-017 ) ) ;
#4899 = VECTOR ( 'NONE', #2590, 1000.000000000000000 ) ;
#4900 = DIRECTION ( 'NONE',  ( -1.000000000000000000, 0.0000000000000000000, 9.326470300950576100E-017 ) ) ;
#4901 = VECTOR ( 'NONE', #34, 1000.000000000000000 ) ;
#4902 = CARTESIAN_POINT ( 'NONE',  ( -5.329999989325322000, -0.2500000000000001100, 5.550000000000002500 ) ) ;
#4903 = ORIENTED_EDGE ( 'NONE', *, *, #7621, .F. ) ;
#4904 = PRESENTATION_LAYER_ASSIGNMENT (  '', '', ( #5005 ) ) ;
#4905 = CARTESIAN_POINT ( 'NONE',  ( -7.299905225382114600, 7.278556934371760400, 4.389313922695465400 ) ) ;
#4906 = CARTESIAN_POINT ( 'NONE',  ( -3.039999999999999600, -4.258936691357909700E-017, -5.550000000000002500 ) ) ;
#4907 = EDGE_CURVE ( 'NONE', #4535, #2141, #686, .T. ) ;
#4908 = FILL_AREA_STYLE ('',( #6101 ) ) ;
#4909 = FACE_OUTER_BOUND ( 'NONE', #2226, .T. ) ;
#4910 = DIRECTION ( 'NONE',  ( 0.0000000000000000000, 0.0000000000000000000, 1.000000000000000000 ) ) ;
#4911 = CARTESIAN_POINT ( 'NONE',  ( -7.467984561395653900, 7.105235389661573600, -4.350000000000001400 ) ) ;
#4912 = PRESENTATION_STYLE_ASSIGNMENT (( #4265 ) ) ;
#4913 = ORIENTED_EDGE ( 'NONE', *, *, #2656, .F. ) ;
#4914 = LINE ( 'NONE', #5832, #4892 ) ;
#4915 = CARTESIAN_POINT ( 'NONE',  ( -7.391508836290332100, 7.258071492962400000, -4.341781618575990500 ) ) ;
#4916 = MECHANICAL_DESIGN_GEOMETRIC_PRESENTATION_REPRESENTATION (  '', ( #5357 ), #4880 ) ;
#4917 = EDGE_CURVE ( 'NONE', #1283, #2642, #593, .T. ) ;
#4918 = FACE_OUTER_BOUND ( 'NONE', #1331, .T. ) ;
#4919 = CARTESIAN_POINT ( 'NONE',  ( 7.316194075748851100, 7.294426546386723900, -4.310766672595822700 ) ) ;
#4920 = SURFACE_STYLE_USAGE ( .BOTH. , #3562 ) ;
#4921 = LINE ( 'NONE', #3289, #4944 ) ;
#4922 = CARTESIAN_POINT ( 'NONE',  ( 7.455269228635996700, 7.171798978963098900, 4.364889758814542600 ) ) ;
#4923 = SURFACE_STYLE_FILL_AREA ( #3186 ) ;
#4924 = DIRECTION ( 'NONE',  ( 0.0000000000000000000, -1.000000000000000000, 0.0000000000000000000 ) ) ;
#4925 = VERTEX_POINT ( 'NONE', #1045 ) ;
#4926 = ORIENTED_EDGE ( 'NONE', *, *, #827, .T. ) ;
#4927 = CARTESIAN_POINT ( 'NONE',  ( -7.620000000000000100, 1.300000000000000000, -4.650000000000001200 ) ) ;
#4928 = EDGE_CURVE ( 'NONE', #1931, #1283, #2094, .T. ) ;
#4929 = VECTOR ( 'NONE', #3071, 1000.000000000000000 ) ;
#4930 = CARTESIAN_POINT ( 'NONE',  ( -2.039999999999999600, -0.2499999999999998900, -5.910000000000002800 ) ) ;
#4931 = CARTESIAN_POINT ( 'NONE',  ( -7.446951211599494700, 7.190459303313733800, 4.344955818545552800 ) ) ;
#4932 =( NAMED_UNIT ( * ) PLANE_ANGLE_UNIT ( ) SI_UNIT ( $, .RADIAN. ) );
#4933 = VECTOR ( 'NONE', #7068, 1000.000000000000000 ) ;
#4934 = PRESENTATION_LAYER_ASSIGNMENT (  '', '', ( #5022 ) ) ;
#4935 = ORIENTED_EDGE ( 'NONE', *, *, #8018, .T. ) ;
#4936 = DIRECTION ( 'NONE',  ( 0.0000000000000000000, 0.0000000000000000000, -1.000000000000000000 ) ) ;
#4937 =( GEOMETRIC_REPRESENTATION_CONTEXT ( 3 ) GLOBAL_UNCERTAINTY_ASSIGNED_CONTEXT ( ( #3888 ) ) GLOBAL_UNIT_ASSIGNED_CONTEXT ( ( #715, #5215, #1353 ) ) REPRESENTATION_CONTEXT ( 'NONE', 'WORKASPACE' ) );
#4938 = VECTOR ( 'NONE', #424, 1000.000000000000000 ) ;
#4939 = CARTESIAN_POINT ( 'NONE',  ( -2.289999999999999600, 0.9499999999999995100, -5.300000000000002500 ) ) ;
#4940 = ORIENTED_EDGE ( 'NONE', *, *, #7750, .F. ) ;
#4941 = CARTESIAN_POINT ( 'NONE',  ( 7.452000280215346900, 7.106755979990133200, -4.427225182319419100 ) ) ;
#4942 = EDGE_CURVE ( 'NONE', #1931, #4948, #3442, .T. ) ;
#4943 = SURFACE_STYLE_USAGE ( .BOTH. , #444 ) ;
#4944 = VECTOR ( 'NONE', #614, 999.9999999999998900 ) ;
#4945 =( LENGTH_UNIT ( ) NAMED_UNIT ( * ) SI_UNIT ( .MILLI., .METRE. ) );
#4946 = ORIENTED_EDGE ( 'NONE', *, *, #1556, .T. ) ;
#4947 = EDGE_CURVE ( 'NONE', #4137, #8001, #3872, .T. ) ;
#4948 = VERTEX_POINT ( 'NONE', #6807 ) ;
#4949 = VERTEX_POINT ( 'NONE', #1731 ) ;
#4950 = ADVANCED_FACE ( 'NONE', ( #4524 ), #1282, .T. ) ;
#4951 = ORIENTED_EDGE ( 'NONE', *, *, #7906, .T. ) ;
#4952 = CARTESIAN_POINT ( 'NONE',  ( 7.272511179680576800, 7.300000000000000700, -4.308111721715282400 ) ) ;
#4953 = CARTESIAN_POINT ( 'NONE',  ( -7.619999999999999200, 1.300000000000000000, 4.349999999999999600 ) ) ;
#4954 = ORIENTED_EDGE ( 'NONE', *, *, #2637, .T. ) ;
#4955 = CARTESIAN_POINT ( 'NONE',  ( -7.619999999999999200, 1.300000000000000000, 4.649999999999999500 ) ) ;
#4956 = EDGE_CURVE ( 'NONE', #6856, #2642, #3237, .T. ) ;
#4957 = DIRECTION ( 'NONE',  ( 0.0000000000000000000, -1.000000000000000000, 0.0000000000000000000 ) ) ;
#4958 = UNCERTAINTY_MEASURE_WITH_UNIT (LENGTH_MEASURE( 1.000000000000000100E-005 ), #3041, 'distance_accuracy_value', 'NONE');
#4959 = CARTESIAN_POINT ( 'NONE',  ( -7.620000000000000100, 1.300000000000000000, -4.350000000000001400 ) ) ;
#4960 = ORIENTED_EDGE ( 'NONE', *, *, #7605, .F. ) ;
#4961 = SURFACE_SIDE_STYLE ('',( #1702 ) ) ;
#4962 = ORIENTED_EDGE ( 'NONE', *, *, #4552, .T. ) ;
#4963 = PLANE ( 'NONE',  #4536 ) ;
#4964 = PRESENTATION_STYLE_ASSIGNMENT (( #7420 ) ) ;
#4965 = AXIS2_PLACEMENT_3D ( 'NONE', #2713, #6546, #2743 ) ;
#4966 = CARTESIAN_POINT ( 'NONE',  ( -2.039999999999999600, 1.724059192313015100E-016, -5.550000000000002500 ) ) ;
#4967 = CARTESIAN_POINT ( 'NONE',  ( -7.316194075747151100, 7.294426546387113900, 4.310766672597703000 ) ) ;
#4968 = VERTEX_POINT ( 'NONE', #7457 ) ;
#4969 = EDGE_CURVE ( 'NONE', #2689, #3090, #7249, .T. ) ;
#4970 = DIRECTION ( 'NONE',  ( 9.326470300950576100E-017, 0.0000000000000000000, 1.000000000000000000 ) ) ;
#4971 = ORIENTED_EDGE ( 'NONE', *, *, #2617, .T. ) ;
#4972 = DIRECTION ( 'NONE',  ( 1.000000000000000000, 0.0000000000000000000, -9.326470300950576100E-017 ) ) ;
#4973 = DIRECTION ( 'NONE',  ( -0.0000000000000000000, -0.0000000000000000000, -1.000000000000000000 ) ) ;
#4974 = DIRECTION ( 'NONE',  ( -0.1736481776669299700, -0.9848077530122081300, 0.0000000000000000000 ) ) ;
#4975 = VECTOR ( 'NONE', #2616, 1000.000000000000000 ) ;
#4976 = LINE ( 'NONE', #2522, #4899 ) ;
#4977 = SURFACE_STYLE_FILL_AREA ( #8236 ) ;
#4978 = CARTESIAN_POINT ( 'NONE',  ( 3.040000000000000000, -0.2499999999999998300, -5.550000000000002500 ) ) ;
#4979 = ORIENTED_EDGE ( 'NONE', *, *, #1947, .F. ) ;
#4980 = LINE ( 'NONE', #6463, #4870 ) ;
#4981 = CARTESIAN_POINT ( 'NONE',  ( 7.268053096400541900, 7.300000000000000700, -4.298053096400543000 ) ) ;
#4982 = FILL_AREA_STYLE_COLOUR ( '', #4510 ) ;
#4983 = DIRECTION ( 'NONE',  ( 0.4472135954999567100, -1.077488781791352200E-016, -0.8944271909999164100 ) ) ;
#4984 = EDGE_CURVE ( 'NONE', #3406, #6856, #7160, .T. ) ;
#4985 =( NAMED_UNIT ( * ) SI_UNIT ( $, .STERADIAN. ) SOLID_ANGLE_UNIT ( ) );
#4986 = LINE ( 'NONE', #5701, #6208 ) ;
#4987 =( NAMED_UNIT ( * ) PLANE_ANGLE_UNIT ( ) SI_UNIT ( $, .RADIAN. ) );
#4988 = MECHANICAL_DESIGN_GEOMETRIC_PRESENTATION_REPRESENTATION (  '', ( #5051 ), #4937 ) ;
#4989 = ORIENTED_EDGE ( 'NONE', *, *, #2606, .F. ) ;
#4990 = VECTOR ( 'NONE', #4157, 1000.000000000000000 ) ;
#4991 = MECHANICAL_DESIGN_GEOMETRIC_PRESENTATION_REPRESENTATION (  '', ( #5101 ), #4830 ) ;
#4992 = LINE ( 'NONE', #7401, #6055 ) ;
#4993 = ADVANCED_FACE ( 'NONE', ( #1490 ), #1133, .T. ) ;
#4994 = FACE_OUTER_BOUND ( 'NONE', #7198, .T. ) ;
#4995 = ORIENTED_EDGE ( 'NONE', *, *, #63, .T. ) ;
#4996 = EDGE_CURVE ( 'NONE', #7993, #3698, #7732, .T. ) ;
#4997 = ORIENTED_EDGE ( 'NONE', *, *, #6013, .F. ) ;
#4998 = CARTESIAN_POINT ( 'NONE',  ( -7.119999999999999200, 1.300000000000000000, -3.199999999999999700 ) ) ;
#4999 = CARTESIAN_POINT ( 'NONE',  ( -7.460950433676456100, 7.153912947502758100, 4.348454368063285000 ) ) ;
#5000 = PRESENTATION_LAYER_ASSIGNMENT (  '', '', ( #5051 ) ) ;
#5001 = VECTOR ( 'NONE', #3826, 1000.000000000000000 ) ;
#5002 = DIRECTION ( 'NONE',  ( -1.000000000000000000, -0.0000000000000000000, 0.0000000000000000000 ) ) ;
#5003 = VECTOR ( 'NONE', #8012, 1000.000000000000000 ) ;
#5004 = ORIENTED_EDGE ( 'NONE', *, *, #1020, .T. ) ;
#5005 = STYLED_ITEM ( 'NONE', ( #6665 ), #5822 ) ;
#5006 = CARTESIAN_POINT ( 'NONE',  ( 3.040000000000000000, -4.258936691357909700E-017, -5.550000000000002500 ) ) ;
#5007 = EDGE_CURVE ( 'NONE', #3698, #6377, #8113, .T. ) ;
#5008 = EDGE_CURVE ( 'NONE', #1283, #3406, #7652, .T. ) ;
#5009 =( NAMED_UNIT ( * ) PLANE_ANGLE_UNIT ( ) SI_UNIT ( $, .RADIAN. ) );
#5010 = LINE ( 'NONE', #4437, #6216 ) ;
#5011 = DIRECTION ( 'NONE',  ( -0.1736481776669303000, 0.9848077530122080200, 0.0000000000000000000 ) ) ;
#5012 = CARTESIAN_POINT ( 'NONE',  ( -7.358721665271925600, 7.106144389899109000, 4.493976214695729600 ) ) ;
#5013 = CARTESIAN_POINT ( 'NONE',  ( 7.119999999999999200, 1.300000000000000000, 0.6699999999999989300 ) ) ;
#5014 = CARTESIAN_POINT ( 'NONE',  ( 7.457176294356452600, 7.166261939741041000, 4.347528216476926700 ) ) ;
#5015 = ORIENTED_EDGE ( 'NONE', *, *, #972, .T. ) ;
#5016 = FILL_AREA_STYLE_COLOUR ( '', #2285 ) ;
#5017 = VECTOR ( 'NONE', #560, 1000.000000000000000 ) ;
#5018 = CARTESIAN_POINT ( 'NONE',  ( 7.320000000000001200, 7.105235389661573600, 4.497984561395653300 ) ) ;
#5019 = CARTESIAN_POINT ( 'NONE',  ( -7.619999999999999200, 1.300000000000000000, 3.199999999999999700 ) ) ;
#5020 = FILL_AREA_STYLE ('',( #6262 ) ) ;
#5021 = ORIENTED_EDGE ( 'NONE', *, *, #3051, .T. ) ;
#5022 = STYLED_ITEM ( 'NONE', ( #6729 ), #3301 ) ;
#5023 = CARTESIAN_POINT ( 'NONE',  ( -7.119999999999999200, 1.300000000000000000, -3.199999999999999700 ) ) ;
#5024 = LINE ( 'NONE', #3140, #1656 ) ;
#5025 = CARTESIAN_POINT ( 'NONE',  ( -4.580000000000000100, 0.9499999999999998400, 4.650000000000003000 ) ) ;
#5026 = DIRECTION ( 'NONE',  ( 1.000000000000000000, 0.0000000000000000000, -0.0000000000000000000 ) ) ;
#5027 = AXIS2_PLACEMENT_3D ( 'NONE', #1438, #1414, #1371 ) ;
#5028 = ORIENTED_EDGE ( 'NONE', *, *, #3388, .F. ) ;
#5029 = CARTESIAN_POINT ( 'NONE',  ( 3.040000000000000000, 2.168404344971008900E-016, -5.300000000000002500 ) ) ;
#5030 = CARTESIAN_POINT ( 'NONE',  ( -1.980000000000000400, 0.9499999999999995100, -4.680000000000002400 ) ) ;
#5031 = PRESENTATION_LAYER_ASSIGNMENT (  '', '', ( #5357 ) ) ;
#5032 = EDGE_CURVE ( 'NONE', #8240, #6856, #2348, .T. ) ;
#5033 = CIRCLE ( 'NONE', #3439, 0.2999999999999999300 ) ;
#5034 = VERTEX_POINT ( 'NONE', #8143 ) ;
#5035 = CARTESIAN_POINT ( 'NONE',  ( 7.318454368052854000, 7.153912947500016300, 4.490950433677179300 ) ) ;
#5036 = VECTOR ( 'NONE', #4243, 1000.000000000000000 ) ;
#5037 = DIRECTION ( 'NONE',  ( 0.0000000000000000000, 0.0000000000000000000, 1.000000000000000000 ) ) ;
#5038 = ORIENTED_EDGE ( 'NONE', *, *, #2547, .F. ) ;
#5039 = ORIENTED_EDGE ( 'NONE', *, *, #5261, .F. ) ;
#5040 =( LENGTH_UNIT ( ) NAMED_UNIT ( * ) SI_UNIT ( .MILLI., .METRE. ) );
#5041 = DIRECTION ( 'NONE',  ( 0.0000000000000000000, -0.0000000000000000000, 1.000000000000000000 ) ) ;
#5042 = PRESENTATION_LAYER_ASSIGNMENT (  '', '', ( #5101 ) ) ;
#5043 = CARTESIAN_POINT ( 'NONE',  ( -7.160000000000000100, 0.6899999999999999500, -3.259999999999999800 ) ) ;
#5044 = CIRCLE ( 'NONE', #3550, 0.2999999999999999300 ) ;
#5045 = DIRECTION ( 'NONE',  ( 0.4472135954999567100, 1.077488781791352200E-016, 0.8944271909999164100 ) ) ;
#5046 = VERTEX_POINT ( 'NONE', #5053 ) ;
#5047 = COLOUR_RGB ( '',1.000000000000000000, 1.000000000000000000, 1.000000000000000000 ) ;
#5048 =( LENGTH_UNIT ( ) NAMED_UNIT ( * ) SI_UNIT ( .MILLI., .METRE. ) );
#5049 = VERTEX_POINT ( 'NONE', #5700 ) ;
#5050 = LINE ( 'NONE', #3174, #5001 ) ;
#5051 = STYLED_ITEM ( 'NONE', ( #800 ), #6731 ) ;
#5052 = VERTEX_POINT ( 'NONE', #4415 ) ;
#5053 = CARTESIAN_POINT ( 'NONE',  ( -5.329999999999997400, 0.7000000000000000700, 5.300000000000009600 ) ) ;
#5054 = ORIENTED_EDGE ( 'NONE', *, *, #2507, .T. ) ;
#5055 = VERTEX_POINT ( 'NONE', #1188 ) ;
#5056 = FILL_AREA_STYLE ('',( #3800 ) ) ;
#5057 = DIRECTION ( 'NONE',  ( -9.969675149291993300E-017, 0.0000000000000000000, -1.000000000000000000 ) ) ;
#5058 = EDGE_CURVE ( 'NONE', #5750, #5845, #8086, .T. ) ;
#5059 = ORIENTED_EDGE ( 'NONE', *, *, #3849, .T. ) ;
#5060 = VECTOR ( 'NONE', #6369, 1000.000000000000000 ) ;
#5061 = ORIENTED_EDGE ( 'NONE', *, *, #5132, .F. ) ;
#5062 = CARTESIAN_POINT ( 'NONE',  ( 7.336131461356818500, 7.158634173697010700, 4.489702267885583400 ) ) ;
#5063 = CARTESIAN_POINT ( 'NONE',  ( -7.354886201541618500, 7.273875218078677200, -4.370194383450470200 ) ) ;
#5064 = PRESENTATION_LAYER_ASSIGNMENT (  '', '', ( #4780 ) ) ;
#5065 = VERTEX_POINT ( 'NONE', #3825 ) ;
#5066 = ORIENTED_EDGE ( 'NONE', *, *, #4023, .T. ) ;
#5067 = DIRECTION ( 'NONE',  ( 1.000000000000000000, -0.0000000000000000000, 0.0000000000000000000 ) ) ;
#5068 = DIRECTION ( 'NONE',  ( 0.0000000000000000000, -0.0000000000000000000, -1.000000000000000000 ) ) ;
#5069 = EDGE_CURVE ( 'NONE', #936, #8240, #8067, .T. ) ;
#5070 = AXIS2_PLACEMENT_3D ( 'NONE', #225, #189, #158 ) ;
#5071 = CARTESIAN_POINT ( 'NONE',  ( -4.830000000000000100, -1.084202172485503600E-016, -5.910000000000002800 ) ) ;
#5072 = FACE_OUTER_BOUND ( 'NONE', #2797, .T. ) ;
#5073 =( NAMED_UNIT ( * ) PLANE_ANGLE_UNIT ( ) SI_UNIT ( $, .RADIAN. ) );
#5074 = ADVANCED_FACE ( 'NONE', ( #8057 ), #5077, .F. ) ;
#5075 = ORIENTED_EDGE ( 'NONE', *, *, #2425, .F. ) ;
#5076 = LINE ( 'NONE', #1156, #4881 ) ;
#5077 = PLANE ( 'NONE',  #3789 ) ;
#5078 = VECTOR ( 'NONE', #6846, 1000.000000000000000 ) ;
#5079 = DIRECTION ( 'NONE',  ( 1.000000000000000000, 0.0000000000000000000, 0.0000000000000000000 ) ) ;
#5080 = CARTESIAN_POINT ( 'NONE',  ( 7.161822484923008300, 1.250000000000000000, -0.7200000000000002000 ) ) ;
#5081 = AXIS2_PLACEMENT_3D ( 'NONE', #7852, #915, #4193 ) ;
#5082 = EDGE_CURVE ( 'NONE', #3406, #936, #2368, .T. ) ;
#5083 = ORIENTED_EDGE ( 'NONE', *, *, #2401, .T. ) ;
#5084 = VECTOR ( 'NONE', #2796, 1000.000000000000000 ) ;
#5085 = ADVANCED_FACE ( 'NONE', ( #8065 ), #7581, .F. ) ;
#5086 = LINE ( 'NONE', #2138, #6564 ) ;
#5087 = VECTOR ( 'NONE', #2723, 1000.000000000000000 ) ;
#5088 = CARTESIAN_POINT ( 'NONE',  ( -7.320000000000000300, 1.300000000000000000, -4.650000000000001200 ) ) ;
#5089 = CARTESIAN_POINT ( 'NONE',  ( -7.306274889567264500, 7.280629558843155100, -4.383931249339396700 ) ) ;
#5090 = ORIENTED_EDGE ( 'NONE', *, *, #2388, .F. ) ;
#5091 = DIRECTION ( 'NONE',  ( -0.0000000000000000000, 1.204669080539449800E-016, 1.000000000000000000 ) ) ;
#5092 = EDGE_CURVE ( 'NONE', #8240, #7203, #7970, .T. ) ;
#5093 = CARTESIAN_POINT ( 'NONE',  ( 5.580000000000001000, 0.6999999999999998400, 4.650000000000003000 ) ) ;
#5094 = LINE ( 'NONE', #2789, #4975 ) ;
#5095 = DIRECTION ( 'NONE',  ( 4.269869874340407800E-008, -8.673617379884019700E-016, 0.9999999999999991100 ) ) ;
#5096 = CARTESIAN_POINT ( 'NONE',  ( 7.353854750081600500, 7.161173462352786100, 4.484773261803869800 ) ) ;
#5097 = ADVANCED_FACE ( 'NONE', ( #7489 ), #7248, .T. ) ;
#5098 = DIRECTION ( 'NONE',  ( -9.326470300950574900E-017, -0.0000000000000000000, -1.000000000000000000 ) ) ;
#5099 = ORIENTED_EDGE ( 'NONE', *, *, #2377, .T. ) ;
#5100 = CARTESIAN_POINT ( 'NONE',  ( -5.329999999999997400, 3.049999999999999800, 5.300000000000009600 ) ) ;
#5101 = STYLED_ITEM ( 'NONE', ( #2528 ), #6864 ) ;
#5102 = VECTOR ( 'NONE', #2293, 1000.000000000000000 ) ;
#5103 = DIRECTION ( 'NONE',  ( 0.0000000000000000000, 0.0000000000000000000, 1.000000000000000000 ) ) ;
#5104 = EDGE_CURVE ( 'NONE', #7203, #986, #7942, .T. ) ;
#5105 = DIRECTION ( 'NONE',  ( 0.0000000000000000000, 0.0000000000000000000, -1.000000000000000000 ) ) ;
#5106 = EDGE_CURVE ( 'NONE', #3770, #564, #7757, .T. ) ;
#5107 = ADVANCED_FACE ( 'NONE', ( #6648 ), #2587, .F. ) ;
#5108 =( NAMED_UNIT ( * ) PLANE_ANGLE_UNIT ( ) SI_UNIT ( $, .RADIAN. ) );
#5109 = ORIENTED_EDGE ( 'NONE', *, *, #1817, .F. ) ;
#5110 = VERTEX_POINT ( 'NONE', #5134 ) ;
#5111 = CARTESIAN_POINT ( 'NONE',  ( 7.620000000000001000, 1.300000000000000000, -3.260000000000000700 ) ) ;
#5112 = CARTESIAN_POINT ( 'NONE',  ( 7.446697652972775700, 7.190859281308559200, -4.344826676223002300 ) ) ;
#5113 = PLANE ( 'NONE',  #5149 ) ;
#5114 = ORIENTED_EDGE ( 'NONE', *, *, #2273, .F. ) ;
#5115 = CARTESIAN_POINT ( 'NONE',  ( 2.179999999999999700, 0.9499999999999995100, -5.080000000000001800 ) ) ;
#5116 = AXIS2_PLACEMENT_3D ( 'NONE', #1425, #5910, #2079 ) ;
#5117 = ORIENTED_EDGE ( 'NONE', *, *, #2346, .F. ) ;
#5118 = ORIENTED_EDGE ( 'NONE', *, *, #864, .F. ) ;
#5119 = CARTESIAN_POINT ( 'NONE',  ( -7.328440843361878600, 7.291072519589347300, -4.313998896902916200 ) ) ;
#5120 = EDGE_CURVE ( 'NONE', #986, #936, #7258, .T. ) ;
#5121 = SURFACE_STYLE_FILL_AREA ( #6876 ) ;
#5122 = UNCERTAINTY_MEASURE_WITH_UNIT (LENGTH_MEASURE( 1.000000000000000100E-005 ), #7029, 'distance_accuracy_value', 'NONE');
#5123 = CARTESIAN_POINT ( 'NONE',  ( 7.620000000000000100, 1.300000000000000000, -4.650000000000001200 ) ) ;
#5124 = ORIENTED_EDGE ( 'NONE', *, *, #1323, .T. ) ;
#5125 = FILL_AREA_STYLE ('',( #7011 ) ) ;
#5126 = LINE ( 'NONE', #1598, #7449 ) ;
#5127 = CARTESIAN_POINT ( 'NONE',  ( -7.460000000000000000, 0.6999999999999999600, 2.020000000000000000 ) ) ;
#5128 = CARTESIAN_POINT ( 'NONE',  ( -4.830000000000001800, 0.0000000000000000000, 5.300000000000006000 ) ) ;
#5129 = AXIS2_PLACEMENT_3D ( 'NONE', #5249, #1389, #5885 ) ;
#5130 =( NAMED_UNIT ( * ) SI_UNIT ( $, .STERADIAN. ) SOLID_ANGLE_UNIT ( ) );
#5131 = VECTOR ( 'NONE', #4266, 1000.000000000000000 ) ;
#5132 = EDGE_CURVE ( 'NONE', #4734, #3524, #2972, .T. ) ;
#5133 = ORIENTED_EDGE ( 'NONE', *, *, #2284, .T. ) ;
#5134 = CARTESIAN_POINT ( 'NONE',  ( -7.319999999999999400, 7.105235389661575400, 4.497984561395653300 ) ) ;
#5135 = LINE ( 'NONE', #7236, #2524 ) ;
#5136 = CARTESIAN_POINT ( 'NONE',  ( 7.299339024137617900, 7.261564332074653900, -4.416745320335016000 ) ) ;
#5137 = CARTESIAN_POINT ( 'NONE',  ( 7.460000000000000000, 0.8599999999999999900, -0.7200000000000002000 ) ) ;
#5138 = DIRECTION ( 'NONE',  ( 1.000000000000000000, -0.0000000000000000000, -0.0000000000000000000 ) ) ;
#5139 =( NAMED_UNIT ( * ) SI_UNIT ( $, .STERADIAN. ) SOLID_ANGLE_UNIT ( ) );
#5140 = FACE_OUTER_BOUND ( 'NONE', #6462, .T. ) ;
#5141 = VERTEX_POINT ( 'NONE', #2613 ) ;
#5142 = UNCERTAINTY_MEASURE_WITH_UNIT (LENGTH_MEASURE( 1.000000000000000100E-005 ), #6266, 'distance_accuracy_value', 'NONE');
#5143 = ORIENTED_EDGE ( 'NONE', *, *, #2217, .F. ) ;
#5144 = CARTESIAN_POINT ( 'NONE',  ( 7.290361451906543200, 7.281755574941672500, 4.382579468360930300 ) ) ;
#5145 = VERTEX_POINT ( 'NONE', #7040 ) ;
#5146 =( NAMED_UNIT ( * ) SI_UNIT ( $, .STERADIAN. ) SOLID_ANGLE_UNIT ( ) );
#5147 = COLOUR_RGB ( '',1.000000000000000000, 1.000000000000000000, 1.000000000000000000 ) ;
#5148 = CARTESIAN_POINT ( 'NONE',  ( -7.304544146823029200, 7.296304428559239800, -4.322945471370697800 ) ) ;
#5149 = AXIS2_PLACEMENT_3D ( 'NONE', #5786, #1926, #6409 ) ;
#5150 =( LENGTH_UNIT ( ) NAMED_UNIT ( * ) SI_UNIT ( .MILLI., .METRE. ) );
#5151 = ADVANCED_FACE ( 'NONE', ( #2980 ), #4529, .T. ) ;
#5152 = ORIENTED_EDGE ( 'NONE', *, *, #555, .F. ) ;
#5153 = ORIENTED_EDGE ( 'NONE', *, *, #3586, .F. ) ;
#5154 = CARTESIAN_POINT ( 'NONE',  ( -2.039999999999999600, 0.6999999999999992900, -5.550000000000002500 ) ) ;
#5155 = LINE ( 'NONE', #6217, #5131 ) ;
#5156 = PRESENTATION_STYLE_ASSIGNMENT (( #7490 ) ) ;
#5157 = ORIENTED_EDGE ( 'NONE', *, *, #8031, .F. ) ;
#5158 = CARTESIAN_POINT ( 'NONE',  ( -7.054203811574920400, 1.300000000000000000, -3.259999999999999800 ) ) ;
#5159 = EDGE_CURVE ( 'NONE', #5750, #6949, #7870, .T. ) ;
#5160 = CARTESIAN_POINT ( 'NONE',  ( 7.054203811574920400, 1.300000000000000000, -3.259999999999999800 ) ) ;
#5161 = SURFACE_SIDE_STYLE ('',( #3158 ) ) ;
#5162 = ORIENTED_EDGE ( 'NONE', *, *, #2111, .T. ) ;
#5163 = DIRECTION ( 'NONE',  ( 4.269869923903965700E-008, -0.0000000000000000000, 0.9999999999999991100 ) ) ;
#5164 =( LENGTH_UNIT ( ) NAMED_UNIT ( * ) SI_UNIT ( .MILLI., .METRE. ) );
#5165 = DIRECTION ( 'NONE',  ( 0.0000000000000000000, 1.000000000000000000, 0.0000000000000000000 ) ) ;
#5166 = DIRECTION ( 'NONE',  ( -0.0000000000000000000, 1.000000000000000000, -0.0000000000000000000 ) ) ;
#5167 = VERTEX_POINT ( 'NONE', #7635 ) ;
#5168 = VERTEX_POINT ( 'NONE', #6464 ) ;
#5169 = EDGE_CURVE ( 'NONE', #564, #3673, #3010, .T. ) ;
#5170 = CARTESIAN_POINT ( 'NONE',  ( -2.790000000000000000, -0.2500000000000001100, -6.000000000000001800 ) ) ;
#5171 = LINE ( 'NONE', #5678, #439 ) ;
#5172 = VECTOR ( 'NONE', #2200, 1000.000000000000000 ) ;
#5173 = EDGE_CURVE ( 'NONE', #5055, #4734, #7861, .T. ) ;
#5174 = ADVANCED_FACE ( 'NONE', ( #2991 ), #710, .F. ) ;
#5175 = CARTESIAN_POINT ( 'NONE',  ( 7.320000000000000300, 7.105235389661575400, -4.497984561395655100 ) ) ;
#5176 = AXIS2_PLACEMENT_3D ( 'NONE', #8141, #8181, #7885 ) ;
#5177 = DIRECTION ( 'NONE',  ( -1.000000000000000000, -0.0000000000000000000, -0.0000000000000000000 ) ) ;
#5178 = CARTESIAN_POINT ( 'NONE',  ( -7.280069459007252800, 7.299257829048978700, -4.315831035665866900 ) ) ;
#5179 = CARTESIAN_POINT ( 'NONE',  ( 7.119999999999999200, 0.9268512727847090200, 2.069999999999999000 ) ) ;
#5180 = DIRECTION ( 'NONE',  ( 0.0000000000000000000, 0.0000000000000000000, -1.000000000000000000 ) ) ;
#5181 = VECTOR ( 'NONE', #6600, 1000.000000000000000 ) ;
#5182 = CARTESIAN_POINT ( 'NONE',  ( -5.330000000000001000, -0.2500000000000001100, -5.910000000000002800 ) ) ;
#5183 = ORIENTED_EDGE ( 'NONE', *, *, #1179, .F. ) ;
#5184 = EDGE_CURVE ( 'NONE', #5055, #1066, #7796, .T. ) ;
#5185 = LINE ( 'NONE', #1570, #2069 ) ;
#5186 = VECTOR ( 'NONE', #2227, 1000.000000000000000 ) ;
#5187 = CARTESIAN_POINT ( 'NONE',  ( -7.119999999999999200, 0.9268512727847090200, -3.259999999999999800 ) ) ;
#5188 = VERTEX_POINT ( 'NONE', #2672 ) ;
#5189 = ADVANCED_FACE ( 'NONE', ( #7767 ), #7710, .T. ) ;
#5190 = DIRECTION ( 'NONE',  ( -0.0000000000000000000, -0.0000000000000000000, -1.000000000000000000 ) ) ;
#5191 = CARTESIAN_POINT ( 'NONE',  ( 0.0000000000000000000, -0.2500000000000001100, 0.0000000000000000000 ) ) ;
#5192 = EDGE_CURVE ( 'NONE', #4128, #5065, #1634, .T. ) ;
#5193 = DIRECTION ( 'NONE',  ( -0.0000000000000000000, -1.000000000000000000, -0.0000000000000000000 ) ) ;
#5194 = VERTEX_POINT ( 'NONE', #3368 ) ;
#5195 = ORIENTED_EDGE ( 'NONE', *, *, #1346, .F. ) ;
#5196 = MECHANICAL_DESIGN_GEOMETRIC_PRESENTATION_REPRESENTATION (  '', ( #6361 ), #414 ) ;
#5197 = CARTESIAN_POINT ( 'NONE',  ( -7.160000000000000100, 0.6999999999999999600, -2.020000000000000000 ) ) ;
#5198 = VECTOR ( 'NONE', #5825, 1000.000000000000000 ) ;
#5199 = CARTESIAN_POINT ( 'NONE',  ( -7.271094192904072000, 7.299999999999999800, -4.309568070390009900 ) ) ;
#5200 = DIRECTION ( 'NONE',  ( 0.0000000000000000000, 0.0000000000000000000, 1.000000000000000000 ) ) ;
#5201 = DIRECTION ( 'NONE',  ( -1.000000000000000000, -0.0000000000000000000, 0.0000000000000000000 ) ) ;
#5202 = ORIENTED_EDGE ( 'NONE', *, *, #2192, .F. ) ;
#5203 = VERTEX_POINT ( 'NONE', #7088 ) ;
#5204 = DIRECTION ( 'NONE',  ( 0.0000000000000000000, -1.000000000000000000, 0.0000000000000000000 ) ) ;
#5205 =( GEOMETRIC_REPRESENTATION_CONTEXT ( 3 ) GLOBAL_UNCERTAINTY_ASSIGNED_CONTEXT ( ( #531 ) ) GLOBAL_UNIT_ASSIGNED_CONTEXT ( ( #689, #5834, #1980 ) ) REPRESENTATION_CONTEXT ( 'NONE', 'WORKASPACE' ) );
#5206 = CARTESIAN_POINT ( 'NONE',  ( 7.460000000000000000, 0.6999999999999999600, -2.020000000000000000 ) ) ;
#5207 = ADVANCED_FACE ( 'NONE', ( #1633 ), #7118, .F. ) ;
#5208 = ORIENTED_EDGE ( 'NONE', *, *, #3742, .F. ) ;
#5209 = CARTESIAN_POINT ( 'NONE',  ( 7.358721665271922100, 7.106144389899109900, -4.493976214695730500 ) ) ;
#5210 = EDGE_CURVE ( 'NONE', #1066, #3524, #7476, .T. ) ;
#5211 = VECTOR ( 'NONE', #955, 1000.000000000000000 ) ;
#5212 = EDGE_CURVE ( 'NONE', #825, #4602, #5552, .T. ) ;
#5213 = DIRECTION ( 'NONE',  ( 0.0000000000000000000, 0.0000000000000000000, -1.000000000000000000 ) ) ;
#5214 = PLANE ( 'NONE',  #2199 ) ;
#5215 =( NAMED_UNIT ( * ) PLANE_ANGLE_UNIT ( ) SI_UNIT ( $, .RADIAN. ) );
#5216 = LINE ( 'NONE', #3697, #5211 ) ;
#5217 = UNCERTAINTY_MEASURE_WITH_UNIT (LENGTH_MEASURE( 1.000000000000000100E-005 ), #2066, 'distance_accuracy_value', 'NONE');
#5218 = AXIS2_PLACEMENT_3D ( 'NONE', #7740, #4029, #109 ) ;
#5219 = SURFACE_SIDE_STYLE ('',( #4163 ) ) ;
#5220 = FACE_BOUND ( 'NONE', #4138, .T. ) ;
#5221 = EDGE_CURVE ( 'NONE', #7591, #4734, #5559, .T. ) ;
#5222 = SURFACE_STYLE_USAGE ( .BOTH. , #721 ) ;
#5223 = ADVANCED_FACE ( 'NONE', ( #5760 ), #7168, .F. ) ;
#5224 = CARTESIAN_POINT ( 'NONE',  ( -4.830000000000000100, 0.6999999999999992900, -5.300000000000002500 ) ) ;
#5225 = LINE ( 'NONE', #7254, #5913 ) ;
#5226 = COLOUR_RGB ( '',1.000000000000000000, 1.000000000000000000, 1.000000000000000000 ) ;
#5227 = VERTEX_POINT ( 'NONE', #783 ) ;
#5228 = DIRECTION ( 'NONE',  ( -1.000000000000000000, -0.0000000000000000000, -0.0000000000000000000 ) ) ;
#5229 = PRESENTATION_STYLE_ASSIGNMENT (( #1360 ) ) ;
#5230 = SURFACE_STYLE_FILL_AREA ( #5735 ) ;
#5231 = CARTESIAN_POINT ( 'NONE',  ( 7.119999999999997400, 0.4999999999999998900, -3.200000000000001100 ) ) ;
#5232 = ORIENTED_EDGE ( 'NONE', *, *, #1259, .F. ) ;
#5233 = ORIENTED_EDGE ( 'NONE', *, *, #246, .T. ) ;
#5234 = CARTESIAN_POINT ( 'NONE',  ( 7.438069157076776100, 7.118445683011408700, -4.440723406692551800 ) ) ;
#5235 = EDGE_CURVE ( 'NONE', #7591, #3723, #5431, .T. ) ;
#5236 = VECTOR ( 'NONE', #6194, 1000.000000000000000 ) ;
#5237 = ORIENTED_EDGE ( 'NONE', *, *, #3150, .T. ) ;
#5238 = VECTOR ( 'NONE', #4506, 1000.000000000000000 ) ;
#5239 =( NAMED_UNIT ( * ) SI_UNIT ( $, .STERADIAN. ) SOLID_ANGLE_UNIT ( ) );
#5240 = CARTESIAN_POINT ( 'NONE',  ( -6.269999999999998700, 0.6999999999999998400, 3.260000000000000200 ) ) ;
#5241 = DIRECTION ( 'NONE',  ( 4.269869923903965700E-008, -0.0000000000000000000, 0.9999999999999991100 ) ) ;
#5242 = CYLINDRICAL_SURFACE ( 'NONE', #3989, 0.2500000000000002200 ) ;
#5243 = CARTESIAN_POINT ( 'NONE',  ( -7.404301744933788700, 7.221952908502790300, 4.411775099732239800 ) ) ;
#5244 =( NAMED_UNIT ( * ) PLANE_ANGLE_UNIT ( ) SI_UNIT ( $, .RADIAN. ) );
#5245 = FACE_OUTER_BOUND ( 'NONE', #2636, .T. ) ;
#5246 = ORIENTED_EDGE ( 'NONE', *, *, #2497, .F. ) ;
#5247 = LINE ( 'NONE', #3488, #4173 ) ;
#5248 = ORIENTED_EDGE ( 'NONE', *, *, #7381, .T. ) ;
#5249 = CARTESIAN_POINT ( 'NONE',  ( -2.039999999999999600, 0.9499999999999995100, -4.650000000000003000 ) ) ;
#5250 = CARTESIAN_POINT ( 'NONE',  ( -4.830000000000000100, -0.2499999999999998900, -5.910000000000002800 ) ) ;
#5251 =( GEOMETRIC_REPRESENTATION_CONTEXT ( 3 ) GLOBAL_UNCERTAINTY_ASSIGNED_CONTEXT ( ( #7291 ) ) GLOBAL_UNIT_ASSIGNED_CONTEXT ( ( #368, #6689, #339 ) ) REPRESENTATION_CONTEXT ( 'NONE', 'WORKASPACE' ) );
#5252 = LINE ( 'NONE', #7276, #3953 ) ;
#5253 = CARTESIAN_POINT ( 'NONE',  ( 7.619999999999998300, 0.1999999999999999600, -2.900000000000001200 ) ) ;
#5254 = PRESENTATION_STYLE_ASSIGNMENT (( #3648 ) ) ;
#5255 = CARTESIAN_POINT ( 'NONE',  ( -7.339417166805089800, 7.105743497657711000, 4.497971256119516400 ) ) ;
#5256 = ORIENTED_EDGE ( 'NONE', *, *, #64, .T. ) ;
#5257 = AXIS2_PLACEMENT_3D ( 'NONE', #1246, #1890, #5103 ) ;
#5258 = ORIENTED_EDGE ( 'NONE', *, *, #1497, .F. ) ;
#5259 = SURFACE_SIDE_STYLE ('',( #6263 ) ) ;
#5260 = DIRECTION ( 'NONE',  ( 0.0000000000000000000, 0.0000000000000000000, -1.000000000000000000 ) ) ;
#5261 = EDGE_CURVE ( 'NONE', #523, #4002, #1984, .T. ) ;
#5262 = LINE ( 'NONE', #7394, #5198 ) ;
#5263 = CARTESIAN_POINT ( 'NONE',  ( 7.465850739656868700, 7.132015091387189400, -4.368449773226468700 ) ) ;
#5264 = SURFACE_STYLE_FILL_AREA ( #3045 ) ;
#5265 = MECHANICAL_DESIGN_GEOMETRIC_PRESENTATION_REPRESENTATION (  '', ( #5499 ), #5251 ) ;
#5266 = EDGE_LOOP ( 'NONE', ( #2779, #2787, #2807, #2816 ) ) ;
#5267 = ORIENTED_EDGE ( 'NONE', *, *, #2050, .T. ) ;
#5268 = ADVANCED_FACE ( 'NONE', ( #1871 ), #7816, .T. ) ;
#5269 = DIRECTION ( 'NONE',  ( -1.000000000000000000, 0.0000000000000000000, -0.0000000000000000000 ) ) ;
#5270 = FACE_OUTER_BOUND ( 'NONE', #7414, .T. ) ;
#5271 = CARTESIAN_POINT ( 'NONE',  ( -7.160000000000000100, 0.6999999999999999600, -3.259999999999999800 ) ) ;
#5272 = CARTESIAN_POINT ( 'NONE',  ( -7.302741196994726500, 7.250479956229993300, 4.429814295999517700 ) ) ;
#5273 = UNCERTAINTY_MEASURE_WITH_UNIT (LENGTH_MEASURE( 1.000000000000000100E-005 ), #4509, 'distance_accuracy_value', 'NONE');
#5274 = LINE ( 'NONE', #5517, #5236 ) ;
#5275 = CARTESIAN_POINT ( 'NONE',  ( -7.293478850238049200, 7.275793423258720700, 4.394424305636808200 ) ) ;
#5276 = EDGE_CURVE ( 'NONE', #3770, #7427, #8161, .T. ) ;
#5277 = ORIENTED_EDGE ( 'NONE', *, *, #7503, .T. ) ;
#5278 = VECTOR ( 'NONE', #6805, 1000.000000000000000 ) ;
#5279 = EDGE_CURVE ( 'NONE', #6336, #3723, #8148, .T. ) ;
#5280 = DIRECTION ( 'NONE',  ( 0.0000000000000000000, 0.0000000000000000000, -1.000000000000000000 ) ) ;
#5281 = LINE ( 'NONE', #7826, #5181 ) ;
#5282 = DIRECTION ( 'NONE',  ( -6.630674991417804500E-032, -1.000000000000000000, -3.554761221263949000E-016 ) ) ;
#5283 = EDGE_LOOP ( 'NONE', ( #5429, #5417, #312, #293, #7223, #5248 ) ) ;
#5284 = DIRECTION ( 'NONE',  ( 0.0000000000000000000, 0.0000000000000000000, 1.000000000000000000 ) ) ;
#5285 = ORIENTED_EDGE ( 'NONE', *, *, #1834, .F. ) ;
#5286 = SURFACE_STYLE_USAGE ( .BOTH. , #908 ) ;
#5287 = LINE ( 'NONE', #4667, #3934 ) ;
#5288 =( GEOMETRIC_REPRESENTATION_CONTEXT ( 3 ) GLOBAL_UNCERTAINTY_ASSIGNED_CONTEXT ( ( #6834 ) ) GLOBAL_UNIT_ASSIGNED_CONTEXT ( ( #4003, #69, #4613 ) ) REPRESENTATION_CONTEXT ( 'NONE', 'WORKASPACE' ) );
#5289 =( LENGTH_UNIT ( ) NAMED_UNIT ( * ) SI_UNIT ( .MILLI., .METRE. ) );
#5290 = DIRECTION ( 'NONE',  ( -1.000000000000000000, -0.0000000000000000000, -0.0000000000000000000 ) ) ;
#5291 = EDGE_CURVE ( 'NONE', #683, #6336, #7451, .T. ) ;
#5292 = ORIENTED_EDGE ( 'NONE', *, *, #5733, .F. ) ;
#5293 = CARTESIAN_POINT ( 'NONE',  ( -7.119999999999999200, 0.0000000000000000000, -4.663235150475288100E-017 ) ) ;
#5294 = ADVANCED_FACE ( 'NONE', ( #1843 ), #4126, .F. ) ;
#5295 = ORIENTED_EDGE ( 'NONE', *, *, #1870, .F. ) ;
#5296 = CARTESIAN_POINT ( 'NONE',  ( 7.334889758813858400, 7.171798978961861700, -4.485269228635346800 ) ) ;
#5297 = DIRECTION ( 'NONE',  ( 0.0000000000000000000, 1.000000000000000000, 0.0000000000000000000 ) ) ;
#5298 = VERTEX_POINT ( 'NONE', #7224 ) ;
#5299 = ORIENTED_EDGE ( 'NONE', *, *, #2003, .T. ) ;
#5300 = DIRECTION ( 'NONE',  ( 1.000000000000000000, -0.0000000000000000000, -9.326470300950576100E-017 ) ) ;
#5301 = CARTESIAN_POINT ( 'NONE',  ( 7.161822484923008300, 1.250000000000000000, 2.020000000000000000 ) ) ;
#5302 = CARTESIAN_POINT ( 'NONE',  ( -4.580000000000000100, 0.6999999999999992900, -5.300000000000002500 ) ) ;
#5303 = EDGE_CURVE ( 'NONE', #5055, #683, #8119, .T. ) ;
#5304 = VECTOR ( 'NONE', #3843, 1000.000000000000000 ) ;
#5305 = CARTESIAN_POINT ( 'NONE',  ( -7.386745320335093900, 7.261564332074626400, 4.329339024137580900 ) ) ;
#5306 = DIRECTION ( 'NONE',  ( 0.0000000000000000000, 0.0000000000000000000, -1.000000000000000000 ) ) ;
#5307 = CARTESIAN_POINT ( 'NONE',  ( 0.0000000000000000000, 0.5999999999999998700, 0.0000000000000000000 ) ) ;
#5308 = DIRECTION ( 'NONE',  ( 0.0000000000000000000, 4.235164736271502500E-018, 1.000000000000000000 ) ) ;
#5309 =( GEOMETRIC_REPRESENTATION_CONTEXT ( 3 ) GLOBAL_UNCERTAINTY_ASSIGNED_CONTEXT ( ( #3364 ) ) GLOBAL_UNIT_ASSIGNED_CONTEXT ( ( #4502, #639, #5139 ) ) REPRESENTATION_CONTEXT ( 'NONE', 'WORKASPACE' ) );
#5310 = AXIS2_PLACEMENT_3D ( 'NONE', #1860, #6349, #2527 ) ;
#5311 = EDGE_LOOP ( 'NONE', ( #5090, #5083, #5075, #5054, #5038, #4845 ) ) ;
#5312 = AXIS2_PLACEMENT_3D ( 'NONE', #3109, #3086, #7321 ) ;
#5313 = PRESENTATION_STYLE_ASSIGNMENT (( #3694 ) ) ;
#5314 = CARTESIAN_POINT ( 'NONE',  ( -7.318707280178853300, 7.154992268580213200, -4.492096897557885900 ) ) ;
#5315 = PLANE ( 'NONE',  #8060 ) ;
#5316 = AXIS2_PLACEMENT_3D ( 'NONE', #6753, #2995, #7354 ) ;
#5317 = EDGE_CURVE ( 'NONE', #6221, #1322, #5875, .T. ) ;
#5318 = CARTESIAN_POINT ( 'NONE',  ( 4.580000000000000100, 0.9499999999999998400, 4.649999999999999500 ) ) ;
#5319 = PRESENTATION_LAYER_ASSIGNMENT (  '', '', ( #5499 ) ) ;
#5320 = DIRECTION ( 'NONE',  ( 0.0000000000000000000, 1.000000000000000000, 0.0000000000000000000 ) ) ;
#5321 = MECHANICAL_DESIGN_GEOMETRIC_PRESENTATION_REPRESENTATION (  '', ( #5422 ), #5309 ) ;
#5322 = ORIENTED_EDGE ( 'NONE', *, *, #1992, .F. ) ;
#5323 = CARTESIAN_POINT ( 'NONE',  ( 7.386674249804709500, 7.165329412774817700, 4.468928058433723600 ) ) ;
#5324 = CARTESIAN_POINT ( 'NONE',  ( 7.388302048320935200, 7.209820551639867700, -4.441745955113307600 ) ) ;
#5325 = ADVANCED_FACE ( 'NONE', ( #7432 ), #3510, .F. ) ;
#5326 = EDGE_CURVE ( 'NONE', #564, #2416, #5778, .T. ) ;
#5327 = CARTESIAN_POINT ( 'NONE',  ( 7.401899876767266100, 7.166370869742092300, 4.458041259265851200 ) ) ;
#5328 = ORIENTED_EDGE ( 'NONE', *, *, #2780, .T. ) ;
#5329 = ORIENTED_EDGE ( 'NONE', *, *, #190, .F. ) ;
#5330 = CARTESIAN_POINT ( 'NONE',  ( 4.580000000000001000, 0.6999999999999998400, 4.650000000000003000 ) ) ;
#5331 = LINE ( 'NONE', #1108, #7842 ) ;
#5332 = SURFACE_STYLE_USAGE ( .BOTH. , #824 ) ;
#5333 = CARTESIAN_POINT ( 'NONE',  ( 2.790000000000000500, -0.2500000000000001100, -5.910000000000002800 ) ) ;
#5334 = ORIENTED_EDGE ( 'NONE', *, *, #8204, .T. ) ;
#5335 = VECTOR ( 'NONE', #695, 1000.000000000000000 ) ;
#5336 = CARTESIAN_POINT ( 'NONE',  ( -7.381084945211061000, 7.265667959403225000, 4.337998146882062800 ) ) ;
#5337 = CARTESIAN_POINT ( 'NONE',  ( -5.580000000000000100, 0.9499999999999995100, -4.800000000000002500 ) ) ;
#5338 = CARTESIAN_POINT ( 'NONE',  ( 7.293478850240282100, 7.275793423259716300, 4.394424305634943900 ) ) ;
#5339 = CYLINDRICAL_SURFACE ( 'NONE', #8202, 0.2500000000000002200 ) ;
#5340 = FACE_OUTER_BOUND ( 'NONE', #3508, .T. ) ;
#5341 = CARTESIAN_POINT ( 'NONE',  ( 7.619999999999999200, 1.300000000000000000, -0.6700000000000013700 ) ) ;
#5342 = EDGE_LOOP ( 'NONE', ( #419, #5763, #5256, #2119, #3979, #3780 ) ) ;
#5343 = EDGE_CURVE ( 'NONE', #7203, #3524, #7417, .T. ) ;
#5344 = LINE ( 'NONE', #7473, #2974 ) ;
#5345 = VERTEX_POINT ( 'NONE', #5418 ) ;
#5346 = EDGE_LOOP ( 'NONE', ( #2140, #716, #789, #803 ) ) ;
#5347 = ADVANCED_FACE ( 'NONE', ( #5771 ), #1532, .F. ) ;
#5348 = CARTESIAN_POINT ( 'NONE',  ( -7.320000000000001200, 7.105235389661575400, -4.497984561395654200 ) ) ;
#5349 = COLOUR_RGB ( '',1.000000000000000000, 1.000000000000000000, 1.000000000000000000 ) ;
#5350 = ORIENTED_EDGE ( 'NONE', *, *, #151, .F. ) ;
#5351 = DIRECTION ( 'NONE',  ( 1.000000000000000000, -0.0000000000000000000, 0.0000000000000000000 ) ) ;
#5352 = CARTESIAN_POINT ( 'NONE',  ( 7.364424305636707600, 7.275793423258762400, 4.323478850238077900 ) ) ;
#5353 = LINE ( 'NONE', #8056, #7662 ) ;
#5354 = CARTESIAN_POINT ( 'NONE',  ( 7.430370489500909900, 7.213749749555753400, -4.372257534773858400 ) ) ;
#5355 = ORIENTED_EDGE ( 'NONE', *, *, #1983, .F. ) ;
#5356 = DIRECTION ( 'NONE',  ( -1.000000000000000000, 0.0000000000000000000, 0.0000000000000000000 ) ) ;
#5357 = STYLED_ITEM ( 'NONE', ( #4912 ), #4896 ) ;
#5358 = EDGE_CURVE ( 'NONE', #1066, #986, #5762, .T. ) ;
#5359 = SURFACE_STYLE_FILL_AREA ( #1648 ) ;
#5360 = ORIENTED_EDGE ( 'NONE', *, *, #4573, .F. ) ;
#5361 = DIRECTION ( 'NONE',  ( -0.0000000000000000000, -0.0000000000000000000, -1.000000000000000000 ) ) ;
#5362 = CARTESIAN_POINT ( 'NONE',  ( 0.0000000000000000000, 0.0000000000000000000, 0.0000000000000000000 ) ) ;
#5363 = CARTESIAN_POINT ( 'NONE',  ( -7.619999999999999200, 1.300000000000000000, 0.6700000000000004800 ) ) ;
#5364 = EDGE_LOOP ( 'NONE', ( #4307, #1921, #3037, #5565 ) ) ;
#5365 = CARTESIAN_POINT ( 'NONE',  ( -7.374956645157437800, 7.268745680473640100, 4.346375507316830400 ) ) ;
#5366 = CARTESIAN_POINT ( 'NONE',  ( -4.580000000000000100, 0.6999999999999994000, -5.300000000000002500 ) ) ;
#5367 = UNCERTAINTY_MEASURE_WITH_UNIT (LENGTH_MEASURE( 1.000000000000000100E-005 ), #6314, 'distance_accuracy_value', 'NONE');
#5368 = CARTESIAN_POINT ( 'NONE',  ( 7.320000000000001200, 7.105235389661573600, 4.497984561395653300 ) ) ;
#5369 = PLANE ( 'NONE',  #278 ) ;
#5370 = EDGE_CURVE ( 'NONE', #5049, #4948, #1049, .T. ) ;
#5371 = ADVANCED_FACE ( 'NONE', ( #1038 ), #308, .F. ) ;
#5372 = ORIENTED_EDGE ( 'NONE', *, *, #1947, .T. ) ;
#5373 = DIRECTION ( 'NONE',  ( 1.000000000000000000, 0.0000000000000000000, 0.0000000000000000000 ) ) ;
#5374 = CARTESIAN_POINT ( 'NONE',  ( -7.119999999999999200, 0.9268512727847090200, 2.070000000000000300 ) ) ;
#5375 = PRESENTATION_LAYER_ASSIGNMENT (  '', '', ( #5422 ) ) ;
#5376 = DIRECTION ( 'NONE',  ( 1.865294060190115200E-016, 0.0000000000000000000, 1.000000000000000000 ) ) ;
#5377 = PLANE ( 'NONE',  #2234 ) ;
#5378 = CYLINDRICAL_SURFACE ( 'NONE', #3260, 0.2500000000000002200 ) ;
#5379 = LINE ( 'NONE', #6230, #5304 ) ;
#5380 = DIRECTION ( 'NONE',  ( -0.0000000000000000000, 0.0000000000000000000, -1.000000000000000000 ) ) ;
#5381 = CARTESIAN_POINT ( 'NONE',  ( -7.461672835990694500, 7.132125076553224500, -4.387567555816595200 ) ) ;
#5382 = EDGE_CURVE ( 'NONE', #1931, #1909, #7933, .T. ) ;
#5383 = ORIENTED_EDGE ( 'NONE', *, *, #5713, .F. ) ;
#5384 = DIRECTION ( 'NONE',  ( -1.000000000000000000, 0.0000000000000000000, 0.0000000000000000000 ) ) ;
#5385 = EDGE_CURVE ( 'NONE', #6949, #2181, #1027, .T. ) ;
#5386 = ADVANCED_FACE ( 'NONE', ( #7424 ), #6744, .F. ) ;
#5387 = VECTOR ( 'NONE', #3987, 1000.000000000000000 ) ;
#5388 = CARTESIAN_POINT ( 'NONE',  ( 7.309337437986620500, 7.224067695494270900, -4.455101798267647500 ) ) ;
#5389 = CARTESIAN_POINT ( 'NONE',  ( 7.320000000000000300, 1.300000000000000000, -4.350000000000001400 ) ) ;
#5390 = AXIS2_PLACEMENT_3D ( 'NONE', #8191, #4468, #617 ) ;
#5391 = PRESENTATION_STYLE_ASSIGNMENT (( #6672 ) ) ;
#5392 = UNCERTAINTY_MEASURE_WITH_UNIT (LENGTH_MEASURE( 1.000000000000000100E-005 ), #6411, 'distance_accuracy_value', 'NONE');
#5393 = VERTEX_POINT ( 'NONE', #975 ) ;
#5394 = CARTESIAN_POINT ( 'NONE',  ( 5.639999999999999700, 0.6999999999999998400, 4.680000000000002400 ) ) ;
#5395 = FACE_OUTER_BOUND ( 'NONE', #273, .T. ) ;
#5396 = SURFACE_SIDE_STYLE ('',( #6933 ) ) ;
#5397 = DIRECTION ( 'NONE',  ( -3.949913813246934500E-034, 1.000000000000000000, -4.235164736271502500E-018 ) ) ;
#5398 = CARTESIAN_POINT ( 'NONE',  ( -7.361857276500745500, 7.272849309237154000, 4.362473622758497700 ) ) ;
#5399 = CARTESIAN_POINT ( 'NONE',  ( -4.580000000000000100, -0.2499999999999998900, -5.910000000000002800 ) ) ;
#5400 = ORIENTED_EDGE ( 'NONE', *, *, #4907, .T. ) ;
#5401 = EDGE_CURVE ( 'NONE', #2829, #7591, #5907, .T. ) ;
#5402 = ORIENTED_EDGE ( 'NONE', *, *, #4541, .T. ) ;
#5403 = VECTOR ( 'NONE', #1324, 1000.000000000000000 ) ;
#5404 = DIRECTION ( 'NONE',  ( -9.326470300950576100E-017, 0.0000000000000000000, -1.000000000000000000 ) ) ;
#5405 = LINE ( 'NONE', #1979, #5491 ) ;
#5406 = CARTESIAN_POINT ( 'NONE',  ( 5.580000000000001000, -0.2499999999999998300, -5.550000000000002500 ) ) ;
#5407 =( NAMED_UNIT ( * ) SI_UNIT ( $, .STERADIAN. ) SOLID_ANGLE_UNIT ( ) );
#5408 = FACE_OUTER_BOUND ( 'NONE', #2169, .T. ) ;
#5409 = ORIENTED_EDGE ( 'NONE', *, *, #1887, .T. ) ;
#5410 = ORIENTED_EDGE ( 'NONE', *, *, #5106, .F. ) ;
#5411 = MECHANICAL_DESIGN_GEOMETRIC_PRESENTATION_REPRESENTATION (  '', ( #5507 ), #5288 ) ;
#5412 = CARTESIAN_POINT ( 'NONE',  ( -2.289999999999999600, 3.049999999999999800, -6.000000000000001800 ) ) ;
#5413 = CARTESIAN_POINT ( 'NONE',  ( -7.401899876767543200, 7.166370869741680100, -4.458041259266329900 ) ) ;
#5414 = EDGE_CURVE ( 'NONE', #3723, #4167, #5903, .T. ) ;
#5415 = CARTESIAN_POINT ( 'NONE',  ( 7.351380430596696800, 7.250235861181337800, -4.419332251482297900 ) ) ;
#5416 = ORIENTED_EDGE ( 'NONE', *, *, #5858, .F. ) ;
#5417 = ORIENTED_EDGE ( 'NONE', *, *, #1491, .T. ) ;
#5418 = CARTESIAN_POINT ( 'NONE',  ( -2.790000000000000000, 1.724059192313015100E-016, -5.300000000000002500 ) ) ;
#5419 = EDGE_CURVE ( 'NONE', #8183, #683, #3557, .T. ) ;
#5420 = CARTESIAN_POINT ( 'NONE',  ( -7.354886207897672900, 7.273875216930254500, 4.370194377765400000 ) ) ;
#5421 = ORIENTED_EDGE ( 'NONE', *, *, #6308, .F. ) ;
#5422 = STYLED_ITEM ( 'NONE', ( #993 ), #8118 ) ;
#5423 = DIRECTION ( 'NONE',  ( 1.000000000000000000, 0.0000000000000000000, -0.0000000000000000000 ) ) ;
#5424 = AXIS2_PLACEMENT_3D ( 'NONE', #6951, #7576, #7544 ) ;
#5425 = FACE_OUTER_BOUND ( 'NONE', #782, .T. ) ;
#5426 = FILL_AREA_STYLE_COLOUR ( '', #4486 ) ;
#5427 = DIRECTION ( 'NONE',  ( -1.000000000000000000, -0.0000000000000000000, -0.0000000000000000000 ) ) ;
#5428 =( NAMED_UNIT ( * ) SI_UNIT ( $, .STERADIAN. ) SOLID_ANGLE_UNIT ( ) );
#5429 = ORIENTED_EDGE ( 'NONE', *, *, #2325, .T. ) ;
#5430 = EDGE_CURVE ( 'NONE', #7129, #1773, #7046, .T. ) ;
#5431 = LINE ( 'NONE', #5330, #7466 ) ;
#5432 = CARTESIAN_POINT ( 'NONE',  ( -7.334889758489445900, 7.171798978319935200, -4.485269228921320700 ) ) ;
#5433 = LINE ( 'NONE', #822, #5455 ) ;
#5434 = CARTESIAN_POINT ( 'NONE',  ( 5.580000000000001000, -4.258936691357909700E-017, -4.800000000000002500 ) ) ;
#5435 = ORIENTED_EDGE ( 'NONE', *, *, #1790, .T. ) ;
#5436 = CARTESIAN_POINT ( 'NONE',  ( 7.384958117487313300, 7.254525285130389600, -4.378486835480452500 ) ) ;
#5437 = DIRECTION ( 'NONE',  ( -0.0000000000000000000, -0.0000000000000000000, -1.000000000000000000 ) ) ;
#5438 = DIRECTION ( 'NONE',  ( 0.0000000000000000000, 1.000000000000000000, 0.0000000000000000000 ) ) ;
#5439 = COLOUR_RGB ( '',1.000000000000000000, 1.000000000000000000, 1.000000000000000000 ) ;
#5440 = ORIENTED_EDGE ( 'NONE', *, *, #6058, .F. ) ;
#5441 = PRESENTATION_LAYER_ASSIGNMENT (  '', '', ( #5507 ) ) ;
#5442 = EDGE_CURVE ( 'NONE', #7129, #6554, #6997, .T. ) ;
#5443 = PRESENTATION_STYLE_ASSIGNMENT (( #6428 ) ) ;
#5444 =( NAMED_UNIT ( * ) PLANE_ANGLE_UNIT ( ) SI_UNIT ( $, .RADIAN. ) );
#5445 = EDGE_CURVE ( 'NONE', #6336, #4097, #5915, .T. ) ;
#5446 = ORIENTED_EDGE ( 'NONE', *, *, #1784, .F. ) ;
#5447 = CARTESIAN_POINT ( 'NONE',  ( 7.063020160610344400, 1.250000000000000000, -2.020000000000000000 ) ) ;
#5448 = CARTESIAN_POINT ( 'NONE',  ( 7.161822484923008300, 1.250000000000000000, -0.7200000000000002000 ) ) ;
#5449 = FILL_AREA_STYLE_COLOUR ( '', #7209 ) ;
#5450 = CARTESIAN_POINT ( 'NONE',  ( -7.340194383451790600, 7.273875218078183400, 4.384886201542899500 ) ) ;
#5451 = CARTESIAN_POINT ( 'NONE',  ( 7.160000000000000100, 0.6999999999999999600, -2.020000000000000000 ) ) ;
#5452 = ORIENTED_EDGE ( 'NONE', *, *, #1601, .T. ) ;
#5453 = UNCERTAINTY_MEASURE_WITH_UNIT (LENGTH_MEASURE( 1.000000000000000100E-005 ), #434, 'distance_accuracy_value', 'NONE');
#5454 = DIRECTION ( 'NONE',  ( 0.0000000000000000000, -1.000000000000000000, 0.0000000000000000000 ) ) ;
#5455 = VECTOR ( 'NONE', #7808, 1000.000000000000000 ) ;
#5456 = VERTEX_POINT ( 'NONE', #1063 ) ;
#5457 = DIRECTION ( 'NONE',  ( 0.0000000000000000000, -1.000000000000000000, 0.0000000000000000000 ) ) ;
#5458 = DIRECTION ( 'NONE',  ( -0.0000000000000000000, -0.0000000000000000000, -1.000000000000000000 ) ) ;
#5459 = LINE ( 'NONE', #4498, #4325 ) ;
#5460 = EDGE_CURVE ( 'NONE', #3271, #5188, #6946, .T. ) ;
#5461 = DIRECTION ( 'NONE',  ( 1.000000000000000000, -0.0000000000000000000, 0.0000000000000000000 ) ) ;
#5462 = CIRCLE ( 'NONE', #692, 1.250000000000000000 ) ;
#5463 = SURFACE_SIDE_STYLE ('',( #8226 ) ) ;
#5464 = ORIENTED_EDGE ( 'NONE', *, *, #6379, .F. ) ;
#5465 = ORIENTED_EDGE ( 'NONE', *, *, #1632, .T. ) ;
#5466 = ORIENTED_EDGE ( 'NONE', *, *, #3254, .T. ) ;
#5467 =( NAMED_UNIT ( * ) SI_UNIT ( $, .STERADIAN. ) SOLID_ANGLE_UNIT ( ) );
#5468 = CARTESIAN_POINT ( 'NONE',  ( -7.436602353278273000, 7.208827852375330600, -4.357956380275850500 ) ) ;
#5469 = CARTESIAN_POINT ( 'NONE',  ( 7.428041258851937600, 7.166370870045431800, 4.431899877108461900 ) ) ;
#5470 = LINE ( 'NONE', #3795, #5669 ) ;
#5471 = CARTESIAN_POINT ( 'NONE',  ( 7.397221497757538300, 7.253297392573457200, -4.332081799705620500 ) ) ;
#5472 = ORIENTED_EDGE ( 'NONE', *, *, #5414, .T. ) ;
#5473 =( GEOMETRIC_REPRESENTATION_CONTEXT ( 3 ) GLOBAL_UNCERTAINTY_ASSIGNED_CONTEXT ( ( #4791 ) ) GLOBAL_UNIT_ASSIGNED_CONTEXT ( ( #2898, #7275, #3545 ) ) REPRESENTATION_CONTEXT ( 'NONE', 'WORKASPACE' ) );
#5474 = EDGE_CURVE ( 'NONE', #3271, #1557, #3438, .T. ) ;
#5475 = VECTOR ( 'NONE', #319, 1000.000000000000000 ) ;
#5476 = CARTESIAN_POINT ( 'NONE',  ( 7.620000000000001000, 1.300000000000000000, 4.349999999999999600 ) ) ;
#5477 = DIRECTION ( 'NONE',  ( -0.9999999999999992200, -0.0000000000000000000, 4.269869923903965700E-008 ) ) ;
#5478 = DIRECTION ( 'NONE',  ( -0.0000000000000000000, 1.000000000000000000, -0.0000000000000000000 ) ) ;
#5479 = ORIENTED_EDGE ( 'NONE', *, *, #3043, .T. ) ;
#5480 = CARTESIAN_POINT ( 'NONE',  ( -7.332473627608983700, 7.272849311533016200, 4.391857270313499500 ) ) ;
#5481 = FILL_AREA_STYLE ('',( #7426 ) ) ;
#5482 = CARTESIAN_POINT ( 'NONE',  ( 7.425101798267650800, 7.224067695494279700, 4.339337437986627000 ) ) ;
#5483 = VERTEX_POINT ( 'NONE', #6819 ) ;
#5484 =( NAMED_UNIT ( * ) PLANE_ANGLE_UNIT ( ) SI_UNIT ( $, .RADIAN. ) );
#5485 = CARTESIAN_POINT ( 'NONE',  ( 7.438928058013578600, 7.165329413381929400, 4.416674250096587400 ) ) ;
#5486 = VECTOR ( 'NONE', #6697, 1000.000000000000000 ) ;
#5487 = DIRECTION ( 'NONE',  ( -0.0000000000000000000, 0.0000000000000000000, 1.000000000000000000 ) ) ;
#5488 = ORIENTED_EDGE ( 'NONE', *, *, #1679, .F. ) ;
#5489 = LINE ( 'NONE', #3730, #2067 ) ;
#5490 = SURFACE_STYLE_USAGE ( .BOTH. , #2938 ) ;
#5491 = VECTOR ( 'NONE', #1995, 1000.000000000000000 ) ;
#5492 = CARTESIAN_POINT ( 'NONE',  ( -7.392604345626326200, 7.237693625843406600, -4.401679141890452800 ) ) ;
#5493 = VECTOR ( 'NONE', #4745, 1000.000000000000000 ) ;
#5494 = LINE ( 'NONE', #2615, #4313 ) ;
#5495 = UNCERTAINTY_MEASURE_WITH_UNIT (LENGTH_MEASURE( 1.000000000000000100E-005 ), #6837, 'distance_accuracy_value', 'NONE');
#5496 = EDGE_CURVE ( 'NONE', #6481, #5647, #6904, .T. ) ;
#5497 = FACE_OUTER_BOUND ( 'NONE', #6995, .T. ) ;
#5498 = CARTESIAN_POINT ( 'NONE',  ( 7.306274910730508900, 7.280629566228602000, -4.383931230946521900 ) ) ;
#5499 = STYLED_ITEM ( 'NONE', ( #7390 ), #3179 ) ;
#5500 = VECTOR ( 'NONE', #4030, 1000.000000000000000 ) ;
#5501 = DIRECTION ( 'NONE',  ( 0.0000000000000000000, -0.0000000000000000000, 1.000000000000000000 ) ) ;
#5502 = CARTESIAN_POINT ( 'NONE',  ( -7.119999999999999200, 1.300000000000000000, 2.070000000000000300 ) ) ;
#5503 = ORIENTED_EDGE ( 'NONE', *, *, #5069, .F. ) ;
#5504 =( NAMED_UNIT ( * ) SI_UNIT ( $, .STERADIAN. ) SOLID_ANGLE_UNIT ( ) );
#5505 = FILL_AREA_STYLE_COLOUR ( '', #358 ) ;
#5506 = PLANE ( 'NONE',  #5873 ) ;
#5507 = STYLED_ITEM ( 'NONE', ( #2339 ), #5780 ) ;
#5508 = LINE ( 'NONE', #6565, #5387 ) ;
#5509 = CARTESIAN_POINT ( 'NONE',  ( -7.316375509993357600, 7.268745683343463600, 4.404956640809961900 ) ) ;
#5510 = DIRECTION ( 'NONE',  ( -0.1736481776669303300, 0.9848077530122081300, 1.619524571824814700E-017 ) ) ;
#5511 = EDGE_CURVE ( 'NONE', #1557, #4317, #6905, .T. ) ;
#5512 =( LENGTH_UNIT ( ) NAMED_UNIT ( * ) SI_UNIT ( .MILLI., .METRE. ) );
#5513 = ORIENTED_EDGE ( 'NONE', *, *, #1632, .F. ) ;
#5514 = ORIENTED_EDGE ( 'NONE', *, *, #8175, .T. ) ;
#5515 = ORIENTED_EDGE ( 'NONE', *, *, #2254, .F. ) ;
#5516 = DIRECTION ( 'NONE',  ( -1.000000000000000000, -0.0000000000000000000, -0.0000000000000000000 ) ) ;
#5517 = CARTESIAN_POINT ( 'NONE',  ( -5.329999999999997400, 3.049999999999999800, 5.300000000000009600 ) ) ;
#5518 = CARTESIAN_POINT ( 'NONE',  ( -4.580000000000000100, -0.2499999999999998900, -5.910000000000002800 ) ) ;
#5519 = DIRECTION ( 'NONE',  ( 0.0000000000000000000, -1.000000000000000000, 0.0000000000000000000 ) ) ;
#5520 = CARTESIAN_POINT ( 'NONE',  ( -7.333893909441204800, 7.234858574210512900, -4.443662187773979300 ) ) ;
#5521 = MECHANICAL_DESIGN_GEOMETRIC_PRESENTATION_REPRESENTATION (  '', ( #5732 ), #5473 ) ;
#5522 = EDGE_CURVE ( 'NONE', #2141, #6433, #6196, .T. ) ;
#5523 = ORIENTED_EDGE ( 'NONE', *, *, #1618, .F. ) ;
#5524 = CARTESIAN_POINT ( 'NONE',  ( 7.328043651072128700, 7.288080825290093900, -4.347597908338718400 ) ) ;
#5525 = VECTOR ( 'NONE', #5782, 1000.000000000000000 ) ;
#5526 = DIRECTION ( 'NONE',  ( 0.0000000000000000000, 0.0000000000000000000, 1.000000000000000000 ) ) ;
#5527 = CARTESIAN_POINT ( 'NONE',  ( 7.467984561395653900, 7.105235389661573600, 4.349999999999999600 ) ) ;
#5528 = DIRECTION ( 'NONE',  ( 0.0000000000000000000, -1.000000000000000000, 0.0000000000000000000 ) ) ;
#5529 = CARTESIAN_POINT ( 'NONE',  ( 7.454773261490401200, 7.161173463111989400, 4.383854750245935100 ) ) ;
#5530 = EDGE_LOOP ( 'NONE', ( #489, #479, #6181, #1965 ) ) ;
#5531 = ORIENTED_EDGE ( 'NONE', *, *, #5460, .T. ) ;
#5532 = PRESENTATION_LAYER_ASSIGNMENT (  '', '', ( #5732 ) ) ;
#5533 = DIRECTION ( 'NONE',  ( 0.0000000000000000000, 1.000000000000000000, 0.0000000000000000000 ) ) ;
#5534 = EDGE_CURVE ( 'NONE', #2141, #2083, #3323, .T. ) ;
#5535 = SURFACE_STYLE_FILL_AREA ( #2589 ) ;
#5536 = CARTESIAN_POINT ( 'NONE',  ( -7.268053096400545400, 7.300000000000000700, 4.298053096400541200 ) ) ;
#5537 = CARTESIAN_POINT ( 'NONE',  ( 3.040000000000000000, -4.258936691357909700E-017, -5.550000000000002500 ) ) ;
#5538 = DIRECTION ( 'NONE',  ( -0.0000000000000000000, -1.000000000000000000, -0.0000000000000000000 ) ) ;
#5539 = ORIENTED_EDGE ( 'NONE', *, *, #4677, .F. ) ;
#5540 =( GEOMETRIC_REPRESENTATION_CONTEXT ( 3 ) GLOBAL_UNCERTAINTY_ASSIGNED_CONTEXT ( ( #6839 ) ) GLOBAL_UNIT_ASSIGNED_CONTEXT ( ( #585, #5073, #1215 ) ) REPRESENTATION_CONTEXT ( 'NONE', 'WORKASPACE' ) );
#5541 = ADVANCED_FACE ( 'NONE', ( #3333 ), #3085, .F. ) ;
#5542 = VECTOR ( 'NONE', #1868, 1000.000000000000000 ) ;
#5543 = EDGE_CURVE ( 'NONE', #3680, #6433, #6742, .T. ) ;
#5544 = DIRECTION ( 'NONE',  ( 1.000000000000000000, 0.0000000000000000000, 0.0000000000000000000 ) ) ;
#5545 = EDGE_CURVE ( 'NONE', #3673, #6169, #6757, .T. ) ;
#5546 = VERTEX_POINT ( 'NONE', #4374 ) ;
#5547 = ORIENTED_EDGE ( 'NONE', *, *, #5578, .T. ) ;
#5548 = LINE ( 'NONE', #5366, #4929 ) ;
#5549 = SURFACE_STYLE_USAGE ( .BOTH. , #5614 ) ;
#5550 = CARTESIAN_POINT ( 'NONE',  ( -7.411856465389459600, 7.239162846125100100, -4.335897810492062900 ) ) ;
#5551 =( GEOMETRIC_REPRESENTATION_CONTEXT ( 3 ) GLOBAL_UNCERTAINTY_ASSIGNED_CONTEXT ( ( #1717 ) ) GLOBAL_UNIT_ASSIGNED_CONTEXT ( ( #6956, #3206, #7585 ) ) REPRESENTATION_CONTEXT ( 'NONE', 'WORKASPACE' ) );
#5552 = LINE ( 'NONE', #5928, #7475 ) ;
#5553 = ORIENTED_EDGE ( 'NONE', *, *, #6639, .T. ) ;
#5554 = CARTESIAN_POINT ( 'NONE',  ( 7.324809452337406800, 7.292185713867770100, -4.317979621262370700 ) ) ;
#5555 = DIRECTION ( 'NONE',  ( 0.0000000000000000000, -0.0000000000000000000, 1.000000000000000000 ) ) ;
#5556 = LINE ( 'NONE', #4772, #620 ) ;
#5557 = CARTESIAN_POINT ( 'NONE',  ( 3.040000000000000000, 0.9499999999999994000, -5.300000000000002500 ) ) ;
#5558 = CARTESIAN_POINT ( 'NONE',  ( -7.620000000000000100, 1.300000000000000000, -4.650000000000001200 ) ) ;
#5559 = LINE ( 'NONE', #2763, #5745 ) ;
#5560 = ORIENTED_EDGE ( 'NONE', *, *, #3254, .F. ) ;
#5561 = CARTESIAN_POINT ( 'NONE',  ( -7.119999999999999200, 1.300000000000000000, 0.6700000000000003700 ) ) ;
#5562 = EDGE_CURVE ( 'NONE', #2083, #5838, #6736, .T. ) ;
#5563 = MANIFOLD_SOLID_BREP ( '°£®Æ-¦ùªø2', #8068 ) ;
#5564 = DIRECTION ( 'NONE',  ( 1.000000000000000000, -0.0000000000000000000, -0.0000000000000000000 ) ) ;
#5565 = ORIENTED_EDGE ( 'NONE', *, *, #4736, .T. ) ;
#5566 = ADVANCED_FACE ( 'NONE', ( #6725 ), #6569, .T. ) ;
#5567 = PLANE ( 'NONE',  #3141 ) ;
#5568 = EDGE_LOOP ( 'NONE', ( #4557, #6811, #519, #5916, #5946, #3877 ) ) ;
#5569 = CARTESIAN_POINT ( 'NONE',  ( -7.307998148220539400, 7.265667961699080000, 4.411084942535826100 ) ) ;
#5570 = DIRECTION ( 'NONE',  ( 0.0000000000000000000, 0.0000000000000000000, -1.000000000000000000 ) ) ;
#5571 = SURFACE_STYLE_FILL_AREA ( #3575 ) ;
#5572 = CYLINDRICAL_SURFACE ( 'NONE', #4485, 0.2999999999999999300 ) ;
#5573 = ORIENTED_EDGE ( 'NONE', *, *, #4501, .F. ) ;
#5574 = AXIS2_PLACEMENT_3D ( 'NONE', #145, #4675, #811 ) ;
#5575 = CARTESIAN_POINT ( 'NONE',  ( 5.580000000000001000, 0.6999999999999998400, 5.550000000000002500 ) ) ;
#5576 = ORIENTED_EDGE ( 'NONE', *, *, #2637, .F. ) ;
#5577 = CARTESIAN_POINT ( 'NONE',  ( 7.160000000000000100, 0.6999999999999999600, 3.259999999999999800 ) ) ;
#5578 = EDGE_CURVE ( 'NONE', #4128, #3680, #3207, .T. ) ;
#5579 = DIRECTION ( 'NONE',  ( 1.000000000000000000, -0.0000000000000000000, -9.326470300950576100E-017 ) ) ;
#5580 = AXIS2_PLACEMENT_3D ( 'NONE', #6913, #6095, #5945 ) ;
#5581 = LINE ( 'NONE', #6776, #635 ) ;
#5582 = PRESENTATION_STYLE_ASSIGNMENT (( #4222 ) ) ;
#5583 = CARTESIAN_POINT ( 'NONE',  ( -7.371212676088410900, 7.266426168682614600, -4.369055305612309100 ) ) ;
#5584 = ORIENTED_EDGE ( 'NONE', *, *, #1466, .F. ) ;
#5585 = EDGE_LOOP ( 'NONE', ( #3390, #3397, #3414, #3423 ) ) ;
#5586 = CARTESIAN_POINT ( 'NONE',  ( 7.275763195202664200, 7.299023938794890800, -4.320246441572591000 ) ) ;
#5587 = ADVANCED_FACE ( 'NONE', ( #6788 ), #4425, .F. ) ;
#5588 =( NAMED_UNIT ( * ) PLANE_ANGLE_UNIT ( ) SI_UNIT ( $, .RADIAN. ) );
#5589 = EDGE_CURVE ( 'NONE', #5838, #6433, #6598, .T. ) ;
#5590 = CARTESIAN_POINT ( 'NONE',  ( -7.160000000000000100, 0.6999999999999999600, -2.069999999999999800 ) ) ;
#5591 = LINE ( 'NONE', #6674, #2397 ) ;
#5592 = ORIENTED_EDGE ( 'NONE', *, *, #1455, .T. ) ;
#5593 = MECHANICAL_DESIGN_GEOMETRIC_PRESENTATION_REPRESENTATION (  '', ( #5738 ), #5551 ) ;
#5594 = MECHANICAL_DESIGN_GEOMETRIC_PRESENTATION_REPRESENTATION (  '', ( #5947 ), #5540 ) ;
#5595 = VECTOR ( 'NONE', #6154, 1000.000000000000000 ) ;
#5596 = CARTESIAN_POINT ( 'NONE',  ( -7.299339024137576200, 7.261564332074612200, 4.416745320335103900 ) ) ;
#5597 = DIRECTION ( 'NONE',  ( 0.0000000000000000000, 0.0000000000000000000, -1.000000000000000000 ) ) ;
#5598 = VECTOR ( 'NONE', #4105, 1000.000000000000000 ) ;
#5599 = CARTESIAN_POINT ( 'NONE',  ( 6.948407623149841500, 1.899999999999999700, 3.259999999999999800 ) ) ;
#5600 = VERTEX_POINT ( 'NONE', #1855 ) ;
#5601 = DIRECTION ( 'NONE',  ( 0.7944146205354176700, -0.6073758397232873500, 0.0000000000000000000 ) ) ;
#5602 = VERTEX_POINT ( 'NONE', #6945 ) ;
#5603 = PLANE ( 'NONE',  #355 ) ;
#5604 = LINE ( 'NONE', #7300, #5278 ) ;
#5605 = EDGE_CURVE ( 'NONE', #6554, #5919, #7063, .T. ) ;
#5606 = PRESENTATION_STYLE_ASSIGNMENT (( #5286 ) ) ;
#5607 = CARTESIAN_POINT ( 'NONE',  ( 7.467984561395651300, 7.105235389661668700, -4.350000000000001400 ) ) ;
#5608 = DIRECTION ( 'NONE',  ( 0.0000000000000000000, 1.000000000000000000, 0.0000000000000000000 ) ) ;
#5609 =( NAMED_UNIT ( * ) PLANE_ANGLE_UNIT ( ) SI_UNIT ( $, .RADIAN. ) );
#5610 = LINE ( 'NONE', #2899, #6529 ) ;
#5611 = CARTESIAN_POINT ( 'NONE',  ( 7.620000000000000100, 1.300000000000000000, 3.199999999999998400 ) ) ;
#5612 = VERTEX_POINT ( 'NONE', #3196 ) ;
#5613 = PRESENTATION_STYLE_ASSIGNMENT (( #6581 ) ) ;
#5614 = SURFACE_SIDE_STYLE ('',( #2343 ) ) ;
#5615 = PLANE ( 'NONE',  #518 ) ;
#5616 = LINE ( 'NONE', #7881, #7056 ) ;
#5617 = ORIENTED_EDGE ( 'NONE', *, *, #1384, .F. ) ;
#5618 = EDGE_CURVE ( 'NONE', #760, #3143, #6637, .T. ) ;
#5619 = CARTESIAN_POINT ( 'NONE',  ( 7.274600981211392500, 7.300000000000000700, -4.305993806559061300 ) ) ;
#5620 = EDGE_LOOP ( 'NONE', ( #1708, #1715, #1734, #1741 ) ) ;
#5621 = AXIS2_PLACEMENT_3D ( 'NONE', #5224, #5201, #5180 ) ;
#5622 = VECTOR ( 'NONE', #5241, 1000.000000000000100 ) ;
#5623 = DIRECTION ( 'NONE',  ( 0.0000000000000000000, -1.000000000000000000, 0.0000000000000000000 ) ) ;
#5624 = VECTOR ( 'NONE', #7253, 1000.000000000000000 ) ;
#5625 = ORIENTED_EDGE ( 'NONE', *, *, #3951, .T. ) ;
#5626 = CARTESIAN_POINT ( 'NONE',  ( 1.530808498934191300E-016, -0.2500000000000001100, -1.250000000000000000 ) ) ;
#5627 =( LENGTH_UNIT ( ) NAMED_UNIT ( * ) SI_UNIT ( .MILLI., .METRE. ) );
#5628 = CARTESIAN_POINT ( 'NONE',  ( -2.790000000000000000, 3.049999999999999800, -5.300000000000002500 ) ) ;
#5629 =( LENGTH_UNIT ( ) NAMED_UNIT ( * ) SI_UNIT ( .MILLI., .METRE. ) );
#5630 = ADVANCED_FACE ( 'NONE', ( #1155 ), #5747, .F. ) ;
#5631 = LINE ( 'NONE', #5406, #7142 ) ;
#5632 = DIRECTION ( 'NONE',  ( -4.269869799995166000E-008, 1.828634731526979600E-016, -0.9999999999999991100 ) ) ;
#5633 = CARTESIAN_POINT ( 'NONE',  ( -7.119999999999999200, 0.4999999999999997800, 3.199999999999999300 ) ) ;
#5634 = CARTESIAN_POINT ( 'NONE',  ( -7.352579468358273500, 7.281755574942896400, 4.320361451909822600 ) ) ;
#5635 = CARTESIAN_POINT ( 'NONE',  ( 7.119999999999999200, 0.0000000000000000000, -1.374721722360114900E-015 ) ) ;
#5636 = ORIENTED_EDGE ( 'NONE', *, *, #5858, .T. ) ;
#5637 = VECTOR ( 'NONE', #2137, 1000.000000000000000 ) ;
#5638 = AXIS2_PLACEMENT_3D ( 'NONE', #3490, #5404, #1542 ) ;
#5639 = CARTESIAN_POINT ( 'NONE',  ( 7.459702267680488500, 7.158634174455542600, 4.366131461451265800 ) ) ;
#5640 = ORIENTED_EDGE ( 'NONE', *, *, #1346, .T. ) ;
#5641 = CARTESIAN_POINT ( 'NONE',  ( 7.268053096400541900, 7.300000000000000700, -4.298053096400543000 ) ) ;
#5642 = DIRECTION ( 'NONE',  ( -1.000000000000000000, 0.0000000000000000000, -0.0000000000000000000 ) ) ;
#5643 = CARTESIAN_POINT ( 'NONE',  ( -2.790000000000000000, 0.6999999999999992900, -5.300000000000002500 ) ) ;
#5644 = ORIENTED_EDGE ( 'NONE', *, *, #5899, .F. ) ;
#5645 = CARTESIAN_POINT ( 'NONE',  ( 7.063020160610344400, 1.250000000000000000, 0.7200000000000002000 ) ) ;
#5646 = CARTESIAN_POINT ( 'NONE',  ( -7.119999999999999200, 0.6899999999999999500, -0.6700000000000001500 ) ) ;
#5647 = VERTEX_POINT ( 'NONE', #1244 ) ;
#5648 = FACE_OUTER_BOUND ( 'NONE', #6764, .T. ) ;
#5649 = CARTESIAN_POINT ( 'NONE',  ( -7.460000000000000000, 0.8599999999999999900, -2.020000000000000000 ) ) ;
#5650 = PRESENTATION_LAYER_ASSIGNMENT (  '', '', ( #5738 ) ) ;
#5651 = ORIENTED_EDGE ( 'NONE', *, *, #7750, .T. ) ;
#5652 = CARTESIAN_POINT ( 'NONE',  ( -7.467680576364448300, 7.116844109651914600, 4.350000517614674300 ) ) ;
#5653 = FILL_AREA_STYLE_COLOUR ( '', #4588 ) ;
#5654 = EDGE_CURVE ( 'NONE', #3143, #7615, #1166, .T. ) ;
#5655 = CARTESIAN_POINT ( 'NONE',  ( -5.330000000000001000, 0.6999999999999992900, -5.300000000000002500 ) ) ;
#5656 = ORIENTED_EDGE ( 'NONE', *, *, #40, .F. ) ;
#5657 = EDGE_CURVE ( 'NONE', #6481, #3183, #7071, .T. ) ;
#5658 = ORIENTED_EDGE ( 'NONE', *, *, #1336, .T. ) ;
#5659 = FILL_AREA_STYLE ('',( #5797 ) ) ;
#5660 = DIRECTION ( 'NONE',  ( 0.0000000000000000000, 0.0000000000000000000, -1.000000000000000000 ) ) ;
#5661 = CARTESIAN_POINT ( 'NONE',  ( 7.460950433677189700, 7.153912947499980700, 4.348454368052863100 ) ) ;
#5662 = ADVANCED_FACE ( 'NONE', ( #7892 ), #1269, .T. ) ;
#5663 = LINE ( 'NONE', #3891, #2966 ) ;
#5664 = VERTEX_POINT ( 'NONE', #6967 ) ;
#5665 = AXIS2_PLACEMENT_3D ( 'NONE', #2017, #6491, #2686 ) ;
#5666 = CARTESIAN_POINT ( 'NONE',  ( 7.319690518616077700, 7.129204032454943300, 4.496202574681207800 ) ) ;
#5667 = CARTESIAN_POINT ( 'NONE',  ( -7.619999999999999200, 0.0000000000000000000, 4.649999999999999500 ) ) ;
#5668 = EDGE_CURVE ( 'NONE', #6108, #7615, #2843, .T. ) ;
#5669 = VECTOR ( 'NONE', #3774, 1000.000000000000000 ) ;
#5670 = CARTESIAN_POINT ( 'NONE',  ( 4.580000000000001000, 0.6999999999999994000, -4.650000000000003000 ) ) ;
#5671 = SURFACE_STYLE_USAGE ( .BOTH. , #1154 ) ;
#5672 = EDGE_LOOP ( 'NONE', ( #6635, #6627, #1370, #6309, #6619 ) ) ;
#5673 = COLOUR_RGB ( '',1.000000000000000000, 1.000000000000000000, 1.000000000000000000 ) ;
#5674 = DIRECTION ( 'NONE',  ( 0.0000000000000000000, 1.204669080539449800E-016, -1.000000000000000000 ) ) ;
#5675 = EDGE_CURVE ( 'NONE', #1603, #113, #1189, .T. ) ;
#5676 = DIRECTION ( 'NONE',  ( 0.0000000000000000000, -1.000000000000000000, 0.0000000000000000000 ) ) ;
#5677 = VERTEX_POINT ( 'NONE', #2605 ) ;
#5678 = CARTESIAN_POINT ( 'NONE',  ( -2.039999999999999600, -0.2499999999999998300, -5.550000000000002500 ) ) ;
#5679 = VECTOR ( 'NONE', #1482, 1000.000000000000000 ) ;
#5680 = PRESENTATION_LAYER_ASSIGNMENT (  '', '', ( #6361 ) ) ;
#5681 = CARTESIAN_POINT ( 'NONE',  ( -7.467958016022932600, 7.106249116547317600, -4.388742267528176200 ) ) ;
#5682 = LINE ( 'NONE', #438, #4683 ) ;
#5683 = SURFACE_SIDE_STYLE ('',( #2919 ) ) ;
#5684 = EDGE_CURVE ( 'NONE', #113, #2319, #6449, .T. ) ;
#5685 = DIRECTION ( 'NONE',  ( -0.0000000000000000000, 0.0000000000000000000, 1.000000000000000000 ) ) ;
#5686 = CARTESIAN_POINT ( 'NONE',  ( 7.338449773226622100, 7.132015091386499300, 4.495850739657020900 ) ) ;
#5687 = LINE ( 'NONE', #230, #5493 ) ;
#5688 = LINE ( 'NONE', #4695, #5679 ) ;
#5689 = ORIENTED_EDGE ( 'NONE', *, *, #4841, .T. ) ;
#5690 = ORIENTED_EDGE ( 'NONE', *, *, #1287, .F. ) ;
#5691 = DIRECTION ( 'NONE',  ( 0.0000000000000000000, 0.0000000000000000000, -1.000000000000000000 ) ) ;
#5692 = PRESENTATION_LAYER_ASSIGNMENT (  '', '', ( #5947 ) ) ;
#5693 = LINE ( 'NONE', #1014, #4021 ) ;
#5694 = LINE ( 'NONE', #1404, #5709 ) ;
#5695 = CARTESIAN_POINT ( 'NONE',  ( -7.619999999999999200, 1.300000000000000000, 4.649999999999999500 ) ) ;
#5696 = DIRECTION ( 'NONE',  ( -9.326470300950576100E-017, 0.0000000000000000000, -1.000000000000000000 ) ) ;
#5697 = EDGE_CURVE ( 'NONE', #7993, #6293, #6461, .T. ) ;
#5698 = VERTEX_POINT ( 'NONE', #5182 ) ;
#5699 = ADVANCED_FACE ( 'NONE', ( #2699 ), #6298, .T. ) ;
#5700 = CARTESIAN_POINT ( 'NONE',  ( 4.830000000000003600, 0.9499999999999998400, 5.300000000000009600 ) ) ;
#5701 = CARTESIAN_POINT ( 'NONE',  ( 7.160000000000000100, 0.6999999999999999600, 0.7200000000000002000 ) ) ;
#5702 = SURFACE_STYLE_USAGE ( .BOTH. , #1190 ) ;
#5703 = AXIS2_PLACEMENT_3D ( 'NONE', #4362, #1107, #503 ) ;
#5704 = CARTESIAN_POINT ( 'NONE',  ( 7.119999999999997400, 1.300000000000000000, -3.200000000000001100 ) ) ;
#5705 = ORIENTED_EDGE ( 'NONE', *, *, #1259, .T. ) ;
#5706 = AXIS2_PLACEMENT_3D ( 'NONE', #5649, #5601, #282 ) ;
#5707 = VERTEX_POINT ( 'NONE', #1340 ) ;
#5708 = DIRECTION ( 'NONE',  ( 0.0000000000000000000, -0.0000000000000000000, 1.000000000000000000 ) ) ;
#5709 = VECTOR ( 'NONE', #5895, 1000.000000000000000 ) ;
#5710 = EDGE_CURVE ( 'NONE', #6481, #3481, #6313, .T. ) ;
#5711 = ADVANCED_FACE ( 'NONE', ( #6305 ), #7079, .T. ) ;
#5712 = CARTESIAN_POINT ( 'NONE',  ( -7.332473622757676800, 7.272849309237345000, -4.391857276499725200 ) ) ;
#5713 = EDGE_CURVE ( 'NONE', #3491, #2319, #2592, .T. ) ;
#5714 = DIRECTION ( 'NONE',  ( -0.0000000000000000000, -0.0000000000000000000, 1.000000000000000000 ) ) ;
#5715 = SURFACE_STYLE_FILL_AREA ( #6602 ) ;
#5716 = DIRECTION ( 'NONE',  ( 0.02617694830787321200, -0.9996573249755572600, -0.0000000000000000000 ) ) ;
#5717 = ORIENTED_EDGE ( 'NONE', *, *, #3242, .F. ) ;
#5718 = PLANE ( 'NONE',  #4595 ) ;
#5719 = CARTESIAN_POINT ( 'NONE',  ( -7.119999999999999200, 1.300000000000000000, -0.6699999999999999300 ) ) ;
#5720 = LINE ( 'NONE', #1139, #4418 ) ;
#5721 = FACE_OUTER_BOUND ( 'NONE', #168, .T. ) ;
#5722 = EDGE_CURVE ( 'NONE', #3491, #1603, #2601, .T. ) ;
#5723 = ORIENTED_EDGE ( 'NONE', *, *, #1247, .F. ) ;
#5724 = DIRECTION ( 'NONE',  ( -1.000000000000000000, 0.0000000000000000000, -0.0000000000000000000 ) ) ;
#5725 = PLANE ( 'NONE',  #3312 ) ;
#5726 = CARTESIAN_POINT ( 'NONE',  ( -7.619999999999999200, 0.6899999999999999500, -0.6700000000000001500 ) ) ;
#5727 = PLANE ( 'NONE',  #5390 ) ;
#5728 = CARTESIAN_POINT ( 'NONE',  ( -7.320000000000002100, 7.105235389661575400, 4.497984561395652400 ) ) ;
#5729 = ORIENTED_EDGE ( 'NONE', *, *, #616, .F. ) ;
#5730 = VERTEX_POINT ( 'NONE', #6499 ) ;
#5731 = UNCERTAINTY_MEASURE_WITH_UNIT (LENGTH_MEASURE( 1.000000000000000100E-005 ), #8225, 'distance_accuracy_value', 'NONE');
#5732 = STYLED_ITEM ( 'NONE', ( #5391 ), #4787 ) ;
#5733 = EDGE_CURVE ( 'NONE', #1557, #113, #6282, .T. ) ;
#5734 = VERTEX_POINT ( 'NONE', #4592 ) ;
#5735 = FILL_AREA_STYLE ('',( #3834 ) ) ;
#5736 = LINE ( 'NONE', #3972, #7957 ) ;
#5737 = CARTESIAN_POINT ( 'NONE',  ( -7.293478850238082100, 7.275793423258786400, -4.394424305636704300 ) ) ;
#5738 = STYLED_ITEM ( 'NONE', ( #1112 ), #8038 ) ;
#5739 = DIRECTION ( 'NONE',  ( 0.0000000000000000000, 0.0000000000000000000, 1.000000000000000000 ) ) ;
#5740 = ORIENTED_EDGE ( 'NONE', *, *, #1191, .F. ) ;
#5741 = ADVANCED_FACE ( 'NONE', ( #6429 ), #5869, .T. ) ;
#5742 = AXIS2_PLACEMENT_3D ( 'NONE', #8117, #1184, #5696 ) ;
#5743 = LINE ( 'NONE', #6703, #6800 ) ;
#5744 = DIRECTION ( 'NONE',  ( 0.0000000000000000000, 0.0000000000000000000, 1.000000000000000000 ) ) ;
#5745 = VECTOR ( 'NONE', #3422, 1000.000000000000000 ) ;
#5746 = UNCERTAINTY_MEASURE_WITH_UNIT (LENGTH_MEASURE( 1.000000000000000100E-005 ), #3120, 'distance_accuracy_value', 'NONE');
#5747 = PLANE ( 'NONE',  #7064 ) ;
#5748 = AXIS2_PLACEMENT_3D ( 'NONE', #5998, #2844, #7233 ) ;
#5749 = EDGE_CURVE ( 'NONE', #3929, #3839, #6143, .T. ) ;
#5750 = VERTEX_POINT ( 'NONE', #112 ) ;
#5751 = VECTOR ( 'NONE', #5067, 1000.000000000000000 ) ;
#5752 = ADVANCED_FACE ( 'NONE', ( #6155 ), #4649, .F. ) ;
#5753 = VECTOR ( 'NONE', #5988, 1000.000000000000000 ) ;
#5754 = ORIENTED_EDGE ( 'NONE', *, *, #7503, .F. ) ;
#5755 = LINE ( 'NONE', #4326, #7849 ) ;
#5756 = ORIENTED_EDGE ( 'NONE', *, *, #972, .F. ) ;
#5757 = CARTESIAN_POINT ( 'NONE',  ( 7.320000517603364000, 7.116844109650925200, -4.497680576364493800 ) ) ;
#5758 = CARTESIAN_POINT ( 'NONE',  ( 7.428934073140379900, 7.219004389073760700, -4.340299033334428500 ) ) ;
#5759 = CARTESIAN_POINT ( 'NONE',  ( 5.330000000000001000, 1.899999999999999700, -5.300000000000002500 ) ) ;
#5760 = FACE_OUTER_BOUND ( 'NONE', #5806, .T. ) ;
#5761 = EDGE_CURVE ( 'NONE', #3090, #6704, #3453, .T. ) ;
#5762 = CIRCLE ( 'NONE', #841, 0.2500000000000004400 ) ;
#5763 = ORIENTED_EDGE ( 'NONE', *, *, #1114, .F. ) ;
#5764 = LINE ( 'NONE', #7474, #7777 ) ;
#5765 = CARTESIAN_POINT ( 'NONE',  ( -7.160000000000000100, 0.6899999999999999500, 2.070000000000000300 ) ) ;
#5766 = ORIENTED_EDGE ( 'NONE', *, *, #1141, .T. ) ;
#5767 = ORIENTED_EDGE ( 'NONE', *, *, #3471, .T. ) ;
#5768 = DIRECTION ( 'NONE',  ( 9.969675149291992000E-017, -0.0000000000000000000, 1.000000000000000000 ) ) ;
#5769 = CARTESIAN_POINT ( 'NONE',  ( -7.321211292308682900, 7.293020617144597000, -4.321839782992769100 ) ) ;
#5770 = DIRECTION ( 'NONE',  ( -1.000000000000000000, -0.0000000000000000000, 0.0000000000000000000 ) ) ;
#5771 = FACE_OUTER_BOUND ( 'NONE', #3855, .T. ) ;
#5772 = ADVANCED_FACE ( 'NONE', ( #6039 ), #3194, .T. ) ;
#5773 = FILL_AREA_STYLE ('',( #2552 ) ) ;
#5774 = EDGE_CURVE ( 'NONE', #1603, #3143, #5961, .T. ) ;
#5775 = CARTESIAN_POINT ( 'NONE',  ( -4.830000000000001800, 3.049999999999999800, 5.300000000000006000 ) ) ;
#5776 = DIRECTION ( 'NONE',  ( -0.0000000000000000000, 1.000000000000000000, 3.942553354492744000E-016 ) ) ;
#5777 = CARTESIAN_POINT ( 'NONE',  ( 5.330000000000001000, 0.0000000000000000000, -5.550000000000002500 ) ) ;
#5778 = LINE ( 'NONE', #1558, #5868 ) ;
#5779 = DIRECTION ( 'NONE',  ( -1.000000000000000000, 0.0000000000000000000, 0.0000000000000000000 ) ) ;
#5780 = ADVANCED_FACE ( 'NONE', ( #6047 ), #1362, .F. ) ;
#5781 = CARTESIAN_POINT ( 'NONE',  ( 7.290361451906566300, 7.281755574941684900, -4.382579468360955100 ) ) ;
#5782 = DIRECTION ( 'NONE',  ( -0.6073758397232873500, 0.7944146205354176700, 0.0000000000000000000 ) ) ;
#5783 = AXIS2_PLACEMENT_3D ( 'NONE', #2103, #7178, #1479 ) ;
#5784 = PLANE ( 'NONE',  #1990 ) ;
#5785 = EDGE_CURVE ( 'NONE', #957, #5838, #8192, .T. ) ;
#5786 = CARTESIAN_POINT ( 'NONE',  ( 5.330000000000001000, 1.899999999999999700, -6.000000000000001800 ) ) ;
#5787 = FACE_OUTER_BOUND ( 'NONE', #3931, .T. ) ;
#5788 = FACE_OUTER_BOUND ( 'NONE', #3377, .T. ) ;
#5789 = VERTEX_POINT ( 'NONE', #7126 ) ;
#5790 = VECTOR ( 'NONE', #1363, 1000.000000000000000 ) ;
#5791 = CARTESIAN_POINT ( 'NONE',  ( 4.830000000000000100, 1.899999999999999700, -5.300000000000002500 ) ) ;
#5792 = CARTESIAN_POINT ( 'NONE',  ( -7.295869153382797700, 7.296475142614413700, -4.331668545790713600 ) ) ;
#5793 =( NAMED_UNIT ( * ) SI_UNIT ( $, .STERADIAN. ) SOLID_ANGLE_UNIT ( ) );
#5794 = VECTOR ( 'NONE', #4402, 1000.000000000000000 ) ;
#5795 = EDGE_CURVE ( 'NONE', #2083, #2981, #5835, .T. ) ;
#5796 = DIRECTION ( 'NONE',  ( -0.0000000000000000000, -1.000000000000000000, -0.0000000000000000000 ) ) ;
#5797 = FILL_AREA_STYLE_COLOUR ( '', #7479 ) ;
#5798 = AXIS2_PLACEMENT_3D ( 'NONE', #5635, #2413, #6858 ) ;
#5799 = LINE ( 'NONE', #4232, #6029 ) ;
#5800 = ADVANCED_FACE ( 'NONE', ( #5788 ), #6519, .T. ) ;
#5801 =( LENGTH_UNIT ( ) NAMED_UNIT ( * ) SI_UNIT ( .MILLI., .METRE. ) );
#5802 = EDGE_CURVE ( 'NONE', #332, #757, #6716, .T. ) ;
#5803 = CARTESIAN_POINT ( 'NONE',  ( 7.295920359749070300, 7.283863988888699100, 4.377920772105059500 ) ) ;
#5804 = EDGE_CURVE ( 'NONE', #7685, #6265, #6457, .T. ) ;
#5805 = CARTESIAN_POINT ( 'NONE',  ( 4.830000000000003600, 1.899999999999999700, 5.300000000000009600 ) ) ;
#5806 = EDGE_LOOP ( 'NONE', ( #6898, #5059, #4935, #4946 ) ) ;
#5807 =( NAMED_UNIT ( * ) SI_UNIT ( $, .STERADIAN. ) SOLID_ANGLE_UNIT ( ) );
#5808 = DIRECTION ( 'NONE',  ( -1.000000000000000000, -0.0000000000000000000, -0.0000000000000000000 ) ) ;
#5809 = CARTESIAN_POINT ( 'NONE',  ( -7.619999999999999200, 1.300000000000000000, -2.069999999999999800 ) ) ;
#5810 = ORIENTED_EDGE ( 'NONE', *, *, #5474, .T. ) ;
#5811 = CARTESIAN_POINT ( 'NONE',  ( -7.160000000000000100, 0.6999999999999999600, -2.020000000000000000 ) ) ;
#5812 = CARTESIAN_POINT ( 'NONE',  ( 7.320000000000001200, 7.299999999999999800, 4.298053096400541200 ) ) ;
#5813 = DIRECTION ( 'NONE',  ( 0.0000000000000000000, -1.000000000000000000, 0.0000000000000000000 ) ) ;
#5814 = ORIENTED_EDGE ( 'NONE', *, *, #1090, .T. ) ;
#5815 = UNCERTAINTY_MEASURE_WITH_UNIT (LENGTH_MEASURE( 1.000000000000000100E-005 ), #6755, 'distance_accuracy_value', 'NONE');
#5816 = CARTESIAN_POINT ( 'NONE',  ( 7.320000000000000300, 7.105235389661575400, -4.497984561395655100 ) ) ;
#5817 = CIRCLE ( 'NONE', #5316, 0.2500000000000002200 ) ;
#5818 = VERTEX_POINT ( 'NONE', #4671 ) ;
#5819 = CARTESIAN_POINT ( 'NONE',  ( -7.275763194182129500, 7.299023938207813700, -4.320246448350402200 ) ) ;
#5820 = EDGE_CURVE ( 'NONE', #1909, #5055, #5688, .T. ) ;
#5821 = PLANE ( 'NONE',  #976 ) ;
#5822 = ADVANCED_FACE ( 'NONE', ( #5721 ), #801, .F. ) ;
#5823 = CARTESIAN_POINT ( 'NONE',  ( 7.160000000000000100, 0.6999999999999999600, 0.6699999999999987100 ) ) ;
#5824 = ORIENTED_EDGE ( 'NONE', *, *, #4823, .F. ) ;
#5825 = DIRECTION ( 'NONE',  ( -1.000000000000000000, -0.0000000000000000000, -0.0000000000000000000 ) ) ;
#5826 = DIRECTION ( 'NONE',  ( 0.0000000000000000000, 1.000000000000000000, 3.942553354492744000E-016 ) ) ;
#5827 = EDGE_CURVE ( 'NONE', #5049, #4734, #7171, .T. ) ;
#5828 = FACE_OUTER_BOUND ( 'NONE', #2115, .T. ) ;
#5829 = VERTEX_POINT ( 'NONE', #5973 ) ;
#5830 = CARTESIAN_POINT ( 'NONE',  ( -6.269999999999999600, 0.6999999999999998400, -3.259999999999999300 ) ) ;
#5831 = FACE_OUTER_BOUND ( 'NONE', #5620, .T. ) ;
#5832 = CARTESIAN_POINT ( 'NONE',  ( 4.830000000000000100, -4.258936691357909700E-017, -5.550000000000002500 ) ) ;
#5833 = CARTESIAN_POINT ( 'NONE',  ( 2.290000000000000000, 0.6999999999999992900, -5.300000000000002500 ) ) ;
#5834 =( NAMED_UNIT ( * ) PLANE_ANGLE_UNIT ( ) SI_UNIT ( $, .RADIAN. ) );
#5835 = CIRCLE ( 'NONE', #5116, 0.2999999999999999300 ) ;
#5836 = FACE_OUTER_BOUND ( 'NONE', #78, .T. ) ;
#5837 = LINE ( 'NONE', #1797, #4938 ) ;
#5838 = VERTEX_POINT ( 'NONE', #6629 ) ;
#5839 = ORIENTED_EDGE ( 'NONE', *, *, #4786, .T. ) ;
#5840 = DIRECTION ( 'NONE',  ( 0.0000000000000000000, 1.000000000000000000, 0.0000000000000000000 ) ) ;
#5841 = CARTESIAN_POINT ( 'NONE',  ( -7.268053096400543600, 7.299999999999999800, -4.298053096400543000 ) ) ;
#5842 = ORIENTED_EDGE ( 'NONE', *, *, #1920, .T. ) ;
#5843 = DIRECTION ( 'NONE',  ( -1.330309414092643500E-016, 0.0000000000000000000, -1.000000000000000000 ) ) ;
#5844 = VECTOR ( 'NONE', #6944, 1000.000000000000000 ) ;
#5845 = VERTEX_POINT ( 'NONE', #2845 ) ;
#5846 = DIRECTION ( 'NONE',  ( 1.000000000000000000, 0.0000000000000000000, 0.0000000000000000000 ) ) ;
#5847 = CARTESIAN_POINT ( 'NONE',  ( 7.357567555792513800, 7.132125076182762600, 4.491672836082074100 ) ) ;
#5848 = FACE_OUTER_BOUND ( 'NONE', #2443, .T. ) ;
#5849 = CARTESIAN_POINT ( 'NONE',  ( 7.410914594300682400, 7.106838958627621500, -4.468307795284827600 ) ) ;
#5850 = VERTEX_POINT ( 'NONE', #6000 ) ;
#5851 = COLOUR_RGB ( '',1.000000000000000000, 1.000000000000000000, 1.000000000000000000 ) ;
#5852 = ADVANCED_FACE ( 'NONE', ( #2450 ), #4139, .T. ) ;
#5853 = PRESENTATION_LAYER_ASSIGNMENT (  '', '', ( #4440 ) ) ;
#5854 = CARTESIAN_POINT ( 'NONE',  ( 5.329999999999999200, 1.899999999999999700, 5.300000000000006000 ) ) ;
#5855 = UNCERTAINTY_MEASURE_WITH_UNIT (LENGTH_MEASURE( 1.000000000000000100E-005 ), #5893, 'distance_accuracy_value', 'NONE');
#5856 = FILL_AREA_STYLE ('',( #711 ) ) ;
#5857 = ORIENTED_EDGE ( 'NONE', *, *, #4501, .T. ) ;
#5858 = EDGE_CURVE ( 'NONE', #5647, #4526, #5631, .T. ) ;
#5859 = CARTESIAN_POINT ( 'NONE',  ( 7.119999999999997400, 0.1999999999999999600, -3.200000000000001100 ) ) ;
#5860 = EDGE_CURVE ( 'NONE', #4478, #1948, #2404, .T. ) ;
#5861 = AXIS2_PLACEMENT_3D ( 'NONE', #6475, #6276, #6127 ) ;
#5862 = VECTOR ( 'NONE', #2176, 1000.000000000000000 ) ;
#5863 =( LENGTH_UNIT ( ) NAMED_UNIT ( * ) SI_UNIT ( .MILLI., .METRE. ) );
#5864 = ORIENTED_EDGE ( 'NONE', *, *, #1130, .T. ) ;
#5865 = DIRECTION ( 'NONE',  ( -0.0000000000000000000, -0.0000000000000000000, -1.000000000000000000 ) ) ;
#5866 =( NAMED_UNIT ( * ) PLANE_ANGLE_UNIT ( ) SI_UNIT ( $, .RADIAN. ) );
#5867 = AXIS2_PLACEMENT_3D ( 'NONE', #4666, #2707, #2052 ) ;
#5868 = VECTOR ( 'NONE', #6041, 1000.000000000000000 ) ;
#5869 = PLANE ( 'NONE',  #6067 ) ;
#5870 = ORIENTED_EDGE ( 'NONE', *, *, #4947, .T. ) ;
#5871 = EDGE_CURVE ( 'NONE', #1288, #556, #7102, .T. ) ;
#5872 = ORIENTED_EDGE ( 'NONE', *, *, #3706, .F. ) ;
#5873 = AXIS2_PLACEMENT_3D ( 'NONE', #773, #8158, #8130 ) ;
#5874 = CARTESIAN_POINT ( 'NONE',  ( 7.463683307512440000, 7.117751940952326900, -4.388629133371365400 ) ) ;
#5875 = LINE ( 'NONE', #6646, #1969 ) ;
#5876 = CARTESIAN_POINT ( 'NONE',  ( -7.119999999999999200, 1.300000000000000000, -2.069999999999999800 ) ) ;
#5877 = ORIENTED_EDGE ( 'NONE', *, *, #1090, .F. ) ;
#5878 = CARTESIAN_POINT ( 'NONE',  ( 7.460000000000000000, 0.6999999999999999600, 2.020000000000000000 ) ) ;
#5879 = CARTESIAN_POINT ( 'NONE',  ( -5.329999989325322000, 0.9499999999999997300, 5.550000000000002500 ) ) ;
#5880 = EDGE_CURVE ( 'NONE', #3696, #4127, #5616, .T. ) ;
#5881 = DIRECTION ( 'NONE',  ( -1.000000000000000000, 0.0000000000000000000, 0.0000000000000000000 ) ) ;
#5882 = CARTESIAN_POINT ( 'NONE',  ( -7.397221497757606700, 7.253297392573436800, 4.332081799705595600 ) ) ;
#5883 = ORIENTED_EDGE ( 'NONE', *, *, #4334, .T. ) ;
#5884 = CARTESIAN_POINT ( 'NONE',  ( 2.290000000000000000, 1.724059192313015100E-016, -5.550000000000002500 ) ) ;
#5885 = DIRECTION ( 'NONE',  ( 0.0000000000000000000, -1.204669080539449800E-016, -1.000000000000000000 ) ) ;
#5886 = CARTESIAN_POINT ( 'NONE',  ( -5.330000000000001000, -0.2500000000000001100, -6.000000000000001800 ) ) ;
#5887 = FILL_AREA_STYLE_COLOUR ( '', #6476 ) ;
#5888 = ADVANCED_FACE ( 'NONE', ( #7125 ), #5572, .T. ) ;
#5889 = ORIENTED_EDGE ( 'NONE', *, *, #1064, .F. ) ;
#5890 = ORIENTED_EDGE ( 'NONE', *, *, #4253, .F. ) ;
#5891 = DIRECTION ( 'NONE',  ( 0.0000000000000000000, 0.0000000000000000000, -1.000000000000000000 ) ) ;
#5892 = CARTESIAN_POINT ( 'NONE',  ( -2.790000000000000000, 0.9499999999999994000, -5.550000000000002500 ) ) ;
#5893 =( LENGTH_UNIT ( ) NAMED_UNIT ( * ) SI_UNIT ( .MILLI., .METRE. ) );
#5894 = AXIS2_PLACEMENT_3D ( 'NONE', #3707, #474, #4970 ) ;
#5895 = DIRECTION ( 'NONE',  ( -0.4472135954999573200, -1.077488781791351900E-016, 0.8944271909999161900 ) ) ;
#5896 = CARTESIAN_POINT ( 'NONE',  ( 7.392540873912306400, 7.133815488612431600, 4.476575955816525000 ) ) ;
#5897 = ORIENTED_EDGE ( 'NONE', *, *, #3860, .T. ) ;
#5898 = CARTESIAN_POINT ( 'NONE',  ( 7.318454368052853100, 7.153912947499963900, -4.490950433677194400 ) ) ;
#5899 = EDGE_CURVE ( 'NONE', #3183, #6867, #5591, .T. ) ;
#5900 = SURFACE_STYLE_USAGE ( .BOTH. , #1412 ) ;
#5901 = DIRECTION ( 'NONE',  ( -0.0000000000000000000, 0.0000000000000000000, 1.000000000000000000 ) ) ;
#5902 = VECTOR ( 'NONE', #2282, 1000.000000000000100 ) ;
#5903 = LINE ( 'NONE', #8000, #6173 ) ;
#5904 = CARTESIAN_POINT ( 'NONE',  ( -7.303830748945873800, 7.246797381067927400, 4.433929246944239300 ) ) ;
#5905 = CARTESIAN_POINT ( 'NONE',  ( -7.391508836056123000, 7.258071493009766500, 4.341781620384432800 ) ) ;
#5906 = ORIENTED_EDGE ( 'NONE', *, *, #1579, .T. ) ;
#5907 = LINE ( 'NONE', #6769, #3566 ) ;
#5908 =( GEOMETRIC_REPRESENTATION_CONTEXT ( 3 ) GLOBAL_UNCERTAINTY_ASSIGNED_CONTEXT ( ( #4472 ) ) GLOBAL_UNIT_ASSIGNED_CONTEXT ( ( #2752, #7159, #3413 ) ) REPRESENTATION_CONTEXT ( 'NONE', 'WORKASPACE' ) );
#5909 = DIRECTION ( 'NONE',  ( -1.000000000000000000, 0.0000000000000000000, -0.0000000000000000000 ) ) ;
#5910 = DIRECTION ( 'NONE',  ( -0.0000000000000000000, -1.000000000000000000, -0.0000000000000000000 ) ) ;
#5911 = EDGE_CURVE ( 'NONE', #2341, #5677, #5610, .T. ) ;
#5912 = CARTESIAN_POINT ( 'NONE',  ( -7.160000000000000100, 0.6999999999999999600, -0.6700000000000000400 ) ) ;
#5913 = VECTOR ( 'NONE', #7989, 1000.000000000000000 ) ;
#5914 = DIRECTION ( 'NONE',  ( 1.000000000000000000, 0.0000000000000000000, 0.0000000000000000000 ) ) ;
#5915 = LINE ( 'NONE', #8033, #3446 ) ;
#5916 = ORIENTED_EDGE ( 'NONE', *, *, #8204, .F. ) ;
#5917 = VECTOR ( 'NONE', #7021, 1000.000000000000000 ) ;
#5918 = LINE ( 'NONE', #476, #5844 ) ;
#5919 = VERTEX_POINT ( 'NONE', #4195 ) ;
#5920 = LINE ( 'NONE', #7281, #2012 ) ;
#5921 = CARTESIAN_POINT ( 'NONE',  ( 7.383324445572854200, 7.181488797036619700, -4.463879875920097700 ) ) ;
#5922 = EDGE_CURVE ( 'NONE', #3387, #7723, #5252, .T. ) ;
#5923 = DIRECTION ( 'NONE',  ( 9.326470300950576100E-017, 0.0000000000000000000, 1.000000000000000000 ) ) ;
#5924 = VECTOR ( 'NONE', #6355, 1000.000000000000000 ) ;
#5925 = VERTEX_POINT ( 'NONE', #4809 ) ;
#5926 = SURFACE_STYLE_FILL_AREA ( #7271 ) ;
#5927 = LINE ( 'NONE', #2748, #7866 ) ;
#5928 = CARTESIAN_POINT ( 'NONE',  ( 7.160000000000000100, 0.6999999999999999600, -3.259999999999999800 ) ) ;
#5929 = DIRECTION ( 'NONE',  ( 0.0000000000000000000, -1.828634731526980300E-016, -1.000000000000000000 ) ) ;
#5930 = LINE ( 'NONE', #6659, #808 ) ;
#5931 = SURFACE_STYLE_USAGE ( .BOTH. , #6015 ) ;
#5932 = CARTESIAN_POINT ( 'NONE',  ( -7.342257535145709100, 7.213749747878186000, 4.460370490530791300 ) ) ;
#5933 = DIRECTION ( 'NONE',  ( 0.0000000000000000000, 0.0000000000000000000, 1.000000000000000000 ) ) ;
#5934 = LINE ( 'NONE', #4438, #5924 ) ;
#5935 = ORIENTED_EDGE ( 'NONE', *, *, #762, .F. ) ;
#5936 = VECTOR ( 'NONE', #4733, 1000.000000000000000 ) ;
#5937 = EDGE_CURVE ( 'NONE', #6984, #1737, #6469, .T. ) ;
#5938 = ORIENTED_EDGE ( 'NONE', *, *, #6543, .T. ) ;
#5939 = ADVANCED_FACE ( 'NONE', ( #3939 ), #7304, .F. ) ;
#5940 = CARTESIAN_POINT ( 'NONE',  ( -7.313209690008661400, 7.202483313242154000, -4.470320631616201200 ) ) ;
#5941 = DIRECTION ( 'NONE',  ( -1.000000000000000000, 0.0000000000000000000, 0.0000000000000000000 ) ) ;
#5942 = LINE ( 'NONE', #2536, #4395 ) ;
#5943 = SURFACE_SIDE_STYLE ('',( #386 ) ) ;
#5944 = VECTOR ( 'NONE', #4854, 1000.000000000000000 ) ;
#5945 = DIRECTION ( 'NONE',  ( 1.000000000000000000, 0.0000000000000000000, -0.0000000000000000000 ) ) ;
#5946 = ORIENTED_EDGE ( 'NONE', *, *, #6590, .F. ) ;
#5947 = STYLED_ITEM ( 'NONE', ( #3146 ), #6794 ) ;
#5948 = VERTEX_POINT ( 'NONE', #942 ) ;
#5949 = ORIENTED_EDGE ( 'NONE', *, *, #792, .F. ) ;
#5950 = EDGE_CURVE ( 'NONE', #1987, #4968, #5954, .T. ) ;
#5951 = DIRECTION ( 'NONE',  ( 9.326470300950576100E-017, 0.0000000000000000000, 1.000000000000000000 ) ) ;
#5952 = EDGE_CURVE ( 'NONE', #7137, #4065, #7239, .T. ) ;
#5953 = CARTESIAN_POINT ( 'NONE',  ( 7.421878701609038800, 7.208207114580719800, -4.404990886922756300 ) ) ;
#5954 = LINE ( 'NONE', #2962, #7464 ) ;
#5955 = AXIS2_PLACEMENT_3D ( 'NONE', #7204, #7183, #7045 ) ;
#5956 = AXIS2_PLACEMENT_3D ( 'NONE', #2389, #6832, #3070 ) ;
#5957 = CARTESIAN_POINT ( 'NONE',  ( 7.408655241394675400, 7.134245506647877400, 4.465715775367045600 ) ) ;
#5958 =( NAMED_UNIT ( * ) PLANE_ANGLE_UNIT ( ) SI_UNIT ( $, .RADIAN. ) );
#5959 = PLANE ( 'NONE',  #3361 ) ;
#5960 = ADVANCED_FACE ( 'NONE', ( #5340 ), #5242, .T. ) ;
#5961 = CIRCLE ( 'NONE', #5665, 0.2999999999999999300 ) ;
#5962 =( NAMED_UNIT ( * ) SI_UNIT ( $, .STERADIAN. ) SOLID_ANGLE_UNIT ( ) );
#5963 = MECHANICAL_DESIGN_GEOMETRIC_PRESENTATION_REPRESENTATION (  '', ( #6083 ), #5908 ) ;
#5964 = ORIENTED_EDGE ( 'NONE', *, *, #7485, .T. ) ;
#5965 = CARTESIAN_POINT ( 'NONE',  ( -7.385131228795089900, 7.261652068324343300, 4.351149596485816700 ) ) ;
#5966 = EDGE_CURVE ( 'NONE', #6265, #3019, #6184, .T. ) ;
#5967 = CARTESIAN_POINT ( 'NONE',  ( 7.302081799708959800, 7.253297392575134900, 4.427221497755545500 ) ) ;
#5968 = ORIENTED_EDGE ( 'NONE', *, *, #5401, .F. ) ;
#5969 = PRESENTATION_STYLE_ASSIGNMENT (( #4920 ) ) ;
#5970 = CARTESIAN_POINT ( 'NONE',  ( 3.040000000000000000, 0.6999999999999994000, -4.650000000000003000 ) ) ;
#5971 = VECTOR ( 'NONE', #2774, 1000.000000000000000 ) ;
#5972 = COLOUR_RGB ( '',1.000000000000000000, 1.000000000000000000, 1.000000000000000000 ) ;
#5973 = CARTESIAN_POINT ( 'NONE',  ( 7.160000000000000100, 0.4999999999999997800, 3.199999999999998800 ) ) ;
#5974 = DIRECTION ( 'NONE',  ( 0.0000000000000000000, 0.0000000000000000000, -1.000000000000000000 ) ) ;
#5975 = VERTEX_POINT ( 'NONE', #5577 ) ;
#5976 = FACE_OUTER_BOUND ( 'NONE', #4339, .T. ) ;
#5977 = COLOUR_RGB ( '',1.000000000000000000, 1.000000000000000000, 1.000000000000000000 ) ;
#5978 = CARTESIAN_POINT ( 'NONE',  ( 2.040000000000000000, -4.258936691357909700E-017, -5.550000000000002500 ) ) ;
#5979 = CARTESIAN_POINT ( 'NONE',  ( -7.467606713993083300, 7.118501931648904900, -4.369107461386061400 ) ) ;
#5980 = EDGE_CURVE ( 'NONE', #387, #5046, #5274, .T. ) ;
#5981 = VECTOR ( 'NONE', #2436, 999.9999999999998900 ) ;
#5982 = DIRECTION ( 'NONE',  ( 1.000000000000000000, 0.0000000000000000000, -9.326470300950576100E-017 ) ) ;
#5983 = ORIENTED_EDGE ( 'NONE', *, *, #1236, .F. ) ;
#5984 = CARTESIAN_POINT ( 'NONE',  ( 7.440492519791043000, 7.202265325486632900, -4.343307157224995900 ) ) ;
#5985 = ADVANCED_FACE ( 'NONE', ( #5245 ), #6808, .F. ) ;
#5986 = SURFACE_STYLE_FILL_AREA ( #5020 ) ;
#5987 = ORIENTED_EDGE ( 'NONE', *, *, #3107, .T. ) ;
#5988 = DIRECTION ( 'NONE',  ( -0.0000000000000000000, 1.000000000000000000, -0.0000000000000000000 ) ) ;
#5989 = VERTEX_POINT ( 'NONE', #1703 ) ;
#5990 = DIRECTION ( 'NONE',  ( 0.0000000000000000000, 0.0000000000000000000, 1.000000000000000000 ) ) ;
#5991 = CARTESIAN_POINT ( 'NONE',  ( -6.269999999999998700, 1.300000000000000000, 3.260000000000000200 ) ) ;
#5992 = EDGE_CURVE ( 'NONE', #702, #733, #5155, .T. ) ;
#5993 = CARTESIAN_POINT ( 'NONE',  ( -7.327956380275503900, 7.208827852375765000, 4.466602353278185300 ) ) ;
#5994 = DIRECTION ( 'NONE',  ( 0.0000000000000000000, 1.000000000000000000, 0.0000000000000000000 ) ) ;
#5995 = VECTOR ( 'NONE', #6823, 1000.000000000000000 ) ;
#5996 = ORIENTED_EDGE ( 'NONE', *, *, #3732, .T. ) ;
#5997 = LINE ( 'NONE', #7344, #3572 ) ;
#5998 = CARTESIAN_POINT ( 'NONE',  ( 7.160000000000000100, 1.899999999999999700, 3.259999999999999800 ) ) ;
#5999 = ORIENTED_EDGE ( 'NONE', *, *, #5092, .T. ) ;
#6000 = CARTESIAN_POINT ( 'NONE',  ( 5.580000000000000100, 0.6999999999999994000, -4.800000000000002500 ) ) ;
#6001 = EDGE_CURVE ( 'NONE', #5600, #2122, #494, .T. ) ;
#6002 = ORIENTED_EDGE ( 'NONE', *, *, #4786, .F. ) ;
#6003 = CARTESIAN_POINT ( 'NONE',  ( -7.119999999999999200, 1.300000000000000000, -0.6699999999999999300 ) ) ;
#6004 = ADVANCED_FACE ( 'NONE', ( #5140 ), #6271, .F. ) ;
#6005 = CARTESIAN_POINT ( 'NONE',  ( -7.435715775332536000, 7.134245506796265300, -4.438655241360660100 ) ) ;
#6006 = VECTOR ( 'NONE', #4852, 1000.000000000000000 ) ;
#6007 = ORIENTED_EDGE ( 'NONE', *, *, #6037, .F. ) ;
#6008 = FILL_AREA_STYLE_COLOUR ( '', #1458 ) ;
#6009 = CARTESIAN_POINT ( 'NONE',  ( 7.435715775332965000, 7.134245506794417900, 4.438655241361425800 ) ) ;
#6010 = CARTESIAN_POINT ( 'NONE',  ( 7.333893907749187600, 7.234858571498183000, -4.443662190547367000 ) ) ;
#6011 = ORIENTED_EDGE ( 'NONE', *, *, #7766, .F. ) ;
#6012 = CARTESIAN_POINT ( 'NONE',  ( 7.161822484923008300, 1.250000000000000000, 2.020000000000000000 ) ) ;
#6013 = EDGE_CURVE ( 'NONE', #733, #7083, #5044, .T. ) ;
#6014 =( GEOMETRIC_REPRESENTATION_CONTEXT ( 3 ) GLOBAL_UNCERTAINTY_ASSIGNED_CONTEXT ( ( #6312 ) ) GLOBAL_UNIT_ASSIGNED_CONTEXT ( ( #5040, #4609, #4544 ) ) REPRESENTATION_CONTEXT ( 'NONE', 'WORKASPACE' ) );
#6015 = SURFACE_SIDE_STYLE ('',( #7606 ) ) ;
#6016 = CARTESIAN_POINT ( 'NONE',  ( -7.371212674067180600, 7.266426168728995300, 4.369055309209417500 ) ) ;
#6017 = DIRECTION ( 'NONE',  ( 1.000000000000000000, 0.0000000000000000000, -0.0000000000000000000 ) ) ;
#6018 = VECTOR ( 'NONE', #4123, 1000.000000000000000 ) ;
#6019 = ORIENTED_EDGE ( 'NONE', *, *, #4942, .T. ) ;
#6020 = CARTESIAN_POINT ( 'NONE',  ( 7.619999999999999200, 0.6899999999999999500, -2.070000000000001200 ) ) ;
#6021 = PRESENTATION_LAYER_ASSIGNMENT (  '', '', ( #6083 ) ) ;
#6022 = CARTESIAN_POINT ( 'NONE',  ( 5.580000000000001000, 0.9499999999999997300, 5.300000000000002500 ) ) ;
#6023 = DIRECTION ( 'NONE',  ( -0.0000000000000000000, -0.0000000000000000000, 1.000000000000000000 ) ) ;
#6024 = EDGE_LOOP ( 'NONE', ( #2826, #5295, #1630, #39 ) ) ;
#6025 = EDGE_CURVE ( 'NONE', #7083, #102, #5024, .T. ) ;
#6026 = CARTESIAN_POINT ( 'NONE',  ( 3.040000000000000000, 0.9499999999999995100, -4.650000000000003000 ) ) ;
#6027 = MECHANICAL_DESIGN_GEOMETRIC_PRESENTATION_REPRESENTATION (  '', ( #6111 ), #6014 ) ;
#6028 = SURFACE_STYLE_USAGE ( .BOTH. , #6219 ) ;
#6029 = VECTOR ( 'NONE', #5716, 1000.000000000000100 ) ;
#6030 = ORIENTED_EDGE ( 'NONE', *, *, #7190, .T. ) ;
#6031 = CARTESIAN_POINT ( 'NONE',  ( 2.290000000000000000, 3.049999999999999800, -5.300000000000002500 ) ) ;
#6032 = CARTESIAN_POINT ( 'NONE',  ( -7.353854750080950400, 7.161173462352667100, -4.484773261804488900 ) ) ;
#6033 = ORIENTED_EDGE ( 'NONE', *, *, #7094, .F. ) ;
#6034 = CARTESIAN_POINT ( 'NONE',  ( 7.380624612525718200, 7.251687744411334800, -4.391648711015498000 ) ) ;
#6035 = ORIENTED_EDGE ( 'NONE', *, *, #5008, .F. ) ;
#6036 = ORIENTED_EDGE ( 'NONE', *, *, #237, .F. ) ;
#6037 = EDGE_CURVE ( 'NONE', #102, #513, #5033, .T. ) ;
#6038 = COLOUR_RGB ( '',1.000000000000000000, 1.000000000000000000, 1.000000000000000000 ) ;
#6039 = FACE_OUTER_BOUND ( 'NONE', #1657, .T. ) ;
#6040 = ORIENTED_EDGE ( 'NONE', *, *, #3313, .T. ) ;
#6041 = DIRECTION ( 'NONE',  ( -0.0000000000000000000, 1.000000000000000000, -0.0000000000000000000 ) ) ;
#6042 = ORIENTED_EDGE ( 'NONE', *, *, #4146, .T. ) ;
#6043 = ORIENTED_EDGE ( 'NONE', *, *, #5007, .T. ) ;
#6044 = CARTESIAN_POINT ( 'NONE',  ( -7.313307157224947700, 7.202265325486554700, 4.470492519791098300 ) ) ;
#6045 = PLANE ( 'NONE',  #8164 ) ;
#6046 = DIRECTION ( 'NONE',  ( 0.0000000000000000000, 0.0000000000000000000, 1.000000000000000000 ) ) ;
#6047 = FACE_OUTER_BOUND ( 'NONE', #7834, .T. ) ;
#6048 = FILL_AREA_STYLE ('',( #5426 ) ) ;
#6049 = ORIENTED_EDGE ( 'NONE', *, *, #923, .F. ) ;
#6050 = CARTESIAN_POINT ( 'NONE',  ( -4.830000000000000100, 0.0000000000000000000, -5.550000000000002500 ) ) ;
#6051 = ORIENTED_EDGE ( 'NONE', *, *, #624, .F. ) ;
#6052 = PRESENTATION_LAYER_ASSIGNMENT (  '', '', ( #6111 ) ) ;
#6053 = CARTESIAN_POINT ( 'NONE',  ( -4.580000000000000100, -0.2500000000000000000, 5.300000000000002500 ) ) ;
#6054 =( NAMED_UNIT ( * ) SI_UNIT ( $, .STERADIAN. ) SOLID_ANGLE_UNIT ( ) );
#6055 = VECTOR ( 'NONE', #5564, 1000.000000000000000 ) ;
#6056 = DIRECTION ( 'NONE',  ( -0.4472135954999567100, 0.0000000000000000000, 0.8944271909999164100 ) ) ;
#6057 = CARTESIAN_POINT ( 'NONE',  ( -7.446951211599434300, 7.190459303313852900, -4.344955818545603400 ) ) ;
#6058 = EDGE_CURVE ( 'NONE', #513, #7758, #1747, .T. ) ;
#6059 = EDGE_LOOP ( 'NONE', ( #7047, #2064, #6359, #5573 ) ) ;
#6060 = CARTESIAN_POINT ( 'NONE',  ( 7.446575955744921600, 7.133815488906812200, 4.422540873900162600 ) ) ;
#6061 = EDGE_CURVE ( 'NONE', #3183, #8101, #5050, .T. ) ;
#6062 = SURFACE_STYLE_FILL_AREA ( #5125 ) ;
#6063 = CARTESIAN_POINT ( 'NONE',  ( 7.406455295263603100, 7.244749188171630800, -4.347004681705184800 ) ) ;
#6064 = VERTEX_POINT ( 'NONE', #7551 ) ;
#6065 = FACE_OUTER_BOUND ( 'NONE', #3131, .T. ) ;
#6066 = COLOUR_RGB ( '',1.000000000000000000, 1.000000000000000000, 1.000000000000000000 ) ;
#6067 = AXIS2_PLACEMENT_3D ( 'NONE', #7134, #3382, #7747 ) ;
#6068 = CARTESIAN_POINT ( 'NONE',  ( -7.363671726600303600, 7.267619693819071400, 4.377593045831638100 ) ) ;
#6069 = LINE ( 'NONE', #3462, #5598 ) ;
#6070 = EDGE_LOOP ( 'NONE', ( #1153, #6778, #6573, #5152, #6473 ) ) ;
#6071 = EDGE_CURVE ( 'NONE', #4602, #994, #4986, .T. ) ;
#6072 = DIRECTION ( 'NONE',  ( -1.000000000000000000, 0.0000000000000000000, 0.0000000000000000000 ) ) ;
#6073 = ADVANCED_FACE ( 'NONE', ( #4994 ), #5725, .F. ) ;
#6074 = ORIENTED_EDGE ( 'NONE', *, *, #913, .F. ) ;
#6075 = CARTESIAN_POINT ( 'NONE',  ( 5.580000000000001000, 0.9499999999999998400, 4.650000000000003000 ) ) ;
#6076 = LINE ( 'NONE', #2113, #5078 ) ;
#6077 = FILL_AREA_STYLE_COLOUR ( '', #3919 ) ;
#6078 = CARTESIAN_POINT ( 'NONE',  ( -7.161822484923008300, 1.250000000000000000, 2.020000000000000000 ) ) ;
#6079 = CARTESIAN_POINT ( 'NONE',  ( 7.268053096400541900, 7.299999999999999800, -4.298053096400543000 ) ) ;
#6080 = PLANE ( 'NONE',  #7208 ) ;
#6081 = ORIENTED_EDGE ( 'NONE', *, *, #196, .T. ) ;
#6082 = ORIENTED_EDGE ( 'NONE', *, *, #1898, .F. ) ;
#6083 = STYLED_ITEM ( 'NONE', ( #3464 ), #5752 ) ;
#6084 = CARTESIAN_POINT ( 'NONE',  ( -7.414220186781410100, 7.220312275604872100, -4.399166894733021100 ) ) ;
#6085 = EDGE_CURVE ( 'NONE', #5298, #994, #5010, .T. ) ;
#6086 = B_SPLINE_CURVE_WITH_KNOTS ( 'NONE', 3,
 ( #2704, #3370, #7733, #4020, #97, #4628, #767, #5272, #1415, #5904, #2068, #6539, #2731 ),
 .UNSPECIFIED., .F., .F.,
 ( 4, 2, 2, 1, 2, 2, 4 ),
 ( 0.0000000000000000000, 0.2500000000000161500, 0.3750000000000252600, 0.4375000000000308100, 0.4687500000000260300, 0.5000000000000212100, 1.000000000000000000 ),
 .UNSPECIFIED. ) ;
#6087 = FILL_AREA_STYLE ('',( #7691 ) ) ;
#6088 = ORIENTED_EDGE ( 'NONE', *, *, #1918, .F. ) ;
#6089 = CARTESIAN_POINT ( 'NONE',  ( 7.307998148220065100, 7.265667961699635100, -4.411084942535369500 ) ) ;
#6090 = PLANE ( 'NONE',  #1666 ) ;
#6091 =( GEOMETRIC_REPRESENTATION_CONTEXT ( 3 ) GLOBAL_UNCERTAINTY_ASSIGNED_CONTEXT ( ( #5122 ) ) GLOBAL_UNIT_ASSIGNED_CONTEXT ( ( #7029, #3451, #27 ) ) REPRESENTATION_CONTEXT ( 'NONE', 'WORKASPACE' ) );
#6092 = DIRECTION ( 'NONE',  ( -1.000000000000000000, 0.0000000000000000000, 9.326470300950576100E-017 ) ) ;
#6093 =( LENGTH_UNIT ( ) NAMED_UNIT ( * ) SI_UNIT ( .MILLI., .METRE. ) );
#6094 = EDGE_CURVE ( 'NONE', #4121, #5298, #6223, .T. ) ;
#6095 = DIRECTION ( 'NONE',  ( 0.0000000000000000000, 0.0000000000000000000, 1.000000000000000000 ) ) ;
#6096 = CARTESIAN_POINT ( 'NONE',  ( -7.443753099265605600, 7.196913052995815200, 4.360867588272558500 ) ) ;
#6097 = ORIENTED_EDGE ( 'NONE', *, *, #4552, .F. ) ;
#6098 = CARTESIAN_POINT ( 'NONE',  ( 7.411856465389462300, 7.239162846125061000, 4.335897810492069100 ) ) ;
#6099 = AXIS2_PLACEMENT_3D ( 'NONE', #886, #802, #746 ) ;
#6100 = CARTESIAN_POINT ( 'NONE',  ( -2.289999999999999600, -0.2500000000000001100, -6.000000000000001800 ) ) ;
#6101 = FILL_AREA_STYLE_COLOUR ( '', #2669 ) ;
#6102 = AXIS2_PLACEMENT_3D ( 'NONE', #3135, #7519, #3792 ) ;
#6103 = FACE_BOUND ( 'NONE', #7815, .T. ) ;
#6104 = CARTESIAN_POINT ( 'NONE',  ( 7.619999999999999200, 1.300000000000000000, -0.6700000000000013700 ) ) ;
#6105 = DIRECTION ( 'NONE',  ( -0.0000000000000000000, 0.0000000000000000000, 1.000000000000000000 ) ) ;
#6106 = DIRECTION ( 'NONE',  ( 9.326470300950576100E-017, -3.942553354492744000E-016, 1.000000000000000000 ) ) ;
#6107 = ORIENTED_EDGE ( 'NONE', *, *, #7802, .T. ) ;
#6108 = VERTEX_POINT ( 'NONE', #5111 ) ;
#6109 = EDGE_CURVE ( 'NONE', #4137, #7501, #6849, .T. ) ;
#6110 = FILL_AREA_STYLE ('',( #6623 ) ) ;
#6111 = STYLED_ITEM ( 'NONE', ( #5606 ), #3116 ) ;
#6112 = CARTESIAN_POINT ( 'NONE',  ( -7.360185627064240100, 7.236116484271185800, -4.432036026572287600 ) ) ;
#6113 = PRESENTATION_STYLE_ASSIGNMENT (( #6362 ) ) ;
#6114 = CARTESIAN_POINT ( 'NONE',  ( 7.461672835990564900, 7.132125076551707500, 4.387567555814165100 ) ) ;
#6115 = VECTOR ( 'NONE', #426, 999.9999999999998900 ) ;
#6116 = ADVANCED_FACE ( 'NONE', ( #8075 ), #3915, .F. ) ;
#6117 = AXIS2_PLACEMENT_3D ( 'NONE', #2439, #398, #6822 ) ;
#6118 = VECTOR ( 'NONE', #5282, 1000.000000000000000 ) ;
#6119 = CARTESIAN_POINT ( 'NONE',  ( 7.324941586581464200, 7.284083949210959500, -4.366909543133870000 ) ) ;
#6120 = DIRECTION ( 'NONE',  ( -0.8944271909999165200, 0.0000000000000000000, -0.4472135954999567600 ) ) ;
#6121 = ORIENTED_EDGE ( 'NONE', *, *, #3043, .F. ) ;
#6122 = CIRCLE ( 'NONE', #7226, 0.2500000000000002200 ) ;
#6123 = EDGE_CURVE ( 'NONE', #7282, #6064, #4921, .T. ) ;
#6124 = VECTOR ( 'NONE', #6988, 1000.000000000000000 ) ;
#6125 = DIRECTION ( 'NONE',  ( -0.9999999999999992200, -0.0000000000000000000, 4.269869923903965700E-008 ) ) ;
#6126 = FACE_OUTER_BOUND ( 'NONE', #4017, .T. ) ;
#6127 = DIRECTION ( 'NONE',  ( 0.0000000000000000000, 0.0000000000000000000, 1.000000000000000000 ) ) ;
#6128 = CARTESIAN_POINT ( 'NONE',  ( -7.347593042373960200, 7.267619693793727200, 4.393671729272650600 ) ) ;
#6129 = CARTESIAN_POINT ( 'NONE',  ( -4.580000000000000100, 0.6999999999999994000, -4.650000000000003000 ) ) ;
#6130 = DIRECTION ( 'NONE',  ( -0.02617694830787320800, 0.9996573249755572600, 0.0000000000000000000 ) ) ;
#6131 = CARTESIAN_POINT ( 'NONE',  ( -7.619999999999999200, 1.300000000000000000, -3.260000000000000700 ) ) ;
#6132 = COLOUR_RGB ( '',1.000000000000000000, 1.000000000000000000, 1.000000000000000000 ) ;
#6133 = VECTOR ( 'NONE', #5011, 1000.000000000000200 ) ;
#6134 = VERTEX_POINT ( 'NONE', #4466 ) ;
#6135 = SURFACE_SIDE_STYLE ('',( #5359 ) ) ;
#6136 = FILL_AREA_STYLE ('',( #352 ) ) ;
#6137 = CARTESIAN_POINT ( 'NONE',  ( -2.289999999999999600, 1.724059192313015100E-016, -5.550000000000002500 ) ) ;
#6138 = ORIENTED_EDGE ( 'NONE', *, *, #4583, .F. ) ;
#6139 = LINE ( 'NONE', #5812, #6124 ) ;
#6140 = ORIENTED_EDGE ( 'NONE', *, *, #4527, .F. ) ;
#6141 = CARTESIAN_POINT ( 'NONE',  ( -7.309337437986613400, 7.224067695494308200, -4.455101798267640400 ) ) ;
#6142 = COLOUR_RGB ( '',1.000000000000000000, 1.000000000000000000, 1.000000000000000000 ) ;
#6143 = LINE ( 'NONE', #776, #2487 ) ;
#6144 = ORIENTED_EDGE ( 'NONE', *, *, #7241, .T. ) ;
#6145 = CARTESIAN_POINT ( 'NONE',  ( 7.343092529415898200, 7.285445301050397200, -4.331423762007017500 ) ) ;
#6146 = ADVANCED_FACE ( 'NONE', ( #4909 ), #80, .F. ) ;
#6147 =( NAMED_UNIT ( * ) SI_UNIT ( $, .STERADIAN. ) SOLID_ANGLE_UNIT ( ) );
#6148 = CARTESIAN_POINT ( 'NONE',  ( 7.328043603145866700, 7.288080828691255100, 4.347597958017511000 ) ) ;
#6149 =( GEOMETRIC_REPRESENTATION_CONTEXT ( 3 ) GLOBAL_UNCERTAINTY_ASSIGNED_CONTEXT ( ( #2855 ) ) GLOBAL_UNIT_ASSIGNED_CONTEXT ( ( #164, #4693, #836 ) ) REPRESENTATION_CONTEXT ( 'NONE', 'WORKASPACE' ) );
#6150 = EDGE_CURVE ( 'NONE', #994, #7630, #60, .T. ) ;
#6151 = ORIENTED_EDGE ( 'NONE', *, *, #8018, .F. ) ;
#6152 = DIRECTION ( 'NONE',  ( 0.0000000000000000000, 0.0000000000000000000, 1.000000000000000000 ) ) ;
#6153 =( GEOMETRIC_REPRESENTATION_CONTEXT ( 3 ) GLOBAL_UNCERTAINTY_ASSIGNED_CONTEXT ( ( #1543 ) ) GLOBAL_UNIT_ASSIGNED_CONTEXT ( ( #1080, #5609, #1735 ) ) REPRESENTATION_CONTEXT ( 'NONE', 'WORKASPACE' ) );
#6154 = DIRECTION ( 'NONE',  ( 0.0000000000000000000, -1.000000000000000000, 0.0000000000000000000 ) ) ;
#6155 = FACE_OUTER_BOUND ( 'NONE', #6059, .T. ) ;
#6156 = CARTESIAN_POINT ( 'NONE',  ( -7.339055305614495600, 7.266426168678306900, 4.401212676091447800 ) ) ;
#6157 = CARTESIAN_POINT ( 'NONE',  ( -7.160000000000000100, 0.0000000000000000000, -3.259999999999999800 ) ) ;
#6158 = CARTESIAN_POINT ( 'NONE',  ( 7.119999999999997400, 1.300000000000000000, -3.200000000000001100 ) ) ;
#6159 = ORIENTED_EDGE ( 'NONE', *, *, #8031, .T. ) ;
#6160 = CARTESIAN_POINT ( 'NONE',  ( -7.119999999999999200, 1.300000000000000000, 2.070000000000000300 ) ) ;
#6161 = MECHANICAL_DESIGN_GEOMETRIC_PRESENTATION_REPRESENTATION (  '', ( #6307 ), #6149 ) ;
#6162 = EDGE_CURVE ( 'NONE', #324, #8101, #4914, .T. ) ;
#6163 = LINE ( 'NONE', #5879, #5172 ) ;
#6164 = DIRECTION ( 'NONE',  ( 0.0000000000000000000, -1.000000000000000000, -1.204669080539449800E-016 ) ) ;
#6165 = UNCERTAINTY_MEASURE_WITH_UNIT (LENGTH_MEASURE( 1.000000000000000100E-005 ), #6179, 'distance_accuracy_value', 'NONE');
#6166 = CARTESIAN_POINT ( 'NONE',  ( -7.365360393427998500, 7.275195344547029200, -4.323527925517655700 ) ) ;
#6167 = DIRECTION ( 'NONE',  ( -1.000000000000000000, -0.0000000000000000000, -0.0000000000000000000 ) ) ;
#6168 = AXIS2_PLACEMENT_3D ( 'NONE', #3349, #3295, #2963 ) ;
#6169 = VERTEX_POINT ( 'NONE', #3309 ) ;
#6170 = LINE ( 'NONE', #2288, #5186 ) ;
#6171 = CARTESIAN_POINT ( 'NONE',  ( -7.399909014815120800, 7.248938941924897100, -4.357830236420023900 ) ) ;
#6172 = LINE ( 'NONE', #4807, #562 ) ;
#6173 = VECTOR ( 'NONE', #7372, 1000.000000000000000 ) ;
#6174 = ORIENTED_EDGE ( 'NONE', *, *, #7241, .F. ) ;
#6175 = LINE ( 'NONE', #1487, #1350 ) ;
#6176 = CARTESIAN_POINT ( 'NONE',  ( 7.280766672595829500, 7.294426546386723900, -4.346194075748853100 ) ) ;
#6177 = CARTESIAN_POINT ( 'NONE',  ( 7.460000000000000000, 0.6999999999999999600, 2.020000000000000000 ) ) ;
#6178 =( NAMED_UNIT ( * ) SI_UNIT ( $, .STERADIAN. ) SOLID_ANGLE_UNIT ( ) );
#6179 =( LENGTH_UNIT ( ) NAMED_UNIT ( * ) SI_UNIT ( .MILLI., .METRE. ) );
#6180 = ORIENTED_EDGE ( 'NONE', *, *, #1819, .T. ) ;
#6181 = ORIENTED_EDGE ( 'NONE', *, *, #2377, .F. ) ;
#6182 = CARTESIAN_POINT ( 'NONE',  ( 7.320000000000000300, 1.300000000000000000, -4.350000000000001400 ) ) ;
#6183 = DIRECTION ( 'NONE',  ( -0.4472135954999567100, 0.0000000000000000000, 0.8944271909999164100 ) ) ;
#6184 = B_SPLINE_CURVE_WITH_KNOTS ( 'NONE', 3,
 ( #4886, #374, #1677, #6166, #2332, #6782, #3022, #7384, #3649, #8017, #4293, #408, #4911 ),
 .UNSPECIFIED., .F., .F.,
 ( 4, 2, 2, 1, 2, 2, 4 ),
 ( 0.0000000000000000000, 0.2499999999999974500, 0.3749999999999944500, 0.4374999999999968900, 0.4687499999999981700, 0.4999999999999993300, 1.000000000000000000 ),
 .UNSPECIFIED. ) ;
#6185 = CIRCLE ( 'NONE', #6634, 0.2999999999999999300 ) ;
#6186 = FILL_AREA_STYLE_COLOUR ( '', #3777 ) ;
#6187 = EDGE_CURVE ( 'NONE', #6302, #7630, #68, .T. ) ;
#6188 =( NAMED_UNIT ( * ) PLANE_ANGLE_UNIT ( ) SI_UNIT ( $, .RADIAN. ) );
#6189 = VECTOR ( 'NONE', #4900, 1000.000000000000000 ) ;
#6190 = ORIENTED_EDGE ( 'NONE', *, *, #3495, .T. ) ;
#6191 = ORIENTED_EDGE ( 'NONE', *, *, #3452, .T. ) ;
#6192 = ADVANCED_FACE ( 'NONE', ( #7660 ), #4578, .T. ) ;
#6193 = DIRECTION ( 'NONE',  ( -1.000000000000000000, 0.0000000000000000000, 0.0000000000000000000 ) ) ;
#6194 = DIRECTION ( 'NONE',  ( 0.0000000000000000000, -1.000000000000000000, 0.0000000000000000000 ) ) ;
#6195 = PLANE ( 'NONE',  #5956 ) ;
#6196 = LINE ( 'NONE', #4955, #1065 ) ;
#6197 = CARTESIAN_POINT ( 'NONE',  ( -7.347593045830803000, 7.267619693819481700, -4.393671726599566600 ) ) ;
#6198 = PRESENTATION_LAYER_ASSIGNMENT (  '', '', ( #6307 ) ) ;
#6199 = EDGE_CURVE ( 'NONE', #5298, #6302, #7845, .T. ) ;
#6200 = ORIENTED_EDGE ( 'NONE', *, *, #895, .T. ) ;
#6201 = CARTESIAN_POINT ( 'NONE',  ( 7.280069466851337300, 7.299257829636164100, -4.315831022064421600 ) ) ;
#6202 = VECTOR ( 'NONE', #1693, 1000.000000000000000 ) ;
#6203 = DIRECTION ( 'NONE',  ( -1.000000000000000000, 0.0000000000000000000, 0.0000000000000000000 ) ) ;
#6204 = FACE_OUTER_BOUND ( 'NONE', #4708, .T. ) ;
#6205 = VERTEX_POINT ( 'NONE', #1378 ) ;
#6206 = CARTESIAN_POINT ( 'NONE',  ( 5.330000000000001000, -0.2500000000000001100, -6.000000000000001800 ) ) ;
#6207 = UNCERTAINTY_MEASURE_WITH_UNIT (LENGTH_MEASURE( 1.000000000000000100E-005 ), #2812, 'distance_accuracy_value', 'NONE');
#6208 = VECTOR ( 'NONE', #5079, 1000.000000000000000 ) ;
#6209 = DIRECTION ( 'NONE',  ( -0.0000000000000000000, 1.000000000000000000, 0.0000000000000000000 ) ) ;
#6210 = CARTESIAN_POINT ( 'NONE',  ( -7.321149593716227400, 7.261652068260980600, 4.415131229601360700 ) ) ;
#6211 = CARTESIAN_POINT ( 'NONE',  ( 6.269999999999999600, 0.6999999999999998400, -3.259999999999999300 ) ) ;
#6212 = DIRECTION ( 'NONE',  ( 0.0000000000000000000, 1.000000000000000000, -1.777380610631973500E-016 ) ) ;
#6213 = DIRECTION ( 'NONE',  ( 0.1736481776669303000, 0.9848077530122080200, -0.0000000000000000000 ) ) ;
#6214 = MECHANICAL_DESIGN_GEOMETRIC_PRESENTATION_REPRESENTATION (  '', ( #6630 ), #6153 ) ;
#6215 = VERTEX_POINT ( 'NONE', #6509 ) ;
#6216 = VECTOR ( 'NONE', #6955, 1000.000000000000000 ) ;
#6217 = CARTESIAN_POINT ( 'NONE',  ( -7.160000000000000100, 0.6999999999999975100, 3.199999999999999700 ) ) ;
#6218 = FACE_OUTER_BOUND ( 'NONE', #2940, .T. ) ;
#6219 = SURFACE_SIDE_STYLE ('',( #6612 ) ) ;
#6220 = EDGE_CURVE ( 'NONE', #5600, #5110, #6086, .T. ) ;
#6221 = VERTEX_POINT ( 'NONE', #5240 ) ;
#6222 = AXIS2_PLACEMENT_3D ( 'NONE', #2080, #2018, #1678 ) ;
#6223 = LINE ( 'NONE', #7583, #1889 ) ;
#6224 = ORIENTED_EDGE ( 'NONE', *, *, #6639, .F. ) ;
#6225 = SURFACE_SIDE_STYLE ('',( #2756 ) ) ;
#6226 = CYLINDRICAL_SURFACE ( 'NONE', #7738, 0.2500000000000002200 ) ;
#6227 = CARTESIAN_POINT ( 'NONE',  ( 7.276693038679456800, 7.300000000000000700, -4.303907373841015600 ) ) ;
#6228 = ADVANCED_FACE ( 'NONE', ( #7115 ), #7145, .F. ) ;
#6229 = ORIENTED_EDGE ( 'NONE', *, *, #196, .F. ) ;
#6230 = CARTESIAN_POINT ( 'NONE',  ( -4.580000000000000100, 0.9499999999999998400, 4.650000000000003000 ) ) ;
#6231 =( NAMED_UNIT ( * ) PLANE_ANGLE_UNIT ( ) SI_UNIT ( $, .RADIAN. ) );
#6232 =( GEOMETRIC_REPRESENTATION_CONTEXT ( 3 ) GLOBAL_UNCERTAINTY_ASSIGNED_CONTEXT ( ( #5855 ) ) GLOBAL_UNIT_ASSIGNED_CONTEXT ( ( #5893, #2054, #6528 ) ) REPRESENTATION_CONTEXT ( 'NONE', 'WORKASPACE' ) );
#6233 = ORIENTED_EDGE ( 'NONE', *, *, #6590, .T. ) ;
#6234 = EDGE_CURVE ( 'NONE', #7630, #3744, #4804, .T. ) ;
#6235 = SURFACE_STYLE_FILL_AREA ( #7620 ) ;
#6236 = DIRECTION ( 'NONE',  ( 0.0000000000000000000, 0.0000000000000000000, -1.000000000000000000 ) ) ;
#6237 = ORIENTED_EDGE ( 'NONE', *, *, #7766, .T. ) ;
#6238 =( NAMED_UNIT ( * ) SI_UNIT ( $, .STERADIAN. ) SOLID_ANGLE_UNIT ( ) );
#6239 = ORIENTED_EDGE ( 'NONE', *, *, #7246, .F. ) ;
#6240 = EDGE_LOOP ( 'NONE', ( #8062, #4009, #8096, #8080, #4148, #4102 ) ) ;
#6241 = CARTESIAN_POINT ( 'NONE',  ( -7.386745320331736600, 7.261564332077059100, 4.329339024142717200 ) ) ;
#6242 = EDGE_CURVE ( 'NONE', #653, #3744, #4784, .T. ) ;
#6243 = CARTESIAN_POINT ( 'NONE',  ( 0.0000000000000000000, 0.5999999999999998700, 1.250000000000000000 ) ) ;
#6244 = PRESENTATION_STYLE_ASSIGNMENT (( #1401 ) ) ;
#6245 = SURFACE_STYLE_FILL_AREA ( #6278 ) ;
#6246 =( NAMED_UNIT ( * ) SI_UNIT ( $, .STERADIAN. ) SOLID_ANGLE_UNIT ( ) );
#6247 = ORIENTED_EDGE ( 'NONE', *, *, #385, .F. ) ;
#6248 = FILL_AREA_STYLE_COLOUR ( '', #4632 ) ;
#6249 = CARTESIAN_POINT ( 'NONE',  ( 7.268053096400541900, 7.300000000000000700, -4.298053096400543000 ) ) ;
#6250 = CARTESIAN_POINT ( 'NONE',  ( 7.160000000000000100, 0.6999999999999999600, -3.259999999999999800 ) ) ;
#6251 = EDGE_CURVE ( 'NONE', #6302, #653, #4773, .T. ) ;
#6252 = CARTESIAN_POINT ( 'NONE',  ( -5.580000000000000100, 0.9499999999999995100, -4.650000000000003000 ) ) ;
#6253 =( NAMED_UNIT ( * ) PLANE_ANGLE_UNIT ( ) SI_UNIT ( $, .RADIAN. ) );
#6254 = COLOUR_RGB ( '',1.000000000000000000, 1.000000000000000000, 1.000000000000000000 ) ;
#6255 = CARTESIAN_POINT ( 'NONE',  ( 7.465850739574056800, 7.132015091984181200, 4.368449773277647300 ) ) ;
#6256 = ORIENTED_EDGE ( 'NONE', *, *, #3121, .T. ) ;
#6257 =( NAMED_UNIT ( * ) PLANE_ANGLE_UNIT ( ) SI_UNIT ( $, .RADIAN. ) );
#6258 = DIRECTION ( 'NONE',  ( 1.000000000000000000, 0.0000000000000000000, 0.0000000000000000000 ) ) ;
#6259 = PRESENTATION_LAYER_ASSIGNMENT (  '', '', ( #6630 ) ) ;
#6260 = CARTESIAN_POINT ( 'NONE',  ( 7.160000000000000100, 0.6999999999999975100, 3.199999999999998800 ) ) ;
#6261 = VECTOR ( 'NONE', #5478, 1000.000000000000000 ) ;
#6262 = FILL_AREA_STYLE_COLOUR ( '', #5972 ) ;
#6263 = SURFACE_STYLE_FILL_AREA ( #756 ) ;
#6264 = CARTESIAN_POINT ( 'NONE',  ( 4.830000000000000100, 0.9499999999999994000, -5.300000000000002500 ) ) ;
#6265 = VERTEX_POINT ( 'NONE', #3425 ) ;
#6266 =( LENGTH_UNIT ( ) NAMED_UNIT ( * ) SI_UNIT ( .MILLI., .METRE. ) );
#6267 = COLOUR_RGB ( '',1.000000000000000000, 1.000000000000000000, 1.000000000000000000 ) ;
#6268 = ADVANCED_FACE ( 'NONE', ( #4760 ), #155, .F. ) ;
#6269 = SURFACE_SIDE_STYLE ('',( #8030 ) ) ;
#6270 = LINE ( 'NONE', #5670, #6288 ) ;
#6271 = PLANE ( 'NONE',  #3539 ) ;
#6272 = FILL_AREA_STYLE ('',( #5653 ) ) ;
#6273 = DIRECTION ( 'NONE',  ( -9.969675149291993300E-017, 0.0000000000000000000, -1.000000000000000000 ) ) ;
#6274 = LINE ( 'NONE', #2242, #119 ) ;
#6275 = VECTOR ( 'NONE', #5204, 1000.000000000000000 ) ;
#6276 = DIRECTION ( 'NONE',  ( 1.000000000000000000, -0.0000000000000000000, -0.0000000000000000000 ) ) ;
#6277 = ORIENTED_EDGE ( 'NONE', *, *, #2794, .F. ) ;
#6278 = FILL_AREA_STYLE ('',( #6376 ) ) ;
#6279 = MECHANICAL_DESIGN_GEOMETRIC_PRESENTATION_REPRESENTATION (  '', ( #6388 ), #6232 ) ;
#6280 = DIRECTION ( 'NONE',  ( -1.000000000000000000, 0.0000000000000000000, 0.0000000000000000000 ) ) ;
#6281 = EDGE_CURVE ( 'NONE', #7077, #540, #4650, .T. ) ;
#6282 = CIRCLE ( 'NONE', #6551, 0.2999999999999999300 ) ;
#6283 = VERTEX_POINT ( 'NONE', #7785 ) ;
#6284 = EDGE_CURVE ( 'NONE', #4806, #2455, #4629, .T. ) ;
#6285 = DIRECTION ( 'NONE',  ( -0.0000000000000000000, 1.000000000000000000, 0.0000000000000000000 ) ) ;
#6286 = ORIENTED_EDGE ( 'NONE', *, *, #4593, .T. ) ;
#6287 = CARTESIAN_POINT ( 'NONE',  ( -7.119999999999999200, 0.6899999999999999500, 0.6700000000000003700 ) ) ;
#6288 = VECTOR ( 'NONE', #5691, 1000.000000000000000 ) ;
#6289 = SURFACE_STYLE_USAGE ( .BOTH. , #6344 ) ;
#6290 = DIRECTION ( 'NONE',  ( -1.000000000000000000, 0.0000000000000000000, 0.0000000000000000000 ) ) ;
#6291 = VECTOR ( 'NONE', #1317, 1000.000000000000000 ) ;
#6292 = DIRECTION ( 'NONE',  ( -0.0000000000000000000, -0.0000000000000000000, 1.000000000000000000 ) ) ;
#6293 = VERTEX_POINT ( 'NONE', #2150 ) ;
#6294 =( NAMED_UNIT ( * ) PLANE_ANGLE_UNIT ( ) SI_UNIT ( $, .RADIAN. ) );
#6295 = EDGE_CURVE ( 'NONE', #3744, #1832, #4657, .T. ) ;
#6296 = DIRECTION ( 'NONE',  ( 1.000000000000000000, 0.0000000000000000000, -9.326470300950576100E-017 ) ) ;
#6297 =( GEOMETRIC_REPRESENTATION_CONTEXT ( 3 ) GLOBAL_UNCERTAINTY_ASSIGNED_CONTEXT ( ( #356 ) ) GLOBAL_UNIT_ASSIGNED_CONTEXT ( ( #3519, #3493, #3466 ) ) REPRESENTATION_CONTEXT ( 'NONE', 'WORKASPACE' ) );
#6298 = CYLINDRICAL_SURFACE ( 'NONE', #6450, 0.2500000000000002200 ) ;
#6299 = ORIENTED_EDGE ( 'NONE', *, *, #4413, .T. ) ;
#6300 = CARTESIAN_POINT ( 'NONE',  ( -7.054203811574920400, 1.300000000000000000, -3.259999999999999800 ) ) ;
#6301 = CARTESIAN_POINT ( 'NONE',  ( -7.619999999999999200, 1.300000000000000000, -3.199999999999999700 ) ) ;
#6302 = VERTEX_POINT ( 'NONE', #3483 ) ;
#6303 = AXIS2_PLACEMENT_3D ( 'NONE', #2824, #2913, #7889 ) ;
#6304 = UNCERTAINTY_MEASURE_WITH_UNIT (LENGTH_MEASURE( 1.000000000000000100E-005 ), #4380, 'distance_accuracy_value', 'NONE');
#6305 = FACE_OUTER_BOUND ( 'NONE', #255, .T. ) ;
#6306 = PLANE ( 'NONE',  #4723 ) ;
#6307 = STYLED_ITEM ( 'NONE', ( #2061 ), #4694 ) ;
#6308 = EDGE_CURVE ( 'NONE', #4121, #4602, #4636, .T. ) ;
#6309 = ORIENTED_EDGE ( 'NONE', *, *, #450, .T. ) ;
#6310 =( LENGTH_UNIT ( ) NAMED_UNIT ( * ) SI_UNIT ( .MILLI., .METRE. ) );
#6311 = ADVANCED_FACE ( 'NONE', ( #4601 ), #1783, .F. ) ;
#6312 = UNCERTAINTY_MEASURE_WITH_UNIT (LENGTH_MEASURE( 1.000000000000000100E-005 ), #5040, 'distance_accuracy_value', 'NONE');
#6313 = LINE ( 'NONE', #703, #6291 ) ;
#6314 =( LENGTH_UNIT ( ) NAMED_UNIT ( * ) SI_UNIT ( .MILLI., .METRE. ) );
#6315 = LINE ( 'NONE', #3520, #817 ) ;
#6316 = CARTESIAN_POINT ( 'NONE',  ( 7.467984561395653900, 7.105235389661573600, 4.349999999999999600 ) ) ;
#6317 = VERTEX_POINT ( 'NONE', #220 ) ;
#6318 = AXIS2_PLACEMENT_3D ( 'NONE', #108, #1424, #5909 ) ;
#6319 = PLANE ( 'NONE',  #6814 ) ;
#6320 = CARTESIAN_POINT ( 'NONE',  ( 7.160000000000000100, 0.6999999999999999600, -2.020000000000000000 ) ) ;
#6321 = VECTOR ( 'NONE', #5228, 1000.000000000000000 ) ;
#6322 = MECHANICAL_DESIGN_GEOMETRIC_PRESENTATION_REPRESENTATION (  '', ( #6494 ), #6297 ) ;
#6323 = EDGE_LOOP ( 'NONE', ( #6107, #6088, #6082, #6074, #6049 ) ) ;
#6324 = CIRCLE ( 'NONE', #2302, 0.2999999999999999300 ) ;
#6325 = DIRECTION ( 'NONE',  ( 1.000000000000000000, 0.0000000000000000000, 0.0000000000000000000 ) ) ;
#6326 =( NAMED_UNIT ( * ) PLANE_ANGLE_UNIT ( ) SI_UNIT ( $, .RADIAN. ) );
#6327 = CARTESIAN_POINT ( 'NONE',  ( 7.119999999999997400, 1.300000000000000000, -3.200000000000001100 ) ) ;
#6328 = ORIENTED_EDGE ( 'NONE', *, *, #2162, .F. ) ;
#6329 = EDGE_CURVE ( 'NONE', #5925, #3532, #4519, .T. ) ;
#6330 = FACE_OUTER_BOUND ( 'NONE', #3154, .T. ) ;
#6331 = VECTOR ( 'NONE', #5193, 1000.000000000000000 ) ;
#6332 = EDGE_LOOP ( 'NONE', ( #392, #8216, #66, #3952 ) ) ;
#6333 = ORIENTED_EDGE ( 'NONE', *, *, #5192, .T. ) ;
#6334 = CARTESIAN_POINT ( 'NONE',  ( 3.040000000000000000, -0.2499999999999998900, -5.910000000000002800 ) ) ;
#6335 = CARTESIAN_POINT ( 'NONE',  ( -7.307998146881938200, 7.265667959403217000, -4.411084945210722800 ) ) ;
#6336 = VERTEX_POINT ( 'NONE', #2479 ) ;
#6337 = DIRECTION ( 'NONE',  ( -1.000000000000000000, 0.0000000000000000000, 0.0000000000000000000 ) ) ;
#6338 = VECTOR ( 'NONE', #1230, 1000.000000000000000 ) ;
#6339 = FILL_AREA_STYLE ('',( #70 ) ) ;
#6340 = ORIENTED_EDGE ( 'NONE', *, *, #864, .T. ) ;
#6341 = CARTESIAN_POINT ( 'NONE',  ( 7.119999999999999200, 1.300000000000000000, 2.069999999999999000 ) ) ;
#6342 = PRESENTATION_LAYER_ASSIGNMENT (  '', '', ( #6388 ) ) ;
#6343 = CARTESIAN_POINT ( 'NONE',  ( 7.466202574681209300, 7.129204032454922000, 4.349690518616086800 ) ) ;
#6344 = SURFACE_SIDE_STYLE ('',( #6245 ) ) ;
#6345 = CARTESIAN_POINT ( 'NONE',  ( 7.320000000000001200, 1.300000000000000000, 4.649999999999999500 ) ) ;
#6346 = EDGE_CURVE ( 'NONE', #653, #3901, #4530, .T. ) ;
#6347 = ORIENTED_EDGE ( 'NONE', *, *, #4, .T. ) ;
#6348 = DIRECTION ( 'NONE',  ( 0.0000000000000000000, -1.000000000000000000, 1.828634731526980300E-016 ) ) ;
#6349 = DIRECTION ( 'NONE',  ( -0.0000000000000000000, 1.000000000000000000, 1.777380610631973500E-016 ) ) ;
#6350 = ORIENTED_EDGE ( 'NONE', *, *, #827, .F. ) ;
#6351 = DIRECTION ( 'NONE',  ( 0.0000000000000000000, 1.000000000000000000, 0.0000000000000000000 ) ) ;
#6352 = ADVANCED_FACE ( 'NONE', ( #4504 ), #4416, .F. ) ;
#6353 = FILL_AREA_STYLE_COLOUR ( '', #8025 ) ;
#6354 = DIRECTION ( 'NONE',  ( 0.0000000000000000000, 0.0000000000000000000, -1.000000000000000000 ) ) ;
#6355 = DIRECTION ( 'NONE',  ( -0.0000000000000000000, -0.0000000000000000000, 1.000000000000000000 ) ) ;
#6356 = AXIS2_PLACEMENT_3D ( 'NONE', #7771, #4053, #135 ) ;
#6357 = EDGE_CURVE ( 'NONE', #741, #451, #4393, .T. ) ;
#6358 = SURFACE_SIDE_STYLE ('',( #3269 ) ) ;
#6359 = ORIENTED_EDGE ( 'NONE', *, *, #4487, .T. ) ;
#6360 = SURFACE_STYLE_FILL_AREA ( #2259 ) ;
#6361 = STYLED_ITEM ( 'NONE', ( #8184 ), #937 ) ;
#6362 = SURFACE_STYLE_USAGE ( .BOTH. , #1876 ) ;
#6363 = VERTEX_POINT ( 'NONE', #5726 ) ;
#6364 = CARTESIAN_POINT ( 'NONE',  ( -7.347920757589739600, 7.283863995694471100, -4.325920377768486700 ) ) ;
#6365 = PRODUCT ( 'TSR 1SM', 'TSR 1SM', '', ( #7091 ) ) ;
#6366 = EDGE_CURVE ( 'NONE', #5145, #741, #5934, .T. ) ;
#6367 = VECTOR ( 'NONE', #2754, 1000.000000000000000 ) ;
#6368 = CYLINDRICAL_SURFACE ( 'NONE', #5081, 0.2500000000000002200 ) ;
#6369 = DIRECTION ( 'NONE',  ( -1.865294060190115200E-016, -0.0000000000000000000, -1.000000000000000000 ) ) ;
#6370 = DIRECTION ( 'NONE',  ( 0.0000000000000000000, -0.0000000000000000000, 1.000000000000000000 ) ) ;
#6371 = CARTESIAN_POINT ( 'NONE',  ( 2.790000000000000500, 0.9499999999999995100, -5.300000000000002500 ) ) ;
#6372 =( GEOMETRIC_REPRESENTATION_CONTEXT ( 3 ) GLOBAL_UNCERTAINTY_ASSIGNED_CONTEXT ( ( #8010 ) ) GLOBAL_UNIT_ASSIGNED_CONTEXT ( ( #1799, #6294, #2471 ) ) REPRESENTATION_CONTEXT ( 'NONE', 'WORKASPACE' ) );
#6373 = LINE ( 'NONE', #1426, #5790 ) ;
#6374 = CARTESIAN_POINT ( 'NONE',  ( 7.063020160610344400, 1.250000000000000000, -2.020000000000000000 ) ) ;
#6375 = EDGE_CURVE ( 'NONE', #5145, #7097, #5942, .T. ) ;
#6376 = FILL_AREA_STYLE_COLOUR ( '', #7106 ) ;
#6377 = VERTEX_POINT ( 'NONE', #3205 ) ;
#6378 = PLANE ( 'NONE',  #5867 ) ;
#6379 = EDGE_CURVE ( 'NONE', #8001, #7501, #7403, .T. ) ;
#6380 = ORIENTED_EDGE ( 'NONE', *, *, #101, .T. ) ;
#6381 = DIRECTION ( 'NONE',  ( -0.0000000000000000000, 1.000000000000000000, 0.0000000000000000000 ) ) ;
#6382 = CARTESIAN_POINT ( 'NONE',  ( 7.318454368052853100, 7.153912947499963900, -4.490950433677194400 ) ) ;
#6383 = CARTESIAN_POINT ( 'NONE',  ( 7.415981570356855500, 7.234643280796598600, -4.336963846482972500 ) ) ;
#6384 = AXIS2_PLACEMENT_3D ( 'NONE', #410, #2363, #6809 ) ;
#6385 = CARTESIAN_POINT ( 'NONE',  ( 4.830000000000000100, 0.6999999999999994000, -5.300000000000002500 ) ) ;
#6386 = ORIENTED_EDGE ( 'NONE', *, *, #812, .T. ) ;
#6387 = CARTESIAN_POINT ( 'NONE',  ( 7.301423762006186800, 7.285445301050185800, 4.373092529414496900 ) ) ;
#6388 = STYLED_ITEM ( 'NONE', ( #6244 ), #5741 ) ;
#6389 = PLANE ( 'NONE',  #7262 ) ;
#6390 = EDGE_CURVE ( 'NONE', #7137, #6704, #4370, .T. ) ;
#6391 = CARTESIAN_POINT ( 'NONE',  ( -7.310396056651508300, 7.294412111254245300, -4.333091685602418900 ) ) ;
#6392 = EDGE_CURVE ( 'NONE', #227, #741, #4414, .T. ) ;
#6393 = DIRECTION ( 'NONE',  ( 3.949913813246934500E-034, -1.000000000000000000, 4.235164736271502500E-018 ) ) ;
#6394 = ADVANCED_FACE ( 'NONE', ( #4364 ), #1277, .F. ) ;
#6395 = ORIENTED_EDGE ( 'NONE', *, *, #3678, .T. ) ;
#6396 = ORIENTED_EDGE ( 'NONE', *, *, #770, .F. ) ;
#6397 = ORIENTED_EDGE ( 'NONE', *, *, #762, .T. ) ;
#6398 = SURFACE_STYLE_USAGE ( .BOTH. , #1914 ) ;
#6399 = AXIS2_PLACEMENT_3D ( 'NONE', #2660, #3330, #7699 ) ;
#6400 = DIRECTION ( 'NONE',  ( 0.0000000000000000000, -1.000000000000000000, 1.828634731526980300E-016 ) ) ;
#6401 = EDGE_CURVE ( 'NONE', #4358, #227, #5459, .T. ) ;
#6402 = VECTOR ( 'NONE', #6730, 1000.000000000000000 ) ;
#6403 = DIRECTION ( 'NONE',  ( -0.0000000000000000000, -0.0000000000000000000, -1.000000000000000000 ) ) ;
#6404 = UNCERTAINTY_MEASURE_WITH_UNIT (LENGTH_MEASURE( 1.000000000000000100E-005 ), #3767, 'distance_accuracy_value', 'NONE');
#6405 = CARTESIAN_POINT ( 'NONE',  ( 6.269999999999999600, 0.6999999999999998400, -3.259999999999999300 ) ) ;
#6406 = CARTESIAN_POINT ( 'NONE',  ( 7.280766672595829500, 7.294426546386723900, -4.346194075748853100 ) ) ;
#6407 = DIRECTION ( 'NONE',  ( -9.969675149291992000E-017, 0.0000000000000000000, -1.000000000000000000 ) ) ;
#6408 = CARTESIAN_POINT ( 'NONE',  ( 5.330000010674673700, 0.0000000000000000000, 5.550000000000002500 ) ) ;
#6409 = DIRECTION ( 'NONE',  ( -0.0000000000000000000, 0.0000000000000000000, -1.000000000000000000 ) ) ;
#6410 = ORIENTED_EDGE ( 'NONE', *, *, #1047, .F. ) ;
#6411 =( LENGTH_UNIT ( ) NAMED_UNIT ( * ) SI_UNIT ( .MILLI., .METRE. ) );
#6412 = EDGE_CURVE ( 'NONE', #4358, #5145, #5494, .T. ) ;
#6413 = PRESENTATION_STYLE_ASSIGNMENT (( #2633 ) ) ;
#6414 = DIRECTION ( 'NONE',  ( -0.4472135954999566500, 0.0000000000000000000, 0.8944271909999164100 ) ) ;
#6415 = CIRCLE ( 'NONE', #2151, 0.2999999999999999300 ) ;
#6416 = CARTESIAN_POINT ( 'NONE',  ( -7.286971022100158500, 7.295621559343332200, -4.340326282040755300 ) ) ;
#6417 = AXIS2_PLACEMENT_3D ( 'NONE', #4858, #4248, #5544 ) ;
#6418 = CARTESIAN_POINT ( 'NONE',  ( -5.329999999999997400, 3.049999999999999800, 5.300000000000009600 ) ) ;
#6419 = MECHANICAL_DESIGN_GEOMETRIC_PRESENTATION_REPRESENTATION (  '', ( #6574 ), #6372 ) ;
#6420 = EDGE_LOOP ( 'NONE', ( #4168, #5479, #5021, #6888 ) ) ;
#6421 = CARTESIAN_POINT ( 'NONE',  ( -7.320000000000000300, 1.300000000000000000, -4.650000000000001200 ) ) ;
#6422 = LINE ( 'NONE', #1882, #6702 ) ;
#6423 = EDGE_CURVE ( 'NONE', #2648, #7912, #5462, .T. ) ;
#6424 = ORIENTED_EDGE ( 'NONE', *, *, #1418, .F. ) ;
#6425 = CARTESIAN_POINT ( 'NONE',  ( -6.948407623149841500, 1.899999999999999700, 0.6700000000000004800 ) ) ;
#6426 =( NAMED_UNIT ( * ) SI_UNIT ( $, .STERADIAN. ) SOLID_ANGLE_UNIT ( ) );
#6427 = PRESENTATION_LAYER_ASSIGNMENT (  '', '', ( #6494 ) ) ;
#6428 = SURFACE_STYLE_USAGE ( .BOTH. , #6552 ) ;
#6429 = FACE_OUTER_BOUND ( 'NONE', #235, .T. ) ;
#6430 = EDGE_LOOP ( 'NONE', ( #823, #1730, #62, #3065 ) ) ;
#6431 = CARTESIAN_POINT ( 'NONE',  ( -7.119999999999999200, 0.9268512727847090200, -3.259999999999999800 ) ) ;
#6432 = ADVANCED_FACE ( 'NONE', ( #4320 ), #4275, .T. ) ;
#6433 = VERTEX_POINT ( 'NONE', #6568 ) ;
#6434 = CARTESIAN_POINT ( 'NONE',  ( 5.580000000000001000, -4.258936691357909700E-017, -5.550000000000002500 ) ) ;
#6435 = DIRECTION ( 'NONE',  ( -0.6073758397232873500, 0.7944146205354176700, 0.0000000000000000000 ) ) ;
#6436 = CARTESIAN_POINT ( 'NONE',  ( 4.580000000000001000, 0.9499999999999995100, -4.800000000000002500 ) ) ;
#6437 = EDGE_CURVE ( 'NONE', #3613, #3680, #2220, .T. ) ;
#6438 = COLOUR_RGB ( '',1.000000000000000000, 1.000000000000000000, 1.000000000000000000 ) ;
#6439 = ORIENTED_EDGE ( 'NONE', *, *, #6738, .F. ) ;
#6440 = CARTESIAN_POINT ( 'NONE',  ( 7.310396056650621900, 7.294412111255248000, 4.333091685601390400 ) ) ;
#6441 = AXIS2_PLACEMENT_3D ( 'NONE', #7156, #7854, #6783 ) ;
#6442 = ORIENTED_EDGE ( 'NONE', *, *, #732, .F. ) ;
#6443 = DIRECTION ( 'NONE',  ( 1.000000000000000000, -0.0000000000000000000, -0.0000000000000000000 ) ) ;
#6444 = CARTESIAN_POINT ( 'NONE',  ( -7.279568070390015900, 7.299999999999999800, -4.301094192904047400 ) ) ;
#6445 = VECTOR ( 'NONE', #8252, 1000.000000000000000 ) ;
#6446 = DIRECTION ( 'NONE',  ( 0.0000000000000000000, 0.0000000000000000000, -1.000000000000000000 ) ) ;
#6447 = SURFACE_STYLE_FILL_AREA ( #2000 ) ;
#6448 = CARTESIAN_POINT ( 'NONE',  ( -3.039999999999999100, 0.6999999999999992900, -4.800000000000002500 ) ) ;
#6449 = LINE ( 'NONE', #6421, #6445 ) ;
#6450 = AXIS2_PLACEMENT_3D ( 'NONE', #26, #1968, #4571 ) ;
#6451 = CARTESIAN_POINT ( 'NONE',  ( -2.790000000000000000, 3.049999999999999800, -6.000000000000001800 ) ) ;
#6452 = ORIENTED_EDGE ( 'NONE', *, *, #271, .T. ) ;
#6453 = ORIENTED_EDGE ( 'NONE', *, *, #569, .F. ) ;
#6454 = CARTESIAN_POINT ( 'NONE',  ( 4.720000000000000600, 0.9499999999999995100, -5.080000000000001800 ) ) ;
#6455 = SURFACE_SIDE_STYLE ('',( #1182 ) ) ;
#6456 = EDGE_CURVE ( 'NONE', #882, #227, #4292, .T. ) ;
#6457 = B_SPLINE_CURVE_WITH_KNOTS ( 'NONE', 3,
 ( #3404, #7155, #5314, #1452, #5940, #2104, #6575, #2778, #7180, #3436, #7797, #4081, #165 ),
 .UNSPECIFIED., .F., .F.,
 ( 4, 2, 2, 1, 2, 2, 4 ),
 ( 0.0000000000000000000, 0.2499999999999897900, 0.3749999999999842300, 0.4374999999999837400, 0.4687499999999860100, 0.4999999999999882300, 1.000000000000000000 ),
 .UNSPECIFIED. ) ;
#6458 = CARTESIAN_POINT ( 'NONE',  ( -2.039999999999999600, -4.258936691357909700E-017, -4.800000000000002500 ) ) ;
#6459 = SURFACE_STYLE_FILL_AREA ( #1320 ) ;
#6460 = CARTESIAN_POINT ( 'NONE',  ( 7.160000000000000100, 0.6999999999999999600, -3.259999999999999800 ) ) ;
#6461 = LINE ( 'NONE', #7647, #2852 ) ;
#6462 = EDGE_LOOP ( 'NONE', ( #5723, #5705, #5690, #6589, #5658, #5640 ) ) ;
#6463 = CARTESIAN_POINT ( 'NONE',  ( -4.830000000000000100, 0.9499999999999994000, -5.550000000000002500 ) ) ;
#6464 = CARTESIAN_POINT ( 'NONE',  ( 2.790000000000000500, -0.2500000000000001100, -5.550000000000002500 ) ) ;
#6465 = FACE_OUTER_BOUND ( 'NONE', #1839, .T. ) ;
#6466 = ORIENTED_EDGE ( 'NONE', *, *, #648, .T. ) ;
#6467 = CARTESIAN_POINT ( 'NONE',  ( -5.329999973953791300, -0.2500000000000001100, 5.910000000000002800 ) ) ;
#6468 = PRESENTATION_LAYER_ASSIGNMENT (  '', '', ( #6574 ) ) ;
#6469 = LINE ( 'NONE', #1593, #5486 ) ;
#6470 = CARTESIAN_POINT ( 'NONE',  ( -7.268053096400543600, 7.299999999999999800, -4.298053096400543000 ) ) ;
#6471 = DIRECTION ( 'NONE',  ( -1.000000000000000000, 0.0000000000000000000, 9.326470300950576100E-017 ) ) ;
#6472 = CARTESIAN_POINT ( 'NONE',  ( 7.063020160610344400, 1.250000000000000000, 0.7200000000000002000 ) ) ;
#6473 = ORIENTED_EDGE ( 'NONE', *, *, #616, .T. ) ;
#6474 = ADVANCED_FACE ( 'NONE', ( #4306 ), #6624, .F. ) ;
#6475 = CARTESIAN_POINT ( 'NONE',  ( -5.330000000000001000, 1.724059192313015100E-016, -5.550000000000002500 ) ) ;
#6476 = COLOUR_RGB ( '',1.000000000000000000, 1.000000000000000000, 1.000000000000000000 ) ;
#6477 = EDGE_LOOP ( 'NONE', ( #1518, #2109, #1304, #2734, #2335, #1606, #904, #7357, #813, #5553, #5334, #2324, #1400, #4342 ) ) ;
#6478 = ORIENTED_EDGE ( 'NONE', *, *, #4703, .T. ) ;
#6479 = CARTESIAN_POINT ( 'NONE',  ( 7.449144484194735400, 7.106692120384179700, -4.424470379107758000 ) ) ;
#6480 = EDGE_CURVE ( 'NONE', #5203, #882, #83, .T. ) ;
#6481 = VERTEX_POINT ( 'NONE', #7251 ) ;
#6482 = SURFACE_STYLE_USAGE ( .BOTH. , #2001 ) ;
#6483 = PLANE ( 'NONE',  #3421 ) ;
#6484 = DIRECTION ( 'NONE',  ( 0.0000000000000000000, 0.0000000000000000000, 1.000000000000000000 ) ) ;
#6485 = ORIENTED_EDGE ( 'NONE', *, *, #5419, .T. ) ;
#6486 = CARTESIAN_POINT ( 'NONE',  ( -7.311781618577427400, 7.258071492959071900, 4.421508836292477300 ) ) ;
#6487 = VECTOR ( 'NONE', #2051, 1000.000000000000000 ) ;
#6488 =( NAMED_UNIT ( * ) SI_UNIT ( $, .STERADIAN. ) SOLID_ANGLE_UNIT ( ) );
#6489 = CARTESIAN_POINT ( 'NONE',  ( 7.307998146881931900, 7.265667959403211600, 4.411084945210728100 ) ) ;
#6490 = VECTOR ( 'NONE', #4220, 1000.000000000000000 ) ;
#6491 = DIRECTION ( 'NONE',  ( -0.0000000000000000000, -1.000000000000000000, -0.0000000000000000000 ) ) ;
#6492 = CARTESIAN_POINT ( 'NONE',  ( 7.119999999999999200, 0.9268512727847090200, 0.6699999999999989300 ) ) ;
#6493 = EDGE_CURVE ( 'NONE', #5203, #4358, #7527, .T. ) ;
#6494 = STYLED_ITEM ( 'NONE', ( #784 ), #3007 ) ;
#6495 = CARTESIAN_POINT ( 'NONE',  ( -7.161822484923008300, 1.250000000000000000, -0.7200000000000002000 ) ) ;
#6496 = DIRECTION ( 'NONE',  ( 1.000000000000000000, 0.0000000000000000000, 0.0000000000000000000 ) ) ;
#6497 = VECTOR ( 'NONE', #7027, 1000.000000000000000 ) ;
#6498 = DIRECTION ( 'NONE',  ( 0.4472135954999566500, -1.077488781791352300E-016, -0.8944271909999165200 ) ) ;
#6499 = CARTESIAN_POINT ( 'NONE',  ( -7.160000000000000100, 0.6999999999999999600, -0.7200000000000002000 ) ) ;
#6500 = ORIENTED_EDGE ( 'NONE', *, *, #3431, .F. ) ;
#6501 = DIRECTION ( 'NONE',  ( 1.000000000000000000, 0.0000000000000000000, 0.0000000000000000000 ) ) ;
#6502 = CARTESIAN_POINT ( 'NONE',  ( 7.320000517603364900, 7.116844109650938500, 4.497680576364492000 ) ) ;
#6503 = CARTESIAN_POINT ( 'NONE',  ( 7.467680576364492700, 7.116844109650931400, -4.350000517603365100 ) ) ;
#6504 = LINE ( 'NONE', #1391, #6487 ) ;
#6505 = EDGE_CURVE ( 'NONE', #7827, #882, #4177, .T. ) ;
#6506 = ORIENTED_EDGE ( 'NONE', *, *, #5104, .F. ) ;
#6507 = ADVANCED_FACE ( 'NONE', ( #4188 ), #6045, .T. ) ;
#6508 = DIRECTION ( 'NONE',  ( -0.9999999999999991100, 0.0000000000000000000, 4.269869799995166000E-008 ) ) ;
#6509 = CARTESIAN_POINT ( 'NONE',  ( -7.619999999999999200, 0.1999999999999999800, 2.899999999999998100 ) ) ;
#6510 = CARTESIAN_POINT ( 'NONE',  ( 7.160000000000000100, 0.1999999999999999800, -2.900000000000001200 ) ) ;
#6511 = EDGE_LOOP ( 'NONE', ( #4515, #6256, #6277, #4461 ) ) ;
#6512 = VECTOR ( 'NONE', #6443, 1000.000000000000000 ) ;
#6513 = CARTESIAN_POINT ( 'NONE',  ( -7.302081799705588200, 7.253297392573423400, 4.427221497757626500 ) ) ;
#6514 = SURFACE_STYLE_FILL_AREA ( #7165 ) ;
#6515 = ORIENTED_EDGE ( 'NONE', *, *, #2258, .F. ) ;
#6516 = EDGE_CURVE ( 'NONE', #3713, #5203, #7570, .T. ) ;
#6517 = PRESENTATION_STYLE_ASSIGNMENT (( #6028 ) ) ;
#6518 = DIRECTION ( 'NONE',  ( 0.0000000000000000000, 0.0000000000000000000, 1.000000000000000000 ) ) ;
#6519 = PLANE ( 'NONE',  #4965 ) ;
#6520 = AXIS2_PLACEMENT_3D ( 'NONE', #44, #7668, #7356 ) ;
#6521 = ORIENTED_EDGE ( 'NONE', *, *, #1491, .F. ) ;
#6522 = DIRECTION ( 'NONE',  ( 0.1736481776669299700, -0.9848077530122081300, 0.0000000000000000000 ) ) ;
#6523 = VECTOR ( 'NONE', #417, 1000.000000000000100 ) ;
#6524 = FILL_AREA_STYLE ('',( #5449 ) ) ;
#6525 = AXIS2_PLACEMENT_3D ( 'NONE', #3089, #7450, #3728 ) ;
#6526 = DIRECTION ( 'NONE',  ( 0.0000000000000000000, 0.0000000000000000000, -1.000000000000000000 ) ) ;
#6527 = EDGE_LOOP ( 'NONE', ( #435, #3727, #1863, #4821 ) ) ;
#6528 =( NAMED_UNIT ( * ) SI_UNIT ( $, .STERADIAN. ) SOLID_ANGLE_UNIT ( ) );
#6529 = VECTOR ( 'NONE', #3546, 1000.000000000000000 ) ;
#6530 = CARTESIAN_POINT ( 'NONE',  ( 7.460000000000000000, 0.6999999999999999600, 0.7200000000000002000 ) ) ;
#6531 = EDGE_CURVE ( 'NONE', #4128, #3613, #7938, .T. ) ;
#6532 = ADVANCED_FACE ( 'NONE', ( #6973 ), #1590, .T. ) ;
#6533 = VECTOR ( 'NONE', #8048, 1000.000000000000000 ) ;
#6534 = CARTESIAN_POINT ( 'NONE',  ( 7.353854750277756500, 7.161173463111395200, -4.484773261478465200 ) ) ;
#6535 = SURFACE_STYLE_FILL_AREA ( #3746 ) ;
#6536 = ORIENTED_EDGE ( 'NONE', *, *, #3150, .F. ) ;
#6537 =( NAMED_UNIT ( * ) PLANE_ANGLE_UNIT ( ) SI_UNIT ( $, .RADIAN. ) );
#6538 = LINE ( 'NONE', #6454, #4761 ) ;
#6539 = CARTESIAN_POINT ( 'NONE',  ( -7.320001086620877100, 7.154346350551804800, 4.496698545625593900 ) ) ;
#6540 = CARTESIAN_POINT ( 'NONE',  ( -7.619999999999999200, 0.0000000000000000000, 0.0000000000000000000 ) ) ;
#6541 = VERTEX_POINT ( 'NONE', #7296 ) ;
#6542 = CARTESIAN_POINT ( 'NONE',  ( -7.411856465389525400, 7.239162846125029900, 4.335897810492020300 ) ) ;
#6543 = EDGE_CURVE ( 'NONE', #825, #2914, #7587, .T. ) ;
#6544 = FACE_OUTER_BOUND ( 'NONE', #4720, .T. ) ;
#6545 = EDGE_LOOP ( 'NONE', ( #4162, #1531, #7181, #402, #6803, #7363, #7172, #6975, #7559, #2006, #7966, #7862, #7954, #5066 ) ) ;
#6546 = DIRECTION ( 'NONE',  ( 1.000000000000000000, -0.0000000000000000000, 0.0000000000000000000 ) ) ;
#6547 = CARTESIAN_POINT ( 'NONE',  ( 7.054203811574920400, 1.300000000000000000, 3.259999999999999800 ) ) ;
#6548 = CARTESIAN_POINT ( 'NONE',  ( -6.269999999999999600, 0.6999999999999998400, -3.259999999999999300 ) ) ;
#6549 = CARTESIAN_POINT ( 'NONE',  ( 2.290000000000000000, -0.2500000000000001100, -5.910000000000002800 ) ) ;
#6550 = LINE ( 'NONE', #2803, #1549 ) ;
#6551 = AXIS2_PLACEMENT_3D ( 'NONE', #7724, #4008, #81 ) ;
#6552 = SURFACE_SIDE_STYLE ('',( #6514 ) ) ;
#6553 = SURFACE_STYLE_USAGE ( .BOTH. , #2086 ) ;
#6554 = VERTEX_POINT ( 'NONE', #2989 ) ;
#6555 = PRODUCT_DEFINITION_CONTEXT ( 'detailed design', #3339, 'design' ) ;
#6556 = CARTESIAN_POINT ( 'NONE',  ( 7.423172828561376900, 7.182873056280123500, -4.427895112051579900 ) ) ;
#6557 = ADVANCED_FACE ( 'NONE', ( #4044 ), #3617, .F. ) ;
#6558 = FACE_OUTER_BOUND ( 'NONE', #1828, .T. ) ;
#6559 = ORIENTED_EDGE ( 'NONE', *, *, #5543, .T. ) ;
#6560 = ORIENTED_EDGE ( 'NONE', *, *, #1455, .F. ) ;
#6561 = DIRECTION ( 'NONE',  ( -0.0000000000000000000, -0.0000000000000000000, 1.000000000000000000 ) ) ;
#6562 = CARTESIAN_POINT ( 'NONE',  ( 5.580000000000001000, 0.6999999999999998400, 4.800000000000001600 ) ) ;
#6563 = FILL_AREA_STYLE_COLOUR ( '', #4757 ) ;
#6564 = VECTOR ( 'NONE', #2161, 1000.000000000000100 ) ;
#6565 = CARTESIAN_POINT ( 'NONE',  ( -5.580000000000000100, 0.9499999999999998400, 4.650000000000003000 ) ) ;
#6566 = CARTESIAN_POINT ( 'NONE',  ( -7.386674250095230900, 7.165329413381652300, 4.468928058013783100 ) ) ;
#6567 = CARTESIAN_POINT ( 'NONE',  ( -7.406455295262966300, 7.244749188172307600, 4.347004681704884600 ) ) ;
#6568 = CARTESIAN_POINT ( 'NONE',  ( 7.320000000000001200, 1.300000000000000000, 4.649999999999999500 ) ) ;
#6569 = CYLINDRICAL_SURFACE ( 'NONE', #7294, 0.1999999999999996500 ) ;
#6570 = VERTEX_POINT ( 'NONE', #6158 ) ;
#6571 = AXIS2_PLACEMENT_3D ( 'NONE', #4268, #376, #4888 ) ;
#6572 = ADVANCED_FACE ( 'NONE', ( #4024 ), #370, .F. ) ;
#6573 = ORIENTED_EDGE ( 'NONE', *, *, #543, .F. ) ;
#6574 = STYLED_ITEM ( 'NONE', ( #7926 ), #6752 ) ;
#6575 = CARTESIAN_POINT ( 'NONE',  ( -7.308722410662521300, 7.227035812145224700, -4.452786993247907600 ) ) ;
#6576 =( LENGTH_UNIT ( ) NAMED_UNIT ( * ) SI_UNIT ( .MILLI., .METRE. ) );
#6577 = EDGE_LOOP ( 'NONE', ( #3068, #906, #1454, #1461 ) ) ;
#6578 = AXIS2_PLACEMENT_3D ( 'NONE', #4635, #771, #5280 ) ;
#6579 = EDGE_CURVE ( 'NONE', #4775, #3929, #3786, .T. ) ;
#6580 = ORIENTED_EDGE ( 'NONE', *, *, #5774, .T. ) ;
#6581 = SURFACE_STYLE_USAGE ( .BOTH. , #8029 ) ;
#6582 = ADVANCED_FACE ( 'NONE', ( #4059 ), #7405, .F. ) ;
#6583 = PLANE ( 'NONE',  #1289 ) ;
#6584 = AXIS2_PLACEMENT_3D ( 'NONE', #772, #232, #166 ) ;
#6585 = FILL_AREA_STYLE ('',( #6008 ) ) ;
#6586 = FACE_OUTER_BOUND ( 'NONE', #2275, .T. ) ;
#6587 = CARTESIAN_POINT ( 'NONE',  ( 7.443753099265838300, 7.196913052996909400, -4.360867588272948400 ) ) ;
#6588 = ORIENTED_EDGE ( 'NONE', *, *, #2149, .T. ) ;
#6589 = ORIENTED_EDGE ( 'NONE', *, *, #1323, .F. ) ;
#6590 = EDGE_CURVE ( 'NONE', #3115, #107, #3733, .T. ) ;
#6591 = CARTESIAN_POINT ( 'NONE',  ( -7.460000000000000000, 0.8599999999999999900, -2.020000000000000000 ) ) ;
#6592 = DIRECTION ( 'NONE',  ( -1.000000000000000000, 0.0000000000000000000, 0.0000000000000000000 ) ) ;
#6593 = LINE ( 'NONE', #961, #2609 ) ;
#6594 = CARTESIAN_POINT ( 'NONE',  ( -7.399909011356514000, 7.248938944244304800, 4.357830241167769200 ) ) ;
#6595 = CARTESIAN_POINT ( 'NONE',  ( 4.830000010674678100, 0.0000000000000000000, 5.550000000000002500 ) ) ;
#6596 = VERTEX_POINT ( 'NONE', #3695 ) ;
#6597 = CARTESIAN_POINT ( 'NONE',  ( 7.307093392813609300, 7.234265163965238400, 4.446452235890192600 ) ) ;
#6598 = LINE ( 'NONE', #6345, #7788 ) ;
#6599 =( GEOMETRIC_REPRESENTATION_CONTEXT ( 3 ) GLOBAL_UNCERTAINTY_ASSIGNED_CONTEXT ( ( #1028 ) ) GLOBAL_UNIT_ASSIGNED_CONTEXT ( ( #7060, #3298, #7675 ) ) REPRESENTATION_CONTEXT ( 'NONE', 'WORKASPACE' ) );
#6600 = DIRECTION ( 'NONE',  ( -0.0000000000000000000, -1.000000000000000000, -0.0000000000000000000 ) ) ;
#6601 = ADVANCED_FACE ( 'NONE', ( #1809 ), #463, .T. ) ;
#6602 = FILL_AREA_STYLE ('',( #838 ) ) ;
#6603 = CARTESIAN_POINT ( 'NONE',  ( 7.160000000000000100, 0.6999999999999999600, -3.259999999999999800 ) ) ;
#6604 = CARTESIAN_POINT ( 'NONE',  ( 7.160000000000000100, 0.6999999999999999600, 3.199999999999998800 ) ) ;
#6605 = ORIENTED_EDGE ( 'NONE', *, *, #4026, .F. ) ;
#6606 = CARTESIAN_POINT ( 'NONE',  ( -7.448885131025568800, 7.118299021584194400, -4.424307689995740300 ) ) ;
#6607 = COLOUR_RGB ( '',1.000000000000000000, 1.000000000000000000, 1.000000000000000000 ) ;
#6608 = LINE ( 'NONE', #6458, #4548 ) ;
#6609 = DIRECTION ( 'NONE',  ( 0.0000000000000000000, 0.0000000000000000000, 1.000000000000000000 ) ) ;
#6610 = CARTESIAN_POINT ( 'NONE',  ( 7.339107461312599900, 7.118501931345752700, 4.497606714001305400 ) ) ;
#6611 = VERTEX_POINT ( 'NONE', #6851 ) ;
#6612 = SURFACE_STYLE_FILL_AREA ( #6110 ) ;
#6613 = CARTESIAN_POINT ( 'NONE',  ( 7.323276788036197100, 7.225076480559073000, -4.454512035604715000 ) ) ;
#6614 = DIRECTION ( 'NONE',  ( 0.0000000000000000000, 0.0000000000000000000, 1.000000000000000000 ) ) ;
#6615 = AXIS2_PLACEMENT_3D ( 'NONE', #7098, #3346, #7717 ) ;
#6616 = ORIENTED_EDGE ( 'NONE', *, *, #2706, .T. ) ;
#6617 = FACE_OUTER_BOUND ( 'NONE', #6323, .T. ) ;
#6618 = CARTESIAN_POINT ( 'NONE',  ( -7.063020160610344400, 1.250000000000000000, -0.7200000000000002000 ) ) ;
#6619 = ORIENTED_EDGE ( 'NONE', *, *, #473, .T. ) ;
#6620 = DIRECTION ( 'NONE',  ( 0.0000000000000000000, 0.0000000000000000000, -1.000000000000000000 ) ) ;
#6621 = CARTESIAN_POINT ( 'NONE',  ( 5.330000010674673700, -0.2500000000000001100, 5.550000000000002500 ) ) ;
#6622 = CARTESIAN_POINT ( 'NONE',  ( -7.384958117485578700, 7.254525285132929800, 4.378486835479269400 ) ) ;
#6623 = FILL_AREA_STYLE_COLOUR ( '', #6792 ) ;
#6624 = PLANE ( 'NONE',  #257 ) ;
#6625 = ORIENTED_EDGE ( 'NONE', *, *, #7346, .F. ) ;
#6626 = VECTOR ( 'NONE', #8004, 1000.000000000000000 ) ;
#6627 = ORIENTED_EDGE ( 'NONE', *, *, #363, .T. ) ;
#6628 = PLANE ( 'NONE',  #5748 ) ;
#6629 = CARTESIAN_POINT ( 'NONE',  ( 7.320000000000001200, 0.0000000000000000000, 4.649999999999999500 ) ) ;
#6630 = STYLED_ITEM ( 'NONE', ( #3822 ), #7634 ) ;
#6631 = FILL_AREA_STYLE_COLOUR ( '', #605 ) ;
#6632 = FACE_OUTER_BOUND ( 'NONE', #3059, .T. ) ;
#6633 = EDGE_LOOP ( 'NONE', ( #6328, #1617, #6347, #8058 ) ) ;
#6634 = AXIS2_PLACEMENT_3D ( 'NONE', #7189, #7201, #7227 ) ;
#6635 = ORIENTED_EDGE ( 'NONE', *, *, #338, .T. ) ;
#6636 = CARTESIAN_POINT ( 'NONE',  ( -7.392540873913533000, 7.133815488613388200, -4.476575955815324200 ) ) ;
#6637 = LINE ( 'NONE', #8182, #7774 ) ;
#6638 = DIRECTION ( 'NONE',  ( -0.8944271909999165200, 0.0000000000000000000, -0.4472135954999567600 ) ) ;
#6639 = EDGE_CURVE ( 'NONE', #6363, #107, #3911, .T. ) ;
#6640 = VECTOR ( 'NONE', #3870, 1000.000000000000000 ) ;
#6641 = CARTESIAN_POINT ( 'NONE',  ( 7.368297202366699500, 7.242566341854623800, -4.418628082392347200 ) ) ;
#6642 = VECTOR ( 'NONE', #6706, 1000.000000000000000 ) ;
#6643 = AXIS2_PLACEMENT_3D ( 'NONE', #7829, #7772, #7720 ) ;
#6644 = CARTESIAN_POINT ( 'NONE',  ( 7.358629133372690300, 7.117751940952337500, 4.493683307512429600 ) ) ;
#6645 =( GEOMETRIC_REPRESENTATION_CONTEXT ( 3 ) GLOBAL_UNCERTAINTY_ASSIGNED_CONTEXT ( ( #7415 ) ) GLOBAL_UNIT_ASSIGNED_CONTEXT ( ( #2387, #2090, #7488 ) ) REPRESENTATION_CONTEXT ( 'NONE', 'WORKASPACE' ) );
#6646 = CARTESIAN_POINT ( 'NONE',  ( -6.269999999999998700, 0.6999999999999998400, 3.260000000000000200 ) ) ;
#6647 = VECTOR ( 'NONE', #6687, 1000.000000000000000 ) ;
#6648 = FACE_OUTER_BOUND ( 'NONE', #1115, .T. ) ;
#6649 = CARTESIAN_POINT ( 'NONE',  ( -7.376553507521094000, 7.255921869949556700, 4.388317870327886900 ) ) ;
#6650 =( NAMED_UNIT ( * ) PLANE_ANGLE_UNIT ( ) SI_UNIT ( $, .RADIAN. ) );
#6651 = EDGE_LOOP ( 'NONE', ( #1838, #1840, #1844, #1856, #1880, #1901, #1916, #1923 ) ) ;
#6652 = CARTESIAN_POINT ( 'NONE',  ( 2.290000000000000000, 3.049999999999999800, -5.300000000000002500 ) ) ;
#6653 = DIRECTION ( 'NONE',  ( 0.0000000000000000000, -1.204669080539449800E-016, -1.000000000000000000 ) ) ;
#6654 = COLOUR_RGB ( '',1.000000000000000000, 1.000000000000000000, 1.000000000000000000 ) ;
#6655 = DIRECTION ( 'NONE',  ( -0.4472135954999566500, 0.0000000000000000000, -0.8944271909999165200 ) ) ;
#6656 = PRESENTATION_STYLE_ASSIGNMENT (( #328 ) ) ;
#6657 = MECHANICAL_DESIGN_GEOMETRIC_PRESENTATION_REPRESENTATION (  '', ( #6806 ), #6599 ) ;
#6658 = VECTOR ( 'NONE', #5846, 1000.000000000000000 ) ;
#6659 = CARTESIAN_POINT ( 'NONE',  ( -2.039999999999999600, 0.9499999999999994000, -5.300000000000002500 ) ) ;
#6660 = CARTESIAN_POINT ( 'NONE',  ( -7.318454368052858400, 7.153912947499995000, -4.490950433677177500 ) ) ;
#6661 = CARTESIAN_POINT ( 'NONE',  ( 7.394307690085417700, 7.118299021584147300, 4.478885130942616800 ) ) ;
#6662 = ORIENTED_EDGE ( 'NONE', *, *, #3452, .F. ) ;
#6663 = CIRCLE ( 'NONE', #1268, 0.2500000000000004400 ) ;
#6664 = CARTESIAN_POINT ( 'NONE',  ( 7.404624796896215800, 7.244428336894071000, -4.359845320610107300 ) ) ;
#6665 = PRESENTATION_STYLE_ASSIGNMENT (( #7211 ) ) ;
#6666 = FILL_AREA_STYLE_COLOUR ( '', #8126 ) ;
#6667 = ORIENTED_EDGE ( 'NONE', *, *, #7918, .T. ) ;
#6668 = ORIENTED_EDGE ( 'NONE', *, *, #318, .F. ) ;
#6669 = CARTESIAN_POINT ( 'NONE',  ( 7.119999999999999200, 1.300000000000000000, 2.069999999999999000 ) ) ;
#6670 = CARTESIAN_POINT ( 'NONE',  ( -7.358317863035844100, 7.255921869022631500, 4.406553514296545500 ) ) ;
#6671 = SURFACE_SIDE_STYLE ('',( #7588 ) ) ;
#6672 = SURFACE_STYLE_USAGE ( .BOTH. , #2207 ) ;
#6673 = ORIENTED_EDGE ( 'NONE', *, *, #40, .T. ) ;
#6674 = CARTESIAN_POINT ( 'NONE',  ( 5.330000000000001000, -4.258936691357909700E-017, -5.550000000000002500 ) ) ;
#6675 = DIRECTION ( 'NONE',  ( 0.0000000000000000000, -1.777380610631973500E-016, 1.000000000000000000 ) ) ;
#6676 = SURFACE_STYLE_USAGE ( .BOTH. , #5463 ) ;
#6677 = PLANE ( 'NONE',  #5580 ) ;
#6678 = UNCERTAINTY_MEASURE_WITH_UNIT (LENGTH_MEASURE( 1.000000000000000100E-005 ), #707, 'distance_accuracy_value', 'NONE');
#6679 = CARTESIAN_POINT ( 'NONE',  ( -7.437882273749671900, 7.201753364636831900, -4.376273657782337300 ) ) ;
#6680 = ORIENTED_EDGE ( 'NONE', *, *, #172, .T. ) ;
#6681 = CARTESIAN_POINT ( 'NONE',  ( -7.160000000000000100, 0.4999999999999997800, 3.199999999999999700 ) ) ;
#6682 = CARTESIAN_POINT ( 'NONE',  ( 7.302081799705631800, 7.253297392573459800, -4.427221497757533300 ) ) ;
#6683 = PRESENTATION_LAYER_ASSIGNMENT (  '', '', ( #6806 ) ) ;
#6684 = EDGE_CURVE ( 'NONE', #3485, #6363, #3927, .T. ) ;
#6685 = EDGE_LOOP ( 'NONE', ( #3360, #3371, #3378, #3381 ) ) ;
#6686 = CARTESIAN_POINT ( 'NONE',  ( -2.039999999999999600, -0.2499999999999997800, -5.300000000000002500 ) ) ;
#6687 = DIRECTION ( 'NONE',  ( -6.630674991417804500E-032, -1.000000000000000000, -3.554761221263949000E-016 ) ) ;
#6688 = DIRECTION ( 'NONE',  ( 1.000000000000000000, 0.0000000000000000000, -9.326470300950576100E-017 ) ) ;
#6689 =( NAMED_UNIT ( * ) PLANE_ANGLE_UNIT ( ) SI_UNIT ( $, .RADIAN. ) );
#6690 = CIRCLE ( 'NONE', #2583, 0.2500000000000002200 ) ;
#6691 = DIRECTION ( 'NONE',  ( 0.4472135954999567100, 1.077488781791352200E-016, 0.8944271909999164100 ) ) ;
#6692 = ORIENTED_EDGE ( 'NONE', *, *, #1078, .T. ) ;
#6693 = DIRECTION ( 'NONE',  ( -1.000000000000000000, -0.0000000000000000000, -0.0000000000000000000 ) ) ;
#6694 = CARTESIAN_POINT ( 'NONE',  ( 7.410723406666521700, 7.118445683011413100, 4.468069157102804400 ) ) ;
#6695 =( GEOMETRIC_REPRESENTATION_CONTEXT ( 3 ) GLOBAL_UNCERTAINTY_ASSIGNED_CONTEXT ( ( #4779 ) ) GLOBAL_UNIT_ASSIGNED_CONTEXT ( ( #433, #2470, #1127 ) ) REPRESENTATION_CONTEXT ( 'NONE', 'WORKASPACE' ) );
#6696 = DIRECTION ( 'NONE',  ( -1.000000000000000000, -0.0000000000000000000, -0.0000000000000000000 ) ) ;
#6697 = DIRECTION ( 'NONE',  ( 0.0000000000000000000, -1.000000000000000000, 0.0000000000000000000 ) ) ;
#6698 = CARTESIAN_POINT ( 'NONE',  ( 5.580000000000001000, 0.9499999999999995100, -4.650000000000003000 ) ) ;
#6699 = ORIENTED_EDGE ( 'NONE', *, *, #1887, .F. ) ;
#6700 = LINE ( 'NONE', #18, #5335 ) ;
#6701 = DIRECTION ( 'NONE',  ( 1.000000000000000000, 0.0000000000000000000, -9.326470300950576100E-017 ) ) ;
#6702 = VECTOR ( 'NONE', #5437, 1000.000000000000000 ) ;
#6703 = CARTESIAN_POINT ( 'NONE',  ( 7.119999999999999200, 0.6899999999999999500, 0.6699999999999989300 ) ) ;
#6704 = VERTEX_POINT ( 'NONE', #6870 ) ;
#6705 = LINE ( 'NONE', #919, #991 ) ;
#6706 = DIRECTION ( 'NONE',  ( 0.0000000000000000000, 1.000000000000000000, 0.0000000000000000000 ) ) ;
#6707 = CARTESIAN_POINT ( 'NONE',  ( -7.381775099732930600, 7.221952908501437600, -4.434301744934658500 ) ) ;
#6708 = PRESENTATION_STYLE_ASSIGNMENT (( #3132 ) ) ;
#6709 = ORIENTED_EDGE ( 'NONE', *, *, #4928, .F. ) ;
#6710 = LINE ( 'NONE', #599, #6523 ) ;
#6711 = LINE ( 'NONE', #1338, #6804 ) ;
#6712 = CARTESIAN_POINT ( 'NONE',  ( 7.332473627607720700, 7.272849311533863500, -4.391857270312582900 ) ) ;
#6713 = VERTEX_POINT ( 'NONE', #4354 ) ;
#6714 = AXIS2_PLACEMENT_3D ( 'NONE', #5884, #2047, #6518 ) ;
#6715 = COLOUR_RGB ( '',0.2509803921568627400, 0.2509803921568627400, 0.2509803921568627400 ) ;
#6716 = LINE ( 'NONE', #4055, #8186 ) ;
#6717 = EDGE_LOOP ( 'NONE', ( #4039, #4960, #5039, #3883 ) ) ;
#6718 = CARTESIAN_POINT ( 'NONE',  ( 4.830000000000003600, 0.6999999999999998400, 5.300000000000002500 ) ) ;
#6719 = FACE_OUTER_BOUND ( 'NONE', #7493, .T. ) ;
#6720 =( GEOMETRIC_REPRESENTATION_CONTEXT ( 3 ) GLOBAL_UNCERTAINTY_ASSIGNED_CONTEXT ( ( #3026 ) ) GLOBAL_UNIT_ASSIGNED_CONTEXT ( ( #5627, #1751, #6238 ) ) REPRESENTATION_CONTEXT ( 'NONE', 'WORKASPACE' ) );
#6721 = ORIENTED_EDGE ( 'NONE', *, *, #261, .T. ) ;
#6722 = CARTESIAN_POINT ( 'NONE',  ( -7.348486828515077300, 7.254525283279080300, 4.414958123416589300 ) ) ;
#6723 = CARTESIAN_POINT ( 'NONE',  ( 7.386745320335006000, 7.261564332074662800, 4.329339024137612000 ) ) ;
#6724 = CARTESIAN_POINT ( 'NONE',  ( 7.318793059141725600, 7.283393067740155000, 4.372729071137039900 ) ) ;
#6725 = FACE_OUTER_BOUND ( 'NONE', #2921, .T. ) ;
#6726 = DIRECTION ( 'NONE',  ( 0.0000000000000000000, 0.0000000000000000000, 1.000000000000000000 ) ) ;
#6727 = ORIENTED_EDGE ( 'NONE', *, *, #5966, .F. ) ;
#6728 = CARTESIAN_POINT ( 'NONE',  ( 7.438069157220336800, 7.118445683010488500, 4.440723406513591000 ) ) ;
#6729 = PRESENTATION_STYLE_ASSIGNMENT (( #6289 ) ) ;
#6730 = DIRECTION ( 'NONE',  ( -1.865294060190115200E-016, -0.0000000000000000000, -1.000000000000000000 ) ) ;
#6731 = ADVANCED_BREP_SHAPE_REPRESENTATION ( 'TSR 1SM', ( #5563, #1312, #4716 ), #5205 ) ;
#6732 = ORIENTED_EDGE ( 'NONE', *, *, #4762, .F. ) ;
#6733 =( GEOMETRIC_REPRESENTATION_CONTEXT ( 3 ) GLOBAL_UNCERTAINTY_ASSIGNED_CONTEXT ( ( #6207 ) ) GLOBAL_UNIT_ASSIGNED_CONTEXT ( ( #2812, #1483, #1390 ) ) REPRESENTATION_CONTEXT ( 'NONE', 'WORKASPACE' ) );
#6734 = PLANE ( 'NONE',  #6871 ) ;
#6735 =( NAMED_UNIT ( * ) PLANE_ANGLE_UNIT ( ) SI_UNIT ( $, .RADIAN. ) );
#6736 = LINE ( 'NONE', #5667, #3500 ) ;
#6737 = CARTESIAN_POINT ( 'NONE',  ( -7.323276788373179100, 7.225076482591925100, -4.454512034121335300 ) ) ;
#6738 = EDGE_CURVE ( 'NONE', #7663, #1366, #364, .T. ) ;
#6739 = CARTESIAN_POINT ( 'NONE',  ( 7.342729071137441100, 7.283393067740149700, -4.348793059141892000 ) ) ;
#6740 = CARTESIAN_POINT ( 'NONE',  ( 7.317597908338627600, 7.288080825288827400, 4.358043651071624500 ) ) ;
#6741 = CARTESIAN_POINT ( 'NONE',  ( -7.161822484923008300, 1.250000000000000000, 0.7200000000000002000 ) ) ;
#6742 = LINE ( 'NONE', #3755, #6770 ) ;
#6743 = VERTEX_POINT ( 'NONE', #7482 ) ;
#6744 = PLANE ( 'NONE',  #8028 ) ;
#6745 = CARTESIAN_POINT ( 'NONE',  ( -7.063020160610344400, 1.249999999999999800, 0.7200000000000002000 ) ) ;
#6746 = AXIS2_PLACEMENT_3D ( 'NONE', #3904, #8229, #4517 ) ;
#6747 = CARTESIAN_POINT ( 'NONE',  ( -7.327830236419012000, 7.248938941926989600, 4.429909014813800300 ) ) ;
#6748 = CARTESIAN_POINT ( 'NONE',  ( -7.160000000000000100, 0.6999999999999999600, -3.259999999999999800 ) ) ;
#6749 = CARTESIAN_POINT ( 'NONE',  ( 7.460000000000000000, 0.8599999999999999900, -0.7200000000000002000 ) ) ;
#6750 = ORIENTED_EDGE ( 'NONE', *, *, #5445, .T. ) ;
#6751 = CARTESIAN_POINT ( 'NONE',  ( -2.039999999999999100, 0.9499999999999995100, -4.650000000000001200 ) ) ;
#6752 = ADVANCED_FACE ( 'NONE', ( #3889 ), #525, .T. ) ;
#6753 = CARTESIAN_POINT ( 'NONE',  ( 4.830000000000000100, 0.6999999999999992900, -5.300000000000002500 ) ) ;
#6754 = UNCERTAINTY_MEASURE_WITH_UNIT (LENGTH_MEASURE( 1.000000000000000100E-005 ), #1364, 'distance_accuracy_value', 'NONE');
#6755 =( LENGTH_UNIT ( ) NAMED_UNIT ( * ) SI_UNIT ( .MILLI., .METRE. ) );
#6756 = SURFACE_STYLE_USAGE ( .BOTH. , #2304 ) ;
#6757 = LINE ( 'NONE', #1749, #3536 ) ;
#6758 = EDGE_LOOP ( 'NONE', ( #3665, #4989, #4971, #4954, #4913, #4890 ) ) ;
#6759 = CARTESIAN_POINT ( 'NONE',  ( -7.411209716160454000, 7.240072689558672900, -4.348578477306783300 ) ) ;
#6760 =( GEOMETRIC_REPRESENTATION_CONTEXT ( 3 ) GLOBAL_UNCERTAINTY_ASSIGNED_CONTEXT ( ( #2183 ) ) GLOBAL_UNIT_ASSIGNED_CONTEXT ( ( #5863, #2014, #6488 ) ) REPRESENTATION_CONTEXT ( 'NONE', 'WORKASPACE' ) );
#6761 = CONICAL_SURFACE ( 'NONE', #276, 0.2999999999999999300, 0.02617993877991500000 ) ;
#6762 = B_SPLINE_CURVE_WITH_KNOTS ( 'NONE', 3,
 ( #1816, #5681, #3148, #7531, #3809, #8153 ),
 .UNSPECIFIED., .F., .F.,
 ( 4, 2, 4 ),
 ( 0.0000000000000000000, 0.5000000000000000000, 1.000000000000000000 ),
 .UNSPECIFIED. ) ;
#6763 = CARTESIAN_POINT ( 'NONE',  ( 7.352579468360955800, 7.281755574941685800, -4.320361451906558500 ) ) ;
#6764 = EDGE_LOOP ( 'NONE', ( #3974, #3996, #3873, #4066 ) ) ;
#6765 = CARTESIAN_POINT ( 'NONE',  ( 7.119999999999999200, 1.300000000000000000, -0.6700000000000013700 ) ) ;
#6766 = CARTESIAN_POINT ( 'NONE',  ( 7.312262536300963200, 7.287553719250247800, 4.363153968897779400 ) ) ;
#6767 = DIRECTION ( 'NONE',  ( 1.000000000000000000, 0.0000000000000000000, -9.326470300950576100E-017 ) ) ;
#6768 = VECTOR ( 'NONE', #3905, 1000.000000000000000 ) ;
#6769 = CARTESIAN_POINT ( 'NONE',  ( 4.580000000000001000, 0.9499999999999998400, 4.800000000000002500 ) ) ;
#6770 = VECTOR ( 'NONE', #8112, 1000.000000000000100 ) ;
#6771 = MECHANICAL_DESIGN_GEOMETRIC_PRESENTATION_REPRESENTATION (  '', ( #7010 ), #6760 ) ;
#6772 = VERTEX_POINT ( 'NONE', #4378 ) ;
#6773 = DIRECTION ( 'NONE',  ( 0.0000000000000000000, -1.000000000000000000, 0.0000000000000000000 ) ) ;
#6774 = ADVANCED_FACE ( 'NONE', ( #4015 ), #554, .F. ) ;
#6775 = ORIENTED_EDGE ( 'NONE', *, *, #734, .F. ) ;
#6776 = CARTESIAN_POINT ( 'NONE',  ( -2.039999999999999600, 2.168404344971008900E-016, -5.300000000000002500 ) ) ;
#6777 = CARTESIAN_POINT ( 'NONE',  ( -7.317004678843715300, 7.244749186318450100, 4.436455297090967400 ) ) ;
#6778 = ORIENTED_EDGE ( 'NONE', *, *, #516, .F. ) ;
#6779 = SURFACE_SIDE_STYLE ('',( #1123 ) ) ;
#6780 = CARTESIAN_POINT ( 'NONE',  ( -6.948407623149841500, 1.899999999999999700, -3.259999999999999800 ) ) ;
#6781 = MECHANICAL_DESIGN_GEOMETRIC_PRESENTATION_REPRESENTATION (  '', ( #7124 ), #6720 ) ;
#6782 = CARTESIAN_POINT ( 'NONE',  ( -7.388455952359496600, 7.259786395322773700, -4.329707290058609100 ) ) ;
#6783 = DIRECTION ( 'NONE',  ( 1.000000000000000000, 0.0000000000000000000, 0.0000000000000000000 ) ) ;
#6784 = VECTOR ( 'NONE', #6696, 1000.000000000000000 ) ;
#6785 = CARTESIAN_POINT ( 'NONE',  ( 3.040000000000000900, 0.6999999999999994000, -4.650000000000001200 ) ) ;
#6786 = EDGE_LOOP ( 'NONE', ( #2446, #7307, #8021, #6880 ) ) ;
#6787 = EDGE_CURVE ( 'NONE', #7097, #3713, #3139, .T. ) ;
#6788 = FACE_OUTER_BOUND ( 'NONE', #2788, .T. ) ;
#6789 = CARTESIAN_POINT ( 'NONE',  ( -7.376553514297635900, 7.255921869021174000, -4.388317863036673900 ) ) ;
#6790 =( GEOMETRIC_REPRESENTATION_CONTEXT ( 3 ) GLOBAL_UNCERTAINTY_ASSIGNED_CONTEXT ( ( #4545 ) ) GLOBAL_UNIT_ASSIGNED_CONTEXT ( ( #2998, #7358, #3626 ) ) REPRESENTATION_CONTEXT ( 'NONE', 'WORKASPACE' ) );
#6791 = VECTOR ( 'NONE', #3815, 1000.000000000000000 ) ;
#6792 = COLOUR_RGB ( '',1.000000000000000000, 1.000000000000000000, 1.000000000000000000 ) ;
#6793 = CARTESIAN_POINT ( 'NONE',  ( 7.286971042478048900, 7.295621563281088100, -4.340326258673216300 ) ) ;
#6794 = ADVANCED_FACE ( 'NONE', ( #254 ), #6924, .F. ) ;
#6795 = CARTESIAN_POINT ( 'NONE',  ( 7.333153925915445000, 7.287553726055106700, 4.342262582789552500 ) ) ;
#6796 = LINE ( 'NONE', #5816, #6512 ) ;
#6797 = EDGE_CURVE ( 'NONE', #6704, #3276, #2551, .T. ) ;
#6798 = LINE ( 'NONE', #1343, #6626 ) ;
#6799 = EDGE_LOOP ( 'NONE', ( #6002, #5870, #6081, #5964 ) ) ;
#6800 = VECTOR ( 'NONE', #4972, 1000.000000000000000 ) ;
#6801 = CARTESIAN_POINT ( 'NONE',  ( -7.305897810492028000, 7.239162846125013000, 4.441856465389545100 ) ) ;
#6802 = DIRECTION ( 'NONE',  ( 0.0000000000000000000, 0.0000000000000000000, 1.000000000000000000 ) ) ;
#6803 = ORIENTED_EDGE ( 'NONE', *, *, #3578, .F. ) ;
#6804 = VECTOR ( 'NONE', #8131, 1000.000000000000000 ) ;
#6805 = DIRECTION ( 'NONE',  ( -1.000000000000000000, -0.0000000000000000000, -0.0000000000000000000 ) ) ;
#6806 = STYLED_ITEM ( 'NONE', ( #6413 ), #5699 ) ;
#6807 = CARTESIAN_POINT ( 'NONE',  ( 4.830000010674678100, 0.6999999999999998400, 5.550000000000002500 ) ) ;
#6808 = PLANE ( 'NONE',  #3816 ) ;
#6809 = DIRECTION ( 'NONE',  ( 1.330309414092643500E-016, 0.0000000000000000000, 1.000000000000000000 ) ) ;
#6810 = MECHANICAL_DESIGN_GEOMETRIC_PRESENTATION_REPRESENTATION (  '', ( #6941 ), #6733 ) ;
#6811 = ORIENTED_EDGE ( 'NONE', *, *, #8168, .T. ) ;
#6812 = VERTEX_POINT ( 'NONE', #4460 ) ;
#6813 = CARTESIAN_POINT ( 'NONE',  ( -7.321149596486828100, 7.261652068322032200, -4.415131228795627500 ) ) ;
#6814 = AXIS2_PLACEMENT_3D ( 'NONE', #5695, #6923, #7350 ) ;
#6815 = CYLINDRICAL_SURFACE ( 'NONE', #6417, 0.1999999999999996500 ) ;
#6816 = ORIENTED_EDGE ( 'NONE', *, *, #5173, .T. ) ;
#6817 = CARTESIAN_POINT ( 'NONE',  ( 7.284382847673917600, 7.299291242173182100, -4.311502053008432300 ) ) ;
#6818 = PLANE ( 'NONE',  #1803 ) ;
#6819 = CARTESIAN_POINT ( 'NONE',  ( 7.619999999999999200, 0.6899999999999999500, -2.070000000000001200 ) ) ;
#6820 = MECHANICAL_DESIGN_GEOMETRIC_PRESENTATION_REPRESENTATION (  '', ( #6930 ), #6790 ) ;
#6821 = PLANE ( 'NONE',  #3461 ) ;
#6822 = DIRECTION ( 'NONE',  ( 0.0000000000000000000, 0.0000000000000000000, 1.000000000000000000 ) ) ;
#6823 = DIRECTION ( 'NONE',  ( -1.000000000000000000, 0.0000000000000000000, 9.326470300950576100E-017 ) ) ;
#6824 = ORIENTED_EDGE ( 'NONE', *, *, #3402, .T. ) ;
#6825 = UNCERTAINTY_MEASURE_WITH_UNIT (LENGTH_MEASURE( 1.000000000000000100E-005 ), #929, 'distance_accuracy_value', 'NONE');
#6826 = ORIENTED_EDGE ( 'NONE', *, *, #5795, .F. ) ;
#6827 = CARTESIAN_POINT ( 'NONE',  ( -7.160000000000000100, 0.0000000000000000000, -3.259999999999999800 ) ) ;
#6828 = ADVANCED_FACE ( 'NONE', ( #2553 ), #3314, .T. ) ;
#6829 = PRESENTATION_STYLE_ASSIGNMENT (( #3476 ) ) ;
#6830 = FILL_AREA_STYLE ('',( #3044 ) ) ;
#6831 = PRESENTATION_LAYER_ASSIGNMENT (  '', '', ( #6930 ) ) ;
#6832 = DIRECTION ( 'NONE',  ( 0.0000000000000000000, 0.0000000000000000000, 1.000000000000000000 ) ) ;
#6833 = ORIENTED_EDGE ( 'NONE', *, *, #4640, .F. ) ;
#6834 = UNCERTAINTY_MEASURE_WITH_UNIT (LENGTH_MEASURE( 1.000000000000000100E-005 ), #4003, 'distance_accuracy_value', 'NONE');
#6835 = PRESENTATION_STYLE_ASSIGNMENT (( #5931 ) ) ;
#6836 = CARTESIAN_POINT ( 'NONE',  ( -2.039999999999999600, -4.258936691357909700E-017, -5.550000000000002500 ) ) ;
#6837 =( LENGTH_UNIT ( ) NAMED_UNIT ( * ) SI_UNIT ( .MILLI., .METRE. ) );
#6838 = LINE ( 'NONE', #3226, #5084 ) ;
#6839 = UNCERTAINTY_MEASURE_WITH_UNIT (LENGTH_MEASURE( 1.000000000000000100E-005 ), #585, 'distance_accuracy_value', 'NONE');
#6840 = CARTESIAN_POINT ( 'NONE',  ( 7.278831186818719000, 7.300000000000000700, -4.301808586065915200 ) ) ;
#6841 =( NAMED_UNIT ( * ) PLANE_ANGLE_UNIT ( ) SI_UNIT ( $, .RADIAN. ) );
#6842 = FILL_AREA_STYLE_COLOUR ( '', #3456 ) ;
#6843 = SURFACE_STYLE_FILL_AREA ( #3426 ) ;
#6844 = PRESENTATION_STYLE_ASSIGNMENT (( #4351 ) ) ;
#6845 = DIRECTION ( 'NONE',  ( 0.9999999999999991100, -0.0000000000000000000, -4.269869799995166000E-008 ) ) ;
#6846 = DIRECTION ( 'NONE',  ( -1.000000000000000000, -0.0000000000000000000, -0.0000000000000000000 ) ) ;
#6847 = VECTOR ( 'NONE', #4278, 1000.000000000000000 ) ;
#6848 = ADVANCED_FACE ( 'NONE', ( #2544 ), #3297, .T. ) ;
#6849 = B_SPLINE_CURVE_WITH_KNOTS ( 'NONE', 3,
 ( #1251, #5757, #1895, #6382, #2561, #6980, #3229, #7607, #3882, #8212, #4497, #637, #5136, #1276, #5781, #1922, #6406, #2588, #7008, #3258 ),
 .UNSPECIFIED., .F., .F.,
 ( 4, 2, 2, 2, 2, 2, 2, 2, 2, 4 ),
 ( 0.0000000000000000000, 0.1190919775370212800, 0.2381839550740425500, 0.3677971626965582700, 0.4326037665078160700, 0.4974103703190739200, 0.6276388186689531000, 0.7578672670188322200, 0.8789336335094161100, 1.000000000000000000 ),
 .UNSPECIFIED. ) ;
#6850 = FACE_OUTER_BOUND ( 'NONE', #4752, .T. ) ;
#6851 = CARTESIAN_POINT ( 'NONE',  ( 5.330000000000001000, 1.724059192313015100E-016, -5.300000000000002500 ) ) ;
#6852 =( NAMED_UNIT ( * ) SI_UNIT ( $, .STERADIAN. ) SOLID_ANGLE_UNIT ( ) );
#6853 = COLOUR_RGB ( '',1.000000000000000000, 1.000000000000000000, 1.000000000000000000 ) ;
#6854 = CARTESIAN_POINT ( 'NONE',  ( -7.467984561395653000, 7.105235389661573600, 4.349999999999999600 ) ) ;
#6855 = ORIENTED_EDGE ( 'NONE', *, *, #3471, .F. ) ;
#6856 = VERTEX_POINT ( 'NONE', #6972 ) ;
#6857 = CARTESIAN_POINT ( 'NONE',  ( -7.411856465386319000, 7.239162846128341900, 4.335897810498608800 ) ) ;
#6858 = DIRECTION ( 'NONE',  ( 1.865294060190115200E-016, 0.0000000000000000000, 1.000000000000000000 ) ) ;
#6859 = PLANE ( 'NONE',  #781 ) ;
#6860 = CARTESIAN_POINT ( 'NONE',  ( -4.829999989325327400, 0.6999999999999999600, 5.550000000000002500 ) ) ;
#6861 = FILL_AREA_STYLE ('',( #6248 ) ) ;
#6862 = CARTESIAN_POINT ( 'NONE',  ( 7.448885131026071500, 7.118299021584030100, 4.424307689998655300 ) ) ;
#6863 = CARTESIAN_POINT ( 'NONE',  ( -7.119999999999999200, 1.300000000000000000, 2.070000000000000300 ) ) ;
#6864 = ADVANCED_FACE ( 'NONE', ( #6884 ), #7602, .F. ) ;
#6865 =( NAMED_UNIT ( * ) SI_UNIT ( $, .STERADIAN. ) SOLID_ANGLE_UNIT ( ) );
#6866 = CARTESIAN_POINT ( 'NONE',  ( -6.948407623149841500, 1.899999999999999000, -0.6700000000000000400 ) ) ;
#6867 = VERTEX_POINT ( 'NONE', #5777 ) ;
#6868 = CARTESIAN_POINT ( 'NONE',  ( -7.619999999999999200, 0.6899999999999999500, 2.070000000000000300 ) ) ;
#6869 = FILL_AREA_STYLE_COLOUR ( '', #6715 ) ;
#6870 = CARTESIAN_POINT ( 'NONE',  ( -7.460000000000000000, 0.8599999999999999900, 0.7200000000000002000 ) ) ;
#6871 = AXIS2_PLACEMENT_3D ( 'NONE', #4834, #5487, #7963 ) ;
#6872 = ORIENTED_EDGE ( 'NONE', *, *, #64, .F. ) ;
#6873 = CARTESIAN_POINT ( 'NONE',  ( -7.320000000000000300, 1.300000000000000000, -4.650000000000001200 ) ) ;
#6874 =( LENGTH_UNIT ( ) NAMED_UNIT ( * ) SI_UNIT ( .MILLI., .METRE. ) );
#6875 = LINE ( 'NONE', #2334, #3838 ) ;
#6876 = FILL_AREA_STYLE ('',( #3705 ) ) ;
#6877 = SURFACE_STYLE_USAGE ( .BOTH. , #2448 ) ;
#6878 = CARTESIAN_POINT ( 'NONE',  ( -7.160000000000000100, 0.6999999999999999600, -3.199999999999999700 ) ) ;
#6879 = LINE ( 'NONE', #2130, #3981 ) ;
#6880 = ORIENTED_EDGE ( 'NONE', *, *, #4656, .T. ) ;
#6881 = FACE_OUTER_BOUND ( 'NONE', #959, .T. ) ;
#6882 = PRESENTATION_LAYER_ASSIGNMENT (  '', '', ( #6941 ) ) ;
#6883 = CARTESIAN_POINT ( 'NONE',  ( 7.463683307537526600, 7.117751940953486800, 4.388629133390719700 ) ) ;
#6884 = FACE_OUTER_BOUND ( 'NONE', #835, .T. ) ;
#6885 = VERTEX_POINT ( 'NONE', #3910 ) ;
#6886 = FILL_AREA_STYLE_COLOUR ( '', #7096 ) ;
#6887 = ORIENTED_EDGE ( 'NONE', *, *, #223, .T. ) ;
#6888 = ORIENTED_EDGE ( 'NONE', *, *, #5522, .T. ) ;
#6889 = LINE ( 'NONE', #910, #4159 ) ;
#6890 = CARTESIAN_POINT ( 'NONE',  ( 7.467606713993059300, 7.118501931649376500, 4.369107461385934400 ) ) ;
#6891 = VECTOR ( 'NONE', #8059, 1000.000000000000000 ) ;
#6892 = VERTEX_POINT ( 'NONE', #3250 ) ;
#6893 = SURFACE_SIDE_STYLE ('',( #3530 ) ) ;
#6894 = PRESENTATION_STYLE_ASSIGNMENT (( #129 ) ) ;
#6895 = DIRECTION ( 'NONE',  ( 0.0000000000000000000, 0.0000000000000000000, -1.000000000000000000 ) ) ;
#6896 = PRESENTATION_STYLE_ASSIGNMENT (( #1292 ) ) ;
#6897 = FACE_OUTER_BOUND ( 'NONE', #7931, .T. ) ;
#6898 = ORIENTED_EDGE ( 'NONE', *, *, #2099, .F. ) ;
#6899 = ADVANCED_FACE ( 'NONE', ( #5425 ), #4522, .F. ) ;
#6900 = ORIENTED_EDGE ( 'NONE', *, *, #569, .T. ) ;
#6901 = CARTESIAN_POINT ( 'NONE',  ( -7.160000000000000100, 0.6999999999999999600, -3.199999999999999700 ) ) ;
#6902 = DIRECTION ( 'NONE',  ( 0.1736481776669303300, -0.9848077530122081300, -3.662708867990363600E-016 ) ) ;
#6903 = DIRECTION ( 'NONE',  ( 0.0000000000000000000, -1.000000000000000000, 0.0000000000000000000 ) ) ;
#6904 = LINE ( 'NONE', #6206, #6891 ) ;
#6905 = LINE ( 'NONE', #7423, #6915 ) ;
#6906 = ORIENTED_EDGE ( 'NONE', *, *, #3416, .F. ) ;
#6907 = CARTESIAN_POINT ( 'NONE',  ( -5.580000000000000100, 0.9499999999999998400, 4.800000000000002500 ) ) ;
#6908 = VERTEX_POINT ( 'NONE', #4551 ) ;
#6909 = VERTEX_POINT ( 'NONE', #685 ) ;
#6910 = CARTESIAN_POINT ( 'NONE',  ( 3.040000000000000000, 0.6999999999999992900, -5.550000000000002500 ) ) ;
#6911 = ADVANCED_FACE ( 'NONE', ( #3035 ), #3944, .F. ) ;
#6912 =( NAMED_UNIT ( * ) SI_UNIT ( $, .STERADIAN. ) SOLID_ANGLE_UNIT ( ) );
#6913 = CARTESIAN_POINT ( 'NONE',  ( 7.063020160610344400, 1.250000000000000000, 2.020000000000000000 ) ) ;
#6914 = CARTESIAN_POINT ( 'NONE',  ( -4.580000000000000100, 0.9499999999999995100, -4.650000000000003000 ) ) ;
#6915 = VECTOR ( 'NONE', #4331, 1000.000000000000000 ) ;
#6916 = ORIENTED_EDGE ( 'NONE', *, *, #31, .F. ) ;
#6917 = CARTESIAN_POINT ( 'NONE',  ( -7.467958014976538500, 7.106249156507397300, 4.388743794806705600 ) ) ;
#6918 = AXIS2_PLACEMENT_3D ( 'NONE', #7277, #7305, #6471 ) ;
#6919 = CARTESIAN_POINT ( 'NONE',  ( 7.451999083406091600, 7.106756039932231600, 4.427227224764832800 ) ) ;
#6920 = CARTESIAN_POINT ( 'NONE',  ( -2.039999999999999600, -4.258936691357909700E-017, -5.550000000000002500 ) ) ;
#6921 = PRESENTATION_LAYER_ASSIGNMENT (  '', '', ( #7124 ) ) ;
#6922 = VECTOR ( 'NONE', #359, 1000.000000000000000 ) ;
#6923 = DIRECTION ( 'NONE',  ( 0.0000000000000000000, 0.0000000000000000000, -1.000000000000000000 ) ) ;
#6924 = PLANE ( 'NONE',  #5310 ) ;
#6925 = DIRECTION ( 'NONE',  ( 0.0000000000000000000, 0.0000000000000000000, -1.000000000000000000 ) ) ;
#6926 = PRESENTATION_STYLE_ASSIGNMENT (( #7941 ) ) ;
#6927 = CYLINDRICAL_SURFACE ( 'NONE', #701, 1.250000000000000000 ) ;
#6928 = EDGE_CURVE ( 'NONE', #5948, #4033, #411, .T. ) ;
#6929 = CARTESIAN_POINT ( 'NONE',  ( -7.119999999999999200, 1.300000000000000000, 3.199999999999999700 ) ) ;
#6930 = STYLED_ITEM ( 'NONE', ( #8105 ), #7586 ) ;
#6931 = CARTESIAN_POINT ( 'NONE',  ( -7.119999999999999200, 1.300000000000000000, -2.069999999999999800 ) ) ;
#6932 = VERTEX_POINT ( 'NONE', #7065 ) ;
#6933 = SURFACE_STYLE_FILL_AREA ( #3724 ) ;
#6934 =( GEOMETRIC_REPRESENTATION_CONTEXT ( 3 ) GLOBAL_UNCERTAINTY_ASSIGNED_CONTEXT ( ( #4572 ) ) GLOBAL_UNIT_ASSIGNED_CONTEXT ( ( #2577, #6998, #3244 ) ) REPRESENTATION_CONTEXT ( 'NONE', 'WORKASPACE' ) );
#6935 = CARTESIAN_POINT ( 'NONE',  ( 2.290000000000000000, -0.2500000000000001100, -6.000000000000001800 ) ) ;
#6936 = EDGE_CURVE ( 'NONE', #7282, #5975, #287, .T. ) ;
#6937 = VECTOR ( 'NONE', #1720, 1000.000000000000000 ) ;
#6938 = CARTESIAN_POINT ( 'NONE',  ( -7.364424305636713800, 7.275793423258789100, -4.323478850238081400 ) ) ;
#6939 = ORIENTED_EDGE ( 'NONE', *, *, #2077, .F. ) ;
#6940 = ADVANCED_FACE ( 'NONE', ( #4225 ), #7397, .T. ) ;
#6941 = STYLED_ITEM ( 'NONE', ( #2730 ), #2830 ) ;
#6942 = DIRECTION ( 'NONE',  ( -0.0000000000000000000, -0.0000000000000000000, 1.000000000000000000 ) ) ;
#6943 = VECTOR ( 'NONE', #4710, 1000.000000000000000 ) ;
#6944 = DIRECTION ( 'NONE',  ( 0.0000000000000000000, -1.000000000000000000, 0.0000000000000000000 ) ) ;
#6945 = CARTESIAN_POINT ( 'NONE',  ( 7.620000000000000100, 1.300000000000000000, -3.200000000000001500 ) ) ;
#6946 = LINE ( 'NONE', #7400, #6937 ) ;
#6947 = ORIENTED_EDGE ( 'NONE', *, *, #2683, .T. ) ;
#6948 = DIRECTION ( 'NONE',  ( 0.0000000000000000000, 0.0000000000000000000, -1.000000000000000000 ) ) ;
#6949 = VERTEX_POINT ( 'NONE', #6863 ) ;
#6950 = MECHANICAL_DESIGN_GEOMETRIC_PRESENTATION_REPRESENTATION (  '', ( #7092 ), #6934 ) ;
#6951 = CARTESIAN_POINT ( 'NONE',  ( 7.320000000000001200, 1.300000000000000000, 4.349999999999999600 ) ) ;
#6952 = LINE ( 'NONE', #4927, #6768 ) ;
#6953 = CARTESIAN_POINT ( 'NONE',  ( -7.451999083367840400, 7.106756039930308700, 4.427227224830304800 ) ) ;
#6954 = EDGE_LOOP ( 'NONE', ( #1126, #1094, #1103, #1082 ) ) ;
#6955 = DIRECTION ( 'NONE',  ( -0.0000000000000000000, -0.0000000000000000000, -1.000000000000000000 ) ) ;
#6956 =( LENGTH_UNIT ( ) NAMED_UNIT ( * ) SI_UNIT ( .MILLI., .METRE. ) );
#6957 = ORIENTED_EDGE ( 'NONE', *, *, #1688, .T. ) ;
#6958 = CARTESIAN_POINT ( 'NONE',  ( -7.397223138024275000, 7.106756039930311400, 4.482001474304741600 ) ) ;
#6959 =( NAMED_UNIT ( * ) PLANE_ANGLE_UNIT ( ) SI_UNIT ( $, .RADIAN. ) );
#6960 = ORIENTED_EDGE ( 'NONE', *, *, #20, .T. ) ;
#6961 = ORIENTED_EDGE ( 'NONE', *, *, #5474, .F. ) ;
#6962 = CARTESIAN_POINT ( 'NONE',  ( -7.333153925914143800, 7.287553726056484200, -4.342262582788032800 ) ) ;
#6963 = AXIS2_PLACEMENT_3D ( 'NONE', #7306, #6106, #2274 ) ;
#6964 = AXIS2_PLACEMENT_3D ( 'NONE', #1726, #6212, #2381 ) ;
#6965 = CARTESIAN_POINT ( 'NONE',  ( -7.619999999999999200, 0.1999999999999999600, -2.899999999999999900 ) ) ;
#6966 = ADVANCED_FACE ( 'NONE', ( #6544 ), #7679, .F. ) ;
#6967 = CARTESIAN_POINT ( 'NONE',  ( 7.620000000000001000, 1.300000000000000000, 2.069999999999999000 ) ) ;
#6968 = ORIENTED_EDGE ( 'NONE', *, *, #6423, .T. ) ;
#6969 = PRESENTATION_LAYER_ASSIGNMENT (  '', '', ( #7010 ) ) ;
#6970 = DIRECTION ( 'NONE',  ( 1.000000000000000000, 0.0000000000000000000, 0.0000000000000000000 ) ) ;
#6971 = EDGE_CURVE ( 'NONE', #3400, #4526, #2931, .T. ) ;
#6972 = CARTESIAN_POINT ( 'NONE',  ( 4.830000026046208800, -1.084202172485503900E-016, 5.910000000000002800 ) ) ;
#6973 = FACE_OUTER_BOUND ( 'NONE', #90, .T. ) ;
#6974 = AXIS2_PLACEMENT_3D ( 'NONE', #7308, #2179, #2246 ) ;
#6975 = ORIENTED_EDGE ( 'NONE', *, *, #4842, .F. ) ;
#6976 = COLOUR_RGB ( '',1.000000000000000000, 1.000000000000000000, 1.000000000000000000 ) ;
#6977 = LINE ( 'NONE', #2026, #6533 ) ;
#6978 = ADVANCED_FACE ( 'NONE', ( #7327 ), #3125, .T. ) ;
#6979 = CARTESIAN_POINT ( 'NONE',  ( 4.830000029889092200, -0.2500000000000001100, 6.000000000000001800 ) ) ;
#6980 = CARTESIAN_POINT ( 'NONE',  ( 7.314955818545618300, 7.190459303313764900, -4.476951211599482500 ) ) ;
#6981 = CARTESIAN_POINT ( 'NONE',  ( 7.407968224619264900, 7.242928007090883500, -4.334883946092384500 ) ) ;
#6982 = CARTESIAN_POINT ( 'NONE',  ( 5.580000000000001000, 0.9499999999999998400, 4.800000000000001600 ) ) ;
#6983 = VECTOR ( 'NONE', #4924, 1000.000000000000000 ) ;
#6984 = VERTEX_POINT ( 'NONE', #3781 ) ;
#6985 = EDGE_CURVE ( 'NONE', #7097, #451, #1303, .T. ) ;
#6986 =( NAMED_UNIT ( * ) SI_UNIT ( $, .STERADIAN. ) SOLID_ANGLE_UNIT ( ) );
#6987 = VERTEX_POINT ( 'NONE', #574 ) ;
#6988 = DIRECTION ( 'NONE',  ( 1.000000000000000000, -0.0000000000000000000, -0.0000000000000000000 ) ) ;
#6989 = LINE ( 'NONE', #4169, #2124 ) ;
#6990 = CARTESIAN_POINT ( 'NONE',  ( -7.619999999999999200, 1.300000000000000000, 4.349999999999999600 ) ) ;
#6991 = VECTOR ( 'NONE', #4673, 1000.000000000000000 ) ;
#6992 = CARTESIAN_POINT ( 'NONE',  ( -7.299395760572875400, 7.294133808270196100, -4.344004647355655300 ) ) ;
#6993 = ORIENTED_EDGE ( 'NONE', *, *, #5317, .T. ) ;
#6994 = PLANE ( 'NONE',  #1096 ) ;
#6995 = EDGE_LOOP ( 'NONE', ( #7398, #5183, #6826, #7287 ) ) ;
#6996 = PRESENTATION_LAYER_ASSIGNMENT (  '', '', ( #7092 ) ) ;
#6997 = LINE ( 'NONE', #2345, #6202 ) ;
#6998 =( NAMED_UNIT ( * ) PLANE_ANGLE_UNIT ( ) SI_UNIT ( $, .RADIAN. ) );
#6999 = COLOUR_RGB ( '',1.000000000000000000, 1.000000000000000000, 1.000000000000000000 ) ;
#7000 = ORIENTED_EDGE ( 'NONE', *, *, #4120, .F. ) ;
#7001 = DIRECTION ( 'NONE',  ( 0.4472135954999573200, 0.0000000000000000000, -0.8944271909999161900 ) ) ;
#7002 = FILL_AREA_STYLE_COLOUR ( '', #3133 ) ;
#7003 = ORIENTED_EDGE ( 'NONE', *, *, #4, .F. ) ;
#7004 = VERTEX_POINT ( 'NONE', #1849 ) ;
#7005 = PLANE ( 'NONE',  #2118 ) ;
#7006 = DIRECTION ( 'NONE',  ( -1.330309414092643500E-016, -0.0000000000000000000, -1.000000000000000000 ) ) ;
#7007 = VECTOR ( 'NONE', #5269, 1000.000000000000000 ) ;
#7008 = CARTESIAN_POINT ( 'NONE',  ( 7.271094192904048900, 7.300000000000000700, -4.309568070390017900 ) ) ;
#7009 = SURFACE_SIDE_STYLE ('',( #5535 ) ) ;
#7010 = STYLED_ITEM ( 'NONE', ( #5229 ), #4600 ) ;
#7011 = FILL_AREA_STYLE_COLOUR ( '', #5977 ) ;
#7012 = CARTESIAN_POINT ( 'NONE',  ( 7.620000000000001000, 1.300000000000000000, 4.349999999999999600 ) ) ;
#7013 = VERTEX_POINT ( 'NONE', #4423 ) ;
#7014 = ADVANCED_FACE ( 'NONE', ( #1316 ), #2647, .T. ) ;
#7015 = CARTESIAN_POINT ( 'NONE',  ( 7.620000000000000100, 0.0000000000000000000, -4.350000000000001400 ) ) ;
#7016 = LINE ( 'NONE', #6100, #218 ) ;
#7017 = VECTOR ( 'NONE', #4685, 1000.000000000000000 ) ;
#7018 = CARTESIAN_POINT ( 'NONE',  ( 7.343092503137884600, 7.285445309556257200, 4.331423792665618500 ) ) ;
#7019 = CARTESIAN_POINT ( 'NONE',  ( -7.620000000000000100, 1.300000000000000000, -4.350000000000001400 ) ) ;
#7020 = VECTOR ( 'NONE', #390, 1000.000000000000000 ) ;
#7021 = DIRECTION ( 'NONE',  ( -1.865294060190115700E-016, 1.057860829179710500E-015, -1.000000000000000000 ) ) ;
#7022 = EDGE_LOOP ( 'NONE', ( #6939, #662, #326, #769, #487, #7901 ) ) ;
#7023 = CARTESIAN_POINT ( 'NONE',  ( -7.280766672595827800, 7.294426546386725700, -4.346194075748838000 ) ) ;
#7024 = DIRECTION ( 'NONE',  ( 0.4472135954999566500, 0.0000000000000000000, 0.8944271909999165200 ) ) ;
#7025 = ADVANCED_FACE ( 'NONE', ( #2833 ), #2548, .T. ) ;
#7026 =( NAMED_UNIT ( * ) PLANE_ANGLE_UNIT ( ) SI_UNIT ( $, .RADIAN. ) );
#7027 = DIRECTION ( 'NONE',  ( -1.000000000000000000, -0.0000000000000000000, -0.0000000000000000000 ) ) ;
#7028 = ORIENTED_EDGE ( 'NONE', *, *, #8215, .F. ) ;
#7029 =( LENGTH_UNIT ( ) NAMED_UNIT ( * ) SI_UNIT ( .MILLI., .METRE. ) );
#7030 = VECTOR ( 'NONE', #264, 1000.000000000000000 ) ;
#7031 = FACE_OUTER_BOUND ( 'NONE', #6799, .T. ) ;
#7032 = LINE ( 'NONE', #4704, #6943 ) ;
#7033 = CARTESIAN_POINT ( 'NONE',  ( 3.040000000000000000, 0.9499999999999994000, -5.550000000000002500 ) ) ;
#7034 = CARTESIAN_POINT ( 'NONE',  ( -5.580000000000000100, 0.9499999999999998400, 4.649999999999999500 ) ) ;
#7035 = CARTESIAN_POINT ( 'NONE',  ( 7.347920757590744100, 7.283863995693558000, 4.325920377769644000 ) ) ;
#7036 = VECTOR ( 'NONE', #2040, 1000.000000000000000 ) ;
#7037 = ORIENTED_EDGE ( 'NONE', *, *, #2362, .T. ) ;
#7038 = EDGE_CURVE ( 'NONE', #1846, #5789, #2657, .T. ) ;
#7039 = ORIENTED_EDGE ( 'NONE', *, *, #8175, .F. ) ;
#7040 = CARTESIAN_POINT ( 'NONE',  ( 7.161822484923008300, 1.250000000000000000, -2.020000000000000000 ) ) ;
#7041 = LINE ( 'NONE', #4152, #6847 ) ;
#7042 = DIRECTION ( 'NONE',  ( 0.0000000000000000000, -1.828634731526980300E-016, -1.000000000000000000 ) ) ;
#7043 =( GEOMETRIC_REPRESENTATION_CONTEXT ( 3 ) GLOBAL_UNCERTAINTY_ASSIGNED_CONTEXT ( ( #4697 ) ) GLOBAL_UNIT_ASSIGNED_CONTEXT ( ( #2874, #6735, #7150 ) ) REPRESENTATION_CONTEXT ( 'NONE', 'WORKASPACE' ) );
#7044 = CARTESIAN_POINT ( 'NONE',  ( 7.119999999999999200, 1.300000000000000000, -0.6700000000000013700 ) ) ;
#7045 = DIRECTION ( 'NONE',  ( 0.0000000000000000000, 0.0000000000000000000, -1.000000000000000000 ) ) ;
#7046 = LINE ( 'NONE', #5561, #6189 ) ;
#7047 = ORIENTED_EDGE ( 'NONE', *, *, #4431, .T. ) ;
#7048 = ADVANCED_FACE ( 'NONE', ( #2815 ), #4480, .T. ) ;
#7049 = ORIENTED_EDGE ( 'NONE', *, *, #7971, .F. ) ;
#7050 = DIRECTION ( 'NONE',  ( 1.000000000000000000, 0.0000000000000000000, -0.0000000000000000000 ) ) ;
#7051 = CARTESIAN_POINT ( 'NONE',  ( 7.467680576364495300, 7.116844109650927800, 4.350000517603374900 ) ) ;
#7052 = VECTOR ( 'NONE', #4621, 1000.000000000000000 ) ;
#7053 = CARTESIAN_POINT ( 'NONE',  ( -7.278111721715293700, 7.299999999999999800, -4.302511179680562000 ) ) ;
#7054 = DIRECTION ( 'NONE',  ( 1.000000000000000000, -0.0000000000000000000, -0.0000000000000000000 ) ) ;
#7055 = CARTESIAN_POINT ( 'NONE',  ( -7.460000000000000000, 0.8599999999999999900, 2.020000000000000000 ) ) ;
#7056 = VECTOR ( 'NONE', #2871, 1000.000000000000000 ) ;
#7057 = ORIENTED_EDGE ( 'NONE', *, *, #3608, .T. ) ;
#7058 =( NAMED_UNIT ( * ) SI_UNIT ( $, .STERADIAN. ) SOLID_ANGLE_UNIT ( ) );
#7059 = VERTEX_POINT ( 'NONE', #7624 ) ;
#7060 =( LENGTH_UNIT ( ) NAMED_UNIT ( * ) SI_UNIT ( .MILLI., .METRE. ) );
#7061 = DIRECTION ( 'NONE',  ( -0.4472135954999567100, 0.0000000000000000000, 0.8944271909999164100 ) ) ;
#7062 = UNCERTAINTY_MEASURE_WITH_UNIT (LENGTH_MEASURE( 1.000000000000000100E-005 ), #2398, 'distance_accuracy_value', 'NONE');
#7063 = LINE ( 'NONE', #5719, #7086 ) ;
#7064 = AXIS2_PLACEMENT_3D ( 'NONE', #4456, #1886, #6370 ) ;
#7065 = CARTESIAN_POINT ( 'NONE',  ( -5.330000000000001000, 0.0000000000000000000, -5.550000000000002500 ) ) ;
#7066 = ORIENTED_EDGE ( 'NONE', *, *, #7918, .F. ) ;
#7067 = ADVANCED_FACE ( 'NONE', ( #5408 ), #6994, .T. ) ;
#7068 = DIRECTION ( 'NONE',  ( 0.0000000000000000000, 1.000000000000000000, 0.0000000000000000000 ) ) ;
#7069 = DIRECTION ( 'NONE',  ( 0.0000000000000000000, 0.0000000000000000000, 1.000000000000000000 ) ) ;
#7070 = ORIENTED_EDGE ( 'NONE', *, *, #7802, .F. ) ;
#7071 = LINE ( 'NONE', #7599, #1172 ) ;
#7072 = CARTESIAN_POINT ( 'NONE',  ( 7.320000000000001200, 7.105235389661575400, 4.497984561395652400 ) ) ;
#7073 = VECTOR ( 'NONE', #2512, 1000.000000000000000 ) ;
#7074 = CARTESIAN_POINT ( 'NONE',  ( -7.268053096400543600, 7.299999999999999800, -4.298053096400542100 ) ) ;
#7075 = PLANE ( 'NONE',  #6441 ) ;
#7076 = PLANE ( 'NONE',  #629 ) ;
#7077 = VERTEX_POINT ( 'NONE', #3897 ) ;
#7078 = ORIENTED_EDGE ( 'NONE', *, *, #1165, .F. ) ;
#7079 = PLANE ( 'NONE',  #6399 ) ;
#7080 = VECTOR ( 'NONE', #2078, 1000.000000000000000 ) ;
#7081 = CARTESIAN_POINT ( 'NONE',  ( 7.119999999999999200, 0.4999999999999997800, 3.199999999999998000 ) ) ;
#7082 = CARTESIAN_POINT ( 'NONE',  ( 7.339417166743121600, 7.105743497656090000, 4.497971256119559100 ) ) ;
#7083 = VERTEX_POINT ( 'NONE', #8246 ) ;
#7084 = CARTESIAN_POINT ( 'NONE',  ( 7.467971256119559700, 7.105743497656090000, -4.369417166743126300 ) ) ;
#7085 = MECHANICAL_DESIGN_GEOMETRIC_PRESENTATION_REPRESENTATION (  '', ( #7193 ), #7043 ) ;
#7086 = VECTOR ( 'NONE', #1211, 1000.000000000000000 ) ;
#7087 = ORIENTED_EDGE ( 'NONE', *, *, #361, .T. ) ;
#7088 = CARTESIAN_POINT ( 'NONE',  ( 7.460000000000000000, 0.6999999999999999600, -2.020000000000000000 ) ) ;
#7089 =( NAMED_UNIT ( * ) PLANE_ANGLE_UNIT ( ) SI_UNIT ( $, .RADIAN. ) );
#7090 = DIRECTION ( 'NONE',  ( -0.4472135954999566500, 1.077488781791352300E-016, -0.8944271909999165200 ) ) ;
#7091 = PRODUCT_CONTEXT ( 'NONE', #3311, 'mechanical' ) ;
#7092 = STYLED_ITEM ( 'NONE', ( #3602 ), #5662 ) ;
#7093 = CARTESIAN_POINT ( 'NONE',  ( -7.437882273575498400, 7.201753365155061800, 4.376273657166242600 ) ) ;
#7094 = EDGE_CURVE ( 'NONE', #3256, #4033, #2462, .T. ) ;
#7095 = ORIENTED_EDGE ( 'NONE', *, *, #5385, .F. ) ;
#7096 = COLOUR_RGB ( '',1.000000000000000000, 1.000000000000000000, 1.000000000000000000 ) ;
#7097 = VERTEX_POINT ( 'NONE', #3240 ) ;
#7098 = CARTESIAN_POINT ( 'NONE',  ( -4.830000000000000100, 3.049999999999999800, -6.000000000000001800 ) ) ;
#7099 = CARTESIAN_POINT ( 'NONE',  ( 7.358721665252574000, 7.106144389897950800, 4.493976214670827800 ) ) ;
#7100 = FILL_AREA_STYLE ('',( #2786 ) ) ;
#7101 = CARTESIAN_POINT ( 'NONE',  ( -4.830000000000000100, -0.2500000000000001100, -6.000000000000001800 ) ) ;
#7102 = LINE ( 'NONE', #3492, #8200 ) ;
#7103 = DIRECTION ( 'NONE',  ( 0.0000000000000000000, -1.000000000000000000, 1.204669080539449800E-016 ) ) ;
#7104 = ADVANCED_FACE ( 'NONE', ( #2451 ), #5821, .T. ) ;
#7105 = CARTESIAN_POINT ( 'NONE',  ( -2.790000000000000000, 0.6999999999999992900, -5.300000000000002500 ) ) ;
#7106 = COLOUR_RGB ( '',1.000000000000000000, 1.000000000000000000, 1.000000000000000000 ) ;
#7107 = ORIENTED_EDGE ( 'NONE', *, *, #5785, .F. ) ;
#7108 = ORIENTED_EDGE ( 'NONE', *, *, #913, .T. ) ;
#7109 = ORIENTED_EDGE ( 'NONE', *, *, #1191, .T. ) ;
#7110 = PRESENTATION_LAYER_ASSIGNMENT (  '', '', ( #7193 ) ) ;
#7111 = DIRECTION ( 'NONE',  ( 0.0000000000000000000, -1.000000000000000000, 0.0000000000000000000 ) ) ;
#7112 = CARTESIAN_POINT ( 'NONE',  ( 7.394470379107756000, 7.106692120384179700, 4.479144484194736500 ) ) ;
#7113 = LINE ( 'NONE', #4676, #7017 ) ;
#7114 = CARTESIAN_POINT ( 'NONE',  ( 7.338449773277492500, 7.132015091984804700, -4.495850739573830500 ) ) ;
#7115 = FACE_OUTER_BOUND ( 'NONE', #5346, .T. ) ;
#7116 = EDGE_LOOP ( 'NONE', ( #3245, #3315, #3324, #3334 ) ) ;
#7117 = VERTEX_POINT ( 'NONE', #5179 ) ;
#7118 = PLANE ( 'NONE',  #1897 ) ;
#7119 = VECTOR ( 'NONE', #156, 1000.000000000000000 ) ;
#7120 = CARTESIAN_POINT ( 'NONE',  ( 7.160000000000000100, 0.6999999999999999600, 0.7200000000000002000 ) ) ;
#7121 = FILL_AREA_STYLE_COLOUR ( '', #7696 ) ;
#7122 = CARTESIAN_POINT ( 'NONE',  ( -7.416452235892079700, 7.234265163963178800, 4.337093392809612700 ) ) ;
#7123 = CYLINDRICAL_SURFACE ( 'NONE', #7388, 0.1999999999999996500 ) ;
#7124 = STYLED_ITEM ( 'NONE', ( #1718 ), #6601 ) ;
#7125 = FACE_OUTER_BOUND ( 'NONE', #2383, .T. ) ;
#7126 = CARTESIAN_POINT ( 'NONE',  ( 5.330000000000001000, 0.6999999999999992900, -5.550000000000002500 ) ) ;
#7127 =( NAMED_UNIT ( * ) SI_UNIT ( $, .STERADIAN. ) SOLID_ANGLE_UNIT ( ) );
#7128 = FILL_AREA_STYLE ('',( #5887 ) ) ;
#7129 = VERTEX_POINT ( 'NONE', #2626 ) ;
#7130 = CARTESIAN_POINT ( 'NONE',  ( -7.401899877122359900, 7.166370870044994000, 4.458041258839180900 ) ) ;
#7131 = CONICAL_SURFACE ( 'NONE', #6222, 0.2999999999999999300, 0.02617993877991500000 ) ;
#7132 = LINE ( 'NONE', #4607, #7052 ) ;
#7133 = DIRECTION ( 'NONE',  ( 0.0000000000000000000, 0.0000000000000000000, 1.000000000000000000 ) ) ;
#7134 = CARTESIAN_POINT ( 'NONE',  ( 5.580000000000001000, 0.9499999999999998400, 4.650000000000003000 ) ) ;
#7135 = ORIENTED_EDGE ( 'NONE', *, *, #5654, .F. ) ;
#7136 = CARTESIAN_POINT ( 'NONE',  ( 7.410914594453482000, 7.106838958628546100, 4.468307795167376600 ) ) ;
#7137 = VERTEX_POINT ( 'NONE', #7055 ) ;
#7138 = CARTESIAN_POINT ( 'NONE',  ( 7.401899877122137800, 7.166370870044198100, -4.458041258839141800 ) ) ;
#7139 = CARTESIAN_POINT ( 'NONE',  ( -4.580000000000000100, -0.2500000000000001100, 5.910000000000002800 ) ) ;
#7140 = EDGE_CURVE ( 'NONE', #7663, #3713, #2472, .T. ) ;
#7141 = ADVANCED_FACE ( 'NONE', ( #2441 ), #3273, .F. ) ;
#7142 = VECTOR ( 'NONE', #7235, 1000.000000000000000 ) ;
#7143 = ORIENTED_EDGE ( 'NONE', *, *, #3938, .T. ) ;
#7144 = ORIENTED_EDGE ( 'NONE', *, *, #3922, .T. ) ;
#7145 = PLANE ( 'NONE',  #2421 ) ;
#7146 = AXIS2_PLACEMENT_3D ( 'NONE', #130, #2737, #1547 ) ;
#7147 = DIRECTION ( 'NONE',  ( 1.000000000000000000, 0.0000000000000000000, -9.326470300950576100E-017 ) ) ;
#7148 = LINE ( 'NONE', #4953, #6922 ) ;
#7149 = CARTESIAN_POINT ( 'NONE',  ( -7.411209714273817400, 7.240072691651199900, 4.348578479503416400 ) ) ;
#7150 =( NAMED_UNIT ( * ) SI_UNIT ( $, .STERADIAN. ) SOLID_ANGLE_UNIT ( ) );
#7151 = CARTESIAN_POINT ( 'NONE',  ( -7.063020160610344400, 1.250000000000000000, 2.020000000000000000 ) ) ;
#7152 = AXIS2_PLACEMENT_3D ( 'NONE', #2496, #580, #5068 ) ;
#7153 = CARTESIAN_POINT ( 'NONE',  ( -6.269999999999999600, 0.6999999999999998400, -3.259999999999999300 ) ) ;
#7154 = ADVANCED_FACE ( 'NONE', ( #2419 ), #7076, .F. ) ;
#7155 = CARTESIAN_POINT ( 'NONE',  ( -7.320000543220050600, 7.129786719094299000, -4.497341662208710600 ) ) ;
#7156 = CARTESIAN_POINT ( 'NONE',  ( 7.063020160610344400, 1.250000000000000000, -0.7200000000000002000 ) ) ;
#7157 = CARTESIAN_POINT ( 'NONE',  ( -7.119999999999998300, 0.1999999999999999800, 2.899999999999999900 ) ) ;
#7158 = CARTESIAN_POINT ( 'NONE',  ( -7.620000000000000100, 1.300000000000000000, -4.650000000000001200 ) ) ;
#7159 =( NAMED_UNIT ( * ) PLANE_ANGLE_UNIT ( ) SI_UNIT ( $, .RADIAN. ) );
#7160 = LINE ( 'NONE', #3734, #42 ) ;
#7161 = ORIENTED_EDGE ( 'NONE', *, *, #1130, .F. ) ;
#7162 = DIRECTION ( 'NONE',  ( 0.0000000000000000000, 0.0000000000000000000, -1.000000000000000000 ) ) ;
#7163 = ADVANCED_FACE ( 'NONE', ( #3945 ), #45, .F. ) ;
#7164 = CARTESIAN_POINT ( 'NONE',  ( 7.449928076920560500, 7.175951757414575900, -4.381821767932302200 ) ) ;
#7165 = FILL_AREA_STYLE ('',( #6842 ) ) ;
#7166 = AXIS2_PLACEMENT_3D ( 'NONE', #5197, #5840, #1985 ) ;
#7167 = ORIENTED_EDGE ( 'NONE', *, *, #3980, .F. ) ;
#7168 = PLANE ( 'NONE',  #1700 ) ;
#7169 = CARTESIAN_POINT ( 'NONE',  ( 7.160000000000000100, 0.6899999999999999500, -3.259999999999999800 ) ) ;
#7170 = ADVANCED_FACE ( 'NONE', ( #2315 ), #6761, .T. ) ;
#7171 = LINE ( 'NONE', #1517, #5637 ) ;
#7172 = ORIENTED_EDGE ( 'NONE', *, *, #2944, .F. ) ;
#7173 = FACE_OUTER_BOUND ( 'NONE', #6332, .T. ) ;
#7174 = CARTESIAN_POINT ( 'NONE',  ( -7.404624796896340100, 7.244428336894031900, 4.359845320610094000 ) ) ;
#7175 = VERTEX_POINT ( 'NONE', #5253 ) ;
#7176 = CARTESIAN_POINT ( 'NONE',  ( -7.319999999999999400, 7.105235389661575400, 4.497984561395653300 ) ) ;
#7177 = PRESENTATION_STYLE_ASSIGNMENT (( #4132 ) ) ;
#7178 = DIRECTION ( 'NONE',  ( -1.000000000000000000, 0.0000000000000000000, 0.0000000000000000000 ) ) ;
#7179 = COLOUR_RGB ( '',1.000000000000000000, 1.000000000000000000, 1.000000000000000000 ) ;
#7180 = CARTESIAN_POINT ( 'NONE',  ( -7.305751038918757900, 7.239611772278983000, -4.441301829420567100 ) ) ;
#7181 = ORIENTED_EDGE ( 'NONE', *, *, #1326, .F. ) ;
#7182 =( NAMED_UNIT ( * ) SI_UNIT ( $, .STERADIAN. ) SOLID_ANGLE_UNIT ( ) );
#7183 = DIRECTION ( 'NONE',  ( -1.000000000000000000, -0.0000000000000000000, 0.0000000000000000000 ) ) ;
#7184 = CARTESIAN_POINT ( 'NONE',  ( 4.580000000000001000, 0.6999999999999994000, -4.650000000000003000 ) ) ;
#7185 = VECTOR ( 'NONE', #4404, 1000.000000000000100 ) ;
#7186 = PLANE ( 'NONE',  #1551 ) ;
#7187 = CARTESIAN_POINT ( 'NONE',  ( -7.463976214695726700, 7.106144389899109900, -4.388721665271925900 ) ) ;
#7188 = ORIENTED_EDGE ( 'NONE', *, *, #770, .T. ) ;
#7189 = CARTESIAN_POINT ( 'NONE',  ( 7.160000000000000100, 0.4999999999999998900, -2.900000000000001200 ) ) ;
#7190 = EDGE_CURVE ( 'NONE', #3326, #3256, #6504, .T. ) ;
#7191 = CARTESIAN_POINT ( 'NONE',  ( 7.313307157225000100, 7.202265325486606300, -4.470492519791067200 ) ) ;
#7192 = ORIENTED_EDGE ( 'NONE', *, *, #5291, .T. ) ;
#7193 = STYLED_ITEM ( 'NONE', ( #1911 ), #2715 ) ;
#7194 = AXIS2_PLACEMENT_3D ( 'NONE', #7280, #5461, #1597 ) ;
#7195 =( NAMED_UNIT ( * ) PLANE_ANGLE_UNIT ( ) SI_UNIT ( $, .RADIAN. ) );
#7196 = ADVANCED_FACE ( 'NONE', ( #3752 ), #2045, .T. ) ;
#7197 = STYLED_ITEM ( 'NONE', ( #6829 ), #1197 ) ;
#7198 = EDGE_LOOP ( 'NONE', ( #8188, #8128, #8193, #3846, #3854, #3881 ) ) ;
#7199 = LINE ( 'NONE', #7463, #6642 ) ;
#7200 = DIRECTION ( 'NONE',  ( 1.000000000000000000, 0.0000000000000000000, 0.0000000000000000000 ) ) ;
#7201 = DIRECTION ( 'NONE',  ( -1.000000000000000000, 0.0000000000000000000, -0.0000000000000000000 ) ) ;
#7202 = ORIENTED_EDGE ( 'NONE', *, *, #4401, .T. ) ;
#7203 = VERTEX_POINT ( 'NONE', #2081 ) ;
#7204 = CARTESIAN_POINT ( 'NONE',  ( -4.830000000000000100, 1.724059192313015100E-016, -5.550000000000002500 ) ) ;
#7205 = CARTESIAN_POINT ( 'NONE',  ( -7.389332246022295400, 7.250235863274094000, 4.381380436366043800 ) ) ;
#7206 = EDGE_CURVE ( 'NONE', #451, #7827, #7884, .T. ) ;
#7207 = CARTESIAN_POINT ( 'NONE',  ( 7.310385900850406000, 7.218767909189404400, 4.459155590139094000 ) ) ;
#7208 = AXIS2_PLACEMENT_3D ( 'NONE', #2769, #1588, #2415 ) ;
#7209 = COLOUR_RGB ( '',1.000000000000000000, 1.000000000000000000, 1.000000000000000000 ) ;
#7210 = VERTEX_POINT ( 'NONE', #6549 ) ;
#7211 = SURFACE_STYLE_USAGE ( .BOTH. , #2811 ) ;
#7212 = CARTESIAN_POINT ( 'NONE',  ( 7.619999999999999200, 0.0000000000000000000, -1.421354073864867800E-015 ) ) ;
#7213 = VECTOR ( 'NONE', #6773, 1000.000000000000000 ) ;
#7214 = UNCERTAINTY_MEASURE_WITH_UNIT (LENGTH_MEASURE( 1.000000000000000100E-005 ), #7377, 'distance_accuracy_value', 'NONE');
#7215 = DIRECTION ( 'NONE',  ( -1.000000000000000000, 0.0000000000000000000, -0.0000000000000000000 ) ) ;
#7216 = CARTESIAN_POINT ( 'NONE',  ( -7.410723406666528800, 7.118445683011416700, -4.468069157102797300 ) ) ;
#7217 = ORIENTED_EDGE ( 'NONE', *, *, #5104, .T. ) ;
#7218 = LINE ( 'NONE', #1034, #7213 ) ;
#7219 = CARTESIAN_POINT ( 'NONE',  ( 7.360185625134447700, 7.236116482238337300, -4.432036029648478400 ) ) ;
#7220 =( LENGTH_UNIT ( ) NAMED_UNIT ( * ) SI_UNIT ( .MILLI., .METRE. ) );
#7221 = CARTESIAN_POINT ( 'NONE',  ( 7.160000000000000100, 0.6999999999999999600, 2.020000000000000000 ) ) ;
#7222 = VECTOR ( 'NONE', #7006, 1000.000000000000000 ) ;
#7223 = ORIENTED_EDGE ( 'NONE', *, *, #7140, .T. ) ;
#7224 = CARTESIAN_POINT ( 'NONE',  ( 7.460000000000000000, 0.6999999999999999600, 2.020000000000000000 ) ) ;
#7225 = VECTOR ( 'NONE', #2860, 1000.000000000000000 ) ;
#7226 = AXIS2_PLACEMENT_3D ( 'NONE', #3976, #41, #4585 ) ;
#7227 = DIRECTION ( 'NONE',  ( 0.0000000000000000000, 0.0000000000000000000, -1.000000000000000000 ) ) ;
#7228 = CARTESIAN_POINT ( 'NONE',  ( -7.380624612525731500, 7.251687744411325900, 4.391648711015311500 ) ) ;
#7229 = FILL_AREA_STYLE ('',( #7790 ) ) ;
#7230 = AXIS2_PLACEMENT_3D ( 'NONE', #7930, #4224, #327 ) ;
#7231 = ORIENTED_EDGE ( 'NONE', *, *, #3692, .T. ) ;
#7232 =( GEOMETRIC_REPRESENTATION_CONTEXT ( 3 ) GLOBAL_UNCERTAINTY_ASSIGNED_CONTEXT ( ( #5453 ) ) GLOBAL_UNIT_ASSIGNED_CONTEXT ( ( #434, #4932, #1071 ) ) REPRESENTATION_CONTEXT ( 'NONE', 'WORKASPACE' ) );
#7233 = DIRECTION ( 'NONE',  ( 1.000000000000000000, 0.0000000000000000000, 0.0000000000000000000 ) ) ;
#7234 = VECTOR ( 'NONE', #4596, 1000.000000000000000 ) ;
#7235 = DIRECTION ( 'NONE',  ( -1.000000000000000000, 0.0000000000000000000, 0.0000000000000000000 ) ) ;
#7236 = CARTESIAN_POINT ( 'NONE',  ( -4.580000000000000100, 2.168404344971008900E-016, -5.300000000000002500 ) ) ;
#7237 = SURFACE_STYLE_USAGE ( .BOTH. , #7268 ) ;
#7238 = FILL_AREA_STYLE_COLOUR ( '', #941 ) ;
#7239 = LINE ( 'NONE', #4247, #5944 ) ;
#7240 = VERTEX_POINT ( 'NONE', #3407 ) ;
#7241 = EDGE_CURVE ( 'NONE', #7083, #6215, #2062, .T. ) ;
#7242 = CARTESIAN_POINT ( 'NONE',  ( -7.338449773226632700, 7.132015091386440600, -4.495850739656798800 ) ) ;
#7243 = ADVANCED_FACE ( 'NONE', ( #7534 ), #5315, .F. ) ;
#7244 = VERTEX_POINT ( 'NONE', #5912 ) ;
#7245 = CARTESIAN_POINT ( 'NONE',  ( 7.397856597820200400, 7.241024789573297800, -4.387194848932683300 ) ) ;
#7246 = EDGE_CURVE ( 'NONE', #6134, #2175, #1854, .T. ) ;
#7247 = DIRECTION ( 'NONE',  ( -0.0000000000000000000, 1.000000000000000000, -0.0000000000000000000 ) ) ;
#7248 = CYLINDRICAL_SURFACE ( 'NONE', #3241, 0.2999999999999999300 ) ;
#7249 = LINE ( 'NONE', #2409, #7345 ) ;
#7250 = CARTESIAN_POINT ( 'NONE',  ( -7.361648704812862000, 7.251687743364954000, 4.410624618573277400 ) ) ;
#7251 = CARTESIAN_POINT ( 'NONE',  ( 5.330000000000001000, -0.2500000000000001100, -5.910000000000002800 ) ) ;
#7252 = CARTESIAN_POINT ( 'NONE',  ( 5.639999999999999700, 0.9499999999999998400, 4.680000000000002400 ) ) ;
#7253 = DIRECTION ( 'NONE',  ( 0.0000000000000000000, -1.000000000000000000, 0.0000000000000000000 ) ) ;
#7254 = CARTESIAN_POINT ( 'NONE',  ( -5.330000000000001000, 3.049999999999999800, -5.300000000000002500 ) ) ;
#7255 = CARTESIAN_POINT ( 'NONE',  ( 5.580000000000001000, 0.6999999999999992900, -5.550000000000002500 ) ) ;
#7256 = ORIENTED_EDGE ( 'NONE', *, *, #5212, .T. ) ;
#7257 = DIRECTION ( 'NONE',  ( 0.0000000000000000000, -1.000000000000000000, 0.0000000000000000000 ) ) ;
#7258 = LINE ( 'NONE', #1298, #2 ) ;
#7259 = CARTESIAN_POINT ( 'NONE',  ( -7.455269228636065100, 7.171798978963487100, -4.364889758814118900 ) ) ;
#7260 = COLOUR_RGB ( '',1.000000000000000000, 1.000000000000000000, 1.000000000000000000 ) ;
#7261 = CARTESIAN_POINT ( 'NONE',  ( 7.416452235892020200, 7.234265163963208100, -4.337093392809652700 ) ) ;
#7262 = AXIS2_PLACEMENT_3D ( 'NONE', #5791, #1934, #6414 ) ;
#7263 = DIRECTION ( 'NONE',  ( -1.865294060190115200E-016, -0.0000000000000000000, -1.000000000000000000 ) ) ;
#7264 = EDGE_LOOP ( 'NONE', ( #3029, #7496, #3716, #3711 ) ) ;
#7265 = CARTESIAN_POINT ( 'NONE',  ( 4.830000010674678100, 0.0000000000000000000, 5.550000000000002500 ) ) ;
#7266 = ORIENTED_EDGE ( 'NONE', *, *, #7812, .F. ) ;
#7267 = DIRECTION ( 'NONE',  ( -1.000000000000000000, -0.0000000000000000000, -0.0000000000000000000 ) ) ;
#7268 = SURFACE_SIDE_STYLE ('',( #5926 ) ) ;
#7269 = CARTESIAN_POINT ( 'NONE',  ( -7.421878701609444700, 7.208207114581362000, 4.404990886922258000 ) ) ;
#7270 =( LENGTH_UNIT ( ) NAMED_UNIT ( * ) SI_UNIT ( .MILLI., .METRE. ) );
#7271 = FILL_AREA_STYLE ('',( #7349 ) ) ;
#7272 = PRESENTATION_STYLE_ASSIGNMENT (( #266 ) ) ;
#7273 = DIRECTION ( 'NONE',  ( 0.0000000000000000000, 0.0000000000000000000, -1.000000000000000000 ) ) ;
#7274 = EDGE_LOOP ( 'NONE', ( #1086, #1040, #1050, #1022 ) ) ;
#7275 =( NAMED_UNIT ( * ) PLANE_ANGLE_UNIT ( ) SI_UNIT ( $, .RADIAN. ) );
#7276 = CARTESIAN_POINT ( 'NONE',  ( -5.330000000000001000, 3.049999999999999800, -5.300000000000002500 ) ) ;
#7277 = CARTESIAN_POINT ( 'NONE',  ( 7.119999999999999200, 1.300000000000000000, -2.070000000000001200 ) ) ;
#7278 = DIRECTION ( 'NONE',  ( -1.000000000000000000, 0.0000000000000000000, 0.0000000000000000000 ) ) ;
#7279 = AXIS2_PLACEMENT_3D ( 'NONE', #6053, #2211, #6675 ) ;
#7280 = CARTESIAN_POINT ( 'NONE',  ( 7.160000000000000100, 0.6999999999999999600, -3.259999999999999800 ) ) ;
#7281 = CARTESIAN_POINT ( 'NONE',  ( -4.830000000000000100, 3.049999999999999800, -5.300000000000002500 ) ) ;
#7282 = VERTEX_POINT ( 'NONE', #6604 ) ;
#7283 = COLOUR_RGB ( '',1.000000000000000000, 1.000000000000000000, 1.000000000000000000 ) ;
#7284 = CARTESIAN_POINT ( 'NONE',  ( -7.411745955111302700, 7.209820551636964200, -4.418302048320437200 ) ) ;
#7285 = CARTESIAN_POINT ( 'NONE',  ( 7.332473622757991200, 7.272849309237294300, 4.391857276499985500 ) ) ;
#7286 = CARTESIAN_POINT ( 'NONE',  ( 7.321149593714253900, 7.261652068265647100, -4.415131229598768100 ) ) ;
#7287 = ORIENTED_EDGE ( 'NONE', *, *, #5534, .F. ) ;
#7288 = ORIENTED_EDGE ( 'NONE', *, *, #1524, .T. ) ;
#7289 = CARTESIAN_POINT ( 'NONE',  ( 7.119999999999999200, 1.300000000000000000, 2.069999999999999000 ) ) ;
#7290 = DIRECTION ( 'NONE',  ( 0.0000000000000000000, 1.777380610631973500E-016, 1.000000000000000000 ) ) ;
#7291 = UNCERTAINTY_MEASURE_WITH_UNIT (LENGTH_MEASURE( 1.000000000000000100E-005 ), #368, 'distance_accuracy_value', 'NONE');
#7292 = PLANE ( 'NONE',  #5312 ) ;
#7293 = COLOUR_RGB ( '',1.000000000000000000, 1.000000000000000000, 1.000000000000000000 ) ;
#7294 = AXIS2_PLACEMENT_3D ( 'NONE', #1793, #6290, #551 ) ;
#7295 = CARTESIAN_POINT ( 'NONE',  ( -7.351380430596556400, 7.250235861181356400, 4.419332251481972000 ) ) ;
#7296 = CARTESIAN_POINT ( 'NONE',  ( 2.290000000000000000, 1.724059192313015100E-016, -5.300000000000002500 ) ) ;
#7297 = ORIENTED_EDGE ( 'NONE', *, *, #6284, .T. ) ;
#7298 = CARTESIAN_POINT ( 'NONE',  ( -7.160000000000000100, 0.6999999999999999600, -3.259999999999999800 ) ) ;
#7299 = CARTESIAN_POINT ( 'NONE',  ( -5.330000000000001000, 0.9499999999999994000, -5.550000000000002500 ) ) ;
#7300 = CARTESIAN_POINT ( 'NONE',  ( -4.580000000000000100, -4.258936691357909700E-017, -5.550000000000002500 ) ) ;
#7301 = CARTESIAN_POINT ( 'NONE',  ( -7.358740740347509600, 7.106249156507396400, 4.497958014976538800 ) ) ;
#7302 = LINE ( 'NONE', #186, #7234 ) ;
#7303 = VECTOR ( 'NONE', #6092, 1000.000000000000000 ) ;
#7304 = PLANE ( 'NONE',  #4281 ) ;
#7305 = DIRECTION ( 'NONE',  ( -9.326470300950576100E-017, 0.0000000000000000000, -1.000000000000000000 ) ) ;
#7306 = CARTESIAN_POINT ( 'NONE',  ( -7.119999999999999200, 1.300000000000000000, 3.199999999999999700 ) ) ;
#7307 = ORIENTED_EDGE ( 'NONE', *, *, #4640, .T. ) ;
#7308 = CARTESIAN_POINT ( 'NONE',  ( -4.580000000000000100, 0.9499999999999998400, 4.650000000000003000 ) ) ;
#7309 = FACE_OUTER_BOUND ( 'NONE', #1823, .T. ) ;
#7310 = VECTOR ( 'NONE', #8108, 1000.000000000000000 ) ;
#7311 = PRESENTATION_STYLE_ASSIGNMENT (( #1315 ) ) ;
#7312 = CARTESIAN_POINT ( 'NONE',  ( -7.342257534774283600, 7.213749749555070400, -4.460370489501073600 ) ) ;
#7313 = CARTESIAN_POINT ( 'NONE',  ( 7.438307795284825600, 7.106838958627621500, 4.440914594300682700 ) ) ;
#7314 = ORIENTED_EDGE ( 'NONE', *, *, #1898, .T. ) ;
#7315 = FACE_OUTER_BOUND ( 'NONE', #6651, .T. ) ;
#7316 = CARTESIAN_POINT ( 'NONE',  ( 7.354886207896383300, 7.273875216930619600, -4.370194377764590000 ) ) ;
#7317 = LINE ( 'NONE', #2301, #3700 ) ;
#7318 = CARTESIAN_POINT ( 'NONE',  ( -7.160000000000000100, 0.1999999999999999800, -2.899999999999999900 ) ) ;
#7319 = DIRECTION ( 'NONE',  ( 4.269869874340407800E-008, -8.673617379884019700E-016, 0.9999999999999991100 ) ) ;
#7320 = ORIENTED_EDGE ( 'NONE', *, *, #5871, .T. ) ;
#7321 = DIRECTION ( 'NONE',  ( 0.0000000000000000000, 0.0000000000000000000, -1.000000000000000000 ) ) ;
#7322 = LINE ( 'NONE', #7844, #7310 ) ;
#7323 = CARTESIAN_POINT ( 'NONE',  ( -7.329845316843549300, 7.244428334278104000, 4.434624800275628300 ) ) ;
#7324 = CARTESIAN_POINT ( 'NONE',  ( 7.352579468360930900, 7.281755574941671600, 4.320361451906555800 ) ) ;
#7325 = DIRECTION ( 'NONE',  ( 1.000000000000000000, 0.0000000000000000000, 0.0000000000000000000 ) ) ;
#7326 = DIRECTION ( 'NONE',  ( 1.000000000000000000, -0.0000000000000000000, 0.0000000000000000000 ) ) ;
#7327 = FACE_OUTER_BOUND ( 'NONE', #6954, .T. ) ;
#7328 = ORIENTED_EDGE ( 'NONE', *, *, #1819, .F. ) ;
#7329 = MECHANICAL_DESIGN_GEOMETRIC_PRESENTATION_REPRESENTATION (  '', ( #7537 ), #7232 ) ;
#7330 = CARTESIAN_POINT ( 'NONE',  ( 7.449144484278382300, 7.106692120384063400, 4.424470379019716400 ) ) ;
#7331 = ORIENTED_EDGE ( 'NONE', *, *, #6936, .T. ) ;
#7332 = CARTESIAN_POINT ( 'NONE',  ( 4.580000000000001000, 0.9499999999999998400, 4.650000000000003000 ) ) ;
#7333 = CARTESIAN_POINT ( 'NONE',  ( 5.580000000000001000, 1.724059192313015100E-016, -5.550000000000002500 ) ) ;
#7334 = EDGE_CURVE ( 'NONE', #71, #6215, #2168, .T. ) ;
#7335 = SURFACE_SIDE_STYLE ('',( #256 ) ) ;
#7336 = ORIENTED_EDGE ( 'NONE', *, *, #3732, .F. ) ;
#7337 =( GEOMETRIC_REPRESENTATION_CONTEXT ( 3 ) GLOBAL_UNCERTAINTY_ASSIGNED_CONTEXT ( ( #2915 ) ) GLOBAL_UNIT_ASSIGNED_CONTEXT ( ( #4945, #6650, #6054 ) ) REPRESENTATION_CONTEXT ( 'NONE', 'WORKASPACE' ) );
#7338 = CARTESIAN_POINT ( 'NONE',  ( -7.425101798267634800, 7.224067695494327700, -4.339337437986614500 ) ) ;
#7339 = EDGE_LOOP ( 'NONE', ( #469, #5299, #5285, #5267 ) ) ;
#7340 = CARTESIAN_POINT ( 'NONE',  ( 7.463976214695728500, 7.106144389899109900, 4.388721665271920500 ) ) ;
#7341 = CARTESIAN_POINT ( 'NONE',  ( 7.359313932889473400, 7.278556928462994500, -4.329905212972743600 ) ) ;
#7342 = VECTOR ( 'NONE', #1157, 1000.000000000000000 ) ;
#7343 = CARTESIAN_POINT ( 'NONE',  ( 7.293478850238069600, 7.275793423258766900, 4.394424305636702500 ) ) ;
#7344 = CARTESIAN_POINT ( 'NONE',  ( -7.160000000000000100, 0.6999999999999999600, -3.259999999999999800 ) ) ;
#7345 = VECTOR ( 'NONE', #8097, 1000.000000000000000 ) ;
#7346 = EDGE_CURVE ( 'NONE', #2175, #7663, #2102, .T. ) ;
#7347 = DIRECTION ( 'NONE',  ( 0.0000000000000000000, -1.000000000000000000, 0.0000000000000000000 ) ) ;
#7348 = DIRECTION ( 'NONE',  ( 1.865294060190115500E-016, 4.235164736271502500E-018, 1.000000000000000000 ) ) ;
#7349 = FILL_AREA_STYLE_COLOUR ( '', #6132 ) ;
#7350 = DIRECTION ( 'NONE',  ( -1.000000000000000000, 0.0000000000000000000, -0.0000000000000000000 ) ) ;
#7351 = CARTESIAN_POINT ( 'NONE',  ( -7.619999999999999200, 1.300000000000000000, 2.070000000000000300 ) ) ;
#7352 = ORIENTED_EDGE ( 'NONE', *, *, #3720, .F. ) ;
#7353 = VECTOR ( 'NONE', #5458, 1000.000000000000000 ) ;
#7354 = DIRECTION ( 'NONE',  ( 0.0000000000000000000, 0.0000000000000000000, 1.000000000000000000 ) ) ;
#7355 =( NAMED_UNIT ( * ) SI_UNIT ( $, .STERADIAN. ) SOLID_ANGLE_UNIT ( ) );
#7356 = DIRECTION ( 'NONE',  ( 0.0000000000000000000, -0.9996573249755572600, 0.02617694830787320800 ) ) ;
#7357 = ORIENTED_EDGE ( 'NONE', *, *, #3906, .T. ) ;
#7358 =( NAMED_UNIT ( * ) PLANE_ANGLE_UNIT ( ) SI_UNIT ( $, .RADIAN. ) );
#7359 = CIRCLE ( 'NONE', #2828, 0.2500000000000002200 ) ;
#7360 = LINE ( 'NONE', #5518, #295 ) ;
#7361 = ADVANCED_FACE ( 'NONE', ( #1827 ), #202, .T. ) ;
#7362 = CARTESIAN_POINT ( 'NONE',  ( -7.389332251481863300, 7.250235861181533200, -4.381380430596334600 ) ) ;
#7363 = ORIENTED_EDGE ( 'NONE', *, *, #3313, .F. ) ;
#7364 = SURFACE_STYLE_FILL_AREA ( #105 ) ;
#7365 = FACE_OUTER_BOUND ( 'NONE', #3342, .T. ) ;
#7366 = CARTESIAN_POINT ( 'NONE',  ( 7.287979638364394200, 7.292185718912889100, -4.354809436368872100 ) ) ;
#7367 = ORIENTED_EDGE ( 'NONE', *, *, #3761, .F. ) ;
#7368 = VERTEX_POINT ( 'NONE', #2163 ) ;
#7369 =( NAMED_UNIT ( * ) SI_UNIT ( $, .STERADIAN. ) SOLID_ANGLE_UNIT ( ) );
#7370 = LINE ( 'NONE', #5030, #3874 ) ;
#7371 = CARTESIAN_POINT ( 'NONE',  ( 7.268053096400542800, 7.300000000000000700, 4.298053096400541200 ) ) ;
#7372 = DIRECTION ( 'NONE',  ( 0.0000000000000000000, 1.000000000000000000, 0.0000000000000000000 ) ) ;
#7373 = FILL_AREA_STYLE ('',( #7121 ) ) ;
#7374 = PRESENTATION_LAYER_ASSIGNMENT (  '', '', ( #7537 ) ) ;
#7375 = EDGE_LOOP ( 'NONE', ( #7943, #5857, #7504, #6097 ) ) ;
#7376 = CARTESIAN_POINT ( 'NONE',  ( -7.318578477306847900, 7.240072689558452600, 4.441209716160588300 ) ) ;
#7377 =( LENGTH_UNIT ( ) NAMED_UNIT ( * ) SI_UNIT ( .MILLI., .METRE. ) );
#7378 = CARTESIAN_POINT ( 'NONE',  ( 7.268053096400542800, 7.300000000000000700, 4.298053096400541200 ) ) ;
#7379 = DIRECTION ( 'NONE',  ( 0.0000000000000000000, -1.000000000000000000, 0.0000000000000000000 ) ) ;
#7380 = ORIENTED_EDGE ( 'NONE', *, *, #4947, .F. ) ;
#7381 = EDGE_CURVE ( 'NONE', #3713, #7827, #1815, .T. ) ;
#7382 = ADVANCED_FACE ( 'NONE', ( #2160 ), #1519, .F. ) ;
#7383 = FACE_OUTER_BOUND ( 'NONE', #7274, .T. ) ;
#7384 = CARTESIAN_POINT ( 'NONE',  ( -7.399814295986200100, 7.250479956241721700, -4.332741196991382700 ) ) ;
#7385 = MECHANICAL_DESIGN_GEOMETRIC_PRESENTATION_REPRESENTATION (  '', ( #7507 ), #7337 ) ;
#7386 = CARTESIAN_POINT ( 'NONE',  ( 7.620000000000000100, 1.300000000000000000, -4.350000000000001400 ) ) ;
#7387 = LINE ( 'NONE', #7657, #7784 ) ;
#7388 = AXIS2_PLACEMENT_3D ( 'NONE', #2354, #7325, #8094 ) ;
#7389 = CARTESIAN_POINT ( 'NONE',  ( -7.348486835479189200, 7.254525285133539100, -4.414958117485546100 ) ) ;
#7390 = PRESENTATION_STYLE_ASSIGNMENT (( #397 ) ) ;
#7391 = ORIENTED_EDGE ( 'NONE', *, *, #4305, .T. ) ;
#7392 = LINE ( 'NONE', #4579, #7119 ) ;
#7393 = CARTESIAN_POINT ( 'NONE',  ( 7.295869190280996000, 7.296475144189372500, -4.331668507696751800 ) ) ;
#7394 = CARTESIAN_POINT ( 'NONE',  ( -4.580000000000000100, 0.9499999999999998400, 4.650000000000003000 ) ) ;
#7395 = CARTESIAN_POINT ( 'NONE',  ( 7.268053096400542800, 7.300000000000000700, 4.298053096400541200 ) ) ;
#7396 = CARTESIAN_POINT ( 'NONE',  ( 7.160000000000000100, 1.899999999999999700, -3.259999999999999800 ) ) ;
#7397 = B_SPLINE_SURFACE_WITH_KNOTS ( 'NONE', 3, 3, ( 
 ( #708, #4574, #5209, #1345, #5849, #1996, #6479, #2664, #7084, #3335 ),
 ( #7705, #3990, #53, #4599, #730, #5234, #1375, #5874, #2033, #6503 ),
 ( #2697, #7114, #3362, #7726, #4013, #88, #4623, #761, #5263, #1406 ),
 ( #5898, #2059, #6534, #2725, #7138, #3386, #7754, #4040, #118, #4653 ),
 ( #780, #5296, #1434, #5921, #2088, #6556, #2757, #7164, #3418, #7779 ),
 ( #4068, #148, #4678, #818, #5324, #1464, #5953, #2116, #6587, #2791 ),
 ( #7191, #3445, #7811, #4091, #179, #4706, #847, #5354, #1498, #5984 ),
 ( #2146, #6613, #2827, #7219, #3479, #7836, #4122, #209, #4730, #873 ),
 ( #5388, #1528, #6010, #2173, #6641, #2859, #7245, #3505, #7867, #4149 ),
 ( #245, #4759, #901, #5415, #1554, #6034, #2196, #6664, #2883, #7261 ),
 ( #3531, #7890, #4174, #270, #4790, #926, #5436, #1577, #6063, #2222 ),
 ( #6682, #2916, #7286, #3556, #7913, #4205, #302, #4819, #949, #5471 ),
 ( #1604, #6089, #2252, #6712, #2945, #7316, #3583, #7939, #4230, #334 ),
 ( #4839, #968, #5498, #1636, #6119, #2280, #6739, #2975, #7341, #3605 ),
 ( #7973, #4254, #357, #4863, #996, #5524, #1662, #6145, #2312, #6763 ),
 ( #3006, #7366, #3631, #7995, #4277, #382, #4894, #1024, #5554, #1684 ),
 ( #6176, #2342, #6793, #3031, #7393, #3659, #8024, #4303, #420, #4919 ),
 ( #1056, #5586, #1713, #6201, #2373, #6817, #3055, #7418, #3687, #8050 ),
 ( #4324, #455, #4952, #1087, #5619, #1745, #6227, #2396, #6840, #3078 ),
 ( #7443, #3715, #8082, #4346, #483, #4981, #1117, #5641, #1766, #6249 ) ),
 .UNSPECIFIED., .F., .F., .F.,
 ( 4, 2, 2, 2, 2, 2, 2, 2, 2, 4 ),
 ( 4, 2, 2, 2, 4 ),
 ( 0.0000000000000000000, 0.1190919775370212800, 0.2381839550740425500, 0.3677971626965582700, 0.4326037665078160700, 0.4974103703190739200, 0.6276388186689531000, 0.7578672670188322200, 0.8789336335094161100, 1.000000000000000000 ),
 ( 0.0000000000000000000, 0.2500000000000000000, 0.5000000000000000000, 0.7500000000000000000, 1.000000000000000000 ),
 .UNSPECIFIED. ) ;
#7398 = ORIENTED_EDGE ( 'NONE', *, *, #4907, .F. ) ;
#7399 = ORIENTED_EDGE ( 'NONE', *, *, #1359, .T. ) ;
#7400 = CARTESIAN_POINT ( 'NONE',  ( -7.620000000000000100, 1.300000000000000000, -4.650000000000001200 ) ) ;
#7401 = CARTESIAN_POINT ( 'NONE',  ( -4.580000000000000100, 0.9499999999999997300, 5.300000000000002500 ) ) ;
#7402 = VECTOR ( 'NONE', #7468, 1000.000000000000000 ) ;
#7403 = B_SPLINE_CURVE_WITH_KNOTS ( 'NONE', 3,
 ( #3852, #4467, #615, #5112, #1252, #5758, #1896, #6383, #2562, #6981, #3230, #7609, #3884 ),
 .UNSPECIFIED., .F., .F.,
 ( 4, 2, 2, 1, 2, 2, 4 ),
 ( 0.0000000000000000000, 0.2499999999999913400, 0.3749999999999912300, 0.4374999999999911700, 0.4687499999999879500, 0.4999999999999847900, 1.000000000000000000 ),
 .UNSPECIFIED. ) ;
#7404 = CARTESIAN_POINT ( 'NONE',  ( -7.307093392809623100, 7.234265163963159200, 4.446452235892098600 ) ) ;
#7405 = PLANE ( 'NONE',  #6964 ) ;
#7406 =( NAMED_UNIT ( * ) PLANE_ANGLE_UNIT ( ) SI_UNIT ( $, .RADIAN. ) );
#7407 = DIRECTION ( 'NONE',  ( -0.0000000000000000000, -1.000000000000000000, -0.0000000000000000000 ) ) ;
#7408 = VECTOR ( 'NONE', #1888, 999.9999999999998900 ) ;
#7409 = LINE ( 'NONE', #2872, #5500 ) ;
#7410 = CARTESIAN_POINT ( 'NONE',  ( 7.358742267529595300, 7.106249116547281200, -4.497958016022932900 ) ) ;
#7411 = CIRCLE ( 'NONE', #4112, 1.250000000000000000 ) ;
#7412 = SURFACE_SIDE_STYLE ('',( #5264 ) ) ;
#7413 = FILL_AREA_STYLE_COLOUR ( '', #3851 ) ;
#7414 = EDGE_LOOP ( 'NONE', ( #1712, #2875, #4355, #3170 ) ) ;
#7415 = UNCERTAINTY_MEASURE_WITH_UNIT (LENGTH_MEASURE( 1.000000000000000100E-005 ), #2387, 'distance_accuracy_value', 'NONE');
#7416 = DIRECTION ( 'NONE',  ( 0.0000000000000000000, 0.0000000000000000000, 1.000000000000000000 ) ) ;
#7417 = CIRCLE ( 'NONE', #1271, 0.2500000000000004400 ) ;
#7418 = CARTESIAN_POINT ( 'NONE',  ( 7.288762836004061700, 7.299124177066405000, -4.307200029594041800 ) ) ;
#7419 = ADVANCED_FACE ( 'NONE', ( #592 ), #2873, .F. ) ;
#7420 = SURFACE_STYLE_USAGE ( .BOTH. , #1495 ) ;
#7421 =( NAMED_UNIT ( * ) PLANE_ANGLE_UNIT ( ) SI_UNIT ( $, .RADIAN. ) );
#7422 = LINE ( 'NONE', #7678, #7402 ) ;
#7423 = CARTESIAN_POINT ( 'NONE',  ( -7.620000000000000100, 0.0000000000000000000, -4.650000000000001200 ) ) ;
#7424 = FACE_OUTER_BOUND ( 'NONE', #3352, .T. ) ;
#7425 = CARTESIAN_POINT ( 'NONE',  ( 7.160000000000000100, 0.0000000000000000000, 3.259999999999999800 ) ) ;
#7426 = FILL_AREA_STYLE_COLOUR ( '', #7555 ) ;
#7427 = VERTEX_POINT ( 'NONE', #3521 ) ;
#7428 = FILL_AREA_STYLE_COLOUR ( '', #1780 ) ;
#7429 = PRESENTATION_LAYER_ASSIGNMENT (  '', '', ( #7507 ) ) ;
#7430 = DIRECTION ( 'NONE',  ( -1.000000000000000000, -0.0000000000000000000, 0.0000000000000000000 ) ) ;
#7431 =( GEOMETRIC_REPRESENTATION_CONTEXT ( 3 ) GLOBAL_UNCERTAINTY_ASSIGNED_CONTEXT ( ( #1430 ) ) GLOBAL_UNIT_ASSIGNED_CONTEXT ( ( #4776, #918, #5428 ) ) REPRESENTATION_CONTEXT ( 'NONE', 'WORKASPACE' ) );
#7432 = FACE_OUTER_BOUND ( 'NONE', #4893, .T. ) ;
#7433 = SURFACE_STYLE_USAGE ( .BOTH. , #3069 ) ;
#7434 = CARTESIAN_POINT ( 'NONE',  ( 7.119999999999999200, 1.300000000000000000, 3.199999999999998400 ) ) ;
#7435 = CARTESIAN_POINT ( 'NONE',  ( -7.279568070389589500, 7.300000000000000700, 4.301094192904486100 ) ) ;
#7436 = PLANE ( 'NONE',  #5798 ) ;
#7437 = EDGE_CURVE ( 'NONE', #2475, #5789, #501, .T. ) ;
#7438 = VECTOR ( 'NONE', #4709, 1000.000000000000000 ) ;
#7439 =( NAMED_UNIT ( * ) SI_UNIT ( $, .STERADIAN. ) SOLID_ANGLE_UNIT ( ) );
#7440 = DIRECTION ( 'NONE',  ( 1.000000000000000000, -0.0000000000000000000, -0.0000000000000000000 ) ) ;
#7441 = ORIENTED_EDGE ( 'NONE', *, *, #5511, .T. ) ;
#7442 = MECHANICAL_DESIGN_GEOMETRIC_PRESENTATION_REPRESENTATION (  '', ( #4780 ), #6645 ) ;
#7443 = CARTESIAN_POINT ( 'NONE',  ( 7.268053096400541900, 7.300000000000000700, -4.298053096400543000 ) ) ;
#7444 = DIRECTION ( 'NONE',  ( -1.000000000000000000, 1.205806079160472600E-016, 0.0000000000000000000 ) ) ;
#7445 = CARTESIAN_POINT ( 'NONE',  ( 7.268053096400542800, 7.300000000000000700, 4.298053096400541200 ) ) ;
#7446 = CARTESIAN_POINT ( 'NONE',  ( -7.619999999999999200, 0.6899999999999999500, -2.069999999999999800 ) ) ;
#7447 = VECTOR ( 'NONE', #2071, 1000.000000000000000 ) ;
#7448 = ORIENTED_EDGE ( 'NONE', *, *, #5460, .F. ) ;
#7449 = VECTOR ( 'NONE', #5091, 1000.000000000000000 ) ;
#7450 = DIRECTION ( 'NONE',  ( 0.8944271909999165200, 0.0000000000000000000, -0.4472135954999567600 ) ) ;
#7451 = LINE ( 'NONE', #2148, #2016 ) ;
#7452 = VECTOR ( 'NONE', #5177, 1000.000000000000000 ) ;
#7453 = CARTESIAN_POINT ( 'NONE',  ( -7.620000000000000100, 1.300000000000000000, -3.259999999999999800 ) ) ;
#7454 = LINE ( 'NONE', #1938, #7749 ) ;
#7455 = VERTEX_POINT ( 'NONE', #4811 ) ;
#7456 = ADVANCED_FACE ( 'NONE', ( #1647 ), #2902, .T. ) ;
#7457 = CARTESIAN_POINT ( 'NONE',  ( -4.830000000000001800, 0.7000000000000000700, 5.300000000000006000 ) ) ;
#7458 = CARTESIAN_POINT ( 'NONE',  ( -7.425101798264815800, 7.224067695497901700, 4.339337437993889600 ) ) ;
#7459 = EDGE_LOOP ( 'NONE', ( #3537, #3561, #3591, #3604, #3627 ) ) ;
#7460 = LINE ( 'NONE', #2405, #7447 ) ;
#7461 = CARTESIAN_POINT ( 'NONE',  ( -7.620000000000000100, 1.300000000000000000, -4.350000000000001400 ) ) ;
#7462 = VERTEX_POINT ( 'NONE', #7904 ) ;
#7463 = CARTESIAN_POINT ( 'NONE',  ( -2.289999999999999600, 0.9499999999999994000, -5.550000000000002500 ) ) ;
#7464 = VECTOR ( 'NONE', #7960, 1000.000000000000000 ) ;
#7465 = SURFACE_STYLE_USAGE ( .BOTH. , #3102 ) ;
#7466 = VECTOR ( 'NONE', #2121, 1000.000000000000000 ) ;
#7467 = FILL_AREA_STYLE_COLOUR ( '', #4210 ) ;
#7468 = DIRECTION ( 'NONE',  ( 7.354021354117929400E-032, 1.000000000000000000, 3.942553354492744000E-016 ) ) ;
#7469 = CARTESIAN_POINT ( 'NONE',  ( 7.268053096400542800, 7.300000000000000700, 4.298053096400541200 ) ) ;
#7470 = CARTESIAN_POINT ( 'NONE',  ( 7.119999999999999200, 0.6899999999999999500, -0.6700000000000015900 ) ) ;
#7471 = DIRECTION ( 'NONE',  ( -1.000000000000000000, 0.0000000000000000000, 0.0000000000000000000 ) ) ;
#7472 = ORIENTED_EDGE ( 'NONE', *, *, #8124, .T. ) ;
#7473 = CARTESIAN_POINT ( 'NONE',  ( 3.099999999999999600, 0.9499999999999995100, -4.680000000000002400 ) ) ;
#7474 = CARTESIAN_POINT ( 'NONE',  ( -5.580000000000000100, 3.049999999999999800, -4.800000000000002500 ) ) ;
#7475 = VECTOR ( 'NONE', #6561, 1000.000000000000000 ) ;
#7476 = LINE ( 'NONE', #4659, #7007 ) ;
#7477 = CARTESIAN_POINT ( 'NONE',  ( 5.329999999999999200, 0.9499999999999997300, 5.300000000000002500 ) ) ;
#7478 = AXIS2_PLACEMENT_3D ( 'NONE', #4906, #1037, #5570 ) ;
#7479 = COLOUR_RGB ( '',1.000000000000000000, 1.000000000000000000, 1.000000000000000000 ) ;
#7480 = CARTESIAN_POINT ( 'NONE',  ( 7.063020160610344400, 1.250000000000000000, 2.020000000000000000 ) ) ;
#7481 = CARTESIAN_POINT ( 'NONE',  ( 7.161822484923008300, 1.250000000000000000, 2.020000000000000000 ) ) ;
#7482 = CARTESIAN_POINT ( 'NONE',  ( -5.580000000000000100, 0.6999999999999992900, -4.800000000000002500 ) ) ;
#7483 = CARTESIAN_POINT ( 'NONE',  ( -7.160000000000000100, 0.6999999999999999600, 2.020000000000000000 ) ) ;
#7484 = CARTESIAN_POINT ( 'NONE',  ( -7.320000000000000300, 7.299999999999999800, -4.298053096400543000 ) ) ;
#7485 = EDGE_CURVE ( 'NONE', #7615, #3491, #1643, .T. ) ;
#7486 = CIRCLE ( 'NONE', #8110, 0.2999999999999999300 ) ;
#7487 =( NAMED_UNIT ( * ) SI_UNIT ( $, .STERADIAN. ) SOLID_ANGLE_UNIT ( ) );
#7488 =( NAMED_UNIT ( * ) SI_UNIT ( $, .STERADIAN. ) SOLID_ANGLE_UNIT ( ) );
#7489 = FACE_OUTER_BOUND ( 'NONE', #248, .T. ) ;
#7490 = SURFACE_STYLE_USAGE ( .BOTH. , #3119 ) ;
#7491 =( NAMED_UNIT ( * ) PLANE_ANGLE_UNIT ( ) SI_UNIT ( $, .RADIAN. ) );
#7492 = AXIS2_PLACEMENT_3D ( 'NONE', #4663, #4491, #4768 ) ;
#7493 = EDGE_LOOP ( 'NONE', ( #7536, #3920, #7869, #2994 ) ) ;
#7494 = MECHANICAL_DESIGN_GEOMETRIC_PRESENTATION_REPRESENTATION (  '', ( #7645 ), #7431 ) ;
#7495 = DIRECTION ( 'NONE',  ( -1.000000000000000000, 0.0000000000000000000, 0.0000000000000000000 ) ) ;
#7496 = ORIENTED_EDGE ( 'NONE', *, *, #3285, .T. ) ;
#7497 = STYLED_ITEM ( 'NONE', ( #5313 ), #559 ) ;
#7498 = VECTOR ( 'NONE', #7444, 1000.000000000000000 ) ;
#7499 = CARTESIAN_POINT ( 'NONE',  ( -5.580000000000000100, 0.6999999999999994000, -4.650000000000003000 ) ) ;
#7500 = PRESENTATION_STYLE_ASSIGNMENT (( #3674 ) ) ;
#7501 = VERTEX_POINT ( 'NONE', #6079 ) ;
#7502 = SURFACE_SIDE_STYLE ('',( #1411 ) ) ;
#7503 = EDGE_CURVE ( 'NONE', #723, #2753, #484, .T. ) ;
#7504 = ORIENTED_EDGE ( 'NONE', *, *, #4541, .F. ) ;
#7505 = VECTOR ( 'NONE', #2170, 1000.000000000000000 ) ;
#7506 = ADVANCED_FACE ( 'NONE', ( #493 ), #1624, .T. ) ;
#7507 = STYLED_ITEM ( 'NONE', ( #6517 ), #2649 ) ;
#7508 = PLANE ( 'NONE',  #2412 ) ;
#7509 = CARTESIAN_POINT ( 'NONE',  ( -7.320000000000000300, 0.0000000000000000000, -4.650000000000001200 ) ) ;
#7510 = LINE ( 'NONE', #2750, #7706 ) ;
#7511 = FILL_AREA_STYLE ('',( #4533 ) ) ;
#7512 = UNCERTAINTY_MEASURE_WITH_UNIT (LENGTH_MEASURE( 1.000000000000000100E-005 ), #7637, 'distance_accuracy_value', 'NONE');
#7513 = DIRECTION ( 'NONE',  ( -0.0000000000000000000, -1.000000000000000000, -0.0000000000000000000 ) ) ;
#7514 =( LENGTH_UNIT ( ) NAMED_UNIT ( * ) SI_UNIT ( .MILLI., .METRE. ) );
#7515 = ORIENTED_EDGE ( 'NONE', *, *, #223, .F. ) ;
#7516 = CARTESIAN_POINT ( 'NONE',  ( -7.619999999999999200, 0.4999999999999998900, 2.899999999999999900 ) ) ;
#7517 = CIRCLE ( 'NONE', #834, 1.250000000000000000 ) ;
#7518 = PLANE ( 'NONE',  #7688 ) ;
#7519 = DIRECTION ( 'NONE',  ( 0.8944271909999165200, 0.0000000000000000000, -0.4472135954999567100 ) ) ;
#7520 = CARTESIAN_POINT ( 'NONE',  ( -4.580000000000000100, 0.6999999999999994000, -4.650000000000003000 ) ) ;
#7521 = ORIENTED_EDGE ( 'NONE', *, *, #271, .F. ) ;
#7522 = ORIENTED_EDGE ( 'NONE', *, *, #6738, .T. ) ;
#7523 = CARTESIAN_POINT ( 'NONE',  ( 4.830000026046209700, -0.2500000000000001100, 5.910000000000002800 ) ) ;
#7524 = CARTESIAN_POINT ( 'NONE',  ( -7.160000000000000100, 0.4999999999999998900, 2.899999999999999900 ) ) ;
#7525 = CARTESIAN_POINT ( 'NONE',  ( -7.460000000000000000, 0.8599999999999999900, 2.020000000000000000 ) ) ;
#7526 = CARTESIAN_POINT ( 'NONE',  ( -7.119999999999999200, 1.300000000000000000, -3.199999999999999700 ) ) ;
#7527 = LINE ( 'NONE', #2155, #7622 ) ;
#7528 = ORIENTED_EDGE ( 'NONE', *, *, #7140, .F. ) ;
#7529 = DIRECTION ( 'NONE',  ( 1.000000000000000000, -0.0000000000000000000, -0.0000000000000000000 ) ) ;
#7530 = ORIENTED_EDGE ( 'NONE', *, *, #6971, .F. ) ;
#7531 = CARTESIAN_POINT ( 'NONE',  ( -7.397225182321317800, 7.106755979990190000, -4.482000280214232500 ) ) ;
#7532 = CARTESIAN_POINT ( 'NONE',  ( -7.302081799705637100, 7.253297392573499800, -4.427221497757524400 ) ) ;
#7533 = CARTESIAN_POINT ( 'NONE',  ( 4.830000000000003600, 1.899999999999999700, 5.300000000000009600 ) ) ;
#7534 = FACE_OUTER_BOUND ( 'NONE', #2509, .T. ) ;
#7535 = DIRECTION ( 'NONE',  ( -0.0000000000000000000, 1.204669080539449800E-016, 1.000000000000000000 ) ) ;
#7536 = ORIENTED_EDGE ( 'NONE', *, *, #4120, .T. ) ;
#7537 = STYLED_ITEM ( 'NONE', ( #3769 ), #6582 ) ;
#7538 = CARTESIAN_POINT ( 'NONE',  ( -4.520000000000001400, 0.6999999999999994000, -4.680000000000002400 ) ) ;
#7539 = CARTESIAN_POINT ( 'NONE',  ( 7.467971256119518000, 7.105743497657711000, 4.369417166805088300 ) ) ;
#7540 = ORIENTED_EDGE ( 'NONE', *, *, #4322, .F. ) ;
#7541 = CARTESIAN_POINT ( 'NONE',  ( 7.358740740396427800, 7.106249156508679800, 4.497958014976506800 ) ) ;
#7542 = CARTESIAN_POINT ( 'NONE',  ( 7.320000000000000300, 1.300000000000000000, -4.650000000000001200 ) ) ;
#7543 = DIRECTION ( 'NONE',  ( 0.0000000000000000000, -1.000000000000000000, 0.0000000000000000000 ) ) ;
#7544 = DIRECTION ( 'NONE',  ( 0.0000000000000000000, 0.0000000000000000000, 1.000000000000000000 ) ) ;
#7545 = CARTESIAN_POINT ( 'NONE',  ( 6.269999999999999600, 1.300000000000000000, -3.259999999999999300 ) ) ;
#7546 = PRESENTATION_LAYER_ASSIGNMENT (  '', '', ( #7645 ) ) ;
#7547 = ORIENTED_EDGE ( 'NONE', *, *, #5749, .F. ) ;
#7548 = CARTESIAN_POINT ( 'NONE',  ( 5.580000000000001000, 0.6999999999999994000, -4.650000000000003000 ) ) ;
#7549 = ADVANCED_FACE ( 'NONE', ( #1625 ), #6734, .F. ) ;
#7550 = VECTOR ( 'NONE', #4496, 1000.000000000000000 ) ;
#7551 = CARTESIAN_POINT ( 'NONE',  ( 7.119999999999999200, 0.9268512727847090200, 3.199999999999998400 ) ) ;
#7552 = DIRECTION ( 'NONE',  ( 0.0000000000000000000, 0.0000000000000000000, -1.000000000000000000 ) ) ;
#7553 = FILL_AREA_STYLE_COLOUR ( '', #3278 ) ;
#7554 = EDGE_CURVE ( 'NONE', #8242, #5194, #1616, .T. ) ;
#7555 = COLOUR_RGB ( '',1.000000000000000000, 1.000000000000000000, 1.000000000000000000 ) ;
#7556 = DIRECTION ( 'NONE',  ( 0.0000000000000000000, 1.000000000000000000, 3.554761221263949000E-016 ) ) ;
#7557 = SURFACE_STYLE_FILL_AREA ( #3099 ) ;
#7558 = UNCERTAINTY_MEASURE_WITH_UNIT (LENGTH_MEASURE( 1.000000000000000100E-005 ), #3581, 'distance_accuracy_value', 'NONE');
#7559 = ORIENTED_EDGE ( 'NONE', *, *, #2706, .F. ) ;
#7560 = CARTESIAN_POINT ( 'NONE',  ( 2.790000000000000500, -0.2499999999999998900, -5.910000000000002800 ) ) ;
#7561 = LINE ( 'NONE', #673, #8043 ) ;
#7562 = LINE ( 'NONE', #1562, #183 ) ;
#7563 = CARTESIAN_POINT ( 'NONE',  ( -7.353931230946835200, 7.280629566228920900, -4.336274910730566000 ) ) ;
#7564 = SURFACE_SIDE_STYLE ('',( #2806 ) ) ;
#7565 = ORIENTED_EDGE ( 'NONE', *, *, #5276, .T. ) ;
#7566 = ORIENTED_EDGE ( 'NONE', *, *, #5684, .F. ) ;
#7567 = CARTESIAN_POINT ( 'NONE',  ( -4.580000000000000100, 0.9499999999999994000, -5.300000000000002500 ) ) ;
#7568 = COLOUR_RGB ( '',1.000000000000000000, 1.000000000000000000, 1.000000000000000000 ) ;
#7569 =( GEOMETRIC_REPRESENTATION_CONTEXT ( 3 ) GLOBAL_UNCERTAINTY_ASSIGNED_CONTEXT ( ( #8125 ) ) GLOBAL_UNIT_ASSIGNED_CONTEXT ( ( #7514, #3787, #8135 ) ) REPRESENTATION_CONTEXT ( 'NONE', 'WORKASPACE' ) );
#7570 = LINE ( 'NONE', #5451, #7666 ) ;
#7571 = VECTOR ( 'NONE', #609, 1000.000000000000000 ) ;
#7572 = CIRCLE ( 'NONE', #2904, 0.2500000000000002200 ) ;
#7573 = ORIENTED_EDGE ( 'NONE', *, *, #6787, .T. ) ;
#7574 = LINE ( 'NONE', #4412, #7185 ) ;
#7575 = CARTESIAN_POINT ( 'NONE',  ( -6.948407623149841500, 1.899999999999999700, 3.259999999999999800 ) ) ;
#7576 = DIRECTION ( 'NONE',  ( -0.0000000000000000000, -1.000000000000000000, -0.0000000000000000000 ) ) ;
#7577 = PRESENTATION_STYLE_ASSIGNMENT (( #5900 ) ) ;
#7578 = ORIENTED_EDGE ( 'NONE', *, *, #6684, .F. ) ;
#7579 = UNCERTAINTY_MEASURE_WITH_UNIT (LENGTH_MEASURE( 1.000000000000000100E-005 ), #4864, 'distance_accuracy_value', 'NONE');
#7580 = VECTOR ( 'NONE', #2474, 1000.000000000000000 ) ;
#7581 = PLANE ( 'NONE',  #3354 ) ;
#7582 = ORIENTED_EDGE ( 'NONE', *, *, #2519, .F. ) ;
#7583 = CARTESIAN_POINT ( 'NONE',  ( 7.160000000000000100, 0.6999999999999999600, 2.020000000000000000 ) ) ;
#7584 =( GEOMETRIC_REPRESENTATION_CONTEXT ( 3 ) GLOBAL_UNCERTAINTY_ASSIGNED_CONTEXT ( ( #5273 ) ) GLOBAL_UNIT_ASSIGNED_CONTEXT ( ( #4509, #643, #5146 ) ) REPRESENTATION_CONTEXT ( 'NONE', 'WORKASPACE' ) );
#7585 =( NAMED_UNIT ( * ) SI_UNIT ( $, .STERADIAN. ) SOLID_ANGLE_UNIT ( ) );
#7586 = ADVANCED_FACE ( 'NONE', ( #1605 ), #2965, .F. ) ;
#7587 = LINE ( 'NONE', #2292, #4007 ) ;
#7588 = SURFACE_STYLE_FILL_AREA ( #2204 ) ;
#7589 = ORIENTED_EDGE ( 'NONE', *, *, #1179, .T. ) ;
#7590 = ORIENTED_EDGE ( 'NONE', *, *, #1510, .T. ) ;
#7591 = VERTEX_POINT ( 'NONE', #1680 ) ;
#7592 = CARTESIAN_POINT ( 'NONE',  ( -7.317597908338552100, 7.288080825289335400, -4.358043651071489500 ) ) ;
#7593 = DIRECTION ( 'NONE',  ( -0.6073758397232873500, 0.7944146205354176700, 0.0000000000000000000 ) ) ;
#7594 = ADVANCED_FACE ( 'NONE', ( #1508 ), #6815, .T. ) ;
#7595 = MECHANICAL_DESIGN_GEOMETRIC_PRESENTATION_REPRESENTATION (  '', ( #7786 ), #7584 ) ;
#7596 = FILL_AREA_STYLE_COLOUR ( '', #6654 ) ;
#7597 = VERTEX_POINT ( 'NONE', #6785 ) ;
#7598 = CARTESIAN_POINT ( 'NONE',  ( -2.790000000000000000, 0.6999999999999992900, -5.550000000000002500 ) ) ;
#7599 = CARTESIAN_POINT ( 'NONE',  ( 5.330000000000001000, -0.2499999999999998900, -5.910000000000002800 ) ) ;
#7600 = CARTESIAN_POINT ( 'NONE',  ( 7.160000000000000100, 0.6999999999999999600, -3.200000000000001100 ) ) ;
#7601 = FACE_OUTER_BOUND ( 'NONE', #2019, .T. ) ;
#7602 = PLANE ( 'NONE',  #4452 ) ;
#7603 = VERTEX_POINT ( 'NONE', #3024 ) ;
#7604 = VECTOR ( 'NONE', #2447, 1000.000000000000000 ) ;
#7605 = EDGE_CURVE ( 'NONE', #4002, #3193, #6875, .T. ) ;
#7606 = SURFACE_STYLE_FILL_AREA ( #6585 ) ;
#7607 = CARTESIAN_POINT ( 'NONE',  ( 7.310385900845977500, 7.218767909187189200, -4.459155590140718500 ) ) ;
#7608 = UNCERTAINTY_MEASURE_WITH_UNIT (LENGTH_MEASURE( 1.000000000000000100E-005 ), #3726, 'distance_accuracy_value', 'NONE');
#7609 = CARTESIAN_POINT ( 'NONE',  ( 7.335380793504760400, 7.299999999999999800, -4.315834297744281400 ) ) ;
#7610 =( GEOMETRIC_REPRESENTATION_CONTEXT ( 3 ) GLOBAL_UNCERTAINTY_ASSIGNED_CONTEXT ( ( #1101 ) ) GLOBAL_UNIT_ASSIGNED_CONTEXT ( ( #4075, #4665, #4165 ) ) REPRESENTATION_CONTEXT ( 'NONE', 'WORKASPACE' ) );
#7611 = CARTESIAN_POINT ( 'NONE',  ( 0.0000000000000000000, 0.0000000000000000000, 0.0000000000000000000 ) ) ;
#7612 = AXIS2_PLACEMENT_3D ( 'NONE', #6026, #2186, #6653 ) ;
#7613 = FILL_AREA_STYLE ('',( #3233 ) ) ;
#7614 = FILL_AREA_STYLE ('',( #7905 ) ) ;
#7615 = VERTEX_POINT ( 'NONE', #7386 ) ;
#7616 = FILL_AREA_STYLE ('',( #7746 ) ) ;
#7617 = LINE ( 'NONE', #337, #7505 ) ;
#7618 = CARTESIAN_POINT ( 'NONE',  ( 7.352579468360930900, 7.281755574941671600, 4.320361451906555800 ) ) ;
#7619 = MECHANICAL_DESIGN_GEOMETRIC_PRESENTATION_REPRESENTATION (  '', ( #7764 ), #7569 ) ;
#7620 = FILL_AREA_STYLE ('',( #8196 ) ) ;
#7621 = EDGE_CURVE ( 'NONE', #71, #102, #1475, .T. ) ;
#7622 = VECTOR ( 'NONE', #253, 1000.000000000000000 ) ;
#7623 = CARTESIAN_POINT ( 'NONE',  ( -7.287979621262389100, 7.292185713868065000, -4.354809452337729400 ) ) ;
#7624 = CARTESIAN_POINT ( 'NONE',  ( 7.620000000000000100, 1.300000000000000000, -0.6700000000000013700 ) ) ;
#7625 = EDGE_LOOP ( 'NONE', ( #3091, #5547, #6559, #5625 ) ) ;
#7626 = MECHANICAL_DESIGN_GEOMETRIC_PRESENTATION_REPRESENTATION (  '', ( #7804 ), #7610 ) ;
#7627 = CARTESIAN_POINT ( 'NONE',  ( 2.290000000000000000, -0.2500000000000001100, -5.550000000000002500 ) ) ;
#7628 = FACE_OUTER_BOUND ( 'NONE', #912, .T. ) ;
#7629 = ADVANCED_FACE ( 'NONE', ( #6897 ), #1048, .F. ) ;
#7630 = VERTEX_POINT ( 'NONE', #1706 ) ;
#7631 = ORIENTED_EDGE ( 'NONE', *, *, #5430, .T. ) ;
#7632 =( LENGTH_UNIT ( ) NAMED_UNIT ( * ) SI_UNIT ( .MILLI., .METRE. ) );
#7633 = ORIENTED_EDGE ( 'NONE', *, *, #2325, .F. ) ;
#7634 = ADVANCED_FACE ( 'NONE', ( #6586 ), #6195, .F. ) ;
#7635 = CARTESIAN_POINT ( 'NONE',  ( -7.620000000000000100, 1.300000000000000000, 3.259999999999999800 ) ) ;
#7636 = EDGE_LOOP ( 'NONE', ( #7515, #3902, #6721, #6452, #6668, #3480 ) ) ;
#7637 =( LENGTH_UNIT ( ) NAMED_UNIT ( * ) SI_UNIT ( .MILLI., .METRE. ) );
#7638 = DIRECTION ( 'NONE',  ( 0.0000000000000000000, 1.000000000000000000, 0.0000000000000000000 ) ) ;
#7639 = CARTESIAN_POINT ( 'NONE',  ( -2.289999999999999600, -0.2500000000000001100, -5.550000000000002500 ) ) ;
#7640 = ORIENTED_EDGE ( 'NONE', *, *, #6329, .T. ) ;
#7641 = CARTESIAN_POINT ( 'NONE',  ( 7.268053096400542800, 7.300000000000000700, 4.298053096400541200 ) ) ;
#7642 = CARTESIAN_POINT ( 'NONE',  ( -7.160000000000000100, 0.6999999999999999600, 0.7200000000000002000 ) ) ;
#7643 = DIRECTION ( 'NONE',  ( 0.4472135954999567100, 1.077488781791352200E-016, 0.8944271909999164100 ) ) ;
#7644 = CARTESIAN_POINT ( 'NONE',  ( -7.290246441572626200, 7.299023938794768200, -4.305763195202717800 ) ) ;
#7645 = STYLED_ITEM ( 'NONE', ( #2091 ), #7419 ) ;
#7646 =( GEOMETRIC_REPRESENTATION_CONTEXT ( 3 ) GLOBAL_UNCERTAINTY_ASSIGNED_CONTEXT ( ( #7214 ) ) GLOBAL_UNIT_ASSIGNED_CONTEXT ( ( #7377, #3642, #8009 ) ) REPRESENTATION_CONTEXT ( 'NONE', 'WORKASPACE' ) );
#7647 = CARTESIAN_POINT ( 'NONE',  ( -7.119999999999999200, 1.300000000000000000, -2.069999999999999800 ) ) ;
#7648 = VERTEX_POINT ( 'NONE', #3677 ) ;
#7649 = DIRECTION ( 'NONE',  ( 0.0000000000000000000, 0.0000000000000000000, 1.000000000000000000 ) ) ;
#7650 = DIRECTION ( 'NONE',  ( -0.0000000000000000000, 0.0000000000000000000, -1.000000000000000000 ) ) ;
#7651 = DIRECTION ( 'NONE',  ( 1.000000000000000000, 0.0000000000000000000, 0.0000000000000000000 ) ) ;
#7652 = LINE ( 'NONE', #3138, #8093 ) ;
#7653 = FACE_OUTER_BOUND ( 'NONE', #3832, .T. ) ;
#7654 = ORIENTED_EDGE ( 'NONE', *, *, #2841, .T. ) ;
#7655 = EDGE_LOOP ( 'NONE', ( #3159, #627, #3650, #5246, #3374, #3363 ) ) ;
#7656 = DIRECTION ( 'NONE',  ( -0.0000000000000000000, 1.000000000000000000, -0.0000000000000000000 ) ) ;
#7657 = CARTESIAN_POINT ( 'NONE',  ( 7.620000000000000100, 1.300000000000000000, -4.650000000000001200 ) ) ;
#7658 = DIRECTION ( 'NONE',  ( 1.000000000000000000, 0.0000000000000000000, -9.326470300950576100E-017 ) ) ;
#7659 = ADVANCED_FACE ( 'NONE', ( #2785 ), #3047, .F. ) ;
#7660 = FACE_OUTER_BOUND ( 'NONE', #2206, .T. ) ;
#7661 = ORIENTED_EDGE ( 'NONE', *, *, #4668, .T. ) ;
#7662 = VECTOR ( 'NONE', #8087, 1000.000000000000000 ) ;
#7663 = VERTEX_POINT ( 'NONE', #8073 ) ;
#7664 = CARTESIAN_POINT ( 'NONE',  ( 7.268053096400542800, 7.300000000000000700, 4.298053096400541200 ) ) ;
#7665 = DIRECTION ( 'NONE',  ( 1.000000000000000000, -0.0000000000000000000, 0.0000000000000000000 ) ) ;
#7666 = VECTOR ( 'NONE', #1564, 1000.000000000000000 ) ;
#7667 = CARTESIAN_POINT ( 'NONE',  ( -7.275993806559081500, 7.299999999999999800, -4.304600981211375000 ) ) ;
#7668 = DIRECTION ( 'NONE',  ( 0.0000000000000000000, 0.02617694830787321200, 0.9996573249755573700 ) ) ;
#7669 = ORIENTED_EDGE ( 'NONE', *, *, #6, .F. ) ;
#7670 = CARTESIAN_POINT ( 'NONE',  ( 6.269999999999999600, 0.6999999999999998400, -3.259999999999999300 ) ) ;
#7671 = ADVANCED_FACE ( 'NONE', ( #2772 ), #7436, .F. ) ;
#7672 = ORIENTED_EDGE ( 'NONE', *, *, #6928, .F. ) ;
#7673 = PRESENTATION_LAYER_ASSIGNMENT (  '', '', ( #7764 ) ) ;
#7674 = PRESENTATION_STYLE_ASSIGNMENT (( #4257 ) ) ;
#7675 =( NAMED_UNIT ( * ) SI_UNIT ( $, .STERADIAN. ) SOLID_ANGLE_UNIT ( ) );
#7676 = PRESENTATION_LAYER_ASSIGNMENT (  '', '', ( #7804 ) ) ;
#7677 = ORIENTED_EDGE ( 'NONE', *, *, #7621, .T. ) ;
#7678 = CARTESIAN_POINT ( 'NONE',  ( 7.119999999999999200, 1.300000000000000000, 3.199999999999998400 ) ) ;
#7679 = PLANE ( 'NONE',  #2924 ) ;
#7680 = CARTESIAN_POINT ( 'NONE',  ( -7.160000000000000100, 1.899999999999999700, -3.259999999999999800 ) ) ;
#7681 = VECTOR ( 'NONE', #6693, 1000.000000000000000 ) ;
#7682 = CARTESIAN_POINT ( 'NONE',  ( 7.460000000000000000, 0.8599999999999999900, 2.020000000000000000 ) ) ;
#7683 = CARTESIAN_POINT ( 'NONE',  ( -7.619999999999999200, 0.4999999999999998900, -2.899999999999999900 ) ) ;
#7684 = FILL_AREA_STYLE_COLOUR ( '', #821 ) ;
#7685 = VERTEX_POINT ( 'NONE', #3738 ) ;
#7686 = CARTESIAN_POINT ( 'NONE',  ( 5.580000000000001000, 0.6999999999999998400, 5.300000000000002500 ) ) ;
#7687 = MECHANICAL_DESIGN_GEOMETRIC_PRESENTATION_REPRESENTATION (  '', ( #7903 ), #7646 ) ;
#7688 = AXIS2_PLACEMENT_3D ( 'NONE', #5537, #6348, #5929 ) ;
#7689 = FILL_AREA_STYLE_COLOUR ( '', #6607 ) ;
#7690 = CARTESIAN_POINT ( 'NONE',  ( 5.580000000000001000, 0.9499999999999998400, 4.649999999999999500 ) ) ;
#7691 = FILL_AREA_STYLE_COLOUR ( '', #55 ) ;
#7692 = ORIENTED_EDGE ( 'NONE', *, *, #3938, .F. ) ;
#7693 = CARTESIAN_POINT ( 'NONE',  ( -7.268053096400543600, 7.299999999999999800, -4.298053096400543000 ) ) ;
#7694 = UNCERTAINTY_MEASURE_WITH_UNIT (LENGTH_MEASURE( 1.000000000000000100E-005 ), #7632, 'distance_accuracy_value', 'NONE');
#7695 = FILL_AREA_STYLE_COLOUR ( '', #2410 ) ;
#7696 = COLOUR_RGB ( '',1.000000000000000000, 1.000000000000000000, 1.000000000000000000 ) ;
#7697 = SURFACE_STYLE_USAGE ( .BOTH. , #7335 ) ;
#7698 = VECTOR ( 'NONE', #5166, 1000.000000000000000 ) ;
#7699 = DIRECTION ( 'NONE',  ( -0.1736481776669303000, 0.9848077530122080200, 0.0000000000000000000 ) ) ;
#7700 = ORIENTED_EDGE ( 'NONE', *, *, #318, .T. ) ;
#7701 = DIRECTION ( 'NONE',  ( -1.000000000000000000, 0.0000000000000000000, -0.0000000000000000000 ) ) ;
#7702 = FACE_OUTER_BOUND ( 'NONE', #1206, .T. ) ;
#7703 = MECHANICAL_DESIGN_GEOMETRIC_PRESENTATION_REPRESENTATION (  '', ( #7735 ), #1377 ) ;
#7704 = VECTOR ( 'NONE', #7543, 1000.000000000000000 ) ;
#7705 = CARTESIAN_POINT ( 'NONE',  ( 7.320000517603364000, 7.116844109650925200, -4.497680576364493800 ) ) ;
#7706 = VECTOR ( 'NONE', #2941, 1000.000000000000000 ) ;
#7707 = EDGE_LOOP ( 'NONE', ( #5890, #4229, #4353, #5883, #4347, #4713 ) ) ;
#7708 = ORIENTED_EDGE ( 'NONE', *, *, #624, .T. ) ;
#7709 = ADVANCED_FACE ( 'NONE', ( #1333 ), #1758, .F. ) ;
#7710 = PLANE ( 'NONE',  #2454 ) ;
#7711 = DIRECTION ( 'NONE',  ( -1.000000000000000000, 0.0000000000000000000, 0.0000000000000000000 ) ) ;
#7712 = APPLICATION_PROTOCOL_DEFINITION ( 'draft international standard', 'automotive_design', 1998, #3339 ) ;
#7713 = CARTESIAN_POINT ( 'NONE',  ( -7.420239258256010800, 7.230233912213343200, 4.351695326995153900 ) ) ;
#7714 = CARTESIAN_POINT ( 'NONE',  ( -2.289999999999999600, 1.724059192313015100E-016, -5.300000000000002500 ) ) ;
#7715 = ORIENTED_EDGE ( 'NONE', *, *, #632, .F. ) ;
#7716 = AXIS2_PLACEMENT_3D ( 'NONE', #1772, #6258, #2432 ) ;
#7717 = DIRECTION ( 'NONE',  ( -0.0000000000000000000, 0.0000000000000000000, -1.000000000000000000 ) ) ;
#7718 = LINE ( 'NONE', #7425, #7498 ) ;
#7719 = SURFACE_STYLE_USAGE ( .BOTH. , #3348 ) ;
#7720 = DIRECTION ( 'NONE',  ( 0.0000000000000000000, 0.0000000000000000000, -1.000000000000000000 ) ) ;
#7721 = DIRECTION ( 'NONE',  ( 0.0000000000000000000, 0.0000000000000000000, 1.000000000000000000 ) ) ;
#7722 = ORIENTED_EDGE ( 'NONE', *, *, #747, .T. ) ;
#7723 = VERTEX_POINT ( 'NONE', #5655 ) ;
#7724 = CARTESIAN_POINT ( 'NONE',  ( -7.320000000000000300, 0.0000000000000000000, -4.350000000000001400 ) ) ;
#7725 = DIRECTION ( 'NONE',  ( 0.0000000000000000000, 0.0000000000000000000, 1.000000000000000000 ) ) ;
#7726 = CARTESIAN_POINT ( 'NONE',  ( 7.392540873837387700, 7.133815488909932300, -4.476575955768143300 ) ) ;
#7727 = CARTESIAN_POINT ( 'NONE',  ( 3.040000000000000000, 0.9499999999999995100, -4.800000000000002500 ) ) ;
#7728 = ORIENTED_EDGE ( 'NONE', *, *, #338, .F. ) ;
#7729 = FILL_AREA_STYLE_COLOUR ( '', #5439 ) ;
#7730 = DIRECTION ( 'NONE',  ( -0.1736481776669299700, -0.9848077530122081300, 0.0000000000000000000 ) ) ;
#7731 = VECTOR ( 'NONE', #883, 1000.000000000000000 ) ;
#7732 = LINE ( 'NONE', #5023, #8132 ) ;
#7733 = CARTESIAN_POINT ( 'NONE',  ( -7.284421803582480600, 7.291583346272371800, 4.360856732075873800 ) ) ;
#7734 = CARTESIAN_POINT ( 'NONE',  ( 7.160000000000000100, 0.6999999999999999600, -3.259999999999999800 ) ) ;
#7735 = STYLED_ITEM ( 'NONE', ( #283 ), #816 ) ;
#7736 = CARTESIAN_POINT ( 'NONE',  ( -7.413662187773946100, 7.234858574210237600, 4.363893909441269900 ) ) ;
#7737 = ORIENTED_EDGE ( 'NONE', *, *, #7554, .F. ) ;
#7738 = AXIS2_PLACEMENT_3D ( 'NONE', #4446, #1235, #3858 ) ;
#7739 = PRESENTATION_STYLE_ASSIGNMENT (( #57 ) ) ;
#7740 = CARTESIAN_POINT ( 'NONE',  ( 7.320000000000001200, 0.0000000000000000000, 4.349999999999999600 ) ) ;
#7741 = PLANE ( 'NONE',  #6918 ) ;
#7742 = AXIS2_PLACEMENT_3D ( 'NONE', #3523, #3429, #3709 ) ;
#7743 = SURFACE_STYLE_USAGE ( .BOTH. , #3376 ) ;
#7744 = EDGE_LOOP ( 'NONE', ( #1609, #1565, #1555, #1637, #1640, #1674, #1692, #1699 ) ) ;
#7745 = PRESENTATION_LAYER_ASSIGNMENT (  '', '', ( #7903 ) ) ;
#7746 = FILL_AREA_STYLE_COLOUR ( '', #198 ) ;
#7747 = DIRECTION ( 'NONE',  ( -0.0000000000000000000, 0.0000000000000000000, -1.000000000000000000 ) ) ;
#7748 = VECTOR ( 'NONE', #3926, 1000.000000000000000 ) ;
#7749 = VECTOR ( 'NONE', #1821, 1000.000000000000000 ) ;
#7750 = EDGE_CURVE ( 'NONE', #2627, #2753, #1339, .T. ) ;
#7751 = ORIENTED_EDGE ( 'NONE', *, *, #5522, .F. ) ;
#7752 = ORIENTED_EDGE ( 'NONE', *, *, #3906, .F. ) ;
#7753 = UNCERTAINTY_MEASURE_WITH_UNIT (LENGTH_MEASURE( 1.000000000000000100E-005 ), #191, 'distance_accuracy_value', 'NONE');
#7754 = CARTESIAN_POINT ( 'NONE',  ( 7.438928058434267900, 7.165329412773582300, -4.416674249805375000 ) ) ;
#7755 = CARTESIAN_POINT ( 'NONE',  ( 7.268053096400542800, 7.299999999999999800, 4.298053096400541200 ) ) ;
#7756 =( GEOMETRIC_REPRESENTATION_CONTEXT ( 3 ) GLOBAL_UNCERTAINTY_ASSIGNED_CONTEXT ( ( #1492 ) ) GLOBAL_UNIT_ASSIGNED_CONTEXT ( ( #4749, #888, #5407 ) ) REPRESENTATION_CONTEXT ( 'NONE', 'WORKASPACE' ) );
#7757 = LINE ( 'NONE', #6405, #7222 ) ;
#7758 = VERTEX_POINT ( 'NONE', #6878 ) ;
#7759 = CIRCLE ( 'NONE', #2100, 0.2999999999999999300 ) ;
#7760 = CARTESIAN_POINT ( 'NONE',  ( -5.580000000000000100, 0.9499999999999998400, 4.650000000000003000 ) ) ;
#7761 = ORIENTED_EDGE ( 'NONE', *, *, #6579, .T. ) ;
#7762 = CARTESIAN_POINT ( 'NONE',  ( 3.039999999999999600, 0.6999999999999992900, -4.800000000000002500 ) ) ;
#7763 = PLANE ( 'NONE',  #7742 ) ;
#7764 = STYLED_ITEM ( 'NONE', ( #6708 ), #5563 ) ;
#7765 = CARTESIAN_POINT ( 'NONE',  ( -7.411745955333502800, 7.209820551848411100, 4.418302047784590200 ) ) ;
#7766 = EDGE_CURVE ( 'NONE', #2627, #2886, #1318, .T. ) ;
#7767 = FACE_OUTER_BOUND ( 'NONE', #765, .T. ) ;
#7768 =( NAMED_UNIT ( * ) PLANE_ANGLE_UNIT ( ) SI_UNIT ( $, .RADIAN. ) );
#7769 = ORIENTED_EDGE ( 'NONE', *, *, #6437, .T. ) ;
#7770 = PLANE ( 'NONE',  #214 ) ;
#7771 = CARTESIAN_POINT ( 'NONE',  ( 2.290000000000000000, 0.6999999999999992900, -5.300000000000002500 ) ) ;
#7772 = DIRECTION ( 'NONE',  ( -1.000000000000000000, 0.0000000000000000000, -0.0000000000000000000 ) ) ;
#7773 = DIRECTION ( 'NONE',  ( 0.0000000000000000000, -1.000000000000000000, 0.0000000000000000000 ) ) ;
#7774 = VECTOR ( 'NONE', #5098, 1000.000000000000000 ) ;
#7775 = DIRECTION ( 'NONE',  ( 0.0000000000000000000, -1.000000000000000000, 0.0000000000000000000 ) ) ;
#7776 = AXIS2_PLACEMENT_3D ( 'NONE', #4286, #8115, #7650 ) ;
#7777 = VECTOR ( 'NONE', #7379, 1000.000000000000000 ) ;
#7778 = CARTESIAN_POINT ( 'NONE',  ( 7.268053096400542800, 7.300000000000000700, 4.298053096400541200 ) ) ;
#7779 = CARTESIAN_POINT ( 'NONE',  ( 7.457176294356441000, 7.166261939741058700, -4.347528216476921300 ) ) ;
#7780 = COLOUR_RGB ( '',1.000000000000000000, 1.000000000000000000, 1.000000000000000000 ) ;
#7781 = VERTEX_POINT ( 'NONE', #8099 ) ;
#7782 = MECHANICAL_DESIGN_GEOMETRIC_PRESENTATION_REPRESENTATION (  '', ( #7497 ), #8077 ) ;
#7783 = CARTESIAN_POINT ( 'NONE',  ( 7.119999999999999200, 0.0000000000000000000, -1.374721722360114900E-015 ) ) ;
#7784 = VECTOR ( 'NONE', #8089, 1000.000000000000000 ) ;
#7785 = CARTESIAN_POINT ( 'NONE',  ( -7.160000000000000100, 0.6999999999999999600, -2.020000000000000000 ) ) ;
#7786 = STYLED_ITEM ( 'NONE', ( #403 ), #4528 ) ;
#7787 = PLANE ( 'NONE',  #7810 ) ;
#7788 = VECTOR ( 'NONE', #2520, 1000.000000000000000 ) ;
#7789 = CARTESIAN_POINT ( 'NONE',  ( 7.620000000000001000, 1.300000000000000000, 3.259999999999999800 ) ) ;
#7790 = FILL_AREA_STYLE_COLOUR ( '', #4274 ) ;
#7791 = MECHANICAL_DESIGN_GEOMETRIC_PRESENTATION_REPRESENTATION (  '', ( #8020 ), #7756 ) ;
#7792 = AXIS2_PLACEMENT_3D ( 'NONE', #6748, #4875, #1006 ) ;
#7793 = LINE ( 'NONE', #4348, #7704 ) ;
#7794 = PRESENTATION_LAYER_ASSIGNMENT (  '', '', ( #7497 ) ) ;
#7795 = SURFACE_SIDE_STYLE ('',( #705 ) ) ;
#7796 = LINE ( 'NONE', #5854, #7837 ) ;
#7797 = CARTESIAN_POINT ( 'NONE',  ( -7.297975793664607900, 7.268310440133618000, -4.411473220257904300 ) ) ;
#7798 = CARTESIAN_POINT ( 'NONE',  ( -4.580000000000000100, -4.258936691357909700E-017, -5.550000000000002500 ) ) ;
#7799 = ORIENTED_EDGE ( 'NONE', *, *, #4038, .F. ) ;
#7800 = PRESENTATION_LAYER_ASSIGNMENT (  '', '', ( #7786 ) ) ;
#7801 = SURFACE_STYLE_FILL_AREA ( #7511 ) ;
#7802 = EDGE_CURVE ( 'NONE', #6108, #601, #2761, .T. ) ;
#7803 = CIRCLE ( 'NONE', #482, 0.2999999999999999300 ) ;
#7804 = STYLED_ITEM ( 'NONE', ( #7177 ), #2628 ) ;
#7805 = CARTESIAN_POINT ( 'NONE',  ( -7.438307795284829100, 7.106838958627621500, -4.440914594300682700 ) ) ;
#7806 = ORIENTED_EDGE ( 'NONE', *, *, #1601, .F. ) ;
#7807 = DIRECTION ( 'NONE',  ( 0.0000000000000000000, 0.0000000000000000000, 1.000000000000000000 ) ) ;
#7808 = DIRECTION ( 'NONE',  ( -1.000000000000000000, 0.0000000000000000000, -0.0000000000000000000 ) ) ;
#7809 = EDGE_LOOP ( 'NONE', ( #1534, #5689, #2351, #3955 ) ) ;
#7810 = AXIS2_PLACEMENT_3D ( 'NONE', #5447, #6236, #6501 ) ;
#7811 = CARTESIAN_POINT ( 'NONE',  ( 7.342257535146723400, 7.213749747876589100, -4.460370490531234500 ) ) ;
#7812 = EDGE_CURVE ( 'NONE', #513, #7936, #1399, .T. ) ;
#7813 = VECTOR ( 'NONE', #1777, 1000.000000000000000 ) ;
#7814 = UNCERTAINTY_MEASURE_WITH_UNIT (LENGTH_MEASURE( 1.000000000000000100E-005 ), #1088, 'distance_accuracy_value', 'NONE');
#7815 = EDGE_LOOP ( 'NONE', ( #1970, #3379 ) ) ;
#7816 = PLANE ( 'NONE',  #1465 ) ;
#7817 = ORIENTED_EDGE ( 'NONE', *, *, #3963, .F. ) ;
#7818 = SURFACE_SIDE_STYLE ('',( #1250 ) ) ;
#7819 = CARTESIAN_POINT ( 'NONE',  ( -7.388628078348579800, 7.242566342939399600, 4.398297205978263200 ) ) ;
#7820 = CARTESIAN_POINT ( 'NONE',  ( 7.314955818551083200, 7.190459303316052000, 4.476951211598343900 ) ) ;
#7821 = CARTESIAN_POINT ( 'NONE',  ( -4.520000000000001400, 0.9499999999999995100, -4.680000000000002400 ) ) ;
#7822 = UNCERTAINTY_MEASURE_WITH_UNIT (LENGTH_MEASURE( 1.000000000000000100E-005 ), #4603, 'distance_accuracy_value', 'NONE');
#7823 = VECTOR ( 'NONE', #96, 1000.000000000000100 ) ;
#7824 = CARTESIAN_POINT ( 'NONE',  ( -7.054203811574920400, 1.300000000000000000, 3.259999999999999800 ) ) ;
#7825 = ORIENTED_EDGE ( 'NONE', *, *, #4857, .F. ) ;
#7826 = CARTESIAN_POINT ( 'NONE',  ( 2.040000000000000000, 0.6999999999999994000, -4.650000000000003000 ) ) ;
#7827 = VERTEX_POINT ( 'NONE', #1808 ) ;
#7828 =( NAMED_UNIT ( * ) PLANE_ANGLE_UNIT ( ) SI_UNIT ( $, .RADIAN. ) );
#7829 = CARTESIAN_POINT ( 'NONE',  ( 7.160000000000000100, 0.4999999999999998900, 2.899999999999998100 ) ) ;
#7830 = VECTOR ( 'NONE', #1328, 1000.000000000000000 ) ;
#7831 = CARTESIAN_POINT ( 'NONE',  ( 7.336909543133608700, 7.284083949211263200, 4.354941586580957300 ) ) ;
#7832 = CARTESIAN_POINT ( 'NONE',  ( -7.358629133371272800, 7.117751940952183000, -4.493683307512971400 ) ) ;
#7833 = ORIENTED_EDGE ( 'NONE', *, *, #2077, .T. ) ;
#7834 = EDGE_LOOP ( 'NONE', ( #1043, #3032, #5028, #6824, #6500, #6662 ) ) ;
#7835 = PLANE ( 'NONE',  #4872 ) ;
#7836 = CARTESIAN_POINT ( 'NONE',  ( 7.392604342609210700, 7.237693626859776700, -4.401679144334401000 ) ) ;
#7837 = VECTOR ( 'NONE', #4577, 1000.000000000000000 ) ;
#7838 = CARTESIAN_POINT ( 'NONE',  ( 7.306274889567172100, 7.280629558843127600, 4.383931249339327400 ) ) ;
#7839 =( GEOMETRIC_REPRESENTATION_CONTEXT ( 3 ) GLOBAL_UNCERTAINTY_ASSIGNED_CONTEXT ( ( #3134 ) ) GLOBAL_UNIT_ASSIGNED_CONTEXT ( ( #2542, #6959, #3213 ) ) REPRESENTATION_CONTEXT ( 'NONE', 'WORKASPACE' ) );
#7840 = ORIENTED_EDGE ( 'NONE', *, *, #3992, .T. ) ;
#7841 = ORIENTED_EDGE ( 'NONE', *, *, #4842, .T. ) ;
#7842 = VECTOR ( 'NONE', #1381, 999.9999999999998900 ) ;
#7843 = DIRECTION ( 'NONE',  ( -1.000000000000000000, 0.0000000000000000000, 0.0000000000000000000 ) ) ;
#7844 = CARTESIAN_POINT ( 'NONE',  ( -7.160000000000000100, 0.6999999999999999600, -0.7200000000000002000 ) ) ;
#7845 = LINE ( 'NONE', #5878, #7036 ) ;
#7846 = CARTESIAN_POINT ( 'NONE',  ( -7.368297202366847800, 7.242566341854542100, 4.418628082392747700 ) ) ;
#7847 = DIRECTION ( 'NONE',  ( 0.0000000000000000000, 0.0000000000000000000, -1.000000000000000000 ) ) ;
#7848 = SURFACE_STYLE_USAGE ( .BOTH. , #3487 ) ;
#7849 = VECTOR ( 'NONE', #3284, 1000.000000000000000 ) ;
#7850 = ORIENTED_EDGE ( 'NONE', *, *, #1164, .T. ) ;
#7851 = PRESENTATION_STYLE_ASSIGNMENT (( #6676 ) ) ;
#7852 = CARTESIAN_POINT ( 'NONE',  ( -2.039999999999999600, 0.6999999999999992900, -5.300000000000002500 ) ) ;
#7853 = LINE ( 'NONE', #5809, #581 ) ;
#7854 = DIRECTION ( 'NONE',  ( 0.0000000000000000000, 0.0000000000000000000, -1.000000000000000000 ) ) ;
#7855 = DIRECTION ( 'NONE',  ( 0.0000000000000000000, -1.000000000000000000, 0.0000000000000000000 ) ) ;
#7856 = PRESENTATION_LAYER_ASSIGNMENT (  '', '', ( #8020 ) ) ;
#7857 = FILL_AREA_STYLE ('',( #7238 ) ) ;
#7858 = LINE ( 'NONE', #3092, #7580 ) ;
#7859 = ORIENTED_EDGE ( 'NONE', *, *, #4390, .T. ) ;
#7860 = CARTESIAN_POINT ( 'NONE',  ( -7.460950433677177300, 7.153912947500029600, -4.348454368052843600 ) ) ;
#7861 = LINE ( 'NONE', #3307, #3000 ) ;
#7862 = ORIENTED_EDGE ( 'NONE', *, *, #8124, .F. ) ;
#7863 = CARTESIAN_POINT ( 'NONE',  ( 6.948407623149841500, 1.899999999999999700, -3.259999999999999800 ) ) ;
#7864 = CARTESIAN_POINT ( 'NONE',  ( 7.467984561395653900, 7.105235389661575400, 4.349999999999999600 ) ) ;
#7865 = EDGE_CURVE ( 'NONE', #6377, #7936, #1240, .T. ) ;
#7866 = VECTOR ( 'NONE', #2792, 1000.000000000000000 ) ;
#7867 = CARTESIAN_POINT ( 'NONE',  ( 7.420239258256017000, 7.230233912213357400, -4.351695326995223200 ) ) ;
#7868 = ORIENTED_EDGE ( 'NONE', *, *, #1959, .T. ) ;
#7869 = ORIENTED_EDGE ( 'NONE', *, *, #3252, .T. ) ;
#7870 = LINE ( 'NONE', #3288, #7972 ) ;
#7871 = LINE ( 'NONE', #5759, #1007 ) ;
#7872 = CARTESIAN_POINT ( 'NONE',  ( 5.329999999999999200, 0.0000000000000000000, 5.300000000000006000 ) ) ;
#7873 = ORIENTED_EDGE ( 'NONE', *, *, #5618, .F. ) ;
#7874 = ORIENTED_EDGE ( 'NONE', *, *, #1064, .T. ) ;
#7875 = CARTESIAN_POINT ( 'NONE',  ( -7.357194845856765800, 7.241024787403550700, 4.427856601761792600 ) ) ;
#7876 = DIRECTION ( 'NONE',  ( -1.000000000000000000, -0.0000000000000000000, -0.0000000000000000000 ) ) ;
#7877 = CARTESIAN_POINT ( 'NONE',  ( 7.160000000000000100, 0.6999999999999999600, -0.7200000000000002000 ) ) ;
#7878 =( GEOMETRIC_REPRESENTATION_CONTEXT ( 3 ) GLOBAL_UNCERTAINTY_ASSIGNED_CONTEXT ( ( #7753 ) ) GLOBAL_UNIT_ASSIGNED_CONTEXT ( ( #191, #5244, #3263 ) ) REPRESENTATION_CONTEXT ( 'NONE', 'WORKASPACE' ) );
#7879 = CARTESIAN_POINT ( 'NONE',  ( 7.320000000000000300, 1.300000000000000000, -4.650000000000001200 ) ) ;
#7880 = EDGE_LOOP ( 'NONE', ( #2311, #5503, #7915, #2281 ) ) ;
#7881 = CARTESIAN_POINT ( 'NONE',  ( -2.790000000000000000, 3.049999999999999800, -5.300000000000002500 ) ) ;
#7882 = CARTESIAN_POINT ( 'NONE',  ( -7.460000000000000000, 0.6999999999999999600, -2.020000000000000000 ) ) ;
#7883 = CARTESIAN_POINT ( 'NONE',  ( 7.063020160610344400, 1.250000000000000000, 2.020000000000000000 ) ) ;
#7884 = LINE ( 'NONE', #1427, #2037 ) ;
#7885 = DIRECTION ( 'NONE',  ( 0.0000000000000000000, 0.0000000000000000000, 1.000000000000000000 ) ) ;
#7886 = CARTESIAN_POINT ( 'NONE',  ( -7.433879875921827600, 7.181488797039582600, -4.413324445573336700 ) ) ;
#7887 = UNCERTAINTY_MEASURE_WITH_UNIT (LENGTH_MEASURE( 1.000000000000000100E-005 ), #3702, 'distance_accuracy_value', 'NONE');
#7888 = ORIENTED_EDGE ( 'NONE', *, *, #6579, .F. ) ;
#7889 = DIRECTION ( 'NONE',  ( -1.000000000000000000, 0.0000000000000000000, 0.0000000000000000000 ) ) ;
#7890 = CARTESIAN_POINT ( 'NONE',  ( 7.317004678844279300, 7.244749186317064500, -4.436455297091663800 ) ) ;
#7891 = FILL_AREA_STYLE ('',( #7596 ) ) ;
#7892 = FACE_OUTER_BOUND ( 'NONE', #185, .T. ) ;
#7893 = ORIENTED_EDGE ( 'NONE', *, *, #732, .T. ) ;
#7894 = ORIENTED_EDGE ( 'NONE', *, *, #1236, .T. ) ;
#7895 = DIRECTION ( 'NONE',  ( 4.269869874340407800E-008, 0.0000000000000000000, 0.9999999999999991100 ) ) ;
#7896 = VECTOR ( 'NONE', #654, 1000.000000000000000 ) ;
#7897 = CARTESIAN_POINT ( 'NONE',  ( -7.321695326151981900, 7.230233910043617500, 4.450239259964700300 ) ) ;
#7898 =( NAMED_UNIT ( * ) SI_UNIT ( $, .STERADIAN. ) SOLID_ANGLE_UNIT ( ) );
#7899 = MECHANICAL_DESIGN_GEOMETRIC_PRESENTATION_REPRESENTATION (  '', ( #8136 ), #7878 ) ;
#7900 = ORIENTED_EDGE ( 'NONE', *, *, #7485, .F. ) ;
#7901 = ORIENTED_EDGE ( 'NONE', *, *, #2696, .F. ) ;
#7902 = LINE ( 'NONE', #552, #7896 ) ;
#7903 = STYLED_ITEM ( 'NONE', ( #3993 ), #6572 ) ;
#7904 = CARTESIAN_POINT ( 'NONE',  ( 7.119999999999997400, 0.9268512727847090200, -3.200000000000001100 ) ) ;
#7905 = FILL_AREA_STYLE_COLOUR ( '', #8137 ) ;
#7906 = EDGE_CURVE ( 'NONE', #3698, #2957, #4191, .T. ) ;
#7907 = ORIENTED_EDGE ( 'NONE', *, *, #4956, .F. ) ;
#7908 = CARTESIAN_POINT ( 'NONE',  ( -7.374990886921199100, 7.208207114579276500, -4.451878701608799300 ) ) ;
#7909 = UNCERTAINTY_MEASURE_WITH_UNIT (LENGTH_MEASURE( 1.000000000000000100E-005 ), #93, 'distance_accuracy_value', 'NONE');
#7910 = AXIS2_PLACEMENT_3D ( 'NONE', #7212, #865, #5376 ) ;
#7911 = CARTESIAN_POINT ( 'NONE',  ( 5.330000026046205300, -0.2500000000000001100, 5.910000000000002800 ) ) ;
#7912 = VERTEX_POINT ( 'NONE', #3802 ) ;
#7913 = CARTESIAN_POINT ( 'NONE',  ( 7.347593042370266200, 7.267619693800504000, -4.393671729269120100 ) ) ;
#7914 = LINE ( 'NONE', #5013, #7958 ) ;
#7915 = ORIENTED_EDGE ( 'NONE', *, *, #5082, .F. ) ;
#7916 = SURFACE_SIDE_STYLE ('',( #1544 ) ) ;
#7917 =( GEOMETRIC_REPRESENTATION_CONTEXT ( 3 ) GLOBAL_UNCERTAINTY_ASSIGNED_CONTEXT ( ( #2112 ) ) GLOBAL_UNIT_ASSIGNED_CONTEXT ( ( #490, #4987, #1122 ) ) REPRESENTATION_CONTEXT ( 'NONE', 'WORKASPACE' ) );
#7918 = EDGE_CURVE ( 'NONE', #5602, #6108, #1217, .T. ) ;
#7919 = DIRECTION ( 'NONE',  ( 0.4472135954999566500, -0.0000000000000000000, 0.8944271909999165200 ) ) ;
#7920 = CARTESIAN_POINT ( 'NONE',  ( -2.790000000000000000, 3.049999999999999800, -5.300000000000002500 ) ) ;
#7921 = PRESENTATION_STYLE_ASSIGNMENT (( #2445 ) ) ;
#7922 = CARTESIAN_POINT ( 'NONE',  ( -7.309337437986574300, 7.224067695494223800, 4.455101798267714100 ) ) ;
#7923 = ORIENTED_EDGE ( 'NONE', *, *, #2087, .T. ) ;
#7924 = CARTESIAN_POINT ( 'NONE',  ( 7.460950433677189700, 7.153912947499980700, 4.348454368052863100 ) ) ;
#7925 = DIRECTION ( 'NONE',  ( -0.0000000000000000000, -0.0000000000000000000, -1.000000000000000000 ) ) ;
#7926 = PRESENTATION_STYLE_ASSIGNMENT (( #5671 ) ) ;
#7927 = MECHANICAL_DESIGN_GEOMETRIC_PRESENTATION_REPRESENTATION (  '', ( #8039 ), #7917 ) ;
#7928 = SURFACE_SIDE_STYLE ('',( #5571 ) ) ;
#7929 = CARTESIAN_POINT ( 'NONE',  ( -2.289999999999999600, 3.049999999999999800, -5.300000000000002500 ) ) ;
#7930 = CARTESIAN_POINT ( 'NONE',  ( 7.320000000000000300, 1.300000000000000000, -4.350000000000001400 ) ) ;
#7931 = EDGE_LOOP ( 'NONE', ( #2076, #1265, #5539, #2817 ) ) ;
#7932 = PRESENTATION_LAYER_ASSIGNMENT (  '', '', ( #8136 ) ) ;
#7933 = CIRCLE ( 'NONE', #221, 0.2500000000000004400 ) ;
#7934 = CARTESIAN_POINT ( 'NONE',  ( -7.313307157224987700, 7.202265325486647100, -4.470492519791042300 ) ) ;
#7935 = UNCERTAINTY_MEASURE_WITH_UNIT (LENGTH_MEASURE( 1.000000000000000100E-005 ), #5629, 'distance_accuracy_value', 'NONE');
#7936 = VERTEX_POINT ( 'NONE', #8147 ) ;
#7937 = ORIENTED_EDGE ( 'NONE', *, *, #5589, .F. ) ;
#7938 = B_SPLINE_CURVE_WITH_KNOTS ( 'NONE', 3,
 ( #2233, #3514, #3565, #7924, #4215, #317, #4825, #954, #5482, #1615, #6098, #2262, #6723, #2953, #7324, #3589, #7952, #4242, #341, #4848 ),
 .UNSPECIFIED., .F., .F.,
 ( 4, 2, 2, 2, 2, 2, 2, 2, 2, 4 ),
 ( 0.0000000000000000000, 0.1190919775370640600, 0.2381839550741281200, 0.3677971626966308200, 0.4326037665078821300, 0.4974103703191334900, 0.6276388186690260400, 0.7578672670189187100, 0.8789336335094593000, 1.000000000000000000 ),
 .UNSPECIFIED. ) ;
#7939 = CARTESIAN_POINT ( 'NONE',  ( 7.374956645156721000, 7.268745680473531800, -4.346375507316474300 ) ) ;
#7940 = MECHANICAL_DESIGN_GEOMETRIC_PRESENTATION_REPRESENTATION (  '', ( #8195 ), #7839 ) ;
#7941 = SURFACE_STYLE_USAGE ( .BOTH. , #7916 ) ;
#7942 = LINE ( 'NONE', #636, #7550 ) ;
#7943 = ORIENTED_EDGE ( 'NONE', *, *, #4514, .F. ) ;
#7944 = LINE ( 'NONE', #4771, #806 ) ;
#7945 = DIRECTION ( 'NONE',  ( 0.0000000000000000000, 0.0000000000000000000, -1.000000000000000000 ) ) ;
#7946 = ORIENTED_EDGE ( 'NONE', *, *, #6061, .F. ) ;
#7947 = CARTESIAN_POINT ( 'NONE',  ( -5.440000000000000400, 0.6999999999999998400, 5.080000000000001800 ) ) ;
#7948 = CARTESIAN_POINT ( 'NONE',  ( -4.580000000000000100, 0.9499999999999998400, 4.800000000000001600 ) ) ;
#7949 = VECTOR ( 'NONE', #4140, 1000.000000000000000 ) ;
#7950 = DIRECTION ( 'NONE',  ( 0.0000000000000000000, 1.000000000000000000, 0.0000000000000000000 ) ) ;
#7951 = CARTESIAN_POINT ( 'NONE',  ( -7.429155590140763500, 7.218767909187156400, 4.340385900845916500 ) ) ;
#7952 = CARTESIAN_POINT ( 'NONE',  ( 7.316194075748827100, 7.294426546386716800, 4.310766672595815600 ) ) ;
#7953 = SURFACE_STYLE_FILL_AREA ( #3611 ) ;
#7954 = ORIENTED_EDGE ( 'NONE', *, *, #1973, .F. ) ;
#7955 = DIRECTION ( 'NONE',  ( -0.0000000000000000000, -0.0000000000000000000, 1.000000000000000000 ) ) ;
#7956 = VECTOR ( 'NONE', #8114, 1000.000000000000000 ) ;
#7957 = VECTOR ( 'NONE', #3717, 1000.000000000000000 ) ;
#7958 = VECTOR ( 'NONE', #3751, 1000.000000000000000 ) ;
#7959 = CARTESIAN_POINT ( 'NONE',  ( 4.830000010674678100, 0.9499999999999997300, 5.550000000000002500 ) ) ;
#7960 = DIRECTION ( 'NONE',  ( 0.0000000000000000000, -1.000000000000000000, 0.0000000000000000000 ) ) ;
#7961 = PLANE ( 'NONE',  #6520 ) ;
#7962 = AXIS2_PLACEMENT_3D ( 'NONE', #4520, #3399, #3887 ) ;
#7963 = DIRECTION ( 'NONE',  ( 1.000000000000000000, 0.0000000000000000000, 0.0000000000000000000 ) ) ;
#7964 = CARTESIAN_POINT ( 'NONE',  ( 7.119999999999999200, 1.300000000000000000, 2.069999999999999000 ) ) ;
#7965 = CARTESIAN_POINT ( 'NONE',  ( 4.580000000000001000, 0.9499999999999995100, -4.650000000000003000 ) ) ;
#7966 = ORIENTED_EDGE ( 'NONE', *, *, #2038, .F. ) ;
#7967 = ORIENTED_EDGE ( 'NONE', *, *, #4070, .T. ) ;
#7968 = ORIENTED_EDGE ( 'NONE', *, *, #5774, .F. ) ;
#7969 = CARTESIAN_POINT ( 'NONE',  ( -7.413662190547746000, 7.234858571498027600, -4.363893907749484500 ) ) ;
#7970 = LINE ( 'NONE', #6979, #7980 ) ;
#7971 = EDGE_CURVE ( 'NONE', #6570, #5602, #1327, .T. ) ;
#7972 = VECTOR ( 'NONE', #5190, 1000.000000000000000 ) ;
#7973 = CARTESIAN_POINT ( 'NONE',  ( 7.290361451906566300, 7.281755574941684900, -4.382579468360955100 ) ) ;
#7974 = FACE_OUTER_BOUND ( 'NONE', #7744, .T. ) ;
#7975 = AXIS2_PLACEMENT_3D ( 'NONE', #2096, #4800, #4812 ) ;
#7976 = DIRECTION ( 'NONE',  ( 0.0000000000000000000, -1.000000000000000000, -3.554761221263949000E-016 ) ) ;
#7977 = ORIENTED_EDGE ( 'NONE', *, *, #249, .F. ) ;
#7978 = SURFACE_SIDE_STYLE ('',( #7953 ) ) ;
#7979 = PLANE ( 'NONE',  #1567 ) ;
#7980 = VECTOR ( 'NONE', #3202, 1000.000000000000100 ) ;
#7981 = PRESENTATION_LAYER_ASSIGNMENT (  '', '', ( #8039 ) ) ;
#7982 = CARTESIAN_POINT ( 'NONE',  ( -7.371679141890945500, 7.237693625842565500, 4.422604345626713700 ) ) ;
#7983 = FILL_AREA_STYLE_COLOUR ( '', #1121 ) ;
#7984 = ORIENTED_EDGE ( 'NONE', *, *, #1510, .F. ) ;
#7985 = CARTESIAN_POINT ( 'NONE',  ( 7.268053096400542800, 7.300000000000000700, 4.298053096400541200 ) ) ;
#7986 = CARTESIAN_POINT ( 'NONE',  ( 7.268053096400542800, 7.300000000000000700, 4.298053096400541200 ) ) ;
#7987 = SURFACE_SIDE_STYLE ('',( #4328 ) ) ;
#7988 = DIRECTION ( 'NONE',  ( 0.0000000000000000000, 0.0000000000000000000, 1.000000000000000000 ) ) ;
#7989 = DIRECTION ( 'NONE',  ( 0.0000000000000000000, -1.000000000000000000, 0.0000000000000000000 ) ) ;
#7990 = CARTESIAN_POINT ( 'NONE',  ( -7.361648711015319300, 7.251687744411262800, -4.410624612525495500 ) ) ;
#7991 = PRESENTATION_LAYER_ASSIGNMENT (  '', '', ( #8195 ) ) ;
#7992 = VECTOR ( 'NONE', #4160, 1000.000000000000000 ) ;
#7993 = VERTEX_POINT ( 'NONE', #6931 ) ;
#7994 = CIRCLE ( 'NONE', #1396, 0.2500000000000004400 ) ;
#7995 = CARTESIAN_POINT ( 'NONE',  ( 7.299395806611500800, 7.294133813314618700, -4.344004602449770000 ) ) ;
#7996 = PLANE ( 'NONE',  #3094 ) ;
#7997 = CARTESIAN_POINT ( 'NONE',  ( 7.278111721715269800, 7.300000000000000700, 4.302511179680606400 ) ) ;
#7998 = CARTESIAN_POINT ( 'NONE',  ( -7.119999999999999200, 1.300000000000000000, -0.6699999999999999300 ) ) ;
#7999 = DIRECTION ( 'NONE',  ( 0.0000000000000000000, -1.000000000000000000, 0.0000000000000000000 ) ) ;
#8000 = CARTESIAN_POINT ( 'NONE',  ( 4.580000000000001000, 0.6999999999999998400, 4.650000000000003000 ) ) ;
#8001 = VERTEX_POINT ( 'NONE', #3176 ) ;
#8002 = UNCERTAINTY_MEASURE_WITH_UNIT (LENGTH_MEASURE( 1.000000000000000100E-005 ), #373, 'distance_accuracy_value', 'NONE');
#8003 = DIRECTION ( 'NONE',  ( -0.1736481776669303000, 0.9848077530122080200, 0.0000000000000000000 ) ) ;
#8004 = DIRECTION ( 'NONE',  ( 9.969675149291993300E-017, 0.0000000000000000000, 1.000000000000000000 ) ) ;
#8005 = FACE_OUTER_BOUND ( 'NONE', #7880, .T. ) ;
#8006 = CARTESIAN_POINT ( 'NONE',  ( -7.417989872328642600, 7.229807912136719100, 4.365984449083951400 ) ) ;
#8007 = CARTESIAN_POINT ( 'NONE',  ( -6.948407623149841500, 1.899999999999997500, 3.199999999999999700 ) ) ;
#8008 = UNCERTAINTY_MEASURE_WITH_UNIT (LENGTH_MEASURE( 1.000000000000000100E-005 ), #3465, 'distance_accuracy_value', 'NONE');
#8009 =( NAMED_UNIT ( * ) SI_UNIT ( $, .STERADIAN. ) SOLID_ANGLE_UNIT ( ) );
#8010 = UNCERTAINTY_MEASURE_WITH_UNIT (LENGTH_MEASURE( 1.000000000000000100E-005 ), #1799, 'distance_accuracy_value', 'NONE');
#8011 = CARTESIAN_POINT ( 'NONE',  ( 7.324941552121816600, 7.284083946256932200, 4.366909576484760100 ) ) ;
#8012 = DIRECTION ( 'NONE',  ( -0.0000000000000000000, -0.0000000000000000000, 1.000000000000000000 ) ) ;
#8013 = PRESENTATION_STYLE_ASSIGNMENT (( #4465 ) ) ;
#8014 = AXIS2_PLACEMENT_3D ( 'NONE', #980, #1645, #6130 ) ;
#8015 = VERTEX_POINT ( 'NONE', #2508 ) ;
#8016 = CARTESIAN_POINT ( 'NONE',  ( 5.580000000000001000, -4.258936691357912100E-017, 5.550000000000002500 ) ) ;
#8017 = CARTESIAN_POINT ( 'NONE',  ( -7.403929246944331400, 7.246797381067841200, -4.333830748945930900 ) ) ;
#8018 = EDGE_CURVE ( 'NONE', #7013, #6570, #3251, .T. ) ;
#8019 = CARTESIAN_POINT ( 'NONE',  ( -7.317004681704404800, 7.244749188173417000, -4.436455295262572200 ) ) ;
#8020 = STYLED_ITEM ( 'NONE', ( #1791 ), #7382 ) ;
#8021 = ORIENTED_EDGE ( 'NONE', *, *, #4046, .F. ) ;
#8022 = DIRECTION ( 'NONE',  ( 0.0000000000000000000, -1.000000000000000000, 0.0000000000000000000 ) ) ;
#8023 = MECHANICAL_DESIGN_GEOMETRIC_PRESENTATION_REPRESENTATION (  '', ( #4440 ), #6695 ) ;
#8024 = CARTESIAN_POINT ( 'NONE',  ( 7.304544182390383600, 7.296304425408778500, -4.322945438195247900 ) ) ;
#8025 = COLOUR_RGB ( '',1.000000000000000000, 1.000000000000000000, 1.000000000000000000 ) ;
#8026 = CARTESIAN_POINT ( 'NONE',  ( 7.271094192904052500, 7.300000000000000700, 4.309568070390019700 ) ) ;
#8027 = PLANE ( 'NONE',  #2543 ) ;
#8028 = AXIS2_PLACEMENT_3D ( 'NONE', #1667, #6152, #2318 ) ;
#8029 = SURFACE_SIDE_STYLE ('',( #7801 ) ) ;
#8030 = SURFACE_STYLE_FILL_AREA ( #1781 ) ;
#8031 = EDGE_CURVE ( 'NONE', #7013, #4194, #1227, .T. ) ;
#8032 = ORIENTED_EDGE ( 'NONE', *, *, #6162, .T. ) ;
#8033 = CARTESIAN_POINT ( 'NONE',  ( 5.580000000000001000, 0.6999999999999998400, 4.650000000000003000 ) ) ;
#8034 = SURFACE_STYLE_FILL_AREA ( #3850 ) ;
#8035 = CARTESIAN_POINT ( 'NONE',  ( -7.402036026572754500, 7.236116484270474400, 4.390185627064607100 ) ) ;
#8036 = SURFACE_SIDE_STYLE ('',( #3779 ) ) ;
#8037 = CARTESIAN_POINT ( 'NONE',  ( 4.830000000000000100, 0.0000000000000000000, -5.550000000000002500 ) ) ;
#8038 = ADVANCED_FACE ( 'NONE', ( #3277 ), #5727, .F. ) ;
#8039 = STYLED_ITEM ( 'NONE', ( #6844 ), #5541 ) ;
#8040 = CARTESIAN_POINT ( 'NONE',  ( 7.320000000000000300, 7.105235389661575400, -4.497984561395655100 ) ) ;
#8041 = VECTOR ( 'NONE', #588, 1000.000000000000000 ) ;
#8042 =( LENGTH_UNIT ( ) NAMED_UNIT ( * ) SI_UNIT ( .MILLI., .METRE. ) );
#8043 = VECTOR ( 'NONE', #4538, 1000.000000000000000 ) ;
#8044 = CARTESIAN_POINT ( 'NONE',  ( -4.580000000000000100, 0.9499999999999995100, -4.650000000000003000 ) ) ;
#8045 = ORIENTED_EDGE ( 'NONE', *, *, #6423, .F. ) ;
#8046 = VECTOR ( 'NONE', #4436, 1000.000000000000000 ) ;
#8047 = ORIENTED_EDGE ( 'NONE', *, *, #20, .F. ) ;
#8048 = DIRECTION ( 'NONE',  ( -9.969675149291992000E-017, 0.0000000000000000000, -1.000000000000000000 ) ) ;
#8049 = FACE_OUTER_BOUND ( 'NONE', #6786, .T. ) ;
#8050 = CARTESIAN_POINT ( 'NONE',  ( 7.291757689262915700, 7.298890286592054200, -4.304314320596391000 ) ) ;
#8051 = FACE_OUTER_BOUND ( 'NONE', #2434, .T. ) ;
#8052 = CARTESIAN_POINT ( 'NONE',  ( 0.0000000000000000000, 0.5999999999999998700, 0.0000000000000000000 ) ) ;
#8053 = AXIS2_PLACEMENT_3D ( 'NONE', #2486, #1200, #5708 ) ;
#8054 = DIRECTION ( 'NONE',  ( 1.000000000000000000, 0.0000000000000000000, -9.326470300950576100E-017 ) ) ;
#8055 = UNCERTAINTY_MEASURE_WITH_UNIT (LENGTH_MEASURE( 1.000000000000000100E-005 ), #2681, 'distance_accuracy_value', 'NONE');
#8056 = CARTESIAN_POINT ( 'NONE',  ( -7.161822484923008300, 1.250000000000000000, 2.020000000000000000 ) ) ;
#8057 = FACE_OUTER_BOUND ( 'NONE', #1874, .T. ) ;
#8058 = ORIENTED_EDGE ( 'NONE', *, *, #1280, .T. ) ;
#8059 = DIRECTION ( 'NONE',  ( 0.0000000000000000000, 0.0000000000000000000, 1.000000000000000000 ) ) ;
#8060 = AXIS2_PLACEMENT_3D ( 'NONE', #7798, #4084, #167 ) ;
#8061 = DIRECTION ( 'NONE',  ( 0.0000000000000000000, 1.000000000000000000, 0.0000000000000000000 ) ) ;
#8062 = ORIENTED_EDGE ( 'NONE', *, *, #4094, .F. ) ;
#8063 = DIRECTION ( 'NONE',  ( -0.1736481776669303300, -0.9848077530122081300, -3.720704652986261200E-016 ) ) ;
#8064 = DIRECTION ( 'NONE',  ( -0.0000000000000000000, -0.0000000000000000000, -1.000000000000000000 ) ) ;
#8065 = FACE_OUTER_BOUND ( 'NONE', #7707, .T. ) ;
#8066 = DIRECTION ( 'NONE',  ( 0.0000000000000000000, -1.000000000000000000, 0.0000000000000000000 ) ) ;
#8067 = LINE ( 'NONE', #2503, #8046 ) ;
#8068 = CLOSED_SHELL ( 'NONE', ( #749, #7163, #6966, #8038, #7586, #5386, #6116, #5960, #4694, #2619, #5541, #3747, #4528, #3007, #8118, #6752 ) ) ;
#8069 = EDGE_CURVE ( 'NONE', #1846, #2082, #7871, .T. ) ;
#8070 =( NAMED_UNIT ( * ) PLANE_ANGLE_UNIT ( ) SI_UNIT ( $, .RADIAN. ) );
#8071 = CARTESIAN_POINT ( 'NONE',  ( -7.160000000000000100, 0.6999999999999999600, 0.7200000000000002000 ) ) ;
#8072 = CARTESIAN_POINT ( 'NONE',  ( -7.268053096400542800, 7.299999999999999800, 4.298053096400541200 ) ) ;
#8073 = CARTESIAN_POINT ( 'NONE',  ( 7.160000000000000100, 0.6999999999999999600, -2.070000000000001200 ) ) ;
#8074 = DIRECTION ( 'NONE',  ( -1.000000000000000000, -0.0000000000000000000, -0.0000000000000000000 ) ) ;
#8075 = FACE_OUTER_BOUND ( 'NONE', #3913, .T. ) ;
#8076 = VECTOR ( 'NONE', #3172, 1000.000000000000000 ) ;
#8077 =( GEOMETRIC_REPRESENTATION_CONTEXT ( 3 ) GLOBAL_UNCERTAINTY_ASSIGNED_CONTEXT ( ( #7608 ) ) GLOBAL_UNIT_ASSIGNED_CONTEXT ( ( #3726, #3759, #3909 ) ) REPRESENTATION_CONTEXT ( 'NONE', 'WORKASPACE' ) );
#8078 = VECTOR ( 'NONE', #2476, 1000.000000000000000 ) ;
#8079 = VECTOR ( 'NONE', #7215, 1000.000000000000000 ) ;
#8080 = ORIENTED_EDGE ( 'NONE', *, *, #4182, .T. ) ;
#8081 = CARTESIAN_POINT ( 'NONE',  ( -4.580000000000000100, -4.258936691357912100E-017, 5.550000000000002500 ) ) ;
#8082 = CARTESIAN_POINT ( 'NONE',  ( 7.268053096400541900, 7.300000000000000700, -4.298053096400543000 ) ) ;
#8083 = AXIS2_PLACEMENT_3D ( 'NONE', #3113, #3899, #6925 ) ;
#8084 = DIRECTION ( 'NONE',  ( -0.0000000000000000000, -1.000000000000000000, -0.0000000000000000000 ) ) ;
#8085 = DIRECTION ( 'NONE',  ( -9.326470300950576100E-017, 0.0000000000000000000, -1.000000000000000000 ) ) ;
#8086 = LINE ( 'NONE', #6929, #8076 ) ;
#8087 = DIRECTION ( 'NONE',  ( 1.000000000000000000, 0.0000000000000000000, 0.0000000000000000000 ) ) ;
#8088 = SURFACE_SIDE_STYLE ('',( #1074 ) ) ;
#8089 = DIRECTION ( 'NONE',  ( -9.326470300950574900E-017, -0.0000000000000000000, -1.000000000000000000 ) ) ;
#8090 = FACE_OUTER_BOUND ( 'NONE', #6430, .T. ) ;
#8091 = DIRECTION ( 'NONE',  ( 1.000000000000000000, 1.205806079160472600E-016, -0.0000000000000000000 ) ) ;
#8092 = CARTESIAN_POINT ( 'NONE',  ( -7.619999999999999200, 0.6899999999999999500, -2.069999999999999800 ) ) ;
#8093 = VECTOR ( 'NONE', #3798, 1000.000000000000100 ) ;
#8094 = DIRECTION ( 'NONE',  ( 0.0000000000000000000, 0.0000000000000000000, -1.000000000000000000 ) ) ;
#8095 = UNCERTAINTY_MEASURE_WITH_UNIT (LENGTH_MEASURE( 1.000000000000000100E-005 ), #8179, 'distance_accuracy_value', 'NONE');
#8096 = ORIENTED_EDGE ( 'NONE', *, *, #4153, .F. ) ;
#8097 = DIRECTION ( 'NONE',  ( -0.0000000000000000000, -0.0000000000000000000, -1.000000000000000000 ) ) ;
#8098 = CARTESIAN_POINT ( 'NONE',  ( -7.440492519788788800, 7.202265325490463600, 4.343307157233621900 ) ) ;
#8099 = CARTESIAN_POINT ( 'NONE',  ( -2.289999999999999600, -0.2500000000000001100, -5.910000000000002800 ) ) ;
#8100 = CARTESIAN_POINT ( 'NONE',  ( -2.040000000000000000, 0.6999999999999992900, -4.800000000000002500 ) ) ;
#8101 = VERTEX_POINT ( 'NONE', #2565 ) ;
#8102 = LINE ( 'NONE', #1278, #7408 ) ;
#8103 =( NAMED_UNIT ( * ) PLANE_ANGLE_UNIT ( ) SI_UNIT ( $, .RADIAN. ) );
#8104 = CARTESIAN_POINT ( 'NONE',  ( 7.354886201542241200, 7.273875218078576800, 4.370194383450965800 ) ) ;
#8105 = PRESENTATION_STYLE_ASSIGNMENT (( #6756 ) ) ;
#8106 = SURFACE_SIDE_STYLE ('',( #6535 ) ) ;
#8107 = VERTEX_POINT ( 'NONE', #6385 ) ;
#8108 = DIRECTION ( 'NONE',  ( -0.1736481776669299700, -0.9848077530122081300, 0.0000000000000000000 ) ) ;
#8109 = CARTESIAN_POINT ( 'NONE',  ( 7.271808586065914100, 7.300000000000000700, 4.308831186818730800 ) ) ;
#8110 = AXIS2_PLACEMENT_3D ( 'NONE', #7683, #7711, #7725 ) ;
#8111 = DIRECTION ( 'NONE',  ( -4.269869923903965700E-008, 0.0000000000000000000, -0.9999999999999991100 ) ) ;
#8112 = DIRECTION ( 'NONE',  ( -0.0000000000000000000, -0.9996573249755572600, 0.02617694830787321200 ) ) ;
#8113 = LINE ( 'NONE', #4998, #2359 ) ;
#8114 = DIRECTION ( 'NONE',  ( 0.0000000000000000000, 1.000000000000000000, 0.0000000000000000000 ) ) ;
#8115 = DIRECTION ( 'NONE',  ( 1.000000000000000000, 0.0000000000000000000, -0.0000000000000000000 ) ) ;
#8116 = ORIENTED_EDGE ( 'NONE', *, *, #4514, .T. ) ;
#8117 = CARTESIAN_POINT ( 'NONE',  ( -7.620000000000000100, 1.300000000000000000, -4.650000000000001200 ) ) ;
#8118 = ADVANCED_FACE ( 'NONE', ( #6632 ), #5113, .T. ) ;
#8119 = LINE ( 'NONE', #5394, #5862 ) ;
#8120 = CARTESIAN_POINT ( 'NONE',  ( 2.790000000000000500, 3.049999999999999800, -6.000000000000001800 ) ) ;
#8121 =( NAMED_UNIT ( * ) PLANE_ANGLE_UNIT ( ) SI_UNIT ( $, .RADIAN. ) );
#8122 = DIRECTION ( 'NONE',  ( -1.000000000000000000, 0.0000000000000000000, 9.326470300950576100E-017 ) ) ;
#8123 = ORIENTED_EDGE ( 'NONE', *, *, #4365, .F. ) ;
#8124 = EDGE_CURVE ( 'NONE', #2753, #5664, #572, .T. ) ;
#8125 = UNCERTAINTY_MEASURE_WITH_UNIT (LENGTH_MEASURE( 1.000000000000000100E-005 ), #7514, 'distance_accuracy_value', 'NONE');
#8126 = COLOUR_RGB ( '',1.000000000000000000, 1.000000000000000000, 1.000000000000000000 ) ;
#8127 =( LENGTH_UNIT ( ) NAMED_UNIT ( * ) SI_UNIT ( .MILLI., .METRE. ) );
#8128 = ORIENTED_EDGE ( 'NONE', *, *, #139, .T. ) ;
#8129 = FILL_AREA_STYLE_COLOUR ( '', #7293 ) ;
#8130 = DIRECTION ( 'NONE',  ( 0.0000000000000000000, -0.0000000000000000000, 1.000000000000000000 ) ) ;
#8131 = DIRECTION ( 'NONE',  ( 0.0000000000000000000, 1.000000000000000000, 0.0000000000000000000 ) ) ;
#8132 = VECTOR ( 'NONE', #3095, 1000.000000000000000 ) ;
#8133 = DIRECTION ( 'NONE',  ( 0.9999999999999991100, 0.0000000000000000000, -4.269869923903965700E-008 ) ) ;
#8134 = LINE ( 'NONE', #4930, #8151 ) ;
#8135 =( NAMED_UNIT ( * ) SI_UNIT ( $, .STERADIAN. ) SOLID_ANGLE_UNIT ( ) );
#8136 = STYLED_ITEM ( 'NONE', ( #7851 ), #2619 ) ;
#8137 = COLOUR_RGB ( '',1.000000000000000000, 1.000000000000000000, 1.000000000000000000 ) ;
#8138 = ORIENTED_EDGE ( 'NONE', *, *, #4626, .F. ) ;
#8139 = LINE ( 'NONE', #8243, #7452 ) ;
#8140 = VECTOR ( 'NONE', #4973, 1000.000000000000000 ) ;
#8141 = CARTESIAN_POINT ( 'NONE',  ( -5.330000000000001000, 0.6999999999999992900, -5.300000000000002500 ) ) ;
#8142 = ORIENTED_EDGE ( 'NONE', *, *, #4917, .F. ) ;
#8143 = CARTESIAN_POINT ( 'NONE',  ( -7.160000000000000100, 0.6999999999999999600, 3.259999999999999800 ) ) ;
#8144 = VECTOR ( 'NONE', #7876, 1000.000000000000000 ) ;
#8145 = DIRECTION ( 'NONE',  ( 0.0000000000000000000, 0.0000000000000000000, -1.000000000000000000 ) ) ;
#8146 = DIRECTION ( 'NONE',  ( -1.000000000000000000, 0.0000000000000000000, 0.0000000000000000000 ) ) ;
#8147 = CARTESIAN_POINT ( 'NONE',  ( -7.619999999999999200, 0.4999999999999998900, -3.199999999999999700 ) ) ;
#8148 = LINE ( 'NONE', #853, #7438 ) ;
#8149 = VERTEX_POINT ( 'NONE', #3918 ) ;
#8150 = PRESENTATION_STYLE_ASSIGNMENT (( #7237 ) ) ;
#8151 = VECTOR ( 'NONE', #4473, 1000.000000000000000 ) ;
#8152 = ORIENTED_EDGE ( 'NONE', *, *, #299, .T. ) ;
#8153 = CARTESIAN_POINT ( 'NONE',  ( -7.320000000000000300, 7.105235389661573600, -4.497984561395655100 ) ) ;
#8154 = CARTESIAN_POINT ( 'NONE',  ( -7.381084942535143700, 7.265667961699450400, -4.337998148220003200 ) ) ;
#8155 = ORIENTED_EDGE ( 'NONE', *, *, #7334, .F. ) ;
#8156 = DIRECTION ( 'NONE',  ( 0.4472135954999567100, 0.0000000000000000000, 0.8944271909999165200 ) ) ;
#8157 = LINE ( 'NONE', #4959, #8230 ) ;
#8158 = DIRECTION ( 'NONE',  ( -0.0000000000000000000, 1.000000000000000000, 0.0000000000000000000 ) ) ;
#8159 = CARTESIAN_POINT ( 'NONE',  ( -7.619999999999999200, 1.300000000000000000, -0.6699999999999999300 ) ) ;
#8160 = CARTESIAN_POINT ( 'NONE',  ( 5.330000000000001000, -1.084202172485503600E-016, -5.910000000000002800 ) ) ;
#8161 = LINE ( 'NONE', #1503, #5753 ) ;
#8162 = PRESENTATION_STYLE_ASSIGNMENT (( #4795 ) ) ;
#8163 = CARTESIAN_POINT ( 'NONE',  ( 7.161822484923008300, 1.250000000000000000, -2.020000000000000000 ) ) ;
#8164 = AXIS2_PLACEMENT_3D ( 'NONE', #280, #4801, #935 ) ;
#8165 = LINE ( 'NONE', #7499, #4459 ) ;
#8166 = SURFACE_SIDE_STYLE ('',( #3126 ) ) ;
#8167 = VERTEX_POINT ( 'NONE', #7639 ) ;
#8168 = EDGE_CURVE ( 'NONE', #6772, #7993, #1879, .T. ) ;
#8169 = FACE_OUTER_BOUND ( 'NONE', #6477, .T. ) ;
#8170 = CARTESIAN_POINT ( 'NONE',  ( -6.269999999999999600, 0.6999999999999998400, -3.259999999999999300 ) ) ;
#8171 = DIRECTION ( 'NONE',  ( 1.000000000000000000, 0.0000000000000000000, -9.326470300950576100E-017 ) ) ;
#8172 = CARTESIAN_POINT ( 'NONE',  ( -5.580000000000000100, 0.6999999999999998400, 4.650000000000003000 ) ) ;
#8173 = SURFACE_STYLE_FILL_AREA ( #2889 ) ;
#8174 =( GEOMETRIC_REPRESENTATION_CONTEXT ( 3 ) GLOBAL_UNCERTAINTY_ASSIGNED_CONTEXT ( ( #1523 ) ) GLOBAL_UNIT_ASSIGNED_CONTEXT ( ( #362, #4869, #1003 ) ) REPRESENTATION_CONTEXT ( 'NONE', 'WORKASPACE' ) );
#8175 = EDGE_CURVE ( 'NONE', #7059, #4194, #911, .T. ) ;
#8176 = EDGE_LOOP ( 'NONE', ( #5232, #5162, #6560, #6588 ) ) ;
#8177 = CARTESIAN_POINT ( 'NONE',  ( -7.336909543134211700, 7.284083949211225000, -4.354941586581423600 ) ) ;
#8178 = VECTOR ( 'NONE', #4523, 1000.000000000000000 ) ;
#8179 =( LENGTH_UNIT ( ) NAMED_UNIT ( * ) SI_UNIT ( .MILLI., .METRE. ) );
#8180 = AXIS2_PLACEMENT_3D ( 'NONE', #3325, #3457, #3498 ) ;
#8181 = DIRECTION ( 'NONE',  ( 1.000000000000000000, -0.0000000000000000000, -0.0000000000000000000 ) ) ;
#8182 = CARTESIAN_POINT ( 'NONE',  ( 7.620000000000000100, 0.0000000000000000000, -4.650000000000001200 ) ) ;
#8183 = VERTEX_POINT ( 'NONE', #6982 ) ;
#8184 = PRESENTATION_STYLE_ASSIGNMENT (( #153 ) ) ;
#8185 = DIRECTION ( 'NONE',  ( 0.6073758397232873500, 0.7944146205354176700, 0.0000000000000000000 ) ) ;
#8186 = VECTOR ( 'NONE', #137, 1000.000000000000000 ) ;
#8187 = ORIENTED_EDGE ( 'NONE', *, *, #4316, .F. ) ;
#8188 = ORIENTED_EDGE ( 'NONE', *, *, #101, .F. ) ;
#8189 = SURFACE_SIDE_STYLE ('',( #8034 ) ) ;
#8190 = FILL_AREA_STYLE_COLOUR ( '', #1894 ) ;
#8191 = CARTESIAN_POINT ( 'NONE',  ( 5.580000000000001000, 0.6999999999999994000, -5.300000000000002500 ) ) ;
#8192 = CIRCLE ( 'NONE', #5218, 0.2999999999999999300 ) ;
#8193 = ORIENTED_EDGE ( 'NONE', *, *, #151, .T. ) ;
#8194 =( LENGTH_UNIT ( ) NAMED_UNIT ( * ) SI_UNIT ( .MILLI., .METRE. ) );
#8195 = STYLED_ITEM ( 'NONE', ( #6113 ), #4516 ) ;
#8196 = FILL_AREA_STYLE_COLOUR ( '', #619 ) ;
#8197 = VECTOR ( 'NONE', #6292, 1000.000000000000000 ) ;
#8198 = CARTESIAN_POINT ( 'NONE',  ( -7.301423762006956000, 7.285445301049892700, -4.373092529415336200 ) ) ;
#8199 =( GEOMETRIC_REPRESENTATION_CONTEXT ( 3 ) GLOBAL_UNCERTAINTY_ASSIGNED_CONTEXT ( ( #547 ) ) GLOBAL_UNIT_ASSIGNED_CONTEXT ( ( #6576, #2781, #7182 ) ) REPRESENTATION_CONTEXT ( 'NONE', 'WORKASPACE' ) );
#8200 = VECTOR ( 'NONE', #1545, 1000.000000000000000 ) ;
#8201 = DIRECTION ( 'NONE',  ( -0.0000000000000000000, 1.000000000000000000, 0.0000000000000000000 ) ) ;
#8202 = AXIS2_PLACEMENT_3D ( 'NONE', #2422, #6280, #1170 ) ;
#8203 = CARTESIAN_POINT ( 'NONE',  ( -6.948407623149841500, 1.899999999999999700, -3.259999999999999800 ) ) ;
#8204 = EDGE_CURVE ( 'NONE', #107, #6293, #7853, .T. ) ;
#8205 = SURFACE_STYLE_USAGE ( .BOTH. , #3875 ) ;
#8206 = COLOUR_RGB ( '',1.000000000000000000, 1.000000000000000000, 1.000000000000000000 ) ;
#8207 = MECHANICAL_DESIGN_GEOMETRIC_PRESENTATION_REPRESENTATION (  '', ( #2185 ), #8199 ) ;
#8208 = ORIENTED_EDGE ( 'NONE', *, *, #6936, .F. ) ;
#8209 = CARTESIAN_POINT ( 'NONE',  ( 7.160000000000000100, 0.0000000000000000000, -3.259999999999999800 ) ) ;
#8210 = AXIS2_PLACEMENT_3D ( 'NONE', #684, #1183, #1291 ) ;
#8211 = DIRECTION ( 'NONE',  ( 0.0000000000000000000, 0.0000000000000000000, -1.000000000000000000 ) ) ;
#8212 = CARTESIAN_POINT ( 'NONE',  ( 7.307093392809666600, 7.234265163963204500, -4.446452235892017800 ) ) ;
#8213 = CARTESIAN_POINT ( 'NONE',  ( 7.119999999999999200, 0.6899999999999999500, 0.6699999999999989300 ) ) ;
#8214 = SURFACE_STYLE_USAGE ( .BOTH. , #3886 ) ;
#8215 = EDGE_CURVE ( 'NONE', #1334, #7059, #903, .T. ) ;
#8216 = ORIENTED_EDGE ( 'NONE', *, *, #7038, .T. ) ;
#8217 = LINE ( 'NONE', #6129, #8144 ) ;
#8218 = CARTESIAN_POINT ( 'NONE',  ( 7.273907373841002900, 7.300000000000000700, 4.306693038679479300 ) ) ;
#8219 = CARTESIAN_POINT ( 'NONE',  ( -7.160000000000000100, 0.6999999999999999600, 0.6700000000000004800 ) ) ;
#8220 = SURFACE_STYLE_USAGE ( .BOTH. , #3894 ) ;
#8221 = LINE ( 'NONE', #5170, #8140 ) ;
#8222 = CARTESIAN_POINT ( 'NONE',  ( -7.316194075748850200, 7.294426546386730200, -4.310766672595820900 ) ) ;
#8223 = FILL_AREA_STYLE ('',( #3863 ) ) ;
#8224 = EDGE_LOOP ( 'NONE', ( #4016, #5466, #5767, #5400 ) ) ;
#8225 =( LENGTH_UNIT ( ) NAMED_UNIT ( * ) SI_UNIT ( .MILLI., .METRE. ) );
#8226 = SURFACE_STYLE_FILL_AREA ( #7614 ) ;
#8227 = MECHANICAL_DESIGN_GEOMETRIC_PRESENTATION_REPRESENTATION (  '', ( #150 ), #8174 ) ;
#8228 = ORIENTED_EDGE ( 'NONE', *, *, #7865, .F. ) ;
#8229 = DIRECTION ( 'NONE',  ( 0.8944271909999165200, 0.0000000000000000000, -0.4472135954999567600 ) ) ;
#8230 = VECTOR ( 'NONE', #4810, 1000.000000000000100 ) ;
#8231 = SURFACE_SIDE_STYLE ('',( #575 ) ) ;
#8232 = CARTESIAN_POINT ( 'NONE',  ( 7.119999999999999200, 1.300000000000000000, 3.199999999999998400 ) ) ;
#8233 = CLOSED_SHELL ( 'NONE', ( #6146, #5711, #7456, #5800, #7104, #5630, #6073, #6557, #5174, #4643, #2022, #3878, #4743, #2132, #7659, #46, #6004, #2484, #4435, #2158, #7419, #5822, #5985, #7014, #1481, #5207, #2715, #1850, #2830, #3116, #4236, #6582, #6474, #7243, #4516, #1768, #201, #6268, #1507, #5780, #3419, #371, #5347, #7634, #6864, #4950, #4787, #1266, #6572, #6899, #7382, #5085, #6352, #5752, #6311, #656, #5699, #4470, #4447, #4113, #4896, #2649, #3440, #1884, #6794, #5939, #116, #7196, #3630, #559, #5741, #6774, #634, #3796, #4103, #3463, #3179, #4054, #1197, #6978, #3301, #6507, #4993, #6601, #3555, #816, #3322, #2628, #937, #2117, #4600, #5662, #6192, #3847, #5189, #7067, #5371, #3367, #1805, #1629, #5325, #3155, #7154, #1220, #7025, #1743, #3079, #977, #2850, #5268, #4027, #3932, #313, #2586, #898, #4584, #997, #395, #5587, #5151, #5294, #5097, #2525, #1936, #869, #6394, #4481, #6532, #6828, #2842, #7170, #2065, #6848, #678, #3052, #2347, #5772, #7594, #5566, #3169, #6940, #448, #6432, #4095, #5852, #152, #7048, #2670, #2260, #4399, #7, #2374, #7506, #6228, #1873, #7709, #1286, #5107, #7671, #849, #3671, #6911, #1296, #1358, #4753, #1446, #1540, #2776, #5223, #7361, #5888, #470, #2502, #2459 ) ) ;
#8234 = DIRECTION ( 'NONE',  ( 1.865294060190115200E-016, 0.0000000000000000000, 1.000000000000000000 ) ) ;
#8235 = ORIENTED_EDGE ( 'NONE', *, *, #1116, .T. ) ;
#8236 = FILL_AREA_STYLE ('',( #8190 ) ) ;
#8237 =( NAMED_UNIT ( * ) SI_UNIT ( $, .STERADIAN. ) SOLID_ANGLE_UNIT ( ) );
#8238 = DIRECTION ( 'NONE',  ( -1.000000000000000000, 0.0000000000000000000, 0.0000000000000000000 ) ) ;
#8239 = CARTESIAN_POINT ( 'NONE',  ( -5.580000000000000100, 0.7000000000000000700, 4.800000000000002500 ) ) ;
#8240 = VERTEX_POINT ( 'NONE', #4556 ) ;
#8241 = CARTESIAN_POINT ( 'NONE',  ( 7.272511178385993700, 7.300000000000000700, 4.308111726077960700 ) ) ;
#8242 = VERTEX_POINT ( 'NONE', #6436 ) ;
#8243 = CARTESIAN_POINT ( 'NONE',  ( 3.040000000000000000, -1.084202172485503900E-016, -5.910000000000002800 ) ) ;
#8244 =( NAMED_UNIT ( * ) SI_UNIT ( $, .STERADIAN. ) SOLID_ANGLE_UNIT ( ) );
#8245 = CARTESIAN_POINT ( 'NONE',  ( -7.285831022064494200, 7.299257829635931400, -4.310069466851438800 ) ) ;
#8246 = CARTESIAN_POINT ( 'NONE',  ( -7.160000000000000100, 0.2000000000000000100, 2.899999999999999900 ) ) ;
#8247 = DIRECTION ( 'NONE',  ( -9.326470300950576100E-017, 0.0000000000000000000, -1.000000000000000000 ) ) ;
#8248 = DIRECTION ( 'NONE',  ( -0.1736481776669303300, -0.9848077530122081300, 1.619524571824814700E-017 ) ) ;
#8249 = CIRCLE ( 'NONE', #5621, 0.2500000000000002200 ) ;
#8250 = LINE ( 'NONE', #1944, #766 ) ;
#8251 =( GEOMETRIC_REPRESENTATION_CONTEXT ( 3 ) GLOBAL_UNCERTAINTY_ASSIGNED_CONTEXT ( ( #4958 ) ) GLOBAL_UNIT_ASSIGNED_CONTEXT ( ( #3041, #3129, #3209 ) ) REPRESENTATION_CONTEXT ( 'NONE', 'WORKASPACE' ) );
#8252 = DIRECTION ( 'NONE',  ( -0.0000000000000000000, 1.000000000000000000, -0.0000000000000000000 ) ) ;
#8253 = AXIS2_PLACEMENT_3D ( 'NONE', #4615, #2714, #5284 ) ;
#8254 = SURFACE_STYLE_FILL_AREA ( #6087 ) ;
ENDSEC;
END-ISO-10303-21;

